stop_id,stop_name,stop_lat,stop_lon,location_type,zone_id,operator,source,source_status
1,Panaji KTC Bus Stand,15.4953203201294,73.8370971679688,0,1,KTCL/Kadamba,Goa KTCL GTFS,SOURCE_DATA
2,Teen Building,15.520299911499,73.8283004760742,0,2,KTCL/Kadamba,Goa KTCL GTFS,SOURCE_DATA
3,Teen Building,15.5206003189087,73.8292007446289,0,3,KTCL/Kadamba,Goa KTCL GTFS,SOURCE_DATA
4,Training College,15.524299621582,73.8270034790039,0,4,KTCL/Kadamba,Goa KTCL GTFS,SOURCE_DATA
5,Training College,15.5243997573853,73.8277969360352,0,5,KTCL/Kadamba,Goa KTCL GTFS,SOURCE_DATA
6,Gulyakade,15.5314512252808,73.8246994018555,0,6,KTCL/Kadamba,Goa KTCL GTFS,SOURCE_DATA
7,Gulyakade,15.5312004089355,73.8249969482422,0,7,KTCL/Kadamba,Goa KTCL GTFS,SOURCE_DATA
8,Porvorim Copel,15.5338970274,73.8238661289,0,8,KTCL/Kadamba,Goa KTCL GTFS,SOURCE_DATA
9,Porvorim Copel,15.5343999862671,73.8238983154297,0,9,KTCL/Kadamba,Goa KTCL GTFS,SOURCE_DATA
10,Vadakade,15.5413999557495,73.8215026855469,0,10,KTCL/Kadamba,Goa KTCL GTFS,SOURCE_DATA
11,Vadakade,15.541600227356,73.8216018676758,0,11,KTCL/Kadamba,Goa KTCL GTFS,SOURCE_DATA
12,Porvorim Tisk,15.5523462295532,73.8176879882813,0,12,KTCL/Kadamba,Goa KTCL GTFS,SOURCE_DATA
13,Porvorim Tisk,15.5522003173828,73.817497253418,0,13,KTCL/Kadamba,Goa KTCL GTFS,SOURCE_DATA
14,Guirim Cross,15.5653826706,73.8085317612,0,14,KTCL/Kadamba,Goa KTCL GTFS,SOURCE_DATA
15,Guirim Cross,15.5656003952026,73.8086318969727,0,15,KTCL/Kadamba,Goa KTCL GTFS,SOURCE_DATA
16,Green Park Junction,15.573860168457,73.8065032958984,0,16,KTCL/Kadamba,Goa KTCL GTFS,SOURCE_DATA
17,Green Park Junction,15.5738458633423,73.8069381713867,0,17,KTCL/Kadamba,Goa KTCL GTFS,SOURCE_DATA
18,Guirim Copel,15.5790996551514,73.8060989379883,0,18,KTCL/Kadamba,Goa KTCL GTFS,SOURCE_DATA
19,Guirim Copel,15.5788078308105,73.8061752319336,0,19,KTCL/Kadamba,Goa KTCL GTFS,SOURCE_DATA
20,Mapusa  KTC Bus Stand,15.5892000198364,73.8098983764648,0,20,KTCL/Kadamba,Goa KTCL GTFS,SOURCE_DATA
21,Dhuler,15.6018943786621,73.8157119750977,0,21,KTCL/Kadamba,Goa KTCL GTFS,SOURCE_DATA
22,Dhuler,15.6020002365112,73.8156967163086,0,22,KTCL/Kadamba,Goa KTCL GTFS,SOURCE_DATA
23,Karaswada Char Rasta,15.6087789535522,73.8240585327148,0,23,KTCL/Kadamba,Goa KTCL GTFS,SOURCE_DATA
24,Karaswada Char Rasta,15.6088352203369,73.8239898681641,0,24,KTCL/Kadamba,Goa KTCL GTFS,SOURCE_DATA
25,Madel,15.618800163269,73.8373031616211,0,25,KTCL/Kadamba,Goa KTCL GTFS,SOURCE_DATA
26,Madel,15.6189893421,73.8372735977,0,26,KTCL/Kadamba,Goa KTCL GTFS,SOURCE_DATA
27,Thivim Ground,15.6225004196167,73.8552017211914,0,27,KTCL/Kadamba,Goa KTCL GTFS,SOURCE_DATA
28,Thivim Ground,15.6224002838135,73.8554000854492,0,28,KTCL/Kadamba,Goa KTCL GTFS,SOURCE_DATA
29,Cansa Bodiem,15.6263999938965,73.867301940918,0,29,KTCL/Kadamba,Goa KTCL GTFS,SOURCE_DATA
30,Cansa Bodiem,15.6262998580933,73.8672027587891,0,30,KTCL/Kadamba,Goa KTCL GTFS,SOURCE_DATA
31,Tivim Railway Stn.,15.6267995834351,73.8755035400391,0,31,KTCL/Kadamba,Goa KTCL GTFS,SOURCE_DATA
32,Tivim Railway Stn.,15.6267004013062,73.8755035400391,0,32,KTCL/Kadamba,Goa KTCL GTFS,SOURCE_DATA
33,Zarapkar Petrol Pump,15.6223001480103,73.8853988647461,0,33,KTCL/Kadamba,Goa KTCL GTFS,SOURCE_DATA
34,Zarapkar Petrol Pump,15.622300148,73.8852005005,0,34,KTCL/Kadamba,Goa KTCL GTFS,SOURCE_DATA
35,Assnoda KTC Bus Stand,15.6189002990723,73.9013977050781,0,35,KTCL/Kadamba,Goa KTCL GTFS,SOURCE_DATA
36,Assnoda Paar,15.6201000213623,73.9066009521484,0,36,KTCL/Kadamba,Goa KTCL GTFS,SOURCE_DATA
37,Assnoda Paar,15.6199998855591,73.9066009521484,0,37,KTCL/Kadamba,Goa KTCL GTFS,SOURCE_DATA
38,Tamda Rasta,15.6180000305176,73.9210968017578,0,38,KTCL/Kadamba,Goa KTCL GTFS,SOURCE_DATA
39,Tamda Rasta,15.6178998947144,73.9209976196289,0,39,KTCL/Kadamba,Goa KTCL GTFS,SOURCE_DATA
40,Mulgao,15.6146001815796,73.9268035888672,0,40,KTCL/Kadamba,Goa KTCL GTFS,SOURCE_DATA
41,Mulgao,15.6145000457764,73.9266967773438,0,41,KTCL/Kadamba,Goa KTCL GTFS,SOURCE_DATA
42,Vaalshi,15.6057307521,73.9342260361,0,42,KTCL/Kadamba,Goa KTCL GTFS,SOURCE_DATA
43,Vaalshi,15.6054000854492,73.9339981079102,0,43,KTCL/Kadamba,Goa KTCL GTFS,SOURCE_DATA
44,ITI Bicholim,15.6034002304077,73.9357986450195,0,44,KTCL/Kadamba,Goa KTCL GTFS,SOURCE_DATA
45,ITI Bicholim,15.6033000946045,73.9356994628906,0,45,KTCL/Kadamba,Goa KTCL GTFS,SOURCE_DATA
46,Bordem,15.5931997299194,73.9449996948242,0,46,KTCL/Kadamba,Goa KTCL GTFS,SOURCE_DATA
47,Bordem,15.5931997299,73.9449005127,0,47,KTCL/Kadamba,Goa KTCL GTFS,SOURCE_DATA
48,Shantadurga Highschool,15.5911998748779,73.9467010498047,0,48,KTCL/Kadamba,Goa KTCL GTFS,SOURCE_DATA
49,Shantadurga Highschool,15.5909996033,73.9466018677,0,49,KTCL/Kadamba,Goa KTCL GTFS,SOURCE_DATA
50,Bicholim KTC Bus Stand,15.5886001586914,73.9496994018555,0,50,KTCL/Kadamba,Goa KTCL GTFS,SOURCE_DATA
51,Bicholim Hospital,15.5846004486084,73.959701538086,0,51,KTCL/Kadamba,Goa KTCL GTFS,SOURCE_DATA
52,Bicholim Hospital,15.5845003128052,73.959701538086,0,52,KTCL/Kadamba,Goa KTCL GTFS,SOURCE_DATA
53,Sarvan Cross,15.5789003372,73.9738006592,0,53,KTCL/Kadamba,Goa KTCL GTFS,SOURCE_DATA
54,Sarvan Cross,15.5789003372192,73.9736022949219,0,54,KTCL/Kadamba,Goa KTCL GTFS,SOURCE_DATA
55,"Karapur Tisk, Bank",15.5680308454,74.0029501915,0,55,KTCL/Kadamba,Goa KTCL GTFS,SOURCE_DATA
56,"Karapur Tisk, Bank",15.5678583631,74.0028107166,0,56,KTCL/Kadamba,Goa KTCL GTFS,SOURCE_DATA
57,"Datt Mandir, Below Bridge",15.5656995773315,74.0084991455078,0,57,KTCL/Kadamba,Goa KTCL GTFS,SOURCE_DATA
58,"Datt Mandir, Below Bridge",15.5656995773315,74.0083999633789,0,58,KTCL/Kadamba,Goa KTCL GTFS,SOURCE_DATA
59,Sankhali KTC Bus Stand,15.5614433288574,74.0100173950195,0,59,KTCL/Kadamba,Goa KTCL GTFS,SOURCE_DATA
60,Sankhali Hospital Junction,15.5573635746,74.0159372091,0,60,KTCL/Kadamba,Goa KTCL GTFS,SOURCE_DATA
61,Sankhali Hospital Junction,15.5574998855591,74.015998840332,0,61,KTCL/Kadamba,Goa KTCL GTFS,SOURCE_DATA
62,Housing Board,15.5569934844971,74.0227279663086,0,62,KTCL/Kadamba,Goa KTCL GTFS,SOURCE_DATA
63,Housing Board,15.5568102244,74.0227966309,0,63,KTCL/Kadamba,Goa KTCL GTFS,SOURCE_DATA
64,Harvale,15.5550003051758,74.0269012451172,0,64,KTCL/Kadamba,Goa KTCL GTFS,SOURCE_DATA
65,Harvale,15.5549001693726,74.0270004272461,0,65,KTCL/Kadamba,Goa KTCL GTFS,SOURCE_DATA
66,Honda Market,15.5484247207642,74.0448989868164,0,66,KTCL/Kadamba,Goa KTCL GTFS,SOURCE_DATA
67,Honda Market,15.5482894532,74.0446281433,0,67,KTCL/Kadamba,Goa KTCL GTFS,SOURCE_DATA
68,Honda KTC Bus Stand,15.5460996627808,74.0522003173828,0,68,KTCL/Kadamba,Goa KTCL GTFS,SOURCE_DATA
69,Vadakade Honda,15.5419225692749,74.0593109130859,0,69,KTCL/Kadamba,Goa KTCL GTFS,SOURCE_DATA
70,Vadakade Honda,15.5418996810913,74.0594024658203,0,70,KTCL/Kadamba,Goa KTCL GTFS,SOURCE_DATA
71,ACGL Honda,15.5430002212524,74.0626983642578,0,71,KTCL/Kadamba,Goa KTCL GTFS,SOURCE_DATA
72,ACGL Honda,15.5429000854492,74.0626983642578,0,72,KTCL/Kadamba,Goa KTCL GTFS,SOURCE_DATA
73,Saleli Cross,15.5446996688843,74.0688018798828,0,73,KTCL/Kadamba,Goa KTCL GTFS,SOURCE_DATA
74,Saleli Cross,15.5445995330811,74.0687026977539,0,74,KTCL/Kadamba,Goa KTCL GTFS,SOURCE_DATA
75,ACGL Bhuipal,15.5424003601074,74.0776977539063,0,75,KTCL/Kadamba,Goa KTCL GTFS,SOURCE_DATA
77,Kumarkhan,15.5368995666504,74.0912017822266,0,77,KTCL/Kadamba,Goa KTCL GTFS,SOURCE_DATA
78,Kumarkhan,15.5368003845215,74.0912017822266,0,78,KTCL/Kadamba,Goa KTCL GTFS,SOURCE_DATA
79,Nanus Cross,15.5268001556396,74.1286010742188,0,79,KTCL/Kadamba,Goa KTCL GTFS,SOURCE_DATA
80,Nanus Cross,15.5269002914429,74.1287002563477,0,80,KTCL/Kadamba,Goa KTCL GTFS,SOURCE_DATA
81,Valpoi Bazaar,15.5309000015259,74.1371002197266,0,81,KTCL/Kadamba,Goa KTCL GTFS,SOURCE_DATA
82,Valpoi Bazaar,15.5310001373291,74.1370010375977,0,82,KTCL/Kadamba,Goa KTCL GTFS,SOURCE_DATA
83,Valpoi KTC Bus Stand,15.5327997207642,74.1414031982422,0,83,KTCL/Kadamba,Goa KTCL GTFS,SOURCE_DATA
84,Pundalik Nagar,15.5157279968262,73.8342819213867,0,84,KTCL/Kadamba,Goa KTCL GTFS,SOURCE_DATA
85,Pundalik Nagar,15.5159997940063,73.834602355957,0,85,KTCL/Kadamba,Goa KTCL GTFS,SOURCE_DATA
86,Mapusa Court,15.5937995910645,73.8142013549805,0,86,KTCL/Kadamba,Goa KTCL GTFS,SOURCE_DATA
87,Mapusa Court,15.5934659319,73.8142549992,0,87,KTCL/Kadamba,Goa KTCL GTFS,SOURCE_DATA
88,Karaswada IDC,15.6150398254395,73.8225555419922,0,88,KTCL/Kadamba,Goa KTCL GTFS,SOURCE_DATA
89,Karaswada IDC,15.6150484085083,73.8228225708008,0,89,KTCL/Kadamba,Goa KTCL GTFS,SOURCE_DATA
90,Colvale Housing Board,15.6280002593994,73.8255996704102,0,90,KTCL/Kadamba,Goa KTCL GTFS,SOURCE_DATA
91,Colvale Housing Board,15.627799987793,73.8255996704102,0,91,KTCL/Kadamba,Goa KTCL GTFS,SOURCE_DATA
92,Binani,15.6358003616333,73.8302993774414,0,92,KTCL/Kadamba,Goa KTCL GTFS,SOURCE_DATA
93,Binani,15.6358003616333,73.8303985595703,0,93,KTCL/Kadamba,Goa KTCL GTFS,SOURCE_DATA
94,Colvale Char Rasta,15.6450996398926,73.8347015380859,0,94,KTCL/Kadamba,Goa KTCL GTFS,SOURCE_DATA
95,Colvale Char Rasta,15.6450996398926,73.8348999023438,0,95,KTCL/Kadamba,Goa KTCL GTFS,SOURCE_DATA
96,Don Khamb Dhargalim,15.6658000946045,73.8386001586914,0,96,KTCL/Kadamba,Goa KTCL GTFS,SOURCE_DATA
97,Don Khamb RTO Check post,15.6654996871948,73.8386001586914,0,97,KTCL/Kadamba,Goa KTCL GTFS,SOURCE_DATA
98,Suke Kulan,15.6823253631592,73.8337631225586,0,98,KTCL/Kadamba,Goa KTCL GTFS,SOURCE_DATA
99,Suke Kulan,15.6825571060181,73.8340835571289,0,99,KTCL/Kadamba,Goa KTCL GTFS,SOURCE_DATA
100,Valpe Cross,15.6992895595,73.8229255676,0,100,KTCL/Kadamba,Goa KTCL GTFS,SOURCE_DATA
101,Valpe Cross,15.6990995407105,73.8230972290039,0,101,KTCL/Kadamba,Goa KTCL GTFS,SOURCE_DATA
102,Govt. College Pernem,15.7027465167,73.8199052811,0,102,KTCL/Kadamba,Goa KTCL GTFS,SOURCE_DATA
103,Govt. College Pernem,15.7031049728394,73.8198394775391,0,103,KTCL/Kadamba,Goa KTCL GTFS,SOURCE_DATA
104,Malpe,15.711009979248,73.8122177124023,0,104,KTCL/Kadamba,Goa KTCL GTFS,SOURCE_DATA
105,Malpe,15.7113134267,73.8123681545,0,105,KTCL/Kadamba,Goa KTCL GTFS,SOURCE_DATA
106,Pedne  KTC Bus Stand,15.7164739048,73.7989473343,0,106,KTCL/Kadamba,Goa KTCL GTFS,SOURCE_DATA
107,St. Cruz,15.4786624908447,73.848876953125,0,107,KTCL/Kadamba,Goa KTCL GTFS,SOURCE_DATA
108,St. Cruz,15.4785928726196,73.8483581542969,0,108,KTCL/Kadamba,Goa KTCL GTFS,SOURCE_DATA
109,GMC Bambolim,15.4652833938599,73.8582077026367,0,109,KTCL/Kadamba,Goa KTCL GTFS,SOURCE_DATA
110,GMC Bambolim,15.4647436141968,73.8579330444336,0,110,KTCL/Kadamba,Goa KTCL GTFS,SOURCE_DATA
111,Military Camp,15.4650001525879,73.8656997680664,0,111,KTCL/Kadamba,Goa KTCL GTFS,SOURCE_DATA
112,Military Camp,15.4648809432983,73.8653259277344,0,112,KTCL/Kadamba,Goa KTCL GTFS,SOURCE_DATA
113,Curca,15.4614515304565,73.8664321899414,0,113,KTCL/Kadamba,Goa KTCL GTFS,SOURCE_DATA
114,Workshop Bambolim,15.4538555145264,73.8651657104492,0,114,KTCL/Kadamba,Goa KTCL GTFS,SOURCE_DATA
115,Workshop Bambolim,15.4542179107666,73.8647842407227,0,115,KTCL/Kadamba,Goa KTCL GTFS,SOURCE_DATA
116,C.P.W.D,15.4504995346069,73.8626022338867,0,116,KTCL/Kadamba,Goa KTCL GTFS,SOURCE_DATA
117,C.P.W.D,15.4506568908691,73.8622894287109,0,117,KTCL/Kadamba,Goa KTCL GTFS,SOURCE_DATA
118,Shirdao,15.4445238113403,73.8649978637695,0,118,KTCL/Kadamba,Goa KTCL GTFS,SOURCE_DATA
119,Shirdao,15.4441995620728,73.8647994995117,0,119,KTCL/Kadamba,Goa KTCL GTFS,SOURCE_DATA
120,Goa Velha,15.4418745040894,73.8801116943359,0,120,KTCL/Kadamba,Goa KTCL GTFS,SOURCE_DATA
121,Goa Velha,15.4419260025024,73.880485534668,0,121,KTCL/Kadamba,Goa KTCL GTFS,SOURCE_DATA
122,Sojikade,15.4413280487061,73.8858032226563,0,122,KTCL/Kadamba,Goa KTCL GTFS,SOURCE_DATA
123,Sojikade,15.441614151001,73.8857955932617,0,123,KTCL/Kadamba,Goa KTCL GTFS,SOURCE_DATA
124,Pillar,15.439499855,73.8907012939,0,124,KTCL/Kadamba,Goa KTCL GTFS,SOURCE_DATA
125,Pillar,15.4393768310547,73.8910522460938,0,125,KTCL/Kadamba,Goa KTCL GTFS,SOURCE_DATA
126,Chichekade,15.432728767395,73.8967895507813,0,126,KTCL/Kadamba,Goa KTCL GTFS,SOURCE_DATA
127,Chichekade,15.4326343536377,73.8970260620117,0,127,KTCL/Kadamba,Goa KTCL GTFS,SOURCE_DATA
128,Agacaim Mkt,15.4277973175049,73.8983612060547,0,128,KTCL/Kadamba,Goa KTCL GTFS,SOURCE_DATA
129,Agacaim Mkt,15.4279108047485,73.8984680175781,0,129,KTCL/Kadamba,Goa KTCL GTFS,SOURCE_DATA
130,Agacaim Police Station,15.4190315468,73.9033946991,0,130,KTCL/Kadamba,Goa KTCL GTFS,SOURCE_DATA
131,Agacaim Police Station,15.4188566207886,73.9039154052734,0,131,KTCL/Kadamba,Goa KTCL GTFS,SOURCE_DATA
132,Hanuman Mandir Cortalim,15.4083662033081,73.9067535400391,0,132,KTCL/Kadamba,Goa KTCL GTFS,SOURCE_DATA
133,Hanuman Mandir Cortalim,15.4084100723267,73.9068450927734,0,133,KTCL/Kadamba,Goa KTCL GTFS,SOURCE_DATA
134,Cortalim Bridge Junction,15.4022998809814,73.9076995849609,0,134,KTCL/Kadamba,Goa KTCL GTFS,SOURCE_DATA
135,Cortalim Bridge Junction,15.4025001525879,73.9076995849609,0,135,KTCL/Kadamba,Goa KTCL GTFS,SOURCE_DATA
136,Sankvale,15.4019966125488,73.8992004394531,0,136,KTCL/Kadamba,Goa KTCL GTFS,SOURCE_DATA
137,Sankvale,15.4021711349487,73.8993148803711,0,137,KTCL/Kadamba,Goa KTCL GTFS,SOURCE_DATA
138,Jacinto Island,15.4015798568726,73.8646545410156,0,138,KTCL/Kadamba,Goa KTCL GTFS,SOURCE_DATA
139,Jacinto Island,15.401707649231,73.8648376464844,0,139,KTCL/Kadamba,Goa KTCL GTFS,SOURCE_DATA
140,Dabolim,15.398099899292,73.8598022460938,0,140,KTCL/Kadamba,Goa KTCL GTFS,SOURCE_DATA
141,Dabolim,15.3982000350952,73.8597030639648,0,141,KTCL/Kadamba,Goa KTCL GTFS,SOURCE_DATA
142,Chikalim post,15.3982000350952,73.848503112793,0,142,KTCL/Kadamba,Goa KTCL GTFS,SOURCE_DATA
143,Chikalim post,15.3982849121094,73.8483657836914,0,143,KTCL/Kadamba,Goa KTCL GTFS,SOURCE_DATA
144,Chikalim Panchayat,15.3976001739502,73.8455963134766,0,144,KTCL/Kadamba,Goa KTCL GTFS,SOURCE_DATA
145,Chikalim Panchayat,15.3978338241577,73.8457641601563,0,145,KTCL/Kadamba,Goa KTCL GTFS,SOURCE_DATA
146,Chikalim Junction,15.3990173339844,73.8324356079102,0,146,KTCL/Kadamba,Goa KTCL GTFS,SOURCE_DATA
147,Chikalim Junction,15.3992004394531,73.8324966430664,0,147,KTCL/Kadamba,Goa KTCL GTFS,SOURCE_DATA
148,Vaddem Lake,15.3987741470337,73.8280258178711,0,148,KTCL/Kadamba,Goa KTCL GTFS,SOURCE_DATA
149,Vaddem Lake,15.3989000320435,73.8281021118164,0,149,KTCL/Kadamba,Goa KTCL GTFS,SOURCE_DATA
150,Goa Shipyard,15.4001721596,73.824972868,0,150,KTCL/Kadamba,Goa KTCL GTFS,SOURCE_DATA
151,Goa Shipyard,15.3999944467,73.824980855,0,151,KTCL/Kadamba,Goa KTCL GTFS,SOURCE_DATA
152,Vasco KTC Bus Stand,15.4003000259399,73.8207015991211,0,152,KTCL/Kadamba,Goa KTCL GTFS,SOURCE_DATA
153,Vasco Church,15.3992004394531,73.8168029785156,0,153,KTCL/Kadamba,Goa KTCL GTFS,SOURCE_DATA
154,Vasco Church,15.3991003036499,73.8171997070313,0,154,KTCL/Kadamba,Goa KTCL GTFS,SOURCE_DATA
155,El Monte,15.4000997543335,73.8044967651367,0,155,KTCL/Kadamba,Goa KTCL GTFS,SOURCE_DATA
156,El Monte,15.4000997543335,73.8046035766602,0,156,KTCL/Kadamba,Goa KTCL GTFS,SOURCE_DATA
157,Sada Vasco,15.4095001220703,73.7948989868164,0,157,KTCL/Kadamba,Goa KTCL GTFS,SOURCE_DATA
158,Sada Vasco,15.4095001220703,73.7949981689453,0,158,KTCL/Kadamba,Goa KTCL GTFS,SOURCE_DATA
159,Harbour Vasco,15.4128999710083,73.7898025512695,0,159,KTCL/Kadamba,Goa KTCL GTFS,SOURCE_DATA
160,Harbour Vasco,15.4127998352051,73.7898025512695,0,160,KTCL/Kadamba,Goa KTCL GTFS,SOURCE_DATA
161,Vasco I.O.C.,15.3968000411987,73.8067016601563,0,161,KTCL/Kadamba,Goa KTCL GTFS,SOURCE_DATA
162,Vasco I.O.C.,15.3970003128052,73.8066024780273,0,162,KTCL/Kadamba,Goa KTCL GTFS,SOURCE_DATA
163,Vasco Market,15.3979997634888,73.8109970092773,0,163,KTCL/Kadamba,Goa KTCL GTFS,SOURCE_DATA
164,Vasco Market,15.398099899292,73.8107986450195,0,164,KTCL/Kadamba,Goa KTCL GTFS,SOURCE_DATA
165,Vasco Chicalim Church,15.399284362793,73.8409271240234,0,165,KTCL/Kadamba,Goa KTCL GTFS,SOURCE_DATA
166,Vasco Chicalim Church,15.399453163147,73.8409957885742,0,166,KTCL/Kadamba,Goa KTCL GTFS,SOURCE_DATA
167,Pillar,15.4394578933716,73.8911056518555,0,167,KTCL/Kadamba,Goa KTCL GTFS,SOURCE_DATA
168,Agacaim Bypass,15.4233074188232,73.9006423950195,0,168,KTCL/Kadamba,Goa KTCL GTFS,SOURCE_DATA
169,Agacaim Bypass,15.4233016967773,73.900520324707,0,169,KTCL/Kadamba,Goa KTCL GTFS,SOURCE_DATA
170,Sankvale Convent,15.4008378982544,73.8886413574219,0,170,KTCL/Kadamba,Goa KTCL GTFS,SOURCE_DATA
171,Sankvale Convent,15.4010314941406,73.8886032104492,0,171,KTCL/Kadamba,Goa KTCL GTFS,SOURCE_DATA
172,Sankvale Bakery,15.4033002853394,73.8928985595703,0,172,KTCL/Kadamba,Goa KTCL GTFS,SOURCE_DATA
173,Sankvale Bakery,15.4034004211426,73.8927993774414,0,173,KTCL/Kadamba,Goa KTCL GTFS,SOURCE_DATA
174,Cortalim Junction,15.4021997451782,73.908203125,0,174,KTCL/Kadamba,Goa KTCL GTFS,SOURCE_DATA
175,Kesarval Garden Cortalim,15.3808917999268,73.925910949707,0,175,KTCL/Kadamba,Goa KTCL GTFS,SOURCE_DATA
176,Kesarval Garden Cortalim,15.381199836731,73.9255981445313,0,176,KTCL/Kadamba,Goa KTCL GTFS,SOURCE_DATA
177,Verna Birla Bypass,15.3759002685547,73.9260025024414,0,177,KTCL/Kadamba,Goa KTCL GTFS,SOURCE_DATA
178,Verna Birla Bypass,15.3761997223,73.9256973267,0,178,KTCL/Kadamba,Goa KTCL GTFS,SOURCE_DATA
179,Verna Titan,15.3713998795,73.926902771,0,179,KTCL/Kadamba,Goa KTCL GTFS,SOURCE_DATA
180,Verna Titan,15.3710590455,73.9265787601,0,180,KTCL/Kadamba,Goa KTCL GTFS,SOURCE_DATA
181,Verna Hotel Maharaja,15.3641996383667,73.9262008666992,0,181,KTCL/Kadamba,Goa KTCL GTFS,SOURCE_DATA
182,Verna Hotel Maharaja,15.3642997742,73.9259872437,0,182,KTCL/Kadamba,Goa KTCL GTFS,SOURCE_DATA
183,Verna Pirni,15.3577995300293,73.9273986816406,0,183,KTCL/Kadamba,Goa KTCL GTFS,SOURCE_DATA
184,Verna Pirni Jn.,15.3561000823975,73.9280014038086,0,184,KTCL/Kadamba,Goa KTCL GTFS,SOURCE_DATA
185,Verna Panchayat,15.3542995452881,73.9306030273438,0,185,KTCL/Kadamba,Goa KTCL GTFS,SOURCE_DATA
186,Verna Panchayat,15.3536987304687,73.9306945800781,0,186,KTCL/Kadamba,Goa KTCL GTFS,SOURCE_DATA
187,Verna Holy Church,15.3499002456665,73.9310989379883,0,187,KTCL/Kadamba,Goa KTCL GTFS,SOURCE_DATA
188,Verna Holy Church,15.3496294022,73.9311294556,0,188,KTCL/Kadamba,Goa KTCL GTFS,SOURCE_DATA
189,Verna Agnel Ashram,15.3278999328613,73.9343032836914,0,189,KTCL/Kadamba,Goa KTCL GTFS,SOURCE_DATA
190,Verna Agnel Ashram,15.3273334503174,73.9343795776367,0,190,KTCL/Kadamba,Goa KTCL GTFS,SOURCE_DATA
191,Carmel College,15.3115816116333,73.9441528320313,0,191,KTCL/Kadamba,Goa KTCL GTFS,SOURCE_DATA
192,Carmel College,15.3115997314453,73.9442977905273,0,192,KTCL/Kadamba,Goa KTCL GTFS,SOURCE_DATA
193,Nuvem Church,15.3079996109009,73.9468994140625,0,193,KTCL/Kadamba,Goa KTCL GTFS,SOURCE_DATA
194,Nuvem Church,15.3073997497559,73.9468994140625,0,194,KTCL/Kadamba,Goa KTCL GTFS,SOURCE_DATA
195,Margao KTC Bus Stand,15.2877521514893,73.9555206298828,0,195,KTCL/Kadamba,Goa KTCL GTFS,SOURCE_DATA
196,Margao KTC Bus Stand,15.2878503799438,73.9553680419922,0,196,KTCL/Kadamba,Goa KTCL GTFS,SOURCE_DATA
197,Ribandar Patto,15.5038995742798,73.8622970581055,0,197,KTCL/Kadamba,Goa KTCL GTFS,SOURCE_DATA
198,Ribandar Patto,15.5035881945,73.8624182855,0,198,KTCL/Kadamba,Goa KTCL GTFS,SOURCE_DATA
199,Chodna Ferry,15.5057001113892,73.8641967773438,0,199,KTCL/Kadamba,Goa KTCL GTFS,SOURCE_DATA
200,Divar Ferry,15.5003995895386,73.8774032592773,0,200,KTCL/Kadamba,Goa KTCL GTFS,SOURCE_DATA
201,Divar Ferry,15.5004243850708,73.8774642944336,0,201,KTCL/Kadamba,Goa KTCL GTFS,SOURCE_DATA
202,Baingini,15.5004415512085,73.9015045166016,0,202,KTCL/Kadamba,Goa KTCL GTFS,SOURCE_DATA
203,Baingini,15.500340461731,73.9017105102539,0,203,KTCL/Kadamba,Goa KTCL GTFS,SOURCE_DATA
204,Old Goa Gandhi Circle,15.50119972229,73.9139022827148,0,204,KTCL/Kadamba,Goa KTCL GTFS,SOURCE_DATA
205,Old Goa Gandhi Circle,15.5010995864868,73.9139022827148,0,205,KTCL/Kadamba,Goa KTCL GTFS,SOURCE_DATA
206,Corlim Industrial Estate,15.4963932037354,73.9315795898438,0,206,KTCL/Kadamba,Goa KTCL GTFS,SOURCE_DATA
207,Corlim Industrial Estate,15.4965486526489,73.9317092895508,0,207,KTCL/Kadamba,Goa KTCL GTFS,SOURCE_DATA
208,Old Goa Ferry,15.5090999603271,73.9124984741211,0,208,KTCL/Kadamba,Goa KTCL GTFS,SOURCE_DATA
209,Old Goa Ferry,15.5089998245239,73.9123001098633,0,209,KTCL/Kadamba,Goa KTCL GTFS,SOURCE_DATA
210,Syngenta,15.4934358065,73.9408361912,0,210,KTCL/Kadamba,Goa KTCL GTFS,SOURCE_DATA
211,Syngenta,15.493200302124,73.9406967163086,0,211,KTCL/Kadamba,Goa KTCL GTFS,SOURCE_DATA
212,Banastari,15.4898996353149,73.9577026367188,0,212,KTCL/Kadamba,Goa KTCL GTFS,SOURCE_DATA
213,Banastari,15.4901866913,73.9574279785,0,213,KTCL/Kadamba,Goa KTCL GTFS,SOURCE_DATA
214,Banastari,15.4897365570068,73.9573135375977,0,214,KTCL/Kadamba,Goa KTCL GTFS,SOURCE_DATA
215,Boma,15.4750995635986,73.9638977050781,0,215,KTCL/Kadamba,Goa KTCL GTFS,SOURCE_DATA
216,Boma,15.4752588556,73.9641790702,0,216,KTCL/Kadamba,Goa KTCL GTFS,SOURCE_DATA
217,Kundaim Industrial Estate,15.4554968813,73.9646365643,0,217,KTCL/Kadamba,Goa KTCL GTFS,SOURCE_DATA
218,Kundaim Industrial Estate,15.4575211393,73.9645218849,0,218,KTCL/Kadamba,Goa KTCL GTFS,SOURCE_DATA
220,Mangeshi Temple,15.4465999603271,73.970100402832,0,220,KTCL/Kadamba,Goa KTCL GTFS,SOURCE_DATA
222,Mardol,15.4413995742798,73.9742965698242,0,222,KTCL/Kadamba,Goa KTCL GTFS,SOURCE_DATA
223,Farmagudi,15.4131002426147,73.9887008666992,0,223,KTCL/Kadamba,Goa KTCL GTFS,SOURCE_DATA
224,Farmagudi,15.4127998352,73.9887008667,0,224,KTCL/Kadamba,Goa KTCL GTFS,SOURCE_DATA
225,Ponda KTC Bus Stand,15.4061479568481,73.9972686767578,0,225,KTCL/Kadamba,Goa KTCL GTFS,SOURCE_DATA
226,Ponda Market,15.4031621354,74.0102729797,0,226,KTCL/Kadamba,Goa KTCL GTFS,SOURCE_DATA
227,Xelpem Duler,15.6078996658325,73.8124008178711,0,227,KTCL/Kadamba,Goa KTCL GTFS,SOURCE_DATA
228,Xelpem Duler,15.6079998016357,73.8125991821289,0,228,KTCL/Kadamba,Goa KTCL GTFS,SOURCE_DATA
229,Kucheli Charrasta,15.6157512664795,73.814094543457,0,229,KTCL/Kadamba,Goa KTCL GTFS,SOURCE_DATA
230,Kucheli,15.6107997894287,73.8128967285156,0,230,KTCL/Kadamba,Goa KTCL GTFS,SOURCE_DATA
231,Tin Mad,15.6232995986938,73.8123016357422,0,231,KTCL/Kadamba,Goa KTCL GTFS,SOURCE_DATA
232,Tin Mad,15.6232995986938,73.8124008178711,0,232,KTCL/Kadamba,Goa KTCL GTFS,SOURCE_DATA
233,Garage Bypass Camurlim,15.6282997131348,73.8134002685547,0,233,KTCL/Kadamba,Goa KTCL GTFS,SOURCE_DATA
234,Garage Bypass Camurlim,15.6282997131348,73.8135986328125,0,234,KTCL/Kadamba,Goa KTCL GTFS,SOURCE_DATA
235,Power Grid Corporation Kucheli,15.6416997909546,73.8164978027344,0,235,KTCL/Kadamba,Goa KTCL GTFS,SOURCE_DATA
236,Power Grid Corporation Kucheli,15.6415996551514,73.8165969848633,0,236,KTCL/Kadamba,Goa KTCL GTFS,SOURCE_DATA
237,Charasta Kucheli,15.643500328064,73.8167037963867,0,237,KTCL/Kadamba,Goa KTCL GTFS,SOURCE_DATA
238,Charasta kucheli,15.643500328064,73.8169021606445,0,238,KTCL/Kadamba,Goa KTCL GTFS,SOURCE_DATA
239,Chicalim Bardez,15.6477003097534,73.8169021606445,0,239,KTCL/Kadamba,Goa KTCL GTFS,SOURCE_DATA
240,Chicalim Bardez,15.6478004455566,73.8170013427734,0,240,KTCL/Kadamba,Goa KTCL GTFS,SOURCE_DATA
241,Kucheli,15.6107997894287,73.8130035400391,0,241,KTCL/Kadamba,Goa KTCL GTFS,SOURCE_DATA
242,Gaonkarwada Camurlim,15.641900062561,73.8109970092773,0,242,KTCL/Kadamba,Goa KTCL GTFS,SOURCE_DATA
243,Gaonkarwada Camurlim,15.6420001983643,73.8110961914063,0,243,KTCL/Kadamba,Goa KTCL GTFS,SOURCE_DATA
244,Panjim Ferry,15.4989995956421,73.8383026123047,0,244,KTCL/Kadamba,Goa KTCL GTFS,SOURCE_DATA
245,Panjim Ferry,15.49880027771,73.8384017944336,0,245,KTCL/Kadamba,Goa KTCL GTFS,SOURCE_DATA
246,Ribandar Police Sation,15.5021553039551,73.8720016479492,0,246,KTCL/Kadamba,Goa KTCL GTFS,SOURCE_DATA
247,Tivrem,15.5025997161865,73.9629974365234,0,247,KTCL/Kadamba,Goa KTCL GTFS,SOURCE_DATA
248,Tivrem,15.502799987793,73.9630966186523,0,248,KTCL/Kadamba,Goa KTCL GTFS,SOURCE_DATA
249,Marcel KTC Bus Stand,15.5158996582031,73.9614028930664,0,249,KTCL/Kadamba,Goa KTCL GTFS,SOURCE_DATA
250,Marcel KTC Bus Stand,15.5157759479,73.9613518715,0,250,KTCL/Kadamba,Goa KTCL GTFS,SOURCE_DATA
251,Old Goa,15.5017795562744,73.90966796875,0,251,KTCL/Kadamba,Goa KTCL GTFS,SOURCE_DATA
252,Old Goa,15.502158164978,73.9096908569336,0,252,KTCL/Kadamba,Goa KTCL GTFS,SOURCE_DATA
253,Khandola,15.5241003036499,73.9655990600586,0,253,KTCL/Kadamba,Goa KTCL GTFS,SOURCE_DATA
254,Khandola,15.5241003036499,73.9656982421875,0,254,KTCL/Kadamba,Goa KTCL GTFS,SOURCE_DATA
255,Amona,15.5292997360229,73.9739990234375,0,255,KTCL/Kadamba,Goa KTCL GTFS,SOURCE_DATA
256,Amona,15.5291996002197,73.9740982055664,0,256,KTCL/Kadamba,Goa KTCL GTFS,SOURCE_DATA
257,Amona Junction,15.5292997360229,73.9831008911133,0,257,KTCL/Kadamba,Goa KTCL GTFS,SOURCE_DATA
258,Amona Junction,15.5291996002197,73.9832000732422,0,258,KTCL/Kadamba,Goa KTCL GTFS,SOURCE_DATA
259,Naveli Junction,15.5300569534302,74.0085906982422,0,259,KTCL/Kadamba,Goa KTCL GTFS,SOURCE_DATA
260,Naveli Junction,15.529899597168,74.0083999633789,0,260,KTCL/Kadamba,Goa KTCL GTFS,SOURCE_DATA
261,Kudne,15.543999671936,74.0127029418945,0,261,KTCL/Kadamba,Goa KTCL GTFS,SOURCE_DATA
262,Kudne,15.543999671936,74.0129013061523,0,262,KTCL/Kadamba,Goa KTCL GTFS,SOURCE_DATA
263,Nagargaon,15.5572272636,74.1593687534,0,263,KTCL/Kadamba,Goa KTCL GTFS,SOURCE_DATA
264,Nagargaon,15.5571135702,74.1595108509,0,264,KTCL/Kadamba,Goa KTCL GTFS,SOURCE_DATA
265,Posrare,15.569299697876,73.806999206543,0,265,KTCL/Kadamba,Goa KTCL GTFS,SOURCE_DATA
266,Posrare,15.5597911329643,73.8117065429688,0,266,KTCL/Kadamba,Goa KTCL GTFS,SOURCE_DATA
267,Devsu,15.7341995239258,73.7451019287109,0,267,KTCL/Kadamba,Goa KTCL GTFS,SOURCE_DATA
268,Devsu,15.7341995239258,73.7452011108398,0,268,KTCL/Kadamba,Goa KTCL GTFS,SOURCE_DATA
269,Konadi,15.7304000854492,73.7580032348633,0,269,KTCL/Kadamba,Goa KTCL GTFS,SOURCE_DATA
270,Konadi,15.7303380966187,73.7580642700195,0,270,KTCL/Kadamba,Goa KTCL GTFS,SOURCE_DATA
271,Paraste,15.726900100708,73.7779006958008,0,271,KTCL/Kadamba,Goa KTCL GTFS,SOURCE_DATA
272,Paraste,15.7266998291016,73.7779006958008,0,272,KTCL/Kadamba,Goa KTCL GTFS,SOURCE_DATA
273,Korgao,15.7098999023438,73.7515029907227,0,273,KTCL/Kadamba,Goa KTCL GTFS,SOURCE_DATA
274,Korgao,15.709843098,73.7515298128,0,274,KTCL/Kadamba,Goa KTCL GTFS,SOURCE_DATA
275,Marna,15.6160936355591,73.7907638549805,0,275,KTCL/Kadamba,Goa KTCL GTFS,SOURCE_DATA
276,Marna,15.6162004470825,73.7906036376953,0,276,KTCL/Kadamba,Goa KTCL GTFS,SOURCE_DATA
277,Siolim Church,15.6141996383667,73.7699966430664,0,277,KTCL/Kadamba,Goa KTCL GTFS,SOURCE_DATA
278,Siolim Church,15.6142740249634,73.7700347900391,0,278,KTCL/Kadamba,Goa KTCL GTFS,SOURCE_DATA
279,S.F.X. High School,15.6218004226685,73.7684020996094,0,279,KTCL/Kadamba,Goa KTCL GTFS,SOURCE_DATA
280,SFX High School,15.6218996047974,73.7685012817383,0,280,KTCL/Kadamba,Goa KTCL GTFS,SOURCE_DATA
281,Siolim,15.6265001296997,73.7660980224609,0,281,KTCL/Kadamba,Goa KTCL GTFS,SOURCE_DATA
282,Siolim,15.6267004013062,73.7661972045898,0,282,KTCL/Kadamba,Goa KTCL GTFS,SOURCE_DATA
283,Chopdem,15.6408004760742,73.7591018676758,0,283,KTCL/Kadamba,Goa KTCL GTFS,SOURCE_DATA
284,Chopdem,15.6409997940063,73.7590026855469,0,284,KTCL/Kadamba,Goa KTCL GTFS,SOURCE_DATA
285,Agarwada Jn.,15.6497001647949,73.7645034790039,0,285,KTCL/Kadamba,Goa KTCL GTFS,SOURCE_DATA
286,Agarwada Jn.,15.6498003005981,73.7647018432617,0,286,KTCL/Kadamba,Goa KTCL GTFS,SOURCE_DATA
287,Chonsai,15.6563997268677,73.7652969360352,0,287,KTCL/Kadamba,Goa KTCL GTFS,SOURCE_DATA
288,Chonsai,15.6564998626709,73.7654037475586,0,288,KTCL/Kadamba,Goa KTCL GTFS,SOURCE_DATA
289,Parcem,15.6710996627808,73.7809982299805,0,289,KTCL/Kadamba,Goa KTCL GTFS,SOURCE_DATA
290,Parcem,15.671199798584,73.7807998657227,0,290,KTCL/Kadamba,Goa KTCL GTFS,SOURCE_DATA
291,Dhandoswada,15.6667003631592,73.734001159668,0,291,KTCL/Kadamba,Goa KTCL GTFS,SOURCE_DATA
292,Dhandoswada,15.6667995452881,73.7341003417969,0,292,KTCL/Kadamba,Goa KTCL GTFS,SOURCE_DATA
293,Junaswada / Mandrem Beach,15.6702003479,73.7133026123,0,293,KTCL/Kadamba,Goa KTCL GTFS,SOURCE_DATA
294,Junaswada / Mandrem Beach,15.6703100204468,73.71337890625,0,294,KTCL/Kadamba,Goa KTCL GTFS,SOURCE_DATA
295,Mandrem,15.6588001251221,73.7170028686523,0,295,KTCL/Kadamba,Goa KTCL GTFS,SOURCE_DATA
296,Mandrem,15.6588001251221,73.7171020507813,0,296,KTCL/Kadamba,Goa KTCL GTFS,SOURCE_DATA
298,Agarwada Titha,15.6443004608154,73.7609024047852,0,298,KTCL/Kadamba,Goa KTCL GTFS,SOURCE_DATA
299,Siolim Fish Market,15.6316995620728,73.7642974853515,0,299,KTCL/Kadamba,Goa KTCL GTFS,SOURCE_DATA
300,Askawada,15.661997795105,73.7339096069336,0,300,KTCL/Kadamba,Goa KTCL GTFS,SOURCE_DATA
301,Askawada,15.6618204116821,73.7339019775391,0,301,KTCL/Kadamba,Goa KTCL GTFS,SOURCE_DATA
302,Deulwada,15.6660842895508,73.7222061157227,0,302,KTCL/Kadamba,Goa KTCL GTFS,SOURCE_DATA
303,Harmal Tisk,15.6885995864868,73.7125015258789,0,303,KTCL/Kadamba,Goa KTCL GTFS,SOURCE_DATA
304,Harmal Tisk,15.6885130809,73.7124912143,0,304,KTCL/Kadamba,Goa KTCL GTFS,SOURCE_DATA
305,Madlamaz,15.6710996627808,73.714599609375,0,305,KTCL/Kadamba,Goa KTCL GTFS,SOURCE_DATA
306,Madlamaz,15.6710996627808,73.7144012451172,0,306,KTCL/Kadamba,Goa KTCL GTFS,SOURCE_DATA
307,Paliyem,15.7081098556519,73.7209320068359,0,307,KTCL/Kadamba,Goa KTCL GTFS,SOURCE_DATA
308,Paliyem,15.707986831665,73.7208709716797,0,308,KTCL/Kadamba,Goa KTCL GTFS,SOURCE_DATA
309,Kiran Pani,15.7229870205,73.7196974754,0,309,KTCL/Kadamba,Goa KTCL GTFS,SOURCE_DATA
310,Kiran Pani,15.7232937043,73.719794035,0,310,KTCL/Kadamba,Goa KTCL GTFS,SOURCE_DATA
311,"Keri, Pernem",15.7181997299194,73.6921005249023,0,311,KTCL/Kadamba,Goa KTCL GTFS,SOURCE_DATA
312,"Keri, Pernem",15.7180995941162,73.6921997070313,0,312,KTCL/Kadamba,Goa KTCL GTFS,SOURCE_DATA
313,Shirgalim,15.6590003967285,73.8253021240234,0,313,KTCL/Kadamba,Goa KTCL GTFS,SOURCE_DATA
314,Shirgalim,15.6590003967285,73.8252029418945,0,314,KTCL/Kadamba,Goa KTCL GTFS,SOURCE_DATA
315,Arabo,15.6579866409302,73.8196487426758,0,315,KTCL/Kadamba,Goa KTCL GTFS,SOURCE_DATA
316,Arabo,15.657995223999,73.8195343017578,0,316,KTCL/Kadamba,Goa KTCL GTFS,SOURCE_DATA
317,Camurlim Ferry Titha,15.6584997177124,73.8062973022461,0,317,KTCL/Kadamba,Goa KTCL GTFS,SOURCE_DATA
318,Camurlim Ferry Titha,15.6585998535156,73.8062973022461,0,318,KTCL/Kadamba,Goa KTCL GTFS,SOURCE_DATA
319,Palyem,15.6590995788574,73.813102722168,0,319,KTCL/Kadamba,Goa KTCL GTFS,SOURCE_DATA
320,Palyem,15.6591997146606,73.8132019042969,0,320,KTCL/Kadamba,Goa KTCL GTFS,SOURCE_DATA
321,Nanoda,15.6381998062134,73.9235000610352,0,321,KTCL/Kadamba,Goa KTCL GTFS,SOURCE_DATA
322,Nanoda,15.6379995346069,73.9235000610352,0,322,KTCL/Kadamba,Goa KTCL GTFS,SOURCE_DATA
325,Kasarpal,15.6457996368408,73.9404983520508,0,325,KTCL/Kadamba,Goa KTCL GTFS,SOURCE_DATA
326,Kasarpal,15.6457004547119,73.9405975341797,0,326,KTCL/Kadamba,Goa KTCL GTFS,SOURCE_DATA
327,Goa Border,15.6753997802734,73.9636993408203,0,327,KTCL/Kadamba,Goa KTCL GTFS,SOURCE_DATA
328,Goa Border,15.6752996444702,73.9637985229492,0,328,KTCL/Kadamba,Goa KTCL GTFS,SOURCE_DATA
329,Sawantwadi Bus Stand MSRTC,15.9103002548218,73.8216018676758,0,329,KTCL/Kadamba,Goa KTCL GTFS,SOURCE_DATA
330,Mazgao Nala,15.8861999511719,73.8304977416992,0,330,KTCL/Kadamba,Goa KTCL GTFS,SOURCE_DATA
331,Mazgao Nala,15.8863000869751,73.8305969238281,0,331,KTCL/Kadamba,Goa KTCL GTFS,SOURCE_DATA
332,Old Insuli Check Post,15.8290004730225,73.8491973876953,0,332,KTCL/Kadamba,Goa KTCL GTFS,SOURCE_DATA
333,Old Insuli Check Post,15.8289003372192,73.8492965698242,0,333,KTCL/Kadamba,Goa KTCL GTFS,SOURCE_DATA
336,Banda,15.8182434383,73.863280654,0,336,KTCL/Kadamba,Goa KTCL GTFS,SOURCE_DATA
337,Banda,15.8178997039795,73.8629989624023,0,337,KTCL/Kadamba,Goa KTCL GTFS,SOURCE_DATA
338,Panval,15.8233995437622,73.8825988769531,0,338,KTCL/Kadamba,Goa KTCL GTFS,SOURCE_DATA
339,Panval,15.8234996795654,73.882698059082,0,339,KTCL/Kadamba,Goa KTCL GTFS,SOURCE_DATA
340,Morgao,15.7940998077393,73.9169006347656,0,340,KTCL/Kadamba,Goa KTCL GTFS,SOURCE_DATA
341,Morgao,15.7940998077393,73.9169998168945,0,341,KTCL/Kadamba,Goa KTCL GTFS,SOURCE_DATA
342,Adali,15.7840995788574,73.9197006225586,0,342,KTCL/Kadamba,Goa KTCL GTFS,SOURCE_DATA
343,Adali,15.7840003967285,73.9198989868164,0,343,KTCL/Kadamba,Goa KTCL GTFS,SOURCE_DATA
344,Maneri,15.7003002166748,73.9591979980469,0,344,KTCL/Kadamba,Goa KTCL GTFS,SOURCE_DATA
345,Maneri,15.700400352478,73.9593963623047,0,345,KTCL/Kadamba,Goa KTCL GTFS,SOURCE_DATA
346,Dadachiwadi,15.6987428665161,73.8482360839844,0,346,KTCL/Kadamba,Goa KTCL GTFS,SOURCE_DATA
347,Dadachiwadi,15.6983127593994,73.8482818603516,0,347,KTCL/Kadamba,Goa KTCL GTFS,SOURCE_DATA
348,Nagzer Warkhand Junction,15.706298828125,73.8526382446289,0,348,KTCL/Kadamba,Goa KTCL GTFS,SOURCE_DATA
349,Nagzer Warkhand Junction,15.7062454223633,73.8528137207031,0,349,KTCL/Kadamba,Goa KTCL GTFS,SOURCE_DATA
350,Purva,15.7110996246338,73.8628005981445,0,350,KTCL/Kadamba,Goa KTCL GTFS,SOURCE_DATA
351,Purva,15.7110004425049,73.8628997802734,0,351,KTCL/Kadamba,Goa KTCL GTFS,SOURCE_DATA
352,Casarvarnem,15.7181997299194,73.8880233764648,0,352,KTCL/Kadamba,Goa KTCL GTFS,SOURCE_DATA
353,Casarvarnem,15.7180004119873,73.8884963989258,0,353,KTCL/Kadamba,Goa KTCL GTFS,SOURCE_DATA
354,Bailpar,15.7214212417603,73.8945846557617,0,354,KTCL/Kadamba,Goa KTCL GTFS,SOURCE_DATA
355,Bailpar,15.7215900421143,73.8944473266602,0,355,KTCL/Kadamba,Goa KTCL GTFS,SOURCE_DATA
356,Chandel Junction,15.7299003601,73.8977966309,0,356,KTCL/Kadamba,Goa KTCL GTFS,SOURCE_DATA
357,Chandel Junction,15.7298974991,73.8982009888,0,357,KTCL/Kadamba,Goa KTCL GTFS,SOURCE_DATA
358,Hasapur Farm,15.7436418533325,73.9162750244141,0,358,KTCL/Kadamba,Goa KTCL GTFS,SOURCE_DATA
359,Hasapur Farm,15.7433881759644,73.9164962768555,0,359,KTCL/Kadamba,Goa KTCL GTFS,SOURCE_DATA
360,Hankhane,15.7317514965,73.9398692846,0,360,KTCL/Kadamba,Goa KTCL GTFS,SOURCE_DATA
361,Hankhane,15.7315537173,73.939851284,0,361,KTCL/Kadamba,Goa KTCL GTFS,SOURCE_DATA
362,Ibrampur,15.707799911499,73.9363021850586,0,362,KTCL/Kadamba,Goa KTCL GTFS,SOURCE_DATA
363,Ibrampur,15.7076997756958,73.9365005493164,0,363,KTCL/Kadamba,Goa KTCL GTFS,SOURCE_DATA
364,Dhulaper,15.4927396774292,73.9472122192383,0,364,KTCL/Kadamba,Goa KTCL GTFS,SOURCE_DATA
365,Dhulaper,15.4929237365723,73.9473037719727,0,365,KTCL/Kadamba,Goa KTCL GTFS,SOURCE_DATA
366,Sonyam,15.6597900390625,73.818244934082,0,366,KTCL/Kadamba,Goa KTCL GTFS,SOURCE_DATA
367,Sonyam,15.6599283218384,73.8182525634766,0,367,KTCL/Kadamba,Goa KTCL GTFS,SOURCE_DATA
368,Manshi,15.6738004684448,73.818603515625,0,368,KTCL/Kadamba,Goa KTCL GTFS,SOURCE_DATA
369,Manshi,15.6738004684448,73.8187026977539,0,369,KTCL/Kadamba,Goa KTCL GTFS,SOURCE_DATA
370,Virnora,15.6861057281494,73.8200302124023,0,370,KTCL/Kadamba,Goa KTCL GTFS,SOURCE_DATA
371,Virnora,15.6860494613647,73.819938659668,0,371,KTCL/Kadamba,Goa KTCL GTFS,SOURCE_DATA
372,Tuyem Hospital,15.690092086792,73.7942962646484,0,372,KTCL/Kadamba,Goa KTCL GTFS,SOURCE_DATA
373,Tuyem Hospital,15.6900997161865,73.7940979003906,0,373,KTCL/Kadamba,Goa KTCL GTFS,SOURCE_DATA
374,Ashwem,15.6410999298096,73.7221984863281,0,374,KTCL/Kadamba,Goa KTCL GTFS,SOURCE_DATA
375,Ashwem,15.6409997940063,73.7221984863281,0,375,KTCL/Kadamba,Goa KTCL GTFS,SOURCE_DATA
376,Parra Tinto/ Panchayat,15.5735998153687,73.7932968139648,0,376,KTCL/Kadamba,Goa KTCL GTFS,SOURCE_DATA
377,Parra Tinto/ Panchayat,15.5736999511719,73.7931976318359,0,377,KTCL/Kadamba,Goa KTCL GTFS,SOURCE_DATA
378,Arpora,15.5631999969482,73.7647018432617,0,378,KTCL/Kadamba,Goa KTCL GTFS,SOURCE_DATA
379,Arpora,15.563099861145,73.7646026611328,0,379,KTCL/Kadamba,Goa KTCL GTFS,SOURCE_DATA
384,Candolim Market,15.5207004547119,73.7674026489258,0,384,KTCL/Kadamba,Goa KTCL GTFS,SOURCE_DATA
385,Candolim Market,15.5207004547119,73.7671966552734,0,385,KTCL/Kadamba,Goa KTCL GTFS,SOURCE_DATA
386,Candolim Beach,15.5237998962402,73.7665023803711,0,386,KTCL/Kadamba,Goa KTCL GTFS,SOURCE_DATA
387,Calangute,15.5454998016357,73.7646026611328,0,387,KTCL/Kadamba,Goa KTCL GTFS,SOURCE_DATA
388,Calangute,15.545599937439,73.7647018432617,0,388,KTCL/Kadamba,Goa KTCL GTFS,SOURCE_DATA
391,Mapusa Khorlim,15.5937156677246,73.8034973144531,0,391,KTCL/Kadamba,Goa KTCL GTFS,SOURCE_DATA
392,Mapusa Khorlim,15.59388256073,73.8033981323242,0,392,KTCL/Kadamba,Goa KTCL GTFS,SOURCE_DATA
393,Mapusa DMC College,15.5951995849609,73.7973022460938,0,393,KTCL/Kadamba,Goa KTCL GTFS,SOURCE_DATA
394,Mapusa DMC College,15.5952997207642,73.7973022460938,0,394,KTCL/Kadamba,Goa KTCL GTFS,SOURCE_DATA
395,Assagao Panchayat,15.5995998382568,73.7683029174805,0,395,KTCL/Kadamba,Goa KTCL GTFS,SOURCE_DATA
396,Assagao Panchayat,15.5996999740601,73.7682037353516,0,396,KTCL/Kadamba,Goa KTCL GTFS,SOURCE_DATA
397,Anjuna Charrasta,15.601185798645,73.7614059448242,0,397,KTCL/Kadamba,Goa KTCL GTFS,SOURCE_DATA
398,Anjuna Charrasta,15.6009836196899,73.7613754272461,0,398,KTCL/Kadamba,Goa KTCL GTFS,SOURCE_DATA
399,Badem Piplakade,15.6039257049561,73.7546768188477,0,399,KTCL/Kadamba,Goa KTCL GTFS,SOURCE_DATA
400,Khubharjua,15.515700340271,73.94580078125,0,400,KTCL/Kadamba,Goa KTCL GTFS,SOURCE_DATA
401,Khubharjua,15.5158004760742,73.94580078125,0,401,KTCL/Kadamba,Goa KTCL GTFS,SOURCE_DATA
405,Patyekade,15.4350996017456,73.9824981689453,0,405,KTCL/Kadamba,Goa KTCL GTFS,SOURCE_DATA
406,Patyekade,15.4350004196167,73.9823989868164,0,406,KTCL/Kadamba,Goa KTCL GTFS,SOURCE_DATA
407,Ponda Tisk,15.3944997787,74.0021972656,0,407,KTCL/Kadamba,Goa KTCL GTFS,SOURCE_DATA
408,Ponda Tisk,15.394700050354,74.0020980834961,0,408,KTCL/Kadamba,Goa KTCL GTFS,SOURCE_DATA
409,Borim,15.354700088501,74.0028991699219,0,409,KTCL/Kadamba,Goa KTCL GTFS,SOURCE_DATA
410,Borim,15.3545999527,74.0027999878,0,410,KTCL/Kadamba,Goa KTCL GTFS,SOURCE_DATA
411,Top Cola,15.3689346313477,74.009407043457,0,411,KTCL/Kadamba,Goa KTCL GTFS,SOURCE_DATA
412,Top Cola,15.3690004348755,74.0092010498047,0,412,KTCL/Kadamba,Goa KTCL GTFS,SOURCE_DATA
413,Bori Sanquar,15.3647956848145,73.9999084472656,0,413,KTCL/Kadamba,Goa KTCL GTFS,SOURCE_DATA
414,Bori Sanquar,15.3648691177368,73.9996719360352,0,414,KTCL/Kadamba,Goa KTCL GTFS,SOURCE_DATA
415,Rassaim Ferry,15.3676996231079,73.9638977050781,0,415,KTCL/Kadamba,Goa KTCL GTFS,SOURCE_DATA
416,Rassaim Ferry,15.367600440979,73.9637985229492,0,416,KTCL/Kadamba,Goa KTCL GTFS,SOURCE_DATA
417,Angdi,15.3503999710083,73.9789962768555,0,417,KTCL/Kadamba,Goa KTCL GTFS,SOURCE_DATA
418,Angdi,15.3503999710083,73.9788970947266,0,418,KTCL/Kadamba,Goa KTCL GTFS,SOURCE_DATA
419,Quelossim,15.3865003585815,73.9409027099609,0,419,KTCL/Kadamba,Goa KTCL GTFS,SOURCE_DATA
420,Quelossim,15.3863000869751,73.9409027099609,0,420,KTCL/Kadamba,Goa KTCL GTFS,SOURCE_DATA
421,Thana Market,15.3959255218506,73.9165802001953,0,421,KTCL/Kadamba,Goa KTCL GTFS,SOURCE_DATA
422,Thana Market,15.3963394165039,73.9165802001953,0,422,KTCL/Kadamba,Goa KTCL GTFS,SOURCE_DATA
423,Cortalim Pajentar,15.3895998001099,73.9192962646484,0,423,KTCL/Kadamba,Goa KTCL GTFS,SOURCE_DATA
424,Cortalim Pajentar,15.3895998001099,73.9191970825195,0,424,KTCL/Kadamba,Goa KTCL GTFS,SOURCE_DATA
425,Verna Cipla,15.3655004501343,73.9508972167969,0,425,KTCL/Kadamba,Goa KTCL GTFS,SOURCE_DATA
426,Verna Cipla,15.3652000427246,73.950798034668,0,426,KTCL/Kadamba,Goa KTCL GTFS,SOURCE_DATA
429,"Patradevi, Border, Check Post",15.7982997894287,73.8638000488281,0,429,KTCL/Kadamba,Goa KTCL GTFS,SOURCE_DATA
430,Kudal Bus Stand,16.0132007598877,73.6947021484375,0,430,KTCL/Kadamba,Goa KTCL GTFS,SOURCE_DATA
431,Oras Paata,16.1168994903564,73.706901550293,0,431,KTCL/Kadamba,Goa KTCL GTFS,SOURCE_DATA
432,Oras Paata,16.1168003082275,73.7070999145508,0,432,KTCL/Kadamba,Goa KTCL GTFS,SOURCE_DATA
433,Kasal,16.1574001312256,73.6831970214844,0,433,KTCL/Kadamba,Goa KTCL GTFS,SOURCE_DATA
434,Kasal,16.1573009490967,73.6832962036133,0,434,KTCL/Kadamba,Goa KTCL GTFS,SOURCE_DATA
435,Kankavali Bus Stand MSRTC,16.2628049955,73.7084803581,0,435,KTCL/Kadamba,Goa KTCL GTFS,SOURCE_DATA
436,Kankavali Bus Stand MSRTC,16.2626405736,73.7084525824,0,436,KTCL/Kadamba,Goa KTCL GTFS,SOURCE_DATA
437,Vaibhavwadi,16.4972991943359,73.7460021972656,0,437,KTCL/Kadamba,Goa KTCL GTFS,SOURCE_DATA
438,Gaganbawda,16.546244323,73.8319927454,0,438,KTCL/Kadamba,Goa KTCL GTFS,SOURCE_DATA
439,Kolhapur Bus Stand MSRTC,16.7033996582031,74.2433013916016,0,439,KTCL/Kadamba,Goa KTCL GTFS,SOURCE_DATA
440,Sangli Bus Stand MSRTC,16.853099822998,74.563102722168,0,440,KTCL/Kadamba,Goa KTCL GTFS,SOURCE_DATA
441,Dabolim Airport,15.3860998153687,73.838996887207,0,441,KTCL/Kadamba,Goa KTCL GTFS,SOURCE_DATA
442,Dabolim Airport,15.3861999512,73.8386001587,0,442,KTCL/Kadamba,Goa KTCL GTFS,SOURCE_DATA
443,"Paz, Bicholim",15.5881004333496,73.9443969726563,0,443,KTCL/Kadamba,Goa KTCL GTFS,SOURCE_DATA
444,Mayem Lake,15.5769996643066,73.9389038085938,0,444,KTCL/Kadamba,Goa KTCL GTFS,SOURCE_DATA
445,Mayem Lake,15.5769996643066,73.9386978149414,0,445,KTCL/Kadamba,Goa KTCL GTFS,SOURCE_DATA
446,Mayem,15.579400062561,73.9209976196289,0,446,KTCL/Kadamba,Goa KTCL GTFS,SOURCE_DATA
447,Mayem,15.5796003341675,73.9208984375,0,447,KTCL/Kadamba,Goa KTCL GTFS,SOURCE_DATA
448,Sonal cross,15.5441999435425,74.1529006958008,0,448,KTCL/Kadamba,Goa KTCL GTFS,SOURCE_DATA
449,Sonal cross,15.5441999435425,74.1529998779297,0,449,KTCL/Kadamba,Goa KTCL GTFS,SOURCE_DATA
450,Postar,15.5713996887207,74.1859970092773,0,450,KTCL/Kadamba,Goa KTCL GTFS,SOURCE_DATA
451,Postar,15.5712995529175,74.1859970092773,0,451,KTCL/Kadamba,Goa KTCL GTFS,SOURCE_DATA
452,Maloli,15.5763998031616,74.1961975097656,0,452,KTCL/Kadamba,Goa KTCL GTFS,SOURCE_DATA
453,Maloli,15.5763998031616,74.1962966918945,0,453,KTCL/Kadamba,Goa KTCL GTFS,SOURCE_DATA
454,Nanora,15.5787000656128,74.2030029296875,0,454,KTCL/Kadamba,Goa KTCL GTFS,SOURCE_DATA
455,Nanora,15.5786225555,74.2030029297,0,455,KTCL/Kadamba,Goa KTCL GTFS,SOURCE_DATA
456,Redegathi,15.5267000198364,74.1053009033203,0,456,KTCL/Kadamba,Goa KTCL GTFS,SOURCE_DATA
457,Redegathi,15.5268001556396,74.1053009033203,0,457,KTCL/Kadamba,Goa KTCL GTFS,SOURCE_DATA
458,Zarme,15.5729999542236,74.1041030883789,0,458,KTCL/Kadamba,Goa KTCL GTFS,SOURCE_DATA
459,Zarme,15.5729276094,74.104097724,0,459,KTCL/Kadamba,Goa KTCL GTFS,SOURCE_DATA
460,Dabem,15.5454998016357,74.1167984008789,0,460,KTCL/Kadamba,Goa KTCL GTFS,SOURCE_DATA
461,Mauxi,15.5429000854492,74.1187973022461,0,461,KTCL/Kadamba,Goa KTCL GTFS,SOURCE_DATA
462,Velguem,15.5206003189087,74.1539993286133,0,462,KTCL/Kadamba,Goa KTCL GTFS,SOURCE_DATA
463,Khadki,15.503379172,74.1400985718,0,463,KTCL/Kadamba,Goa KTCL GTFS,SOURCE_DATA
464,Savarshe,15.5029001235962,74.1356964111328,0,464,KTCL/Kadamba,Goa KTCL GTFS,SOURCE_DATA
465,Ambedem,15.555100440979,74.1622009277344,0,465,KTCL/Kadamba,Goa KTCL GTFS,SOURCE_DATA
466,Dhavem,15.5521001815796,74.1779022216797,0,466,KTCL/Kadamba,Goa KTCL GTFS,SOURCE_DATA
468,Codal,15.5945997238159,74.2067031860352,0,468,KTCL/Kadamba,Goa KTCL GTFS,SOURCE_DATA
469,Satre,15.6169004440308,74.2163009643555,0,469,KTCL/Kadamba,Goa KTCL GTFS,SOURCE_DATA
470,Ustem,15.5611000061035,74.1880035400391,0,470,KTCL/Kadamba,Goa KTCL GTFS,SOURCE_DATA
471,Usap,15.6753997802734,74.0572967529297,0,471,KTCL/Kadamba,Goa KTCL GTFS,SOURCE_DATA
472,Pissurlem,15.5341997146606,74.0652008056641,0,472,KTCL/Kadamba,Goa KTCL GTFS,SOURCE_DATA
473,Advoi,15.4961996078491,74.0975036621094,0,473,KTCL/Kadamba,Goa KTCL GTFS,SOURCE_DATA
475,Padeli,15.4843006134033,74.1145248413086,0,475,KTCL/Kadamba,Goa KTCL GTFS,SOURCE_DATA
477,Khotodem,15.4843997955322,74.1410980224609,0,477,KTCL/Kadamba,Goa KTCL GTFS,SOURCE_DATA
478,Guleli,15.4533996582031,74.131103515625,0,478,KTCL/Kadamba,Goa KTCL GTFS,SOURCE_DATA
479,Cudcem,15.5328998565674,74.1650009155273,0,479,KTCL/Kadamba,Goa KTCL GTFS,SOURCE_DATA
480,Naneli,15.5826997756958,74.1356964111328,0,480,KTCL/Kadamba,Goa KTCL GTFS,SOURCE_DATA
482,Arvalem,15.5578002929687,74.0585021972656,0,482,KTCL/Kadamba,Goa KTCL GTFS,SOURCE_DATA
483,Poriem,15.5874996185303,74.0286026000977,0,483,KTCL/Kadamba,Goa KTCL GTFS,SOURCE_DATA
484,Kudchire,15.6035003662109,74.0045013427734,0,484,KTCL/Kadamba,Goa KTCL GTFS,SOURCE_DATA
485,Koparde,15.567099571228,74.136100769043,0,485,KTCL/Kadamba,Goa KTCL GTFS,SOURCE_DATA
486,Pali,15.5935001373291,74.1378021240234,0,486,KTCL/Kadamba,Goa KTCL GTFS,SOURCE_DATA
487,Navelim,15.2567686457,73.96636796,0,487,KTCL/Kadamba,Goa KTCL GTFS,SOURCE_DATA
488,Navelim,15.2567728553,73.966476798,0,488,KTCL/Kadamba,Goa KTCL GTFS,SOURCE_DATA
489,"Dramapur, Navelim",15.2369287967,73.9760782719,0,489,KTCL/Kadamba,Goa KTCL GTFS,SOURCE_DATA
490,"Dramapur, Navelim",15.2369387497,73.9762459397,0,490,KTCL/Kadamba,Goa KTCL GTFS,SOURCE_DATA
492,Assolna,15.1803998947144,73.9712982177734,0,492,KTCL/Kadamba,Goa KTCL GTFS,SOURCE_DATA
493,Velim,15.1571998596191,73.9649963378906,0,493,KTCL/Kadamba,Goa KTCL GTFS,SOURCE_DATA
494,Velim Church,15.1660003662109,73.9737014770508,0,494,KTCL/Kadamba,Goa KTCL GTFS,SOURCE_DATA
495,Betul Cross,15.1386995315552,73.9573974609375,0,495,KTCL/Kadamba,Goa KTCL GTFS,SOURCE_DATA
496,Morlem,15.5763998031616,74.0466995239258,0,496,KTCL/Kadamba,Goa KTCL GTFS,SOURCE_DATA
497,Morlem,15.5764999389648,74.0467987060547,0,497,KTCL/Kadamba,Goa KTCL GTFS,SOURCE_DATA
498,Gaonkarwada,15.5522830055,74.0566185713,0,498,KTCL/Kadamba,Goa KTCL GTFS,SOURCE_DATA
500,Nachinola,15.5922002792358,73.8551025390625,0,500,KTCL/Kadamba,Goa KTCL GTFS,SOURCE_DATA
501,Nachinola,15.5920066833496,73.8550872802734,0,501,KTCL/Kadamba,Goa KTCL GTFS,SOURCE_DATA
502,Aldona,15.5899000167847,73.8731994628906,0,502,KTCL/Kadamba,Goa KTCL GTFS,SOURCE_DATA
503,Aldona,15.5895654014,73.87327981,0,503,KTCL/Kadamba,Goa KTCL GTFS,SOURCE_DATA
504,Carona,15.5783996582031,73.875602722168,0,504,KTCL/Kadamba,Goa KTCL GTFS,SOURCE_DATA
505,Calvi,15.5682001113892,73.8883972167969,0,505,KTCL/Kadamba,Goa KTCL GTFS,SOURCE_DATA
506,Britona Market,15.5204381942749,73.8475112915039,0,506,KTCL/Kadamba,Goa KTCL GTFS,SOURCE_DATA
507,Salvador,15.5327205657959,73.858039855957,0,507,KTCL/Kadamba,Goa KTCL GTFS,SOURCE_DATA
508,Pomburpa,15.5655002593994,73.8613967895508,0,508,KTCL/Kadamba,Goa KTCL GTFS,SOURCE_DATA
509,Quitla Aldona,15.6020002365112,73.8740997314453,0,509,KTCL/Kadamba,Goa KTCL GTFS,SOURCE_DATA
510,Goljuem,15.5977001190186,73.8892974853516,0,510,KTCL/Kadamba,Goa KTCL GTFS,SOURCE_DATA
511,"Boron, Nachinola",15.5848999023438,73.8498992919922,0,511,KTCL/Kadamba,Goa KTCL GTFS,SOURCE_DATA
513,Varpal,15.5628995895386,73.9207992553711,0,513,KTCL/Kadamba,Goa KTCL GTFS,SOURCE_DATA
514,Varpal,15.5628995895386,73.9207000732422,0,514,KTCL/Kadamba,Goa KTCL GTFS,SOURCE_DATA
515,Tikhane,15.5572996139526,73.9113006591797,0,515,KTCL/Kadamba,Goa KTCL GTFS,SOURCE_DATA
516,Vainguinim,15.5675001144409,73.9088973999023,0,516,KTCL/Kadamba,Goa KTCL GTFS,SOURCE_DATA
517,Betim,15.5055999755859,73.8336029052734,0,517,KTCL/Kadamba,Goa KTCL GTFS,SOURCE_DATA
518,Betim,15.5057001113892,73.8337020874023,0,518,KTCL/Kadamba,Goa KTCL GTFS,SOURCE_DATA
519,Verem Market,15.5080003738403,73.809700012207,0,519,KTCL/Kadamba,Goa KTCL GTFS,SOURCE_DATA
522,Ozari,15.6944999694824,73.8684005737305,0,522,KTCL/Kadamba,Goa KTCL GTFS,SOURCE_DATA
523,Menkurem,15.6958061316,73.8970031738,0,523,KTCL/Kadamba,Goa KTCL GTFS,SOURCE_DATA
524,Pirna,15.6621999740601,73.8824996948242,0,524,KTCL/Kadamba,Goa KTCL GTFS,SOURCE_DATA
525,Pirna,15.6620998382568,73.8825988769531,0,525,KTCL/Kadamba,Goa KTCL GTFS,SOURCE_DATA
526,Nadora,15.6711590604,73.8630123734,0,526,KTCL/Kadamba,Goa KTCL GTFS,SOURCE_DATA
527,Nadora,15.6710983715,73.8629520237,0,527,KTCL/Kadamba,Goa KTCL GTFS,SOURCE_DATA
528,Colvale Tar,15.646900177002,73.8406982421875,0,528,KTCL/Kadamba,Goa KTCL GTFS,SOURCE_DATA
529,Colvale Tar,15.646900177002,73.8407974243164,0,529,KTCL/Kadamba,Goa KTCL GTFS,SOURCE_DATA
530,Revora,15.6557998657227,73.8470001220703,0,530,KTCL/Kadamba,Goa KTCL GTFS,SOURCE_DATA
531,Revora,15.6556997299194,73.8471984863281,0,531,KTCL/Kadamba,Goa KTCL GTFS,SOURCE_DATA
532,Miramar Beach Circle B,15.4835305453505,73.8090436458588,0,532,KTCL/Kadamba,Goa KTCL GTFS,SOURCE_DATA
533,Miramar Beach Circle A,15.4832536814324,73.8093837499618,0,533,KTCL/Kadamba,Goa KTCL GTFS,SOURCE_DATA
534,Taleigao,15.4815998077393,73.8223037719727,0,534,KTCL/Kadamba,Goa KTCL GTFS,SOURCE_DATA
535,Panjim Post Office B,15.4999884085454,73.8328286409378,0,535,KTCL/Kadamba,Goa KTCL GTFS,SOURCE_DATA
536,Althino Circle,15.4874000549316,73.8262023925781,0,536,KTCL/Kadamba,Goa KTCL GTFS,SOURCE_DATA
537,Vazem,15.3362411593,74.0171592236,0,537,KTCL/Kadamba,Goa KTCL GTFS,SOURCE_DATA
538,Vazem,15.3360414505005,74.0166549682617,0,538,KTCL/Kadamba,Goa KTCL GTFS,SOURCE_DATA
539,Shiroda Market,15.3196001052856,74.0296020507813,0,539,KTCL/Kadamba,Goa KTCL GTFS,SOURCE_DATA
540,Panchawadi,15.28564453125,74.076789855957,0,540,KTCL/Kadamba,Goa KTCL GTFS,SOURCE_DATA
541,Panchawadi,15.2860240936279,74.0770263671875,0,541,KTCL/Kadamba,Goa KTCL GTFS,SOURCE_DATA
542,Mapa,15.2790002822876,74.0959014892578,0,542,KTCL/Kadamba,Goa KTCL GTFS,SOURCE_DATA
543,Mapa,15.2789001464844,74.0958023071289,0,543,KTCL/Kadamba,Goa KTCL GTFS,SOURCE_DATA
546,Costi,15.2592000961304,74.1733016967773,0,546,KTCL/Kadamba,Goa KTCL GTFS,SOURCE_DATA
547,Costi,15.2590999603271,74.1734008789063,0,547,KTCL/Kadamba,Goa KTCL GTFS,SOURCE_DATA
548,Kalne Cross,15.756679925,73.9214632511,0,548,KTCL/Kadamba,Goa KTCL GTFS,SOURCE_DATA
549,Kalne Cross,15.7569141388,73.9209823608,0,549,KTCL/Kadamba,Goa KTCL GTFS,SOURCE_DATA
550,Uguem,15.7517995834351,73.8347015380859,0,550,KTCL/Kadamba,Goa KTCL GTFS,SOURCE_DATA
551,Uguem,15.7517995834351,73.8348999023438,0,551,KTCL/Kadamba,Goa KTCL GTFS,SOURCE_DATA
553,Tamboxem,15.7582998275757,73.8354034423828,0,553,KTCL/Kadamba,Goa KTCL GTFS,SOURCE_DATA
554,Tamboxem,15.7581996917725,73.8354034423828,0,554,KTCL/Kadamba,Goa KTCL GTFS,SOURCE_DATA
555,Torxem,15.7767181396484,73.8517532348633,0,555,KTCL/Kadamba,Goa KTCL GTFS,SOURCE_DATA
556,Torxem,15.7764654159546,73.8518142700195,0,556,KTCL/Kadamba,Goa KTCL GTFS,SOURCE_DATA
557,"Patradevi Border, Check Post",15.7981996536255,73.8640975952148,0,557,KTCL/Kadamba,Goa KTCL GTFS,SOURCE_DATA
559,Poroscodem,15.7397003173828,73.8125,0,559,KTCL/Kadamba,Goa KTCL GTFS,SOURCE_DATA
560,Poroscodem,15.7396001815796,73.8125,0,560,KTCL/Kadamba,Goa KTCL GTFS,SOURCE_DATA
561,Varcond,15.7260999679565,73.8373031616211,0,561,KTCL/Kadamba,Goa KTCL GTFS,SOURCE_DATA
562,Varcond,15.7259998321533,73.8373031616211,0,562,KTCL/Kadamba,Goa KTCL GTFS,SOURCE_DATA
563,Harmal Beach,15.687801361084,73.7115707397461,0,563,KTCL/Kadamba,Goa KTCL GTFS,SOURCE_DATA
564,Harmal Beach,15.687689781189,73.7116241455078,0,564,KTCL/Kadamba,Goa KTCL GTFS,SOURCE_DATA
565,Ashwem Beach,15.6487998962402,73.7170028686523,0,565,KTCL/Kadamba,Goa KTCL GTFS,SOURCE_DATA
568,Sodiem,15.6211996078491,73.7960968017578,0,568,KTCL/Kadamba,Goa KTCL GTFS,SOURCE_DATA
569,Sodiem,15.6212997436523,73.7960968017578,0,569,KTCL/Kadamba,Goa KTCL GTFS,SOURCE_DATA
570,Sodiem Holycross High School,15.6217002868652,73.7857971191406,0,570,KTCL/Kadamba,Goa KTCL GTFS,SOURCE_DATA
571,Sodiem Holycross High School,15.6217002868652,73.786003112793,0,571,KTCL/Kadamba,Goa KTCL GTFS,SOURCE_DATA
578,Panaji Old Secretariat,15.5008001327515,73.8293991088867,0,578,KTCL/Kadamba,Goa KTCL GTFS,SOURCE_DATA
579,Panaji Cruises,15.4995002746582,73.8364028930664,0,579,KTCL/Kadamba,Goa KTCL GTFS,SOURCE_DATA
580,Dona Paula Circle,15.457200050354,73.8032989501953,0,580,KTCL/Kadamba,Goa KTCL GTFS,SOURCE_DATA
581,Goa University Library B,15.4583299728252,73.829942882061,0,581,KTCL/Kadamba,Goa KTCL GTFS,SOURCE_DATA
582,Goa University Library A,15.4586207256538,73.8299347758293,0,582,KTCL/Kadamba,Goa KTCL GTFS,SOURCE_DATA
583,St. Cruz Church B,15.476300239563,73.8454971313477,0,583,KTCL/Kadamba,Goa KTCL GTFS,SOURCE_DATA
584,Panjim Community Centre,15.4871997833252,73.8320007324219,0,584,KTCL/Kadamba,Goa KTCL GTFS,SOURCE_DATA
586,Panjim People High School,15.4944000244141,73.831901550293,0,586,KTCL/Kadamba,Goa KTCL GTFS,SOURCE_DATA
587,"Keri, Ponda",15.4639148712158,73.995475769043,0,587,KTCL/Kadamba,Goa KTCL GTFS,SOURCE_DATA
588,Birla Bits Pilani,15.3870000839233,73.8758010864258,0,588,KTCL/Kadamba,Goa KTCL GTFS,SOURCE_DATA
589,Bhatwadi,15.6930999755859,73.7334976196289,0,589,KTCL/Kadamba,Goa KTCL GTFS,SOURCE_DATA
590,Bhatwadi,15.6928997039795,73.7335968017578,0,590,KTCL/Kadamba,Goa KTCL GTFS,SOURCE_DATA
591,Camurlim Tuem Ferry,15.6483001708984,73.7939987182617,0,591,KTCL/Kadamba,Goa KTCL GTFS,SOURCE_DATA
592,Camurlim Tuem Ferry,15.6484003067017,73.7940979003906,0,592,KTCL/Kadamba,Goa KTCL GTFS,SOURCE_DATA
593,Camurlim Darbarwada,15.6478004455566,73.7926025390625,0,593,KTCL/Kadamba,Goa KTCL GTFS,SOURCE_DATA
594,Camurlim Darbarwada,15.6478996276855,73.7926025390625,0,594,KTCL/Kadamba,Goa KTCL GTFS,SOURCE_DATA
595,Camurlim Khairat,15.6380996704102,73.7846984863281,0,595,KTCL/Kadamba,Goa KTCL GTFS,SOURCE_DATA
596,Camurlim Khairat,15.6380480119,73.7846287489,0,596,KTCL/Kadamba,Goa KTCL GTFS,SOURCE_DATA
610,Saligao Junction,15.5462999343872,73.7890014648438,0,610,KTCL/Kadamba,Goa KTCL GTFS,SOURCE_DATA
611,Saligao Junction,15.5459756269,73.7889342308,0,611,KTCL/Kadamba,Goa KTCL GTFS,SOURCE_DATA
612,Pilerne IDC,15.5334997177124,73.7968978881836,0,612,KTCL/Kadamba,Goa KTCL GTFS,SOURCE_DATA
613,Pilerne IDC,15.5331854232,73.7969890833,0,613,KTCL/Kadamba,Goa KTCL GTFS,SOURCE_DATA
614,Madani/V.P. Pilerne,15.519700050354,73.8052978515625,0,614,KTCL/Kadamba,Goa KTCL GTFS,SOURCE_DATA
615,Madani/V.P. Pilerne,15.5194997787476,73.8052978515625,0,615,KTCL/Kadamba,Goa KTCL GTFS,SOURCE_DATA
616,Candolim Church,15.5174999237061,73.7771987915039,0,616,KTCL/Kadamba,Goa KTCL GTFS,SOURCE_DATA
617,Candolim Church,15.5179479644,73.7772363737,0,617,KTCL/Kadamba,Goa KTCL GTFS,SOURCE_DATA
619,"Keri,Vijaydurga",15.4664001464844,73.9952011108398,0,619,KTCL/Kadamba,Goa KTCL GTFS,SOURCE_DATA
620,Arle,15.4574003219604,74.0009002685547,0,620,KTCL/Kadamba,Goa KTCL GTFS,SOURCE_DATA
621,Apewal,15.4371995925903,74.0086975097656,0,621,KTCL/Kadamba,Goa KTCL GTFS,SOURCE_DATA
622,Karmane,15.4540004730225,74.0046005249023,0,622,KTCL/Kadamba,Goa KTCL GTFS,SOURCE_DATA
623,Curti,15.4112175178,74.0258733034,0,623,KTCL/Kadamba,Goa KTCL GTFS,SOURCE_DATA
624,Karmali Railway Station,15.4903001785278,73.9231414794922,0,624,KTCL/Kadamba,Goa KTCL GTFS,SOURCE_DATA
625,Karmali Railway Station,15.4901428222656,73.9230880737305,0,625,KTCL/Kadamba,Goa KTCL GTFS,SOURCE_DATA
626,Hotel Wilsha,15.4854154586792,73.9231414794922,0,626,KTCL/Kadamba,Goa KTCL GTFS,SOURCE_DATA
627,Hotel Wilsha,15.4854307174683,73.9230117797852,0,627,KTCL/Kadamba,Goa KTCL GTFS,SOURCE_DATA
628,Azossim,15.4682874679565,73.92431640625,0,628,KTCL/Kadamba,Goa KTCL GTFS,SOURCE_DATA
629,Azossim,15.4682998657227,73.9243011474609,0,629,KTCL/Kadamba,Goa KTCL GTFS,SOURCE_DATA
630,Dongri Mandur,15.4518003463745,73.9231033325195,0,630,KTCL/Kadamba,Goa KTCL GTFS,SOURCE_DATA
631,Dongri Mandur,15.4516944885254,73.9231872558594,0,631,KTCL/Kadamba,Goa KTCL GTFS,SOURCE_DATA
632,Neura,15.4448003768921,73.9216003417969,0,632,KTCL/Kadamba,Goa KTCL GTFS,SOURCE_DATA
633,Neura,15.4448003768921,73.9216995239258,0,633,KTCL/Kadamba,Goa KTCL GTFS,SOURCE_DATA
634,Moira Club,15.5944995880127,73.8393020629883,0,634,KTCL/Kadamba,Goa KTCL GTFS,SOURCE_DATA
635,Moira Club,15.5944004058838,73.8393020629883,0,635,KTCL/Kadamba,Goa KTCL GTFS,SOURCE_DATA
636,Amadi,15.568699836731,73.8780975341797,0,636,KTCL/Kadamba,Goa KTCL GTFS,SOURCE_DATA
637,Cuncolim,15.1798000335693,73.9981002807617,0,637,KTCL/Kadamba,Goa KTCL GTFS,SOURCE_DATA
638,Cuncolim,15.1797618865967,73.9982376098633,0,638,KTCL/Kadamba,Goa KTCL GTFS,SOURCE_DATA
639,Canacona KTC Bus Stand,15.0082998275757,74.0439987182617,0,639,KTCL/Kadamba,Goa KTCL GTFS,SOURCE_DATA
640,Cancona Market,15.0075311660767,74.0468139648438,0,640,KTCL/Kadamba,Goa KTCL GTFS,SOURCE_DATA
641,Cancona Market,15.0072589049,74.0466617346,0,641,KTCL/Kadamba,Goa KTCL GTFS,SOURCE_DATA
642,Poinguinim,14.9673185348511,74.0865859985352,0,642,KTCL/Kadamba,Goa KTCL GTFS,SOURCE_DATA
643,Poinguinim,14.9672002792358,74.0865020751953,0,643,KTCL/Kadamba,Goa KTCL GTFS,SOURCE_DATA
644,Polem Goa-Karnataka Border,14.9092443008,74.0929046869,0,644,KTCL/Kadamba,Goa KTCL GTFS,SOURCE_DATA
645,Polem Goa-Karnataka Border,14.9094196552,74.0929332972,0,645,KTCL/Kadamba,Goa KTCL GTFS,SOURCE_DATA
646,Loliem,14.9415998458862,74.0703964233398,0,646,KTCL/Kadamba,Goa KTCL GTFS,SOURCE_DATA
647,Mashem,14.9587783813477,74.0547714233398,0,647,KTCL/Kadamba,Goa KTCL GTFS,SOURCE_DATA
648,Mashem,14.9592580795288,74.0551834106445,0,648,KTCL/Kadamba,Goa KTCL GTFS,SOURCE_DATA
649,Poigunim,14.9738998413086,74.0922012329102,0,649,KTCL/Kadamba,Goa KTCL GTFS,SOURCE_DATA
650,Poigunim,14.9736995697021,74.0922012329102,0,650,KTCL/Kadamba,Goa KTCL GTFS,SOURCE_DATA
651,Katebag,14.9912350392,74.0992188454,0,651,KTCL/Kadamba,Goa KTCL GTFS,SOURCE_DATA
652,Katebag,14.9913283124,74.0990900993,0,652,KTCL/Kadamba,Goa KTCL GTFS,SOURCE_DATA
653,Galgibag,14.9652868856,74.0491523743,0,653,KTCL/Kadamba,Goa KTCL GTFS,SOURCE_DATA
654,Galgibag,14.965346737,74.0498607865,0,654,KTCL/Kadamba,Goa KTCL GTFS,SOURCE_DATA
655,Talpon,14.9800594861,74.0421495438,0,655,KTCL/Kadamba,Goa KTCL GTFS,SOURCE_DATA
656,Talpon,14.9799663402,74.0417847633,0,656,KTCL/Kadamba,Goa KTCL GTFS,SOURCE_DATA
657,Sadolxem,14.9922569545,74.0650898218,0,657,KTCL/Kadamba,Goa KTCL GTFS,SOURCE_DATA
658,Sadolxem,14.9920479976,74.0647814274,0,658,KTCL/Kadamba,Goa KTCL GTFS,SOURCE_DATA
659,Batpal,15.0017995834351,74.081901550293,0,659,KTCL/Kadamba,Goa KTCL GTFS,SOURCE_DATA
660,Batpal,15.0017004013062,74.0818023681641,0,660,KTCL/Kadamba,Goa KTCL GTFS,SOURCE_DATA
661,Sristhal,15.0063361945697,74.0623397827148,0,661,KTCL/Kadamba,Goa KTCL GTFS,SOURCE_DATA
662,Sristhal,15.0056987561434,74.0624194145202,0,662,KTCL/Kadamba,Goa KTCL GTFS,SOURCE_DATA
663,Gullem,15.024627295782,74.033591747284,0,663,KTCL/Kadamba,Goa KTCL GTFS,SOURCE_DATA
664,Gullem,15.024805519105,74.0328860283691,0,664,KTCL/Kadamba,Goa KTCL GTFS,SOURCE_DATA
665,Balli,15.1567211151123,74.0143661499023,0,665,KTCL/Kadamba,Goa KTCL GTFS,SOURCE_DATA
666,Balli,15.1568641662598,74.0143890380859,0,666,KTCL/Kadamba,Goa KTCL GTFS,SOURCE_DATA
667,Cuncolim KTC Bus Stand,15.1822986602783,73.997543334961,0,667,KTCL/Kadamba,Goa KTCL GTFS,SOURCE_DATA
668,Pazorkoni,15.2014999389648,73.9959030151367,0,668,KTCL/Kadamba,Goa KTCL GTFS,SOURCE_DATA
669,Pazorkoni,15.2017002105713,73.9956970214844,0,669,KTCL/Kadamba,Goa KTCL GTFS,SOURCE_DATA
670,Danewadi,15.2148170471191,73.9841232299805,0,670,KTCL/Kadamba,Goa KTCL GTFS,SOURCE_DATA
671,Danewadi,15.2149448394775,73.9844131469727,0,671,KTCL/Kadamba,Goa KTCL GTFS,SOURCE_DATA
672,Pazorkoni Workhardt Hospital,15.1975002288818,73.9968032836914,0,672,KTCL/Kadamba,Goa KTCL GTFS,SOURCE_DATA
673,Pazorkoni Workhardt Hospital,15.1975002288818,73.9970016479492,0,673,KTCL/Kadamba,Goa KTCL GTFS,SOURCE_DATA
674,"Chinchinim, Cuncolim Junction",15.2189054489,73.9785385132,0,674,KTCL/Kadamba,Goa KTCL GTFS,SOURCE_DATA
675,Assolda,15.2572002410889,74.059700012207,0,675,KTCL/Kadamba,Goa KTCL GTFS,SOURCE_DATA
676,Curchorem - Savordem KTC Bus Stand,15.2611999511719,74.1066970825195,0,676,KTCL/Kadamba,Goa KTCL GTFS,SOURCE_DATA
678,Dr. Ambedkar Circle,15.2582130432129,74.1052474975586,0,678,KTCL/Kadamba,Goa KTCL GTFS,SOURCE_DATA
679,Sanvordem Petrol Pump,15.2690896987915,74.112678527832,0,679,KTCL/Kadamba,Goa KTCL GTFS,SOURCE_DATA
680,Sanvordem Petrol Pump,15.2688331604004,74.1125564575195,0,680,KTCL/Kadamba,Goa KTCL GTFS,SOURCE_DATA
681,Tanki,15.2327003479004,74.0955963134766,0,681,KTCL/Kadamba,Goa KTCL GTFS,SOURCE_DATA
682,Tanki,15.2327003479004,74.0954971313477,0,682,KTCL/Kadamba,Goa KTCL GTFS,SOURCE_DATA
683,Kakumaddi,15.25119972229,74.1020965576172,0,683,KTCL/Kadamba,Goa KTCL GTFS,SOURCE_DATA
684,Kakumaddi,15.25119972229,74.1022033691406,0,684,KTCL/Kadamba,Goa KTCL GTFS,SOURCE_DATA
685,Tilamol,15.2208003997803,74.0869979858398,0,685,KTCL/Kadamba,Goa KTCL GTFS,SOURCE_DATA
686,Tilamol,15.2207002639771,74.0870971679688,0,686,KTCL/Kadamba,Goa KTCL GTFS,SOURCE_DATA
687,Quepem Court,15.2181997299194,74.0817031860352,0,687,KTCL/Kadamba,Goa KTCL GTFS,SOURCE_DATA
688,Quepem Court,15.2180995941162,74.081901550293,0,688,KTCL/Kadamba,Goa KTCL GTFS,SOURCE_DATA
689,Quepem,15.2142000198364,74.0702972412109,0,689,KTCL/Kadamba,Goa KTCL GTFS,SOURCE_DATA
690,Quepem,15.2144002914429,74.0705032348633,0,690,KTCL/Kadamba,Goa KTCL GTFS,SOURCE_DATA
693,Chinchinim  Market,15.2103004455566,73.9768981933594,0,693,KTCL/Kadamba,Goa KTCL GTFS,SOURCE_DATA
694,Chinchinim  Market,15.2102383276,73.9769411087,0,694,KTCL/Kadamba,Goa KTCL GTFS,SOURCE_DATA
695,Cancnamoddi,15.1928052902222,73.997314453125,0,695,KTCL/Kadamba,Goa KTCL GTFS,SOURCE_DATA
696,Cancnamoddi,15.1928625106812,73.9975204467773,0,696,KTCL/Kadamba,Goa KTCL GTFS,SOURCE_DATA
697,Barcem Market,15.0783004760742,74.0324020385742,0,697,KTCL/Kadamba,Goa KTCL GTFS,SOURCE_DATA
698,Barcem Market,15.0786104202271,74.0325164794922,0,698,KTCL/Kadamba,Goa KTCL GTFS,SOURCE_DATA
699,Khandepar,15.4251034356,74.0453212261,0,699,KTCL/Kadamba,Goa KTCL GTFS,SOURCE_DATA
700,Khandepar,15.4246086433,74.0453138351,0,700,KTCL/Kadamba,Goa KTCL GTFS,SOURCE_DATA
701,M.R.F.,15.4164653048,74.0698986053,0,701,KTCL/Kadamba,Goa KTCL GTFS,SOURCE_DATA
702,M.R.F.,15.4165964126587,74.0693435668945,0,702,KTCL/Kadamba,Goa KTCL GTFS,SOURCE_DATA
703,Usgao Tisk,15.4189451516,74.081564188,0,703,KTCL/Kadamba,Goa KTCL GTFS,SOURCE_DATA
704,Usgao Tisk,15.4188882668,74.0813872814,0,704,KTCL/Kadamba,Goa KTCL GTFS,SOURCE_DATA
705,Chowgule Workshop,15.4212608337402,74.0520248413086,0,705,KTCL/Kadamba,Goa KTCL GTFS,SOURCE_DATA
706,Chowgule Workshop,15.421527286,74.0522015095,0,706,KTCL/Kadamba,Goa KTCL GTFS,SOURCE_DATA
707,Dharbandora,15.3915996551514,74.1219024658203,0,707,KTCL/Kadamba,Goa KTCL GTFS,SOURCE_DATA
708,Dharbandora,15.3914003372192,74.1219024658203,0,708,KTCL/Kadamba,Goa KTCL GTFS,SOURCE_DATA
709,Ganje,15.4663000106812,74.0893020629883,0,709,KTCL/Kadamba,Goa KTCL GTFS,SOURCE_DATA
710,Ganje,15.4661998748779,74.0893020629883,0,710,KTCL/Kadamba,Goa KTCL GTFS,SOURCE_DATA
711,Guleli,15.476900100708,74.1110000610352,0,711,KTCL/Kadamba,Goa KTCL GTFS,SOURCE_DATA
712,Guleli,15.4766998291,74.1110992432,0,712,KTCL/Kadamba,Goa KTCL GTFS,SOURCE_DATA
713,Barazan Titha,15.5026998519897,74.1399993896484,0,713,KTCL/Kadamba,Goa KTCL GTFS,SOURCE_DATA
714,Barazan Titha,15.5025997161865,74.1401977539063,0,714,KTCL/Kadamba,Goa KTCL GTFS,SOURCE_DATA
719,Fradilem,15.2440004348755,73.9727020263672,0,719,KTCL/Kadamba,Goa KTCL GTFS,SOURCE_DATA
720,Fradilem,15.2440004348755,73.972900390625,0,720,KTCL/Kadamba,Goa KTCL GTFS,SOURCE_DATA
721,Jacknibandh,15.2406997680664,73.9753036499023,0,721,KTCL/Kadamba,Goa KTCL GTFS,SOURCE_DATA
722,Jacknibandh,15.2406997680664,73.9755020141602,0,722,KTCL/Kadamba,Goa KTCL GTFS,SOURCE_DATA
723,Sirlim Dramapur,15.2339000701904,73.9760971069336,0,723,KTCL/Kadamba,Goa KTCL GTFS,SOURCE_DATA
724,Sirlim Dramapur,15.2339000701904,73.9761962890625,0,724,KTCL/Kadamba,Goa KTCL GTFS,SOURCE_DATA
725,Sirlim,15.2248001098633,73.9773025512695,0,725,KTCL/Kadamba,Goa KTCL GTFS,SOURCE_DATA
726,Sirlim,15.2246999740601,73.9775009155273,0,726,KTCL/Kadamba,Goa KTCL GTFS,SOURCE_DATA
727,Paddi,15.0925998687744,74.0313034057617,0,727,KTCL/Kadamba,Goa KTCL GTFS,SOURCE_DATA
728,Paddi,15.0927000045776,74.0310974121094,0,728,KTCL/Kadamba,Goa KTCL GTFS,SOURCE_DATA
729,Pisornem,15.0819997787476,74.0300979614258,0,729,KTCL/Kadamba,Goa KTCL GTFS,SOURCE_DATA
730,Pisornem,15.0818996429443,74.0302963256836,0,730,KTCL/Kadamba,Goa KTCL GTFS,SOURCE_DATA
731,Colva Circle,15.2838106155396,73.9569244384766,0,731,KTCL/Kadamba,Goa KTCL GTFS,SOURCE_DATA
732,Colva Circle,15.2832115337,73.9567942619,0,732,KTCL/Kadamba,Goa KTCL GTFS,SOURCE_DATA
733,Margao Session Court,15.2807309458,73.9576945305,0,733,KTCL/Kadamba,Goa KTCL GTFS,SOURCE_DATA
734,Margao Session Court,15.2814874649,73.9576568604,0,734,KTCL/Kadamba,Goa KTCL GTFS,SOURCE_DATA
735,Assolda,15.1828339414,73.9703979492,0,735,KTCL/Kadamba,Goa KTCL GTFS,SOURCE_DATA
736,Assolna,15.180317059,73.9706840515,0,736,KTCL/Kadamba,Goa KTCL GTFS,SOURCE_DATA
737,Balli Railway Station,15.1515998840332,74.018798828125,0,737,KTCL/Kadamba,Goa KTCL GTFS,SOURCE_DATA
738,Balli Railway Station,15.1516618728638,74.018913269043,0,738,KTCL/Kadamba,Goa KTCL GTFS,SOURCE_DATA
739,Sateli,15.7620000839233,73.7778015136719,0,739,KTCL/Kadamba,Goa KTCL GTFS,SOURCE_DATA
740,Sateli,15.7616996765137,73.7776031494141,0,740,KTCL/Kadamba,Goa KTCL GTFS,SOURCE_DATA
741,Malewad Naka,15.7859001159668,73.7397003173828,0,741,KTCL/Kadamba,Goa KTCL GTFS,SOURCE_DATA
742,Malewad Naka,15.78600025177,73.7397994995117,0,742,KTCL/Kadamba,Goa KTCL GTFS,SOURCE_DATA
743,Kundura,15.7757997512817,73.7565002441406,0,743,KTCL/Kadamba,Goa KTCL GTFS,SOURCE_DATA
744,Kundura,15.7760000228882,73.7564010620117,0,744,KTCL/Kadamba,Goa KTCL GTFS,SOURCE_DATA
745,Pernem Railway Station,15.7081003189087,73.8150024414063,0,745,KTCL/Kadamba,Goa KTCL GTFS,SOURCE_DATA
746,Pernem Railway Station,15.7081003189087,73.8152008056641,0,746,KTCL/Kadamba,Goa KTCL GTFS,SOURCE_DATA
747,Colvale Naka,15.6451997756958,73.8376998901367,0,747,KTCL/Kadamba,Goa KTCL GTFS,SOURCE_DATA
748,Colvale Naka,15.6450996398926,73.8377990722656,0,748,KTCL/Kadamba,Goa KTCL GTFS,SOURCE_DATA
749,Mapusa Distict Hospital,15.5961999893188,73.8202972412109,0,749,KTCL/Kadamba,Goa KTCL GTFS,SOURCE_DATA
750,Mapusa Distict Hospital,15.5965003967285,73.8202972412109,0,750,KTCL/Kadamba,Goa KTCL GTFS,SOURCE_DATA
751,Ravindra Bhavan,15.28600025177,73.9634017944336,0,751,KTCL/Kadamba,Goa KTCL GTFS,SOURCE_DATA
752,Ravindra Bhavan,15.2859591751,73.9637451172,0,752,KTCL/Kadamba,Goa KTCL GTFS,SOURCE_DATA
753,Arlem,15.2981109619141,73.971305847168,0,753,KTCL/Kadamba,Goa KTCL GTFS,SOURCE_DATA
754,Arlem,15.2979469299316,73.9715118408203,0,754,KTCL/Kadamba,Goa KTCL GTFS,SOURCE_DATA
755,Raia,15.31369972229,73.9836578369141,0,755,KTCL/Kadamba,Goa KTCL GTFS,SOURCE_DATA
756,Raia,15.31369972229,73.984146118164,0,756,KTCL/Kadamba,Goa KTCL GTFS,SOURCE_DATA
757,Tembyer,15.3237791061401,73.9891128540039,0,757,KTCL/Kadamba,Goa KTCL GTFS,SOURCE_DATA
758,Tembyer,15.3240900039673,73.9890518188477,0,758,KTCL/Kadamba,Goa KTCL GTFS,SOURCE_DATA
759,Borim Bridge,15.3515996932983,74.0035018920898,0,759,KTCL/Kadamba,Goa KTCL GTFS,SOURCE_DATA
760,Borim Bridge,15.3515996932983,74.0034027099609,0,760,KTCL/Kadamba,Goa KTCL GTFS,SOURCE_DATA
761,Old Borim Bridge,15.3454725349,74.0089979172,0,761,KTCL/Kadamba,Goa KTCL GTFS,SOURCE_DATA
762,Old Borim Bridge,15.3451377058,74.0090193748,0,762,KTCL/Kadamba,Goa KTCL GTFS,SOURCE_DATA
763,Tarvale,15.3430995941162,74.0142974853516,0,763,KTCL/Kadamba,Goa KTCL GTFS,SOURCE_DATA
764,Tarvale,15.3430004119873,74.0142974853516,0,764,KTCL/Kadamba,Goa KTCL GTFS,SOURCE_DATA
765,Ayuvedic College,15.3305997848511,74.0199966430664,0,765,KTCL/Kadamba,Goa KTCL GTFS,SOURCE_DATA
766,Ayuvedic College,15.3304996490479,74.0198974609375,0,766,KTCL/Kadamba,Goa KTCL GTFS,SOURCE_DATA
767,Shiroda KTC Bus Stand,15.3212003707886,74.0273971557617,0,767,KTCL/Kadamba,Goa KTCL GTFS,SOURCE_DATA
768,Shiroda Shivnathi Temple,15.31614112854,74.0284194946289,0,768,KTCL/Kadamba,Goa KTCL GTFS,SOURCE_DATA
769,Shiroda Shivnathi Temple,15.31614112854,74.0290679931641,0,769,KTCL/Kadamba,Goa KTCL GTFS,SOURCE_DATA
770,Dabolim-Shiroda,15.3080997467041,74.0420989990234,0,770,KTCL/Kadamba,Goa KTCL GTFS,SOURCE_DATA
771,Dabolim-Shiroda,15.3079996109009,74.0420989990234,0,771,KTCL/Kadamba,Goa KTCL GTFS,SOURCE_DATA
772,Church Ponchwadi,15.3002004623413,74.0664978027344,0,772,KTCL/Kadamba,Goa KTCL GTFS,SOURCE_DATA
773,Church Ponchwadi,15.3002996444702,74.0663986206055,0,773,KTCL/Kadamba,Goa KTCL GTFS,SOURCE_DATA
774,Gorvootti,15.3020076751709,73.949104309082,0,774,KTCL/Kadamba,Goa KTCL GTFS,SOURCE_DATA
775,Gorvootti,15.3018999099731,73.9493026733398,0,775,KTCL/Kadamba,Goa KTCL GTFS,SOURCE_DATA
776,Cortalim Sancoale Junction,15.3977003097534,73.9107971191406,0,776,KTCL/Kadamba,Goa KTCL GTFS,SOURCE_DATA
777,Cortalim Sancoale Junction,15.3977308273315,73.910530090332,0,777,KTCL/Kadamba,Goa KTCL GTFS,SOURCE_DATA
778,Cortalim Ferry,15.4083003997803,73.908203125,0,778,KTCL/Kadamba,Goa KTCL GTFS,SOURCE_DATA
779,Cortalim Ferry,15.4081640627,73.9081821442,0,779,KTCL/Kadamba,Goa KTCL GTFS,SOURCE_DATA
780,Rassai Dock,15.3826999664307,73.9535980224609,0,780,KTCL/Kadamba,Goa KTCL GTFS,SOURCE_DATA
781,Rassai Dock,15.3825998306274,73.953498840332,0,781,KTCL/Kadamba,Goa KTCL GTFS,SOURCE_DATA
782,Loutolim,15.3406000137329,73.9841995239258,0,782,KTCL/Kadamba,Goa KTCL GTFS,SOURCE_DATA
783,Loutolim,15.3402347564697,73.9842987060547,0,783,KTCL/Kadamba,Goa KTCL GTFS,SOURCE_DATA
784,Cuncoliem,15.4615001678467,73.9786987304688,0,784,KTCL/Kadamba,Goa KTCL GTFS,SOURCE_DATA
785,Cuncoliem,15.4615001678467,73.9787979125977,0,785,KTCL/Kadamba,Goa KTCL GTFS,SOURCE_DATA
788,Bamado,15.2046003341675,73.9773025512695,0,788,KTCL/Kadamba,Goa KTCL GTFS,SOURCE_DATA
789,Bamado,15.2046003341675,73.9770965576172,0,789,KTCL/Kadamba,Goa KTCL GTFS,SOURCE_DATA
790,Sucaldem,15.1977996826172,73.9759979248047,0,790,KTCL/Kadamba,Goa KTCL GTFS,SOURCE_DATA
791,Sucaldem,15.1978998184204,73.9758987426758,0,791,KTCL/Kadamba,Goa KTCL GTFS,SOURCE_DATA
792,Nusi Academy,15.1862001419067,73.970703125,0,792,KTCL/Kadamba,Goa KTCL GTFS,SOURCE_DATA
793,Nusi Academy,15.1862001419067,73.9705963134765,0,793,KTCL/Kadamba,Goa KTCL GTFS,SOURCE_DATA
794,Ambelim,15.1715002059937,73.9739990234375,0,794,KTCL/Kadamba,Goa KTCL GTFS,SOURCE_DATA
795,Ambelim,15.1714000701904,73.9740982055664,0,795,KTCL/Kadamba,Goa KTCL GTFS,SOURCE_DATA
796,Velim Church,15.1660003662109,73.9736022949219,0,796,KTCL/Kadamba,Goa KTCL GTFS,SOURCE_DATA
797,Velim Market,15.1653995513916,73.9737014770508,0,797,KTCL/Kadamba,Goa KTCL GTFS,SOURCE_DATA
798,Velim Market,15.1653995513916,73.9736022949219,0,798,KTCL/Kadamba,Goa KTCL GTFS,SOURCE_DATA
799,Verna IDC,15.3734481456,73.9278324842,0,799,KTCL/Kadamba,Goa KTCL GTFS,SOURCE_DATA
800,Verna IDC,15.3734635773,73.9276932478,0,800,KTCL/Kadamba,Goa KTCL GTFS,SOURCE_DATA
802,Rawanfond,15.2650194168091,73.9780044555664,0,802,KTCL/Kadamba,Goa KTCL GTFS,SOURCE_DATA
803,Rawanfond,15.2645038083,73.9777216911,0,803,KTCL/Kadamba,Goa KTCL GTFS,SOURCE_DATA
804,Margoa Holy Spirit Church & School,15.2815826586,73.9592722655,0,804,KTCL/Kadamba,Goa KTCL GTFS,SOURCE_DATA
805,Margao Hospicio,15.2792852011,73.959758997,0,805,KTCL/Kadamba,Goa KTCL GTFS,SOURCE_DATA
806,Margao Kamat,15.2729583639,73.9585599899,0,806,KTCL/Kadamba,Goa KTCL GTFS,SOURCE_DATA
807,Railway Foot Overbridge,15.2698240280151,73.9587631225586,0,807,KTCL/Kadamba,Goa KTCL GTFS,SOURCE_DATA
808,Lakaki,15.2547016143799,73.9941024780273,0,808,KTCL/Kadamba,Goa KTCL GTFS,SOURCE_DATA
809,Lakaki,15.2545003890991,73.993896484375,0,809,KTCL/Kadamba,Goa KTCL GTFS,SOURCE_DATA
810,Don Khuris,15.24880027771,74.0024032592773,0,810,KTCL/Kadamba,Goa KTCL GTFS,SOURCE_DATA
811,Don Khuris,15.2487001419067,74.002197265625,0,811,KTCL/Kadamba,Goa KTCL GTFS,SOURCE_DATA
812,Gudi,15.2398996353149,74.0217971801758,0,812,KTCL/Kadamba,Goa KTCL GTFS,SOURCE_DATA
813,Bhootnath Temple,15.230299949646,74.0414962768555,0,813,KTCL/Kadamba,Goa KTCL GTFS,SOURCE_DATA
814,Bhootnath Temple,15.2301912535,74.0414909124,0,814,KTCL/Kadamba,Goa KTCL GTFS,SOURCE_DATA
815,Paroda,15.2285003662109,74.0504989624023,0,815,KTCL/Kadamba,Goa KTCL GTFS,SOURCE_DATA
816,Paroda,15.2281999588013,74.0504989624023,0,816,KTCL/Kadamba,Goa KTCL GTFS,SOURCE_DATA
817,Kavrem,15.1674003601074,74.0683975219727,0,817,KTCL/Kadamba,Goa KTCL GTFS,SOURCE_DATA
818,Kavrem,15.1674003601074,74.0681991577148,0,818,KTCL/Kadamba,Goa KTCL GTFS,SOURCE_DATA
819,Ambaulim,15.1885995864868,74.0556030273438,0,819,KTCL/Kadamba,Goa KTCL GTFS,SOURCE_DATA
820,Ambaulim,15.1885004043579,74.0553970336914,0,820,KTCL/Kadamba,Goa KTCL GTFS,SOURCE_DATA
821,Takar,15.1805000305176,74.0647964477539,0,821,KTCL/Kadamba,Goa KTCL GTFS,SOURCE_DATA
822,Takar,15.1803998947144,74.064697265625,0,822,KTCL/Kadamba,Goa KTCL GTFS,SOURCE_DATA
823,Maina,15.1290998458862,74.0855026245117,0,823,KTCL/Kadamba,Goa KTCL GTFS,SOURCE_DATA
824,Maina,15.1285681504,74.08476305,0,824,KTCL/Kadamba,Goa KTCL GTFS,SOURCE_DATA
825,Pirla,15.101300239563,74.1242980957031,0,825,KTCL/Kadamba,Goa KTCL GTFS,SOURCE_DATA
826,Devbag,15.0171003341675,74.0294036865235,0,826,KTCL/Kadamba,Goa KTCL GTFS,SOURCE_DATA
827,Devbag,15.0171003341675,74.0291976928711,0,827,KTCL/Kadamba,Goa KTCL GTFS,SOURCE_DATA
828,Dumane,15.0326995849609,74.0211029052734,0,828,KTCL/Kadamba,Goa KTCL GTFS,SOURCE_DATA
829,Dumane,15.0326995849609,74.0210037231445,0,829,KTCL/Kadamba,Goa KTCL GTFS,SOURCE_DATA
832,Betul,15.1359996795654,73.9555969238281,0,832,KTCL/Kadamba,Goa KTCL GTFS,SOURCE_DATA
833,Betul,15.1358995437622,73.9557037353516,0,833,KTCL/Kadamba,Goa KTCL GTFS,SOURCE_DATA
834,Neturlim,15.0914001465,74.2248001099,0,834,KTCL/Kadamba,Goa KTCL GTFS,SOURCE_DATA
835,Neturlim,15.0913828812,74.2241859436,0,835,KTCL/Kadamba,Goa KTCL GTFS,SOURCE_DATA
836,Vichundrem,15.0939998626709,74.190299987793,0,836,KTCL/Kadamba,Goa KTCL GTFS,SOURCE_DATA
837,Vichundrem,15.0938997268677,74.1905975341797,0,837,KTCL/Kadamba,Goa KTCL GTFS,SOURCE_DATA
838,Vade Colony,15.1396999359131,74.2048034667969,0,838,KTCL/Kadamba,Goa KTCL GTFS,SOURCE_DATA
839,Vade Colony,15.1393003463745,74.2045974731445,0,839,KTCL/Kadamba,Goa KTCL GTFS,SOURCE_DATA
840,Viliena,15.1667003631592,74.2425003051758,0,840,KTCL/Kadamba,Goa KTCL GTFS,SOURCE_DATA
841,Viliena,15.166600227356,74.2426986694336,0,841,KTCL/Kadamba,Goa KTCL GTFS,SOURCE_DATA
842,Bhati,15.1916999816895,74.2282028198242,0,842,KTCL/Kadamba,Goa KTCL GTFS,SOURCE_DATA
843,Bhati,15.1916999816895,74.2279968261719,0,843,KTCL/Kadamba,Goa KTCL GTFS,SOURCE_DATA
844,Valkini,15.2054004669189,74.2213973999023,0,844,KTCL/Kadamba,Goa KTCL GTFS,SOURCE_DATA
845,Valkini,15.2054004669189,74.2212982177734,0,845,KTCL/Kadamba,Goa KTCL GTFS,SOURCE_DATA
846,Uguem,15.2301998138428,74.1824035644531,0,846,KTCL/Kadamba,Goa KTCL GTFS,SOURCE_DATA
847,Uguem,15.2301998138428,74.1827011108398,0,847,KTCL/Kadamba,Goa KTCL GTFS,SOURCE_DATA
848,Pajimol,15.2236003876,74.1691970825,0,848,KTCL/Kadamba,Goa KTCL GTFS,SOURCE_DATA
849,Pajimol,15.2234001159668,74.1694030761719,0,849,KTCL/Kadamba,Goa KTCL GTFS,SOURCE_DATA
850,Sanguem KTC Bus Stand,15.2279996871948,74.1518020629883,0,850,KTCL/Kadamba,Goa KTCL GTFS,SOURCE_DATA
851,Sanguem Dando/ Court,15.2264003753662,74.1401977539063,0,851,KTCL/Kadamba,Goa KTCL GTFS,SOURCE_DATA
852,Sanguem Dando/ Court,15.226300239563,74.1401977539063,0,852,KTCL/Kadamba,Goa KTCL GTFS,SOURCE_DATA
853,Cacoda,15.2309999465942,74.1323013305664,0,853,KTCL/Kadamba,Goa KTCL GTFS,SOURCE_DATA
854,Cacoda,15.230799675,74.1322236061,0,854,KTCL/Kadamba,Goa KTCL GTFS,SOURCE_DATA
857,Sanvordem Tisk,15.2689237594604,74.1128463745117,0,857,KTCL/Kadamba,Goa KTCL GTFS,SOURCE_DATA
858,Sanvordem Tisk,15.2688291332,74.1127872467,0,858,KTCL/Kadamba,Goa KTCL GTFS,SOURCE_DATA
859,Aquem,15.272500038147,73.9637985229492,0,859,KTCL/Kadamba,Goa KTCL GTFS,SOURCE_DATA
860,Aquem,15.2725763320923,73.9638595581055,0,860,KTCL/Kadamba,Goa KTCL GTFS,SOURCE_DATA
861,Pandava Chapel/ PWD,15.293065071106,73.966194152832,0,861,KTCL/Kadamba,Goa KTCL GTFS,SOURCE_DATA
862,Pandava Chapel/  PWD,15.2929134369,73.9661774635,0,862,KTCL/Kadamba,Goa KTCL GTFS,SOURCE_DATA
863,Costa Factory,15.2723999023438,73.9741973876953,0,863,KTCL/Kadamba,Goa KTCL GTFS,SOURCE_DATA
864,Costa Factory,15.2722997665405,73.9741973876953,0,864,KTCL/Kadamba,Goa KTCL GTFS,SOURCE_DATA
865,Aquem Power House,15.2728004456,73.9777984619,0,865,KTCL/Kadamba,Goa KTCL GTFS,SOURCE_DATA
866,Aquem Power House,15.2728004455566,73.977897644043,0,866,KTCL/Kadamba,Goa KTCL GTFS,SOURCE_DATA
867,Kalay,15.2920999526978,74.1849975585938,0,867,KTCL/Kadamba,Goa KTCL GTFS,SOURCE_DATA
868,Kalay,15.2918996810913,74.1852035522461,0,868,KTCL/Kadamba,Goa KTCL GTFS,SOURCE_DATA
869,Maina,15.2923002243042,74.0072021484375,0,869,KTCL/Kadamba,Goa KTCL GTFS,SOURCE_DATA
870,Maina,15.292200088501,74.0072021484375,0,870,KTCL/Kadamba,Goa KTCL GTFS,SOURCE_DATA
871,Gogol,15.285834312439,73.9785308837891,0,871,KTCL/Kadamba,Goa KTCL GTFS,SOURCE_DATA
872,Gogol,15.285816192627,73.9789657592773,0,872,KTCL/Kadamba,Goa KTCL GTFS,SOURCE_DATA
873,Digas Ponchavadi,15.2740077972412,74.0989761352539,0,873,KTCL/Kadamba,Goa KTCL GTFS,SOURCE_DATA
874,Digas Ponchavadi,15.2741003036499,74.0989990234375,0,874,KTCL/Kadamba,Goa KTCL GTFS,SOURCE_DATA
877,Mollem,15.3758001327515,74.2268981933594,0,877,KTCL/Kadamba,Goa KTCL GTFS,SOURCE_DATA
878,Mollem,15.3758001327515,74.2270965576172,0,878,KTCL/Kadamba,Goa KTCL GTFS,SOURCE_DATA
879,Collem,15.336199760437,74.2435989379883,0,879,KTCL/Kadamba,Goa KTCL GTFS,SOURCE_DATA
880,Collem,15.3362998962402,74.2437973022461,0,880,KTCL/Kadamba,Goa KTCL GTFS,SOURCE_DATA
881,Navavada,15.3622999191284,74.2334976196289,0,881,KTCL/Kadamba,Goa KTCL GTFS,SOURCE_DATA
882,Navavada,15.3619003295898,74.2339019775391,0,882,KTCL/Kadamba,Goa KTCL GTFS,SOURCE_DATA
883,Shigao,15.3299999237061,74.2053985595703,0,883,KTCL/Kadamba,Goa KTCL GTFS,SOURCE_DATA
884,Shigao,15.329400062561,74.2058029174805,0,884,KTCL/Kadamba,Goa KTCL GTFS,SOURCE_DATA
885,Karmane,15.3257999420166,74.1528015136719,0,885,KTCL/Kadamba,Goa KTCL GTFS,SOURCE_DATA
886,Karmane,15.3255996704102,74.152702331543,0,886,KTCL/Kadamba,Goa KTCL GTFS,SOURCE_DATA
887,Savargal,15.3141002655029,74.1402969360352,0,887,KTCL/Kadamba,Goa KTCL GTFS,SOURCE_DATA
888,Savargal,15.3141002655029,74.1404037475586,0,888,KTCL/Kadamba,Goa KTCL GTFS,SOURCE_DATA
889,Bandoli Petrol Pump,15.3024997711182,74.1365966796875,0,889,KTCL/Kadamba,Goa KTCL GTFS,SOURCE_DATA
890,Bandoli Petrol Pump,15.3024997711182,74.1367034912109,0,890,KTCL/Kadamba,Goa KTCL GTFS,SOURCE_DATA
893,Guddimol,15.2807998657227,74.1261978149414,0,893,KTCL/Kadamba,Goa KTCL GTFS,SOURCE_DATA
894,Guddimol,15.2805451698,74.1266021729,0,894,KTCL/Kadamba,Goa KTCL GTFS,SOURCE_DATA
897,Sadashivgad Fort,14.8462581634521,74.1312561035156,0,897,KTCL/Kadamba,Goa KTCL GTFS,SOURCE_DATA
898,Sadashivgad Fort,14.8464241027832,74.1320571899414,0,898,KTCL/Kadamba,Goa KTCL GTFS,SOURCE_DATA
899,Sadashivgad KSRTC,14.8545999526978,74.130500793457,0,899,KTCL/Kadamba,Goa KTCL GTFS,SOURCE_DATA
900,Sadashivgad KSRTC,14.8546829223633,74.130989074707,0,900,KTCL/Kadamba,Goa KTCL GTFS,SOURCE_DATA
901,Mazali,14.8954000473022,74.1042022705078,0,901,KTCL/Kadamba,Goa KTCL GTFS,SOURCE_DATA
902,Mazali,14.8954248428345,74.1044998168945,0,902,KTCL/Kadamba,Goa KTCL GTFS,SOURCE_DATA
903,Shelin,14.9260186388,74.0713372231,0,903,KTCL/Kadamba,Goa KTCL GTFS,SOURCE_DATA
904,Shelin,14.9261677963,74.0714589357,0,904,KTCL/Kadamba,Goa KTCL GTFS,SOURCE_DATA
905,Verna Pirni,15.3577899932861,73.9272918701172,0,905,KTCL/Kadamba,Goa KTCL GTFS,SOURCE_DATA
906,Metastrip,15.375599861145,73.9039993286133,0,906,KTCL/Kadamba,Goa KTCL GTFS,SOURCE_DATA
907,Metastrip,15.3753995895386,73.9040985107422,0,907,KTCL/Kadamba,Goa KTCL GTFS,SOURCE_DATA
908,Upasnagar,15.3725004196167,73.8927001953125,0,908,KTCL/Kadamba,Goa KTCL GTFS,SOURCE_DATA
909,Upasnagar,15.3723001480103,73.8927993774414,0,909,KTCL/Kadamba,Goa KTCL GTFS,SOURCE_DATA
910,Zuarinager,15.3807743857,73.8742927313,0,910,KTCL/Kadamba,Goa KTCL GTFS,SOURCE_DATA
911,Zuarinager,15.3806175793,73.8742288351,0,911,KTCL/Kadamba,Goa KTCL GTFS,SOURCE_DATA
912,MES College,15.3874998092651,73.863899230957,0,912,KTCL/Kadamba,Goa KTCL GTFS,SOURCE_DATA
913,MES College,15.3872943655,73.8635132313,0,913,KTCL/Kadamba,Goa KTCL GTFS,SOURCE_DATA
914,Kadamba Shuttle Service Vasco,15.3997001647949,73.8108978271484,0,914,KTCL/Kadamba,Goa KTCL GTFS,SOURCE_DATA
916,Pandharpur Bus Stand MSRTC,17.6786994934082,75.3264999389648,0,916,KTCL/Kadamba,Goa KTCL GTFS,SOURCE_DATA
917,Savoi Verem,15.4807996749878,74.0198974609375,0,917,KTCL/Kadamba,Goa KTCL GTFS,SOURCE_DATA
918,Savoi Verem,15.480899810791,74.0195007324219,0,918,KTCL/Kadamba,Goa KTCL GTFS,SOURCE_DATA
919,Volvoi,15.4941997528076,74.0130996704102,0,919,KTCL/Kadamba,Goa KTCL GTFS,SOURCE_DATA
920,Verem,15.4829998016357,74.0184020996094,0,920,KTCL/Kadamba,Goa KTCL GTFS,SOURCE_DATA
921,Curchorem Market,15.2638998031616,74.1112976074219,0,921,KTCL/Kadamba,Goa KTCL GTFS,SOURCE_DATA
922,Curchorem Market,15.2638998031616,74.1113967895508,0,922,KTCL/Kadamba,Goa KTCL GTFS,SOURCE_DATA
923,Sulcorna,15.1022996902466,74.1596984863281,0,923,KTCL/Kadamba,Goa KTCL GTFS,SOURCE_DATA
924,Sulcorna,15.1022996902466,74.159797668457,0,924,KTCL/Kadamba,Goa KTCL GTFS,SOURCE_DATA
925,Colomba,15.1498003005981,74.1307983398438,0,925,KTCL/Kadamba,Goa KTCL GTFS,SOURCE_DATA
926,Colomba,15.1497001647949,74.1306991577148,0,926,KTCL/Kadamba,Goa KTCL GTFS,SOURCE_DATA
927,Rivona,15.164999961853,74.1080017089844,0,927,KTCL/Kadamba,Goa KTCL GTFS,SOURCE_DATA
928,Rivona,15.1647996902466,74.1079025268555,0,928,KTCL/Kadamba,Goa KTCL GTFS,SOURCE_DATA
929,Zambavlim,15.1870002746582,74.0963973999023,0,929,KTCL/Kadamba,Goa KTCL GTFS,SOURCE_DATA
930,Zambavlim,15.1870106288,74.0966441035,0,930,KTCL/Kadamba,Goa KTCL GTFS,SOURCE_DATA
931,Shirvoi,15.2032311948,74.097468853,0,931,KTCL/Kadamba,Goa KTCL GTFS,SOURCE_DATA
932,Shirvoi,15.20361783,74.0977230072,0,932,KTCL/Kadamba,Goa KTCL GTFS,SOURCE_DATA
935,Dabhal,15.3599004745483,74.1039962768555,0,935,KTCL/Kadamba,Goa KTCL GTFS,SOURCE_DATA
936,Dabhal,15.3597002029419,74.1039962768555,0,936,KTCL/Kadamba,Goa KTCL GTFS,SOURCE_DATA
937,Nirankal,15.3695001602173,74.068603515625,0,937,KTCL/Kadamba,Goa KTCL GTFS,SOURCE_DATA
938,Nirankal,15.3694000244141,74.068603515625,0,938,KTCL/Kadamba,Goa KTCL GTFS,SOURCE_DATA
939,Codli Tisk,15.3563995361328,74.1237030029297,0,939,KTCL/Kadamba,Goa KTCL GTFS,SOURCE_DATA
940,Codli Tisk,15.3563003540039,74.1239013671875,0,940,KTCL/Kadamba,Goa KTCL GTFS,SOURCE_DATA
941,Kamorcond,15.3325996398926,74.090202331543,0,941,KTCL/Kadamba,Goa KTCL GTFS,SOURCE_DATA
942,Kamorcond,15.3325996398926,74.0904006958008,0,942,KTCL/Kadamba,Goa KTCL GTFS,SOURCE_DATA
950,Uzro Junction,15.319863319397,73.984016418457,0,950,KTCL/Kadamba,Goa KTCL GTFS,SOURCE_DATA
951,Uzro Junction,15.3200187683105,73.9838180541992,0,951,KTCL/Kadamba,Goa KTCL GTFS,SOURCE_DATA
952,Surla Junction,15.4977998733521,74.0220031738281,0,952,KTCL/Kadamba,Goa KTCL GTFS,SOURCE_DATA
953,Surla Junction,15.4975004196167,74.021598815918,0,953,KTCL/Kadamba,Goa KTCL GTFS,SOURCE_DATA
954,Forest Check Post,15.6128625869751,73.9623870849609,0,954,KTCL/Kadamba,Goa KTCL GTFS,SOURCE_DATA
955,Forest Check Post,15.6135311126709,73.9619140625,0,955,KTCL/Kadamba,Goa KTCL GTFS,SOURCE_DATA
956,Fatorpa,15.145299911499,73.9956970214844,0,956,KTCL/Kadamba,Goa KTCL GTFS,SOURCE_DATA
957,Majorda,15.313099861145,73.9120025634766,0,957,KTCL/Kadamba,Goa KTCL GTFS,SOURCE_DATA
958,Majorda,15.3131999969482,73.9120025634766,0,958,KTCL/Kadamba,Goa KTCL GTFS,SOURCE_DATA
959,Canacona IDC,15.0077758405347,74.0707283020037,0,959,KTCL/Kadamba,Goa KTCL GTFS,SOURCE_DATA
960,Canacona IDC,15.0086050033569,74.0706253051758,0,960,KTCL/Kadamba,Goa KTCL GTFS,SOURCE_DATA
961,Velguem,15.5,74.053596496582,0,961,KTCL/Kadamba,Goa KTCL GTFS,SOURCE_DATA
962,Velguem,15.5,74.0532989501953,0,962,KTCL/Kadamba,Goa KTCL GTFS,SOURCE_DATA
963,Surla,15.4880393599,74.0446363091,0,963,KTCL/Kadamba,Goa KTCL GTFS,SOURCE_DATA
964,Surla,15.4878997802734,74.0447006225586,0,964,KTCL/Kadamba,Goa KTCL GTFS,SOURCE_DATA
967,Don Khamb Kavalem,15.391300201416,73.9884033203125,0,967,KTCL/Kadamba,Goa KTCL GTFS,SOURCE_DATA
968,Don Khamb Kavalem,15.3687696329,74.0811004639,0,968,KTCL/Kadamba,Goa KTCL GTFS,SOURCE_DATA
969,Old Bus Stand Ponda,15.4005002975464,74.0038986206055,0,969,KTCL/Kadamba,Goa KTCL GTFS,SOURCE_DATA
970,Murida,15.1814002990723,73.9884033203125,0,970,KTCL/Kadamba,Goa KTCL GTFS,SOURCE_DATA
971,Murida,15.1812000274658,73.9884033203125,0,971,KTCL/Kadamba,Goa KTCL GTFS,SOURCE_DATA
972,Baradi,15.1507997512817,73.9627990722656,0,972,KTCL/Kadamba,Goa KTCL GTFS,SOURCE_DATA
973,Baradi,15.1504001617432,73.9628982543945,0,973,KTCL/Kadamba,Goa KTCL GTFS,SOURCE_DATA
974,Devrem,15.0892201689,74.1841206551,0,974,KTCL/Kadamba,Goa KTCL GTFS,SOURCE_DATA
975,Devrem,15.0889759678,74.1843781471,0,975,KTCL/Kadamba,Goa KTCL GTFS,SOURCE_DATA
976,Donbosco Cavre Tisk,15.1245002747,74.1404037476,0,976,KTCL/Kadamba,Goa KTCL GTFS,SOURCE_DATA
977,Donbosco Cavre Tisk,15.1246004105,74.1405029297,0,977,KTCL/Kadamba,Goa KTCL GTFS,SOURCE_DATA
986,Cotta,15.1500997543335,74.0046005249023,0,986,KTCL/Kadamba,Goa KTCL GTFS,SOURCE_DATA
987,Cotta,15.1500997543335,74.0045013427734,0,987,KTCL/Kadamba,Goa KTCL GTFS,SOURCE_DATA
988,Naquerim,15.1226997375488,73.9573974609375,0,988,KTCL/Kadamba,Goa KTCL GTFS,SOURCE_DATA
989,Naquerim,15.1224002838135,73.9573974609375,0,989,KTCL/Kadamba,Goa KTCL GTFS,SOURCE_DATA
990,Quitla Khanaguinim,15.1266002655029,73.9699020385742,0,990,KTCL/Kadamba,Goa KTCL GTFS,SOURCE_DATA
991,Quitla Khanaguinim,15.12619972229,73.9699020385742,0,991,KTCL/Kadamba,Goa KTCL GTFS,SOURCE_DATA
992,Canaguinim,15.1206998825073,73.9445037841797,0,992,KTCL/Kadamba,Goa KTCL GTFS,SOURCE_DATA
993,Canaguinim,15.1205997467041,73.9446029663086,0,993,KTCL/Kadamba,Goa KTCL GTFS,SOURCE_DATA
994,Nuem,15.1124000549316,73.9425964355469,0,994,KTCL/Kadamba,Goa KTCL GTFS,SOURCE_DATA
995,Nuem,15.1124000549,73.942199707,0,995,KTCL/Kadamba,Goa KTCL GTFS,SOURCE_DATA
996,Val,15.0352001190186,73.9941024780273,0,996,KTCL/Kadamba,Goa KTCL GTFS,SOURCE_DATA
997,Val,15.0353002548218,73.9941024780273,0,997,KTCL/Kadamba,Goa KTCL GTFS,SOURCE_DATA
998,Val,15.0347995758057,73.9942016601563,0,998,KTCL/Kadamba,Goa KTCL GTFS,SOURCE_DATA
999,Karashumol,15.0464525014,73.9977798462,0,999,KTCL/Kadamba,Goa KTCL GTFS,SOURCE_DATA
1000,Karashumol,15.0464811201,73.997241497,0,1000,KTCL/Kadamba,Goa KTCL GTFS,SOURCE_DATA
1001,Mollorem,15.1073999404907,73.9437026977539,0,1001,KTCL/Kadamba,Goa KTCL GTFS,SOURCE_DATA
1002,Mollorem,15.1075000762939,73.9433975219727,0,1002,KTCL/Kadamba,Goa KTCL GTFS,SOURCE_DATA
1003,Matimol,15.072423991,73.9679843187,0,1003,KTCL/Kadamba,Goa KTCL GTFS,SOURCE_DATA
1004,Matimol,15.072954058,73.9678610563,0,1004,KTCL/Kadamba,Goa KTCL GTFS,SOURCE_DATA
1005,Shirotti,15.0878000259399,73.9585037231445,0,1005,KTCL/Kadamba,Goa KTCL GTFS,SOURCE_DATA
1006,Shirotti,15.0873003005981,73.9581985473633,0,1006,KTCL/Kadamba,Goa KTCL GTFS,SOURCE_DATA
1007,Vagon,15.0714967658,73.9803123474,0,1007,KTCL/Kadamba,Goa KTCL GTFS,SOURCE_DATA
1008,Vagon,15.0712619749,73.979467392,0,1008,KTCL/Kadamba,Goa KTCL GTFS,SOURCE_DATA
1009,Cajumol,15.0630277561,73.9820604324,0,1009,KTCL/Kadamba,Goa KTCL GTFS,SOURCE_DATA
1010,Cajumol,15.0627860347,73.9811725616,0,1010,KTCL/Kadamba,Goa KTCL GTFS,SOURCE_DATA
1011,Saleri,15.0569817804,73.9830589294,0,1011,KTCL/Kadamba,Goa KTCL GTFS,SOURCE_DATA
1012,Saleri,15.0568298612,73.9823026657,0,1012,KTCL/Kadamba,Goa KTCL GTFS,SOURCE_DATA
1013,Parvem,15.051793857,73.9862775803,0,1013,KTCL/Kadamba,Goa KTCL GTFS,SOURCE_DATA
1014,Parvem,15.052225197,73.9867362976,0,1014,KTCL/Kadamba,Goa KTCL GTFS,SOURCE_DATA
1015,Karashumol Agond Beach,15.0411996841431,73.9886016845703,0,1015,KTCL/Kadamba,Goa KTCL GTFS,SOURCE_DATA
1019,Goval,15.0986003875732,73.9375991821289,0,1019,KTCL/Kadamba,Goa KTCL GTFS,SOURCE_DATA
1020,Goval,15.0982999801636,73.9375991821289,0,1020,KTCL/Kadamba,Goa KTCL GTFS,SOURCE_DATA
1021,Varchi Malewad School No. 2,15.8067998886108,73.7391967773438,0,1021,KTCL/Kadamba,Goa KTCL GTFS,SOURCE_DATA
1022,Varchi Malewad School No. 2,15.8067998886108,73.7393035888672,0,1022,KTCL/Kadamba,Goa KTCL GTFS,SOURCE_DATA
1023,Malvan Bus Stand MSRTC,16.0561008453369,73.4748992919922,0,1023,KTCL/Kadamba,Goa KTCL GTFS,SOURCE_DATA
1024,Narayan Mandir,16.0576992034912,73.4824981689453,0,1024,KTCL/Kadamba,Goa KTCL GTFS,SOURCE_DATA
1025,Narayan Mandir,16.0576000213623,73.4824981689453,0,1025,KTCL/Kadamba,Goa KTCL GTFS,SOURCE_DATA
1026,Kumbharmath Teetha,16.0606994628906,73.4890975952148,0,1026,KTCL/Kadamba,Goa KTCL GTFS,SOURCE_DATA
1027,Kumbharmath Teetha,16.0606002807617,73.4890975952148,0,1027,KTCL/Kadamba,Goa KTCL GTFS,SOURCE_DATA
1028,Chauke,16.0580005645752,73.5447998046875,0,1028,KTCL/Kadamba,Goa KTCL GTFS,SOURCE_DATA
1029,Chauke,16.0578002929688,73.5447006225586,0,1029,KTCL/Kadamba,Goa KTCL GTFS,SOURCE_DATA
1030,Kalse,16.0247993469238,73.6018981933594,0,1030,KTCL/Kadamba,Goa KTCL GTFS,SOURCE_DATA
1031,Kalse,16.0247001647949,73.6017990112305,0,1031,KTCL/Kadamba,Goa KTCL GTFS,SOURCE_DATA
1032,Dhamapur,16.0312995910645,73.5939025878906,0,1032,KTCL/Kadamba,Goa KTCL GTFS,SOURCE_DATA
1033,Dhamapur,16.0312004089355,73.5941009521484,0,1033,KTCL/Kadamba,Goa KTCL GTFS,SOURCE_DATA
1034,Nhaichiad,15.8030996322632,73.6669006347656,0,1034,KTCL/Kadamba,Goa KTCL GTFS,SOURCE_DATA
1035,Nhaichiad,15.8030996322632,73.6671981811523,0,1035,KTCL/Kadamba,Goa KTCL GTFS,SOURCE_DATA
1036,Vengurla Bus Stand MSRTC,15.8570144351,73.6327838898,0,1036,KTCL/Kadamba,Goa KTCL GTFS,SOURCE_DATA
1037,Korjai,16.005500793457,73.5012969970703,0,1037,KTCL/Kadamba,Goa KTCL GTFS,SOURCE_DATA
1038,Malgoan Bazar,15.8729000091553,73.7981033325195,0,1038,KTCL/Kadamba,Goa KTCL GTFS,SOURCE_DATA
1039,Malgoan Bazar,15.8729000091553,73.7982025146484,0,1039,KTCL/Kadamba,Goa KTCL GTFS,SOURCE_DATA
1040,Akeri,15.9289999008179,73.7799987792969,0,1040,KTCL/Kadamba,Goa KTCL GTFS,SOURCE_DATA
1041,Akeri,15.9287996292114,73.7799987792969,0,1041,KTCL/Kadamba,Goa KTCL GTFS,SOURCE_DATA
1042,Zarap,15.9394998550415,73.7505035400391,0,1042,KTCL/Kadamba,Goa KTCL GTFS,SOURCE_DATA
1043,Zarap,15.9397001266479,73.750602722168,0,1043,KTCL/Kadamba,Goa KTCL GTFS,SOURCE_DATA
1044,Dhapot,14.951000213623,74.0551986694336,0,1044,KTCL/Kadamba,Goa KTCL GTFS,SOURCE_DATA
1045,Dhapot,14.951024055481,74.0555267333984,0,1045,KTCL/Kadamba,Goa KTCL GTFS,SOURCE_DATA
1046,Bendordem,15.1280794143677,74.033805847168,0,1046,KTCL/Kadamba,Goa KTCL GTFS,SOURCE_DATA
1047,Bendordem,15.1281652450562,74.0340347290039,0,1047,KTCL/Kadamba,Goa KTCL GTFS,SOURCE_DATA
1048,Godeval,15.1057996749878,74.0315017700195,0,1048,KTCL/Kadamba,Goa KTCL GTFS,SOURCE_DATA
1049,Godeval,15.1056995391846,74.0308990478516,0,1049,KTCL/Kadamba,Goa KTCL GTFS,SOURCE_DATA
1050,Dicarpale,15.2589998245239,73.9935989379883,0,1050,KTCL/Kadamba,Goa KTCL GTFS,SOURCE_DATA
1051,Holy Cross,15.418924331665,74.0574417114258,0,1051,KTCL/Kadamba,Goa KTCL GTFS,SOURCE_DATA
1052,Holy Cross,15.4183692932,74.0571727753,0,1052,KTCL/Kadamba,Goa KTCL GTFS,SOURCE_DATA
1053,Nestle,15.4184033301,74.0599701405,0,1053,KTCL/Kadamba,Goa KTCL GTFS,SOURCE_DATA
1054,Nestle,15.4186410903931,74.0600738525391,0,1054,KTCL/Kadamba,Goa KTCL GTFS,SOURCE_DATA
1055,Piliem,15.3996000289917,74.1018981933594,0,1055,KTCL/Kadamba,Goa KTCL GTFS,SOURCE_DATA
1056,Piliem,15.3994998931885,74.1017990112305,0,1056,KTCL/Kadamba,Goa KTCL GTFS,SOURCE_DATA
1057,Gaodongri,15.0335998535156,74.1194000244141,0,1057,KTCL/Kadamba,Goa KTCL GTFS,SOURCE_DATA
1058,Gaodongri,15.0334997177124,74.1193008422852,0,1058,KTCL/Kadamba,Goa KTCL GTFS,SOURCE_DATA
1059,Karvem,15.018027305603,74.100830078125,0,1059,KTCL/Kadamba,Goa KTCL GTFS,SOURCE_DATA
1060,Karvem,15.0185317993164,74.100471496582,0,1060,KTCL/Kadamba,Goa KTCL GTFS,SOURCE_DATA
1061,Indrawado,15.0450000762939,74.1156997680664,0,1061,KTCL/Kadamba,Goa KTCL GTFS,SOURCE_DATA
1062,Indrawado,15.0446996688843,74.1153030395508,0,1062,KTCL/Kadamba,Goa KTCL GTFS,SOURCE_DATA
1063,Chiplem,14.9650001525879,74.0960006713867,0,1063,KTCL/Kadamba,Goa KTCL GTFS,SOURCE_DATA
1064,Chiplem,14.9650001525879,74.0959014892578,0,1064,KTCL/Kadamba,Goa KTCL GTFS,SOURCE_DATA
1065,Khargal,14.961199760437,74.1187973022461,0,1065,KTCL/Kadamba,Goa KTCL GTFS,SOURCE_DATA
1066,Malpon,15.4489002227783,74.1846008300781,0,1066,KTCL/Kadamba,Goa KTCL GTFS,SOURCE_DATA
1067,"Camorlim, Ambora",15.3317003250122,73.9907989501953,0,1067,KTCL/Kadamba,Goa KTCL GTFS,SOURCE_DATA
1068,"Camorlim, Ambora",15.3315753936768,73.9910736083984,0,1068,KTCL/Kadamba,Goa KTCL GTFS,SOURCE_DATA
1069,Saibaba Temple,15.359824180603,74.0006561279297,0,1069,KTCL/Kadamba,Goa KTCL GTFS,SOURCE_DATA
1070,Saibaba Temple,15.3595933914185,74.0005416870117,0,1070,KTCL/Kadamba,Goa KTCL GTFS,SOURCE_DATA
1071,Curti,15.4114047266,74.0256038904,0,1071,KTCL/Kadamba,Goa KTCL GTFS,SOURCE_DATA
1072,Betki,15.5078001022339,73.9934997558594,0,1072,KTCL/Kadamba,Goa KTCL GTFS,SOURCE_DATA
1073,Betki,15.5078001022339,73.9935989379883,0,1073,KTCL/Kadamba,Goa KTCL GTFS,SOURCE_DATA
1074,Arla Keri,15.4490995407105,74.0093994140625,0,1074,KTCL/Kadamba,Goa KTCL GTFS,SOURCE_DATA
1075,Arla Keri,15.4491996765137,74.0094985961914,0,1075,KTCL/Kadamba,Goa KTCL GTFS,SOURCE_DATA
1076,Velkasi,15.4702327992,74.0135135651,0,1076,KTCL/Kadamba,Goa KTCL GTFS,SOURCE_DATA
1083,Utorda,15.3224000930786,73.9063034057617,0,1083,KTCL/Kadamba,Goa KTCL GTFS,SOURCE_DATA
1084,Utorda,15.3222999572754,73.9064025878906,0,1084,KTCL/Kadamba,Goa KTCL GTFS,SOURCE_DATA
1085,Curtorim,15.2902927398682,74.0225830078125,0,1085,KTCL/Kadamba,Goa KTCL GTFS,SOURCE_DATA
1086,Curtorim,15.2900838851929,74.0226058959961,0,1086,KTCL/Kadamba,Goa KTCL GTFS,SOURCE_DATA
1087,Carmel Chapel,15.291600227356,74.0345001220703,0,1087,KTCL/Kadamba,Goa KTCL GTFS,SOURCE_DATA
1088,Carmel Chapel,15.2915000915527,74.0345001220703,0,1088,KTCL/Kadamba,Goa KTCL GTFS,SOURCE_DATA
1089,Macasana,15.2895708084106,74.0588150024414,0,1089,KTCL/Kadamba,Goa KTCL GTFS,SOURCE_DATA
1090,Macasana,15.2898349761963,74.0586929321289,0,1090,KTCL/Kadamba,Goa KTCL GTFS,SOURCE_DATA
1091,Molcornem,15.1877002716064,74.1174011230469,0,1091,KTCL/Kadamba,Goa KTCL GTFS,SOURCE_DATA
1092,Molcornem,15.1875,74.1171035766602,0,1092,KTCL/Kadamba,Goa KTCL GTFS,SOURCE_DATA
1093,Kelvona,15.1360998153687,74.1325988769531,0,1093,KTCL/Kadamba,Goa KTCL GTFS,SOURCE_DATA
1094,Kelvona,15.1360998153687,74.1324996948242,0,1094,KTCL/Kadamba,Goa KTCL GTFS,SOURCE_DATA
1101,Gudi,15.2397003173828,74.021598815918,0,1101,KTCL/Kadamba,Goa KTCL GTFS,SOURCE_DATA
1102,Chandor,15.2615003585815,74.0441970825195,0,1102,KTCL/Kadamba,Goa KTCL GTFS,SOURCE_DATA
1103,Chandor,15.2615003585815,74.0442962646484,0,1103,KTCL/Kadamba,Goa KTCL GTFS,SOURCE_DATA
1104,Alma Khuris,15.2512998580933,74.0351028442383,0,1104,KTCL/Kadamba,Goa KTCL GTFS,SOURCE_DATA
1105,Alma Khuris,15.25119972229,74.0352020263672,0,1105,KTCL/Kadamba,Goa KTCL GTFS,SOURCE_DATA
1106,Cotta,15.2576999664307,74.0550994873047,0,1106,KTCL/Kadamba,Goa KTCL GTFS,SOURCE_DATA
1107,Cotta,15.2576689144,74.0551638603,0,1107,KTCL/Kadamba,Goa KTCL GTFS,SOURCE_DATA
1108,Assolda,15.2573003768921,74.0597991943359,0,1108,KTCL/Kadamba,Goa KTCL GTFS,SOURCE_DATA
1109,Xelvona,15.2654256538,74.0675288439,0,1109,KTCL/Kadamba,Goa KTCL GTFS,SOURCE_DATA
1110,Xelvona,15.2653306958,74.0683871508,0,1110,KTCL/Kadamba,Goa KTCL GTFS,SOURCE_DATA
1111,Odar,15.2629995346069,74.092399597168,0,1111,KTCL/Kadamba,Goa KTCL GTFS,SOURCE_DATA
1112,Odar,15.2629995346069,74.0923004150391,0,1112,KTCL/Kadamba,Goa KTCL GTFS,SOURCE_DATA
1113,St Sebastian Chapel Oddar,15.2608003616333,74.0953979492188,0,1113,KTCL/Kadamba,Goa KTCL GTFS,SOURCE_DATA
1114,St Sebastian Chapel Oddar,15.2608995437622,74.0953979492188,0,1114,KTCL/Kadamba,Goa KTCL GTFS,SOURCE_DATA
1115,Dr. Ambedkar Circle,15.2583389282227,74.1051177978516,0,1115,KTCL/Kadamba,Goa KTCL GTFS,SOURCE_DATA
1116,Shivaji Chowk,15.2576999664307,74.1104965209961,0,1116,KTCL/Kadamba,Goa KTCL GTFS,SOURCE_DATA
1117,Shivaji Chowk,15.2580003738403,74.1104965209961,0,1117,KTCL/Kadamba,Goa KTCL GTFS,SOURCE_DATA
1118,Vagurme,15.4616003036499,74.0314025878906,0,1118,KTCL/Kadamba,Goa KTCL GTFS,SOURCE_DATA
1119,Vagurme,15.4615486009,74.0313060284,0,1119,KTCL/Kadamba,Goa KTCL GTFS,SOURCE_DATA
1122,Betora,15.395299911499,74.0245971679688,0,1122,KTCL/Kadamba,Goa KTCL GTFS,SOURCE_DATA
1123,Betora,15.395299911499,74.02490234375,0,1123,KTCL/Kadamba,Goa KTCL GTFS,SOURCE_DATA
1124,Betora IDC,15.3877000808716,74.0297012329102,0,1124,KTCL/Kadamba,Goa KTCL GTFS,SOURCE_DATA
1125,Betora IDC,15.3874998092651,74.0294036865235,0,1125,KTCL/Kadamba,Goa KTCL GTFS,SOURCE_DATA
1127,Ramnathi,15.3993997573853,73.9816970825195,0,1127,KTCL/Kadamba,Goa KTCL GTFS,SOURCE_DATA
1128,Ramnathi,15.399299621582,73.9816970825195,0,1128,KTCL/Kadamba,Goa KTCL GTFS,SOURCE_DATA
1129,Undir,15.4054002761841,73.9568023681641,0,1129,KTCL/Kadamba,Goa KTCL GTFS,SOURCE_DATA
1130,Undir,15.4048004150391,73.956901550293,0,1130,KTCL/Kadamba,Goa KTCL GTFS,SOURCE_DATA
1131,Kharvode,15.4057998657227,73.9613037109375,0,1131,KTCL/Kadamba,Goa KTCL GTFS,SOURCE_DATA
1132,Kharvode,15.4055004119873,73.9613037109375,0,1132,KTCL/Kadamba,Goa KTCL GTFS,SOURCE_DATA
1133,Taluale,15.4005002975464,73.973503112793,0,1133,KTCL/Kadamba,Goa KTCL GTFS,SOURCE_DATA
1134,Taluale,15.4004001617432,73.973503112793,0,1134,KTCL/Kadamba,Goa KTCL GTFS,SOURCE_DATA
1139,Cortalim Pajent,15.39112579,73.9164239168,0,1139,KTCL/Kadamba,Goa KTCL GTFS,SOURCE_DATA
1140,Cortalim Pajent,15.3914774878,73.9166004062,0,1140,KTCL/Kadamba,Goa KTCL GTFS,SOURCE_DATA
1145,St Marys,15.4011001586914,74.0129013061523,0,1145,KTCL/Kadamba,Goa KTCL GTFS,SOURCE_DATA
1146,St Marys,15.400899887085,74.0130004882813,0,1146,KTCL/Kadamba,Goa KTCL GTFS,SOURCE_DATA
1152,Arossim,15.3278999328613,73.9023971557617,0,1152,KTCL/Kadamba,Goa KTCL GTFS,SOURCE_DATA
1153,Arossim,15.3278999328613,73.9024963378906,0,1153,KTCL/Kadamba,Goa KTCL GTFS,SOURCE_DATA
1154,Cansaulim,15.3445997238159,73.8990020751953,0,1154,KTCL/Kadamba,Goa KTCL GTFS,SOURCE_DATA
1155,Cansaulim,15.3446998596191,73.8988037109375,0,1155,KTCL/Kadamba,Goa KTCL GTFS,SOURCE_DATA
1156,Velsao,15.3487558364868,73.8945846557617,0,1156,KTCL/Kadamba,Goa KTCL GTFS,SOURCE_DATA
1157,Velsao,15.3488922119141,73.8946304321289,0,1157,KTCL/Kadamba,Goa KTCL GTFS,SOURCE_DATA
1158,Calata,15.3078451156616,73.9346542358398,0,1158,KTCL/Kadamba,Goa KTCL GTFS,SOURCE_DATA
1159,Calata,15.3076696395874,73.9346008300781,0,1159,KTCL/Kadamba,Goa KTCL GTFS,SOURCE_DATA
1160,Suktalem,15.3636999130249,74.1752014160156,0,1160,KTCL/Kadamba,Goa KTCL GTFS,SOURCE_DATA
1161,Suktalem,15.3634996414,74.1753005981,0,1161,KTCL/Kadamba,Goa KTCL GTFS,SOURCE_DATA
1162,Anmod,15.440299987793,74.3037033081055,0,1162,KTCL/Kadamba,Goa KTCL GTFS,SOURCE_DATA
1163,Anmod,15.4401998519897,74.3038024902344,0,1163,KTCL/Kadamba,Goa KTCL GTFS,SOURCE_DATA
1164,Anmod 1st Gate,15.4294996261597,74.2822036743164,0,1164,KTCL/Kadamba,Goa KTCL GTFS,SOURCE_DATA
1165,Anmod 1st Gate,15.4293003082275,74.2822036743164,0,1165,KTCL/Kadamba,Goa KTCL GTFS,SOURCE_DATA
1166,Tinai Ghat,15.4460000991821,74.4022979736328,0,1166,KTCL/Kadamba,Goa KTCL GTFS,SOURCE_DATA
1167,Tinai Ghat,15.4462003707886,74.4022979736328,0,1167,KTCL/Kadamba,Goa KTCL GTFS,SOURCE_DATA
1168,Ramnager,15.4232997894287,74.4916000366211,0,1168,KTCL/Kadamba,Goa KTCL GTFS,SOURCE_DATA
1169,Ramnager,15.4230003356934,74.491096496582,0,1169,KTCL/Kadamba,Goa KTCL GTFS,SOURCE_DATA
1170,Londa,15.4453311263,74.4858016968,0,1170,KTCL/Kadamba,Goa KTCL GTFS,SOURCE_DATA
1171,Londa,15.4455003738403,74.4859008789063,0,1171,KTCL/Kadamba,Goa KTCL GTFS,SOURCE_DATA
1172,Gunji,15.5376996994019,74.4912033081055,0,1172,KTCL/Kadamba,Goa KTCL GTFS,SOURCE_DATA
1173,Gunji,15.5375995635986,74.4913024902344,0,1173,KTCL/Kadamba,Goa KTCL GTFS,SOURCE_DATA
1174,Khanapur Bus Stand,15.6436004638672,74.5044021606445,0,1174,KTCL/Kadamba,Goa KTCL GTFS,SOURCE_DATA
1175,Belgaum Railway Station Road,15.8493003845215,74.5066986083984,0,1175,KTCL/Kadamba,Goa KTCL GTFS,SOURCE_DATA
1176,Belgaum Railway Station Road,15.8493003845215,74.5067977905273,0,1176,KTCL/Kadamba,Goa KTCL GTFS,SOURCE_DATA
1177,Bogarves City,15.8604001998901,74.5075988769531,0,1177,KTCL/Kadamba,Goa KTCL GTFS,SOURCE_DATA
1178,Bogarves,15.8587999343872,74.5073013305664,0,1178,KTCL/Kadamba,Goa KTCL GTFS,SOURCE_DATA
1179,Rls College,15.8640003204346,74.5080032348633,0,1179,KTCL/Kadamba,Goa KTCL GTFS,SOURCE_DATA
1180,Rani Channamma Circle,15.8669004440308,74.5099029541016,0,1180,KTCL/Kadamba,Goa KTCL GTFS,SOURCE_DATA
1182,Court,15.8673000335693,74.5130996704102,0,1182,KTCL/Kadamba,Goa KTCL GTFS,SOURCE_DATA
1183,R.T.O.,15.8664274891,74.518851757,0,1183,KTCL/Kadamba,Goa KTCL GTFS,SOURCE_DATA
1184,Belgaum Bus Stand,15.8628997802734,74.5255966186523,0,1184,KTCL/Kadamba,Goa KTCL GTFS,SOURCE_DATA
1189,Tirvan,14.9511003494263,74.1166000366211,0,1189,KTCL/Kadamba,Goa KTCL GTFS,SOURCE_DATA
1190,Tirvan,14.9511003494263,74.11669921875,0,1190,KTCL/Kadamba,Goa KTCL GTFS,SOURCE_DATA
1191,Iddar,14.9601001739502,74.0959014892578,0,1191,KTCL/Kadamba,Goa KTCL GTFS,SOURCE_DATA
1192,Iddar,14.9598999023438,74.0960006713867,0,1192,KTCL/Kadamba,Goa KTCL GTFS,SOURCE_DATA
1193,Bours,14.956600189209,74.1069030761719,0,1193,KTCL/Kadamba,Goa KTCL GTFS,SOURCE_DATA
1194,Bours,14.9565000534058,74.1069030761719,0,1194,KTCL/Kadamba,Goa KTCL GTFS,SOURCE_DATA
1195,Karwar Bus Stand KSRTC,14.8056001663208,74.1279983520508,0,1195,KTCL/Kadamba,Goa KTCL GTFS,SOURCE_DATA
1196,Aversa Bus Stand,14.727499961853,74.2838973999023,0,1196,KTCL/Kadamba,Goa KTCL GTFS,SOURCE_DATA
1197,Ankola Bus Stand,14.6602001190186,74.3067016601563,0,1197,KTCL/Kadamba,Goa KTCL GTFS,SOURCE_DATA
1198,Gokarna Bus Stand KSRTC,14.5459003448486,74.3193969726563,0,1198,KTCL/Kadamba,Goa KTCL GTFS,SOURCE_DATA
1199,Gokarna Bus Stand KSRTC,14.5459003448486,74.3192977905273,0,1199,KTCL/Kadamba,Goa KTCL GTFS,SOURCE_DATA
1200,Chandel,15.7323620053,73.8991270065,0,1200,KTCL/Kadamba,Goa KTCL GTFS,SOURCE_DATA
1201,Dhumashe,15.6884002685547,73.91259765625,0,1201,KTCL/Kadamba,Goa KTCL GTFS,SOURCE_DATA
1202,Advalpale,15.6386995315552,73.8992004394531,0,1202,KTCL/Kadamba,Goa KTCL GTFS,SOURCE_DATA
1203,Advalpale,15.6387996673584,73.8992004394531,0,1203,KTCL/Kadamba,Goa KTCL GTFS,SOURCE_DATA
1204,Poira,15.5966997146606,73.8958969116211,0,1204,KTCL/Kadamba,Goa KTCL GTFS,SOURCE_DATA
1205,Poira,15.5965995788574,73.8960189819336,0,1205,KTCL/Kadamba,Goa KTCL GTFS,SOURCE_DATA
1206,Paliem,15.5819272994995,73.8256072998047,0,1206,KTCL/Kadamba,Goa KTCL GTFS,SOURCE_DATA
1207,Bastora,15.5818996429443,73.8254013061523,0,1207,KTCL/Kadamba,Goa KTCL GTFS,SOURCE_DATA
1208,Bastora,15.5818789739,73.8253691196,0,1208,KTCL/Kadamba,Goa KTCL GTFS,SOURCE_DATA
1211,Gaganbawda,16.5461006164551,73.8320999145508,0,1211,KTCL/Kadamba,Goa KTCL GTFS,SOURCE_DATA
1214,Virdi,15.5473003387451,73.9887008666992,0,1214,KTCL/Kadamba,Goa KTCL GTFS,SOURCE_DATA
1215,Virdi,15.5471000671387,73.9886016845703,0,1215,KTCL/Kadamba,Goa KTCL GTFS,SOURCE_DATA
1219,Palolem,15.0064001083374,74.0333023071289,0,1219,KTCL/Kadamba,Goa KTCL GTFS,SOURCE_DATA
1220,Palolem,15.0062999725342,74.0333023071289,0,1220,KTCL/Kadamba,Goa KTCL GTFS,SOURCE_DATA
1221,Palolem Beach,15.0131998062134,74.0223007202148,0,1221,KTCL/Kadamba,Goa KTCL GTFS,SOURCE_DATA
1222,Palolem Beach,15.0130996704102,74.0223007202148,0,1222,KTCL/Kadamba,Goa KTCL GTFS,SOURCE_DATA
1223,Zaino,15.1646003723145,73.9677963256836,0,1223,KTCL/Kadamba,Goa KTCL GTFS,SOURCE_DATA
1224,Zaino,15.1645002365112,73.9677963256836,0,1224,KTCL/Kadamba,Goa KTCL GTFS,SOURCE_DATA
1225,Paricotto Savorcotto,15.1842002869,74.0084991455,0,1225,KTCL/Kadamba,Goa KTCL GTFS,SOURCE_DATA
1226,Paricotto Savorcotto,15.1838998795,74.0085983276,0,1226,KTCL/Kadamba,Goa KTCL GTFS,SOURCE_DATA
1227,Agstipura,15.3872167836,73.9611749649,0,1227,KTCL/Kadamba,Goa KTCL GTFS,SOURCE_DATA
1228,Dhurbat,15.3731450312,73.9761101007,0,1228,KTCL/Kadamba,Goa KTCL GTFS,SOURCE_DATA
1229,Dhurbat,15.3730810952,73.9759196043,0,1229,KTCL/Kadamba,Goa KTCL GTFS,SOURCE_DATA
1230,Dhargalim,15.6705455780029,73.8436126708984,0,1230,KTCL/Kadamba,Goa KTCL GTFS,SOURCE_DATA
1231,Dhargalim,15.6708965301514,73.8439102172852,0,1231,KTCL/Kadamba,Goa KTCL GTFS,SOURCE_DATA
1232,Sacorda,15.4055995941162,74.1753005981445,0,1232,KTCL/Kadamba,Goa KTCL GTFS,SOURCE_DATA
1233,Sacorda,15.4055004119873,74.1751022338867,0,1233,KTCL/Kadamba,Goa KTCL GTFS,SOURCE_DATA
1234,Curpawada,15.3950004577637,73.9268035888672,0,1234,KTCL/Kadamba,Goa KTCL GTFS,SOURCE_DATA
1235,Curpawada,15.3950958251953,73.9268493652344,0,1235,KTCL/Kadamba,Goa KTCL GTFS,SOURCE_DATA
1236,Narve Ferry,15.5412103277,73.922867775,0,1236,KTCL/Kadamba,Goa KTCL GTFS,SOURCE_DATA
1237,Narve Ferry,15.5410673236,73.9234713468,0,1237,KTCL/Kadamba,Goa KTCL GTFS,SOURCE_DATA
1238,Pomburfa Aldona Quitla Church,15.554874420166,73.868293762207,0,1238,KTCL/Kadamba,Goa KTCL GTFS,SOURCE_DATA
1239,Pomburfa Aldona Quitla Church,15.5548963546753,73.8685150146485,0,1239,KTCL/Kadamba,Goa KTCL GTFS,SOURCE_DATA
1242,Bhatlem,15.4825000762939,73.8287963867188,0,1242,KTCL/Kadamba,Goa KTCL GTFS,SOURCE_DATA
1243,Bhatlem,15.4825000762939,73.8290023803711,0,1243,KTCL/Kadamba,Goa KTCL GTFS,SOURCE_DATA
1244,Chinchocem,15.4827995300293,73.8299026489258,0,1244,KTCL/Kadamba,Goa KTCL GTFS,SOURCE_DATA
1245,Chinchocem,15.4827003479004,73.8299026489258,0,1245,KTCL/Kadamba,Goa KTCL GTFS,SOURCE_DATA
1248,Ucassaim,15.582200050354,73.8411026000977,0,1248,KTCL/Kadamba,Goa KTCL GTFS,SOURCE_DATA
1249,Ucassaim,15.5820999145508,73.8412017822266,0,1249,KTCL/Kadamba,Goa KTCL GTFS,SOURCE_DATA
1250,Dhempe College,15.4822998046875,73.8102035522461,0,1250,KTCL/Kadamba,Goa KTCL GTFS,SOURCE_DATA
1251,Dhempe College,15.4821996688843,73.8102035522461,0,1251,KTCL/Kadamba,Goa KTCL GTFS,SOURCE_DATA
1255,Porvorim Housing board,15.5239000320435,73.8336029052734,0,1255,KTCL/Kadamba,Goa KTCL GTFS,SOURCE_DATA
1256,Porvorim Housing board,15.5228004455566,73.833999633789,0,1256,KTCL/Kadamba,Goa KTCL GTFS,SOURCE_DATA
1257,Aldona Ferry Jetty,15.5888004302979,73.875,0,1257,KTCL/Kadamba,Goa KTCL GTFS,SOURCE_DATA
1258,Aldona Ferry Jetty,15.5888004302979,73.8749008178711,0,1258,KTCL/Kadamba,Goa KTCL GTFS,SOURCE_DATA
1260,Don Khamb RTO Check post,15.6653003692627,73.8387985229492,0,1260,KTCL/Kadamba,Goa KTCL GTFS,SOURCE_DATA
1261,Bhutwadi,15.707799911499,73.8289031982422,0,1261,KTCL/Kadamba,Goa KTCL GTFS,SOURCE_DATA
1262,Bhutwadi,15.7076997756958,73.8289031982422,0,1262,KTCL/Kadamba,Goa KTCL GTFS,SOURCE_DATA
1264,Khadpakade,15.6757001876831,73.7825012207031,0,1264,KTCL/Kadamba,Goa KTCL GTFS,SOURCE_DATA
1265,Khadpakade,15.6757653286,73.7825145721,0,1265,KTCL/Kadamba,Goa KTCL GTFS,SOURCE_DATA
1272,Morlem Colony,15.6023998260498,74.0549011230469,0,1272,KTCL/Kadamba,Goa KTCL GTFS,SOURCE_DATA
1273,Morlem Colony,15.6020002365112,74.0550003051758,0,1273,KTCL/Kadamba,Goa KTCL GTFS,SOURCE_DATA
1274,Ghoteli,15.6091003417969,74.0641021728516,0,1274,KTCL/Kadamba,Goa KTCL GTFS,SOURCE_DATA
1275,Ghoteli,15.6090002059937,74.0642013549805,0,1275,KTCL/Kadamba,Goa KTCL GTFS,SOURCE_DATA
1276,Charavane,15.6279001235962,74.129898071289,0,1276,KTCL/Kadamba,Goa KTCL GTFS,SOURCE_DATA
1277,Charavane,15.6281003952026,74.129898071289,0,1277,KTCL/Kadamba,Goa KTCL GTFS,SOURCE_DATA
1282,Bhironda,15.4883003234863,74.1334991455078,0,1282,KTCL/Kadamba,Goa KTCL GTFS,SOURCE_DATA
1284,Hivrem,15.6309995651245,74.1457977294922,0,1284,KTCL/Kadamba,Goa KTCL GTFS,SOURCE_DATA
1285,Hivrem,15.6309995651245,74.1461029052735,0,1285,KTCL/Kadamba,Goa KTCL GTFS,SOURCE_DATA
1286,Dhamshem,15.4816999435425,74.127799987793,0,1286,KTCL/Kadamba,Goa KTCL GTFS,SOURCE_DATA
1287,Dhamshem,15.4812655743,74.1279287338,0,1287,KTCL/Kadamba,Goa KTCL GTFS,SOURCE_DATA
1289,Ambadgaon,15.6347999572754,73.9877014160156,0,1289,KTCL/Kadamba,Goa KTCL GTFS,SOURCE_DATA
1290,Ambadgaon,15.6347999572754,73.9878005981445,0,1290,KTCL/Kadamba,Goa KTCL GTFS,SOURCE_DATA
1293,Tikhane,15.5572996139526,73.9113998413086,0,1293,KTCL/Kadamba,Goa KTCL GTFS,SOURCE_DATA
1294,"Valshi, Mahatme Hospital",15.6082000732422,73.9324035644531,0,1294,KTCL/Kadamba,Goa KTCL GTFS,SOURCE_DATA
1295,"Valshi, Mahatme Hospital",15.6082000732422,73.9321975708008,0,1295,KTCL/Kadamba,Goa KTCL GTFS,SOURCE_DATA
1296,Madel Ferry,15.5466003417969,73.9002990722656,0,1296,KTCL/Kadamba,Goa KTCL GTFS,SOURCE_DATA
1297,Madel Ferry,15.5465002059937,73.9002990722656,0,1297,KTCL/Kadamba,Goa KTCL GTFS,SOURCE_DATA
1298,Devgini,15.5487003326416,73.8929977416992,0,1298,KTCL/Kadamba,Goa KTCL GTFS,SOURCE_DATA
1299,Devgini,15.5486001968384,73.8927993774414,0,1299,KTCL/Kadamba,Goa KTCL GTFS,SOURCE_DATA
1300,Carambolim,15.5116996765137,74.1754989624023,0,1300,KTCL/Kadamba,Goa KTCL GTFS,SOURCE_DATA
1301,Carambolim,15.5115995407105,74.1755981445313,0,1301,KTCL/Kadamba,Goa KTCL GTFS,SOURCE_DATA
1302,Kumthal,15.5167999267578,74.2016983032227,0,1302,KTCL/Kadamba,Goa KTCL GTFS,SOURCE_DATA
1303,Kumthal,15.5166997909546,74.2016983032227,0,1303,KTCL/Kadamba,Goa KTCL GTFS,SOURCE_DATA
1304,Caranzol,15.506799697876,74.2188034057617,0,1304,KTCL/Kadamba,Goa KTCL GTFS,SOURCE_DATA
1305,Caranzol,15.5067428373,74.2188087702,0,1305,KTCL/Kadamba,Goa KTCL GTFS,SOURCE_DATA
1306,Carambolim,15.5687999725342,74.16259765625,0,1306,KTCL/Kadamba,Goa KTCL GTFS,SOURCE_DATA
1307,Carambolim,15.5687999725342,74.1626968383789,0,1307,KTCL/Kadamba,Goa KTCL GTFS,SOURCE_DATA
1308,Shelpem,15.5921001434326,74.1619033813477,0,1308,KTCL/Kadamba,Goa KTCL GTFS,SOURCE_DATA
1309,Shelpem,15.5920484734,74.1618711948,0,1309,KTCL/Kadamba,Goa KTCL GTFS,SOURCE_DATA
1310,Shigne,15.6001996994019,74.1699981689453,0,1310,KTCL/Kadamba,Goa KTCL GTFS,SOURCE_DATA
1311,Shigne,15.6001996994019,74.1700973510742,0,1311,KTCL/Kadamba,Goa KTCL GTFS,SOURCE_DATA
1312,Hedode,15.5638999938965,74.1452026367188,0,1312,KTCL/Kadamba,Goa KTCL GTFS,SOURCE_DATA
1313,Hedode,15.5629822734,74.1454409361,0,1313,KTCL/Kadamba,Goa KTCL GTFS,SOURCE_DATA
1314,Maulinguem,15.6171998977661,73.9758987426758,0,1314,KTCL/Kadamba,Goa KTCL GTFS,SOURCE_DATA
1315,Maulinguem,15.6170997619629,73.9758987426758,0,1315,KTCL/Kadamba,Goa KTCL GTFS,SOURCE_DATA
1322,Rivem,15.6223001480103,74.161003112793,0,1322,KTCL/Kadamba,Goa KTCL GTFS,SOURCE_DATA
1323,Rivem,15.6223001480103,74.1611022949219,0,1323,KTCL/Kadamba,Goa KTCL GTFS,SOURCE_DATA
1325,Chorla Titha,15.6545071657,74.1479034424,0,1325,KTCL/Kadamba,Goa KTCL GTFS,SOURCE_DATA
1326,Chorla Titha,15.6547002792358,74.1479034423828,0,1326,KTCL/Kadamba,Goa KTCL GTFS,SOURCE_DATA
1327,Surla,15.6695003509521,74.1728973388672,0,1327,KTCL/Kadamba,Goa KTCL GTFS,SOURCE_DATA
1328,Kalane,15.7602806091309,73.925178527832,0,1328,KTCL/Kadamba,Goa KTCL GTFS,SOURCE_DATA
1329,Kalane,15.760082244873,73.9250793457031,0,1329,KTCL/Kadamba,Goa KTCL GTFS,SOURCE_DATA
1330,Morgaon,15.7923002243042,73.9181976318359,0,1330,KTCL/Kadamba,Goa KTCL GTFS,SOURCE_DATA
1331,Morgaon,15.7924003601074,73.9182968139648,0,1331,KTCL/Kadamba,Goa KTCL GTFS,SOURCE_DATA
1332,Kumyamal,15.6881999969482,73.9558029174805,0,1332,KTCL/Kadamba,Goa KTCL GTFS,SOURCE_DATA
1333,Sal,15.6927003860474,73.9284973144531,0,1333,KTCL/Kadamba,Goa KTCL GTFS,SOURCE_DATA
1334,Sal,15.6927003860474,73.928596496582,0,1334,KTCL/Kadamba,Goa KTCL GTFS,SOURCE_DATA
1335,Satarda,15.7468996047974,73.7960968017578,0,1335,KTCL/Kadamba,Goa KTCL GTFS,SOURCE_DATA
1336,Satarda,15.7468996047974,73.7964019775391,0,1336,KTCL/Kadamba,Goa KTCL GTFS,SOURCE_DATA
1337,Rekwadi,15.7679996490479,73.823600769043,0,1337,KTCL/Kadamba,Goa KTCL GTFS,SOURCE_DATA
1338,Rekwadi,15.7679004669,73.8237428665,0,1338,KTCL/Kadamba,Goa KTCL GTFS,SOURCE_DATA
1339,Madura,15.7846002578735,73.8248977661133,0,1339,KTCL/Kadamba,Goa KTCL GTFS,SOURCE_DATA
1340,Madura,15.7847003936768,73.8249969482422,0,1340,KTCL/Kadamba,Goa KTCL GTFS,SOURCE_DATA
1341,Mandura Titha,15.8030004501343,73.82080078125,0,1341,KTCL/Kadamba,Goa KTCL GTFS,SOURCE_DATA
1342,Mandura Titha,15.8029003143311,73.8208999633789,0,1342,KTCL/Kadamba,Goa KTCL GTFS,SOURCE_DATA
1343,Sherle,15.819299697876,73.8482971191406,0,1343,KTCL/Kadamba,Goa KTCL GTFS,SOURCE_DATA
1344,Sherle,15.8191995620728,73.8483963012695,0,1344,KTCL/Kadamba,Goa KTCL GTFS,SOURCE_DATA
1345,Poriem,15.5875997543335,74.0283966064453,0,1345,KTCL/Kadamba,Goa KTCL GTFS,SOURCE_DATA
1346,Kankumbi,15.6983995437622,74.2200012207031,0,1346,KTCL/Kadamba,Goa KTCL GTFS,SOURCE_DATA
1347,Kankumbi,15.6982002258301,74.2198028564453,0,1347,KTCL/Kadamba,Goa KTCL GTFS,SOURCE_DATA
1348,Betne,15.6909999847412,74.2639007568359,0,1348,KTCL/Kadamba,Goa KTCL GTFS,SOURCE_DATA
1349,Betne,15.6906003952026,74.2637023925781,0,1349,KTCL/Kadamba,Goa KTCL GTFS,SOURCE_DATA
1350,Amate,15.6872275173797,74.2989392280579,0,1350,KTCL/Kadamba,Goa KTCL GTFS,SOURCE_DATA
1351,Amate,15.6867785796957,74.2991805076599,0,1351,KTCL/Kadamba,Goa KTCL GTFS,SOURCE_DATA
1352,Jamboti,15.6929998397827,74.3657989501953,0,1352,KTCL/Kadamba,Goa KTCL GTFS,SOURCE_DATA
1353,Jamboti,15.6925001144409,74.3662033081055,0,1353,KTCL/Kadamba,Goa KTCL GTFS,SOURCE_DATA
1354,Piranwadi,15.7953996658325,74.4763031005859,0,1354,KTCL/Kadamba,Goa KTCL GTFS,SOURCE_DATA
1355,Piranwadi,15.794721401,74.4765605927,0,1355,KTCL/Kadamba,Goa KTCL GTFS,SOURCE_DATA
1356,Nandgaon Titha,16.3826999664307,73.6885986328125,0,1356,KTCL/Kadamba,Goa KTCL GTFS,SOURCE_DATA
1357,Nandgaon Titha,16.3827991485596,73.6887969970703,0,1357,KTCL/Kadamba,Goa KTCL GTFS,SOURCE_DATA
1358,Talere,16.4473991394043,73.6607971191406,0,1358,KTCL/Kadamba,Goa KTCL GTFS,SOURCE_DATA
1359,Talere,16.4473925656,73.6611747742,0,1359,KTCL/Kadamba,Goa KTCL GTFS,SOURCE_DATA
1360,Vaibhavwadi,16.4971008300781,73.7462005615234,0,1360,KTCL/Kadamba,Goa KTCL GTFS,SOURCE_DATA
1361,Salwan,16.6872997283936,73.9899978637695,0,1361,KTCL/Kadamba,Goa KTCL GTFS,SOURCE_DATA
1362,Salwan,16.6872393388,73.9901659489,0,1362,KTCL/Kadamba,Goa KTCL GTFS,SOURCE_DATA
1363,Kale,16.7108993530273,74.0539016723633,0,1363,KTCL/Kadamba,Goa KTCL GTFS,SOURCE_DATA
1364,Kale,16.7108001708984,74.0539016723633,0,1364,KTCL/Kadamba,Goa KTCL GTFS,SOURCE_DATA
1365,Hedus,15.7159996032715,73.9543991088867,0,1365,KTCL/Kadamba,Goa KTCL GTFS,SOURCE_DATA
1366,Hedus,15.7160997390747,73.9546966552734,0,1366,KTCL/Kadamba,Goa KTCL GTFS,SOURCE_DATA
1367,Degve,15.819899559021,73.8947982788086,0,1367,KTCL/Kadamba,Goa KTCL GTFS,SOURCE_DATA
1368,Degve,15.8201999664307,73.8948974609375,0,1368,KTCL/Kadamba,Goa KTCL GTFS,SOURCE_DATA
1369,Ambeli,15.6977996826172,73.9964981079102,0,1369,KTCL/Kadamba,Goa KTCL GTFS,SOURCE_DATA
1370,Ambeli,15.6976003646851,73.9964981079102,0,1370,KTCL/Kadamba,Goa KTCL GTFS,SOURCE_DATA
1371,Zare Bambarr,15.704400062561,74.0100021362305,0,1371,KTCL/Kadamba,Goa KTCL GTFS,SOURCE_DATA
1372,Zare Bambarr,15.7042999267578,74.0100021362305,0,1372,KTCL/Kadamba,Goa KTCL GTFS,SOURCE_DATA
1373,Kudase,15.7177000045776,74.0224990844727,0,1373,KTCL/Kadamba,Goa KTCL GTFS,SOURCE_DATA
1374,Kudase,15.7175998687744,74.0225982666016,0,1374,KTCL/Kadamba,Goa KTCL GTFS,SOURCE_DATA
1375,Bhedshi,15.7248001098633,74.0306015014648,0,1375,KTCL/Kadamba,Goa KTCL GTFS,SOURCE_DATA
1376,Bhedshi,15.7246999740601,74.0307998657227,0,1376,KTCL/Kadamba,Goa KTCL GTFS,SOURCE_DATA
1377,Usap Titha,15.7179002761841,74.0251998901367,0,1377,KTCL/Kadamba,Goa KTCL GTFS,SOURCE_DATA
1378,Usap Titha,15.7173004150391,74.0254974365234,0,1378,KTCL/Kadamba,Goa KTCL GTFS,SOURCE_DATA
1379,Awade,15.7377004623413,74.0362014770508,0,1379,KTCL/Kadamba,Goa KTCL GTFS,SOURCE_DATA
1380,Awade,15.7376003265381,74.0363006591797,0,1380,KTCL/Kadamba,Goa KTCL GTFS,SOURCE_DATA
1381,Konalkatta,15.7588996887207,74.0650024414063,0,1381,KTCL/Kadamba,Goa KTCL GTFS,SOURCE_DATA
1382,Konalkatta,15.7586002349854,74.0651016235352,0,1382,KTCL/Kadamba,Goa KTCL GTFS,SOURCE_DATA
1383,St. Cruz 2nd,15.4717311859131,73.8506469726563,0,1383,KTCL/Kadamba,Goa KTCL GTFS,SOURCE_DATA
1384,St. Cruz 2nd,15.4717998504639,73.8501968383789,0,1384,KTCL/Kadamba,Goa KTCL GTFS,SOURCE_DATA
1390,Sancoale Zareer,15.396900177002,73.8704986572266,0,1390,KTCL/Kadamba,Goa KTCL GTFS,SOURCE_DATA
1391,Sancoale Zareer,15.3970003128052,73.8705978393555,0,1391,KTCL/Kadamba,Goa KTCL GTFS,SOURCE_DATA
1392,Sancoale 5Star,15.3993997573853,73.8844985961914,0,1392,KTCL/Kadamba,Goa KTCL GTFS,SOURCE_DATA
1393,Sancoale 5Star,15.399299621582,73.8845977783203,0,1393,KTCL/Kadamba,Goa KTCL GTFS,SOURCE_DATA
1394,Mardol,15.4413003921509,73.9741973876953,0,1394,KTCL/Kadamba,Goa KTCL GTFS,SOURCE_DATA
1395,Mangeshi Temple,15.4465999603271,73.9701995849609,0,1395,KTCL/Kadamba,Goa KTCL GTFS,SOURCE_DATA
1396,St. Estevam,15.534029006958,73.9523696899414,0,1396,KTCL/Kadamba,Goa KTCL GTFS,SOURCE_DATA
1397,St. Estevam,15.5336828232,73.9525756836,0,1397,KTCL/Kadamba,Goa KTCL GTFS,SOURCE_DATA
1398,Akhada,15.5295593663,73.9397068024,0,1398,KTCL/Kadamba,Goa KTCL GTFS,SOURCE_DATA
1399,Akhada,15.5293319489,73.9397711754,0,1399,KTCL/Kadamba,Goa KTCL GTFS,SOURCE_DATA
1400,Cortalim Junction,15.4029655456543,73.9077987670898,0,1400,KTCL/Kadamba,Goa KTCL GTFS,SOURCE_DATA
1401,Agarwada Titha,15.6442003250122,73.7610015869141,0,1401,KTCL/Kadamba,Goa KTCL GTFS,SOURCE_DATA
1402,Bhaitwada,15.6934003829956,73.7863998413086,0,1402,KTCL/Kadamba,Goa KTCL GTFS,SOURCE_DATA
1403,Bhaitwada,15.6934003829956,73.7864990234375,0,1403,KTCL/Kadamba,Goa KTCL GTFS,SOURCE_DATA
1404,Pethecha Wada,15.6996002197266,73.7741012573242,0,1404,KTCL/Kadamba,Goa KTCL GTFS,SOURCE_DATA
1405,Pethecha Wada,15.6997003555298,73.7740020751953,0,1405,KTCL/Kadamba,Goa KTCL GTFS,SOURCE_DATA
1406,Marcela Theatre,15.5120000839233,73.9601974487305,0,1406,KTCL/Kadamba,Goa KTCL GTFS,SOURCE_DATA
1407,Marcela Theatre,15.5121002197266,73.9602966308594,0,1407,KTCL/Kadamba,Goa KTCL GTFS,SOURCE_DATA
1408,Savorde Taar,15.5338001251221,74.1720962524414,0,1408,KTCL/Kadamba,Goa KTCL GTFS,SOURCE_DATA
1409,Savorde Taar,15.5336999893188,74.1719970703125,0,1409,KTCL/Kadamba,Goa KTCL GTFS,SOURCE_DATA
1410,Sonal,15.5475997924805,74.1949005126953,0,1410,KTCL/Kadamba,Goa KTCL GTFS,SOURCE_DATA
1411,Airport Residency,15.3963416911,73.8328902721,0,1411,KTCL/Kadamba,Goa KTCL GTFS,SOURCE_DATA
1412,Airport Residency,15.3963003159,73.8327026367,0,1412,KTCL/Kadamba,Goa KTCL GTFS,SOURCE_DATA
1413,Dabolim Bogmalo Cross,15.3886995315552,73.8475036621094,0,1413,KTCL/Kadamba,Goa KTCL GTFS,SOURCE_DATA
1414,Dabolim Bogmalo Cross,15.3884000778198,73.8477020263672,0,1414,KTCL/Kadamba,Goa KTCL GTFS,SOURCE_DATA
1415,Zareer,15.3824996948242,73.8707962036133,0,1415,KTCL/Kadamba,Goa KTCL GTFS,SOURCE_DATA
1416,Zareer,15.3824157715,73.8706817627,0,1416,KTCL/Kadamba,Goa KTCL GTFS,SOURCE_DATA
1417,"Upasnaga, Queeny Nagar",15.3716659373,73.8912715912,0,1417,KTCL/Kadamba,Goa KTCL GTFS,SOURCE_DATA
1418,Margao Hospicio,15.2793887765,73.9600718021,0,1418,KTCL/Kadamba,Goa KTCL GTFS,SOURCE_DATA
1419,Pajifond,15.2727003097534,73.9608993530273,0,1419,KTCL/Kadamba,Goa KTCL GTFS,SOURCE_DATA
1420,Pajifond,15.2726001739502,73.9608001708984,0,1420,KTCL/Kadamba,Goa KTCL GTFS,SOURCE_DATA
1421,Agramad,15.2335996627808,74.0313034057617,0,1421,KTCL/Kadamba,Goa KTCL GTFS,SOURCE_DATA
1422,Agramad,15.2335996627808,74.0311965942383,0,1422,KTCL/Kadamba,Goa KTCL GTFS,SOURCE_DATA
1423,Xeldem,15.2328996658325,74.0843963623047,0,1423,KTCL/Kadamba,Goa KTCL GTFS,SOURCE_DATA
1424,Gonvoll,15.2463998794556,74.0736999511719,0,1424,KTCL/Kadamba,Goa KTCL GTFS,SOURCE_DATA
1425,Gonvoll,15.2465000152588,74.073600769043,0,1425,KTCL/Kadamba,Goa KTCL GTFS,SOURCE_DATA
1426,Curca,15.4619159698486,73.8666839599609,0,1426,KTCL/Kadamba,Goa KTCL GTFS,SOURCE_DATA
1427,Ram Temple,15.5403995513916,73.8690032958984,0,1427,KTCL/Kadamba,Goa KTCL GTFS,SOURCE_DATA
1428,Ram Temple,15.5404996871948,73.8691024780273,0,1428,KTCL/Kadamba,Goa KTCL GTFS,SOURCE_DATA
1429,Olaulim Chapel,15.5689382553101,73.8630599975586,0,1429,KTCL/Kadamba,Goa KTCL GTFS,SOURCE_DATA
1430,Carona,15.5783996582031,73.8757019042969,0,1430,KTCL/Kadamba,Goa KTCL GTFS,SOURCE_DATA
1431,Olaulim,15.5757741928101,73.8639221191406,0,1431,KTCL/Kadamba,Goa KTCL GTFS,SOURCE_DATA
1432,Olaulim,15.5758152008057,73.8638381958008,0,1432,KTCL/Kadamba,Goa KTCL GTFS,SOURCE_DATA
1433,Pomburpa,15.5655002593994,73.8615036010742,0,1433,KTCL/Kadamba,Goa KTCL GTFS,SOURCE_DATA
1434,Beach Cross,15.6262998580933,73.7418975830078,0,1434,KTCL/Kadamba,Goa KTCL GTFS,SOURCE_DATA
1435,Beach Cross,15.6263999938965,73.74169921875,0,1435,KTCL/Kadamba,Goa KTCL GTFS,SOURCE_DATA
1436,Pissurlem,15.5343999862671,74.0652008056641,0,1436,KTCL/Kadamba,Goa KTCL GTFS,SOURCE_DATA
1437,Panaji Old Secretariat,15.5010995864868,73.8294982910156,0,1437,KTCL/Kadamba,Goa KTCL GTFS,SOURCE_DATA
1442,Campal,15.4874000549316,73.8128967285156,0,1442,KTCL/Kadamba,Goa KTCL GTFS,SOURCE_DATA
1443,Campal,15.4875001907349,73.8127975463867,0,1443,KTCL/Kadamba,Goa KTCL GTFS,SOURCE_DATA
1448,Ribander Copel,15.5045003890991,73.8675994873047,0,1448,KTCL/Kadamba,Goa KTCL GTFS,SOURCE_DATA
1449,Bogarves,15.858699798584,74.5074005126953,0,1449,KTCL/Kadamba,Goa KTCL GTFS,SOURCE_DATA
1450,Bogarves City,15.8605003356934,74.507698059082,0,1450,KTCL/Kadamba,Goa KTCL GTFS,SOURCE_DATA
1451,Rls College,15.8639001846313,74.5081024169922,0,1451,KTCL/Kadamba,Goa KTCL GTFS,SOURCE_DATA
1452,Rani Channamma Circle,15.8668003082275,74.5100021362305,0,1452,KTCL/Kadamba,Goa KTCL GTFS,SOURCE_DATA
1454,Court,15.8670997619629,74.5130996704102,0,1454,KTCL/Kadamba,Goa KTCL GTFS,SOURCE_DATA
1455,R.T.O,15.8656668665,74.5185809135,0,1455,KTCL/Kadamba,Goa KTCL GTFS,SOURCE_DATA
1456,Vathadev,15.5899000167847,73.9646987915039,0,1456,KTCL/Kadamba,Goa KTCL GTFS,SOURCE_DATA
1457,Vathadev,15.5900001525879,73.964599609375,0,1457,KTCL/Kadamba,Goa KTCL GTFS,SOURCE_DATA
1472,Tillari,15.7608995437622,74.0681991577148,0,1472,KTCL/Kadamba,Goa KTCL GTFS,SOURCE_DATA
1473,Ker,15.7889003753662,74.0236968994141,0,1473,KTCL/Kadamba,Goa KTCL GTFS,SOURCE_DATA
1474,Vaigantad,15.7524003982544,74.0554962158203,0,1474,KTCL/Kadamba,Goa KTCL GTFS,SOURCE_DATA
1475,Morle,15.7805004119873,74.0406036376953,0,1475,KTCL/Kadamba,Goa KTCL GTFS,SOURCE_DATA
1476,Ghotgewadi,15.7641000747681,74.0494995117188,0,1476,KTCL/Kadamba,Goa KTCL GTFS,SOURCE_DATA
1479,Ribander Church,15.5052995681763,73.8659973144531,0,1479,KTCL/Kadamba,Goa KTCL GTFS,SOURCE_DATA
1480,Old Goa Police Station,15.5010004043579,73.9148025512695,0,1480,KTCL/Kadamba,Goa KTCL GTFS,SOURCE_DATA
1481,Old Goa Police Station,15.5011081695557,73.9150848388672,0,1481,KTCL/Kadamba,Goa KTCL GTFS,SOURCE_DATA
1482,Corlim Petrol Pump,15.4969758987427,73.9280014038086,0,1482,KTCL/Kadamba,Goa KTCL GTFS,SOURCE_DATA
1483,Corlim Petrol Pump,15.4973926544189,73.9280776977539,0,1483,KTCL/Kadamba,Goa KTCL GTFS,SOURCE_DATA
1484,St. Pedro,15.4996004104614,73.8926010131836,0,1484,KTCL/Kadamba,Goa KTCL GTFS,SOURCE_DATA
1485,St. Pedro,15.4995002746582,73.8927993774414,0,1485,KTCL/Kadamba,Goa KTCL GTFS,SOURCE_DATA
1486,Kundaim,15.4616003036499,73.9599990844727,0,1486,KTCL/Kadamba,Goa KTCL GTFS,SOURCE_DATA
1487,Kundaim,15.4605216137,73.9627323151,0,1487,KTCL/Kadamba,Goa KTCL GTFS,SOURCE_DATA
1488,Mardol Masjid,15.4392004013062,73.9758987426758,0,1488,KTCL/Kadamba,Goa KTCL GTFS,SOURCE_DATA
1489,Mardol Masjid,15.4392051696777,73.9757919311523,0,1489,KTCL/Kadamba,Goa KTCL GTFS,SOURCE_DATA
1490,Konem,15.4336004257202,73.9858016967773,0,1490,KTCL/Kadamba,Goa KTCL GTFS,SOURCE_DATA
1491,Konem,15.4336159386,73.9856595993,0,1491,KTCL/Kadamba,Goa KTCL GTFS,SOURCE_DATA
1492,Dhavli,15.3869104385376,74.0036697387695,0,1492,KTCL/Kadamba,Goa KTCL GTFS,SOURCE_DATA
1493,Dhavli,15.3869209289551,74.0035095214844,0,1493,KTCL/Kadamba,Goa KTCL GTFS,SOURCE_DATA
1494,Borim Bridge,15.3520002365112,74.0039978027344,0,1494,KTCL/Kadamba,Goa KTCL GTFS,SOURCE_DATA
1495,Borim Bridge,15.3520002365112,74.0037994384766,0,1495,KTCL/Kadamba,Goa KTCL GTFS,SOURCE_DATA
1496,Chowgule Dock,15.3432998657227,74.0009994506836,0,1496,KTCL/Kadamba,Goa KTCL GTFS,SOURCE_DATA
1497,Chowgule Dock,15.3432998657227,74.0009002685547,0,1497,KTCL/Kadamba,Goa KTCL GTFS,SOURCE_DATA
1498,Fatorda Stadium,15.290599822998,73.9635009765625,0,1498,KTCL/Kadamba,Goa KTCL GTFS,SOURCE_DATA
1499,Fatorda Stadium,15.290599822998,73.9637985229492,0,1499,KTCL/Kadamba,Goa KTCL GTFS,SOURCE_DATA
1500,Colva Circle,15.2839660644531,73.9579086303711,0,1500,KTCL/Kadamba,Goa KTCL GTFS,SOURCE_DATA
1501,ACGL Bhuipal,15.5423002243042,74.0775985717773,0,1501,KTCL/Kadamba,Goa KTCL GTFS,SOURCE_DATA
1502,Karaswada Char Rasta,15.60888671875,73.8239593505859,0,1502,KTCL/Kadamba,Goa KTCL GTFS,SOURCE_DATA
1503,Karaswada Char Rasta,15.6086711884,73.8236541748,0,1503,KTCL/Kadamba,Goa KTCL GTFS,SOURCE_DATA
1504,Madel Housing Board,15.6187000274658,73.8355026245117,0,1504,KTCL/Kadamba,Goa KTCL GTFS,SOURCE_DATA
1505,Madel Housing Board,15.6184997558594,73.8356018066406,0,1505,KTCL/Kadamba,Goa KTCL GTFS,SOURCE_DATA
1506,Sirsaim Copel,15.6232004165649,73.8825988769531,0,1506,KTCL/Kadamba,Goa KTCL GTFS,SOURCE_DATA
1507,Sirsaim Copel,15.6231002807617,73.8824005126953,0,1507,KTCL/Kadamba,Goa KTCL GTFS,SOURCE_DATA
1508,St.Clara H.S. Asnoda,15.6194000244141,73.8979034423828,0,1508,KTCL/Kadamba,Goa KTCL GTFS,SOURCE_DATA
1509,St.Clara H.S. Asnoda,15.6192998886108,73.8979034423828,0,1509,KTCL/Kadamba,Goa KTCL GTFS,SOURCE_DATA
1510,"Karaswada, Taaki",15.6115999221802,73.8273010253906,0,1510,KTCL/Kadamba,Goa KTCL GTFS,SOURCE_DATA
1511,"Karaswada, Taaki",15.6111929897,73.8277435303,0,1511,KTCL/Kadamba,Goa KTCL GTFS,SOURCE_DATA
1512,Manguirish Colony,15.6160828379,73.8309020996,0,1512,KTCL/Kadamba,Goa KTCL GTFS,SOURCE_DATA
1513,Manguirish Colony,15.6161003112793,73.8311996459961,0,1513,KTCL/Kadamba,Goa KTCL GTFS,SOURCE_DATA
1514,"Omkar Colony, Madel",15.6187000275,73.8406982422,0,1514,KTCL/Kadamba,Goa KTCL GTFS,SOURCE_DATA
1515,"Omkar Colony, Madel",15.6190004348755,73.8404998779297,0,1515,KTCL/Kadamba,Goa KTCL GTFS,SOURCE_DATA
1516,Tivim Banglyakade,15.6211004257202,73.8508987426758,0,1516,KTCL/Kadamba,Goa KTCL GTFS,SOURCE_DATA
1517,Tivim Banglyakade,15.621000289917,73.8509979248047,0,1517,KTCL/Kadamba,Goa KTCL GTFS,SOURCE_DATA
1518,"SBI, Cansa Bodiem",15.6270999908447,73.8638000488281,0,1518,KTCL/Kadamba,Goa KTCL GTFS,SOURCE_DATA
1519,"SBI, Cansa Bodiem",15.627041184,73.8637008667,0,1519,KTCL/Kadamba,Goa KTCL GTFS,SOURCE_DATA
1520,"Blooming Bud, Cansa",15.6260995864868,73.8691024780273,0,1520,KTCL/Kadamba,Goa KTCL GTFS,SOURCE_DATA
1521,"Blooming Bud, Cansa",15.6259590751,73.869515419,0,1521,KTCL/Kadamba,Goa KTCL GTFS,SOURCE_DATA
1522,"Assnora, Bainkade",15.6192998886108,73.8962020874023,0,1522,KTCL/Kadamba,Goa KTCL GTFS,SOURCE_DATA
1523,"Assnora, Bainkade",15.6194000244141,73.8963012695313,0,1523,KTCL/Kadamba,Goa KTCL GTFS,SOURCE_DATA
1524,Bicholim Housing Board,15.6009998321533,73.938102722168,0,1524,KTCL/Kadamba,Goa KTCL GTFS,SOURCE_DATA
1525,Bicholim Housing Board,15.6008996963501,73.938102722168,0,1525,KTCL/Kadamba,Goa KTCL GTFS,SOURCE_DATA
1526,Bicholim Muslim Wada,15.5867128372192,73.9543991088867,0,1526,KTCL/Kadamba,Goa KTCL GTFS,SOURCE_DATA
1527,Bicholim Muslim Wada,15.5866003036499,73.9544982910156,0,1527,KTCL/Kadamba,Goa KTCL GTFS,SOURCE_DATA
1528,Zantye College,15.582799911499,73.9649963378906,0,1528,KTCL/Kadamba,Goa KTCL GTFS,SOURCE_DATA
1529,Zantye College,15.5826997756958,73.9649963378906,0,1529,KTCL/Kadamba,Goa KTCL GTFS,SOURCE_DATA
1530,"Adhar Hospital, Sarvan",15.5769996643066,73.9794998168945,0,1530,KTCL/Kadamba,Goa KTCL GTFS,SOURCE_DATA
1531,"Adhar Hospital, Sarvan",15.5768995285,73.979598999,0,1531,KTCL/Kadamba,Goa KTCL GTFS,SOURCE_DATA
1532,Tivim-Colvale Rasta,15.6245002746582,73.8578033447266,0,1532,KTCL/Kadamba,Goa KTCL GTFS,SOURCE_DATA
1533,Tivim-Colvale Rasta,15.624400138855,73.8579025268555,0,1533,KTCL/Kadamba,Goa KTCL GTFS,SOURCE_DATA
1534,Zuarer,15.4403257369995,73.8697509765625,0,1534,KTCL/Kadamba,Goa KTCL GTFS,SOURCE_DATA
1535,Zuarer,15.4405202865601,73.8699264526367,0,1535,KTCL/Kadamba,Goa KTCL GTFS,SOURCE_DATA
1537,Vasco KTC Bus Stop,15.3994674682617,73.8202133178711,0,1537,KTCL/Kadamba,Goa KTCL GTFS,SOURCE_DATA
1538,Vasco KTC Bus Stop,15.3993712939,73.8203749657,0,1538,KTCL/Kadamba,Goa KTCL GTFS,SOURCE_DATA
1539,Auto Service,15.3993997573853,73.8140029907227,0,1539,KTCL/Kadamba,Goa KTCL GTFS,SOURCE_DATA
1540,Auto Service,15.399299621582,73.8141021728516,0,1540,KTCL/Kadamba,Goa KTCL GTFS,SOURCE_DATA
1541,Thana,15.3978187483,73.9170854687,0,1541,KTCL/Kadamba,Goa KTCL GTFS,SOURCE_DATA
1542,Thana,15.3979978561401,73.9171981811523,0,1542,KTCL/Kadamba,Goa KTCL GTFS,SOURCE_DATA
1543,Ponda RTO Office,15.4049310684204,74.0028533935547,0,1543,KTCL/Kadamba,Goa KTCL GTFS,SOURCE_DATA
1544,Ponda RTO Office,15.4054918114,74.0034213066,0,1544,KTCL/Kadamba,Goa KTCL GTFS,SOURCE_DATA
1547,Kaloji Wines,15.6699743270874,73.8375091552734,0,1547,KTCL/Kadamba,Goa KTCL GTFS,SOURCE_DATA
1548,Kaloji Wines,15.6698999404907,73.8373031616211,0,1548,KTCL/Kadamba,Goa KTCL GTFS,SOURCE_DATA
1549,Dhargal High School,15.6737003326416,73.8368988037109,0,1549,KTCL/Kadamba,Goa KTCL GTFS,SOURCE_DATA
1550,Dhargal High School,15.6735000610352,73.8369979858398,0,1550,KTCL/Kadamba,Goa KTCL GTFS,SOURCE_DATA
1551,Pedne Bazaar,15.7177000045776,73.7973022460938,0,1551,KTCL/Kadamba,Goa KTCL GTFS,SOURCE_DATA
1552,Pedne Bazaar,15.7177000045776,73.7976989746094,0,1552,KTCL/Kadamba,Goa KTCL GTFS,SOURCE_DATA
1553,Harambol Tisk,15.68869972229,73.71240234375,0,1553,KTCL/Kadamba,Goa KTCL GTFS,SOURCE_DATA
1554,Railway Foot Overbridge,15.2697620392,73.9589614868,0,1554,KTCL/Kadamba,Goa KTCL GTFS,SOURCE_DATA
1555,Vainguinim,15.5676002502441,73.9088973999023,0,1555,KTCL/Kadamba,Goa KTCL GTFS,SOURCE_DATA
1556,Tulshimal,15.5693998336792,74.0100021362305,0,1556,KTCL/Kadamba,Goa KTCL GTFS,SOURCE_DATA
1557,Tulshimal,15.569299697876,74.0100021362305,0,1557,KTCL/Kadamba,Goa KTCL GTFS,SOURCE_DATA
1558,Sai Service,15.5138101577759,73.8349533081055,0,1558,KTCL/Kadamba,Goa KTCL GTFS,SOURCE_DATA
1559,Sai Service,15.5136995315552,73.8355026245117,0,1559,KTCL/Kadamba,Goa KTCL GTFS,SOURCE_DATA
1560,Banastari Bazaar,15.492099762,73.9570007324,0,1560,KTCL/Kadamba,Goa KTCL GTFS,SOURCE_DATA
1561,Banastari Bazaar,15.4919004440308,73.9570007324219,0,1561,KTCL/Kadamba,Goa KTCL GTFS,SOURCE_DATA
1562,Gavthan,15.546799659729,74.0149002075195,0,1562,KTCL/Kadamba,Goa KTCL GTFS,SOURCE_DATA
1563,Gavthan,15.5466995239258,74.0149993896484,0,1563,KTCL/Kadamba,Goa KTCL GTFS,SOURCE_DATA
1564,Chodna Ferry,15.5054998397827,73.8641967773438,0,1564,KTCL/Kadamba,Goa KTCL GTFS,SOURCE_DATA
1565,Ribander Copel,15.5046768188477,73.8676223754883,0,1565,KTCL/Kadamba,Goa KTCL GTFS,SOURCE_DATA
1567,Veling Cross,15.4406003952026,73.9749984741211,0,1567,KTCL/Kadamba,Goa KTCL GTFS,SOURCE_DATA
1568,Veling Cross,15.4406003952026,73.9748992919922,0,1568,KTCL/Kadamba,Goa KTCL GTFS,SOURCE_DATA
1569,Old Bus Stand Ponda,15.4003000259399,74.0037994384766,0,1569,KTCL/Kadamba,Goa KTCL GTFS,SOURCE_DATA
1575,Ribander Church,15.5054998397827,73.8659973144531,0,1575,KTCL/Kadamba,Goa KTCL GTFS,SOURCE_DATA
1576,Colva Circle,15.2834730148,73.9571914673,0,1576,KTCL/Kadamba,Goa KTCL GTFS,SOURCE_DATA
1577,Curti-Savitri Hall,15.4075002670288,74.0092010498047,0,1577,KTCL/Kadamba,Goa KTCL GTFS,SOURCE_DATA
1578,Curti-Savitri Hall,15.4074001312256,74.0094985961914,0,1578,KTCL/Kadamba,Goa KTCL GTFS,SOURCE_DATA
1579,Apewal,15.4371995925903,74.0085983276367,0,1579,KTCL/Kadamba,Goa KTCL GTFS,SOURCE_DATA
1580,Karmane,15.4540996551514,74.0046997070313,0,1580,KTCL/Kadamba,Goa KTCL GTFS,SOURCE_DATA
1581,Arle,15.4573001861572,74.0008010864258,0,1581,KTCL/Kadamba,Goa KTCL GTFS,SOURCE_DATA
1582,"Keri, Ponda",15.46399974823,73.9955520629883,0,1582,KTCL/Kadamba,Goa KTCL GTFS,SOURCE_DATA
1583,"Keri,Vijaydurga",15.4664001464844,73.9954986572266,0,1583,KTCL/Kadamba,Goa KTCL GTFS,SOURCE_DATA
1584,Margoa Holy Spirit Church & School,15.2812032699585,73.9567184448242,0,1584,KTCL/Kadamba,Goa KTCL GTFS,SOURCE_DATA
1586,Ashwem Beach,15.6489000320435,73.7170028686523,0,1586,KTCL/Kadamba,Goa KTCL GTFS,SOURCE_DATA
1588,Vaigantad,15.7530002593994,74.054801940918,0,1588,KTCL/Kadamba,Goa KTCL GTFS,SOURCE_DATA
1589,Tillari,15.7608995437622,74.0682983398438,0,1589,KTCL/Kadamba,Goa KTCL GTFS,SOURCE_DATA
1590,Ghotgewadi,15.7638998031616,74.0494995117188,0,1590,KTCL/Kadamba,Goa KTCL GTFS,SOURCE_DATA
1591,Morle,15.7805004119873,74.0404968261719,0,1591,KTCL/Kadamba,Goa KTCL GTFS,SOURCE_DATA
1592,Ker,15.788800239563,74.0235977172852,0,1592,KTCL/Kadamba,Goa KTCL GTFS,SOURCE_DATA
1593,Codal,15.5944004058838,74.2067031860352,0,1593,KTCL/Kadamba,Goa KTCL GTFS,SOURCE_DATA
1594,Mauxi,15.5429000854492,74.1190032958985,0,1594,KTCL/Kadamba,Goa KTCL GTFS,SOURCE_DATA
1595,Dabem,15.5454998016357,74.11669921875,0,1595,KTCL/Kadamba,Goa KTCL GTFS,SOURCE_DATA
1596,Cudcem,15.5327997207642,74.1651992797852,0,1596,KTCL/Kadamba,Goa KTCL GTFS,SOURCE_DATA
1597,Altinho,15.4874000549316,73.8259963989258,0,1597,KTCL/Kadamba,Goa KTCL GTFS,SOURCE_DATA
1598,Taleigao,15.4815584495,73.8222608566,0,1598,KTCL/Kadamba,Goa KTCL GTFS,SOURCE_DATA
1600,Koparde,15.5670585632324,74.1358032226563,0,1600,KTCL/Kadamba,Goa KTCL GTFS,SOURCE_DATA
1601,Naneli,15.5826997757,74.1354980469,0,1601,KTCL/Kadamba,Goa KTCL GTFS,SOURCE_DATA
1602,Pali,15.5936002731323,74.1376037597656,0,1602,KTCL/Kadamba,Goa KTCL GTFS,SOURCE_DATA
1603,Savarshe,15.5026998519897,74.1355972290039,0,1603,KTCL/Kadamba,Goa KTCL GTFS,SOURCE_DATA
1604,Khadki,15.5033378182,74.139932394,0,1604,KTCL/Kadamba,Goa KTCL GTFS,SOURCE_DATA
1605,Bhironda,15.4882001876831,74.1334991455078,0,1605,KTCL/Kadamba,Goa KTCL GTFS,SOURCE_DATA
1606,Sakhali Hospital,15.5574998855591,74.0157012939453,0,1606,KTCL/Kadamba,Goa KTCL GTFS,SOURCE_DATA
1607,Sakhali Hospital,15.5577001571655,74.0156021118164,0,1607,KTCL/Kadamba,Goa KTCL GTFS,SOURCE_DATA
1608,Panjim Post Office A,15.4998139045457,73.8327159881836,0,1608,KTCL/Kadamba,Goa KTCL GTFS,SOURCE_DATA
1609,Nanus Cross,15.5270004272461,74.1285018920898,0,1609,KTCL/Kadamba,Goa KTCL GTFS,SOURCE_DATA
1610,Nanus Cross,15.5268001556396,74.1284027099609,0,1610,KTCL/Kadamba,Goa KTCL GTFS,SOURCE_DATA
1611,Dhuler,15.6020278930664,73.815673828125,0,1611,KTCL/Kadamba,Goa KTCL GTFS,SOURCE_DATA
1612,Dhuler,15.6020002365112,73.8155975341797,0,1612,KTCL/Kadamba,Goa KTCL GTFS,SOURCE_DATA
1614,"Patradevi, Dairy",15.7959031125,73.8629236221,0,1614,KTCL/Kadamba,Goa KTCL GTFS,SOURCE_DATA
1615,"Patradevi, Dairy",15.7935627685,73.8635802269,0,1615,KTCL/Kadamba,Goa KTCL GTFS,SOURCE_DATA
1616,Xetrafal,15.8663997650146,73.8385009765625,0,1616,KTCL/Kadamba,Goa KTCL GTFS,SOURCE_DATA
1617,Xetrafal,15.8663997650146,73.8386001586914,0,1617,KTCL/Kadamba,Goa KTCL GTFS,SOURCE_DATA
1618,Kudvache Temb,15.8329000473022,73.8486022949219,0,1618,KTCL/Kadamba,Goa KTCL GTFS,SOURCE_DATA
1619,Kudvache Temb,15.8334780672,73.8486639261,0,1619,KTCL/Kadamba,Goa KTCL GTFS,SOURCE_DATA
1620,Insuli Factory,15.8399000167847,73.8459014892578,0,1620,KTCL/Kadamba,Goa KTCL GTFS,SOURCE_DATA
1621,Insuli Factory,15.8399000167847,73.8460006713867,0,1621,KTCL/Kadamba,Goa KTCL GTFS,SOURCE_DATA
1622,Konwada,15.8634004592896,73.8386993408203,0,1622,KTCL/Kadamba,Goa KTCL GTFS,SOURCE_DATA
1623,Konwada,15.8634004592896,73.8385009765625,0,1623,KTCL/Kadamba,Goa KTCL GTFS,SOURCE_DATA
1624,Wadakade,15.8768997192383,73.8336029052734,0,1624,KTCL/Kadamba,Goa KTCL GTFS,SOURCE_DATA
1625,Wadakade,15.8768997192383,73.8337020874023,0,1625,KTCL/Kadamba,Goa KTCL GTFS,SOURCE_DATA
1626,Gardi,15.8924999237061,73.8242034912109,0,1626,KTCL/Kadamba,Goa KTCL GTFS,SOURCE_DATA
1627,Gardi,15.8924999237061,73.8243026733398,0,1627,KTCL/Kadamba,Goa KTCL GTFS,SOURCE_DATA
1628,I.T.I./Police Station,15.8962001800537,73.8230972290039,0,1628,KTCL/Kadamba,Goa KTCL GTFS,SOURCE_DATA
1629,I.T.I./Police Station,15.8962001800537,73.8231964111328,0,1629,KTCL/Kadamba,Goa KTCL GTFS,SOURCE_DATA
1630,Talyar,15.9024000167847,73.8227005004883,0,1630,KTCL/Kadamba,Goa KTCL GTFS,SOURCE_DATA
1631,Talyar,15.9024000168,73.8226013184,0,1631,KTCL/Kadamba,Goa KTCL GTFS,SOURCE_DATA
1632,Sawantwadi Court,15.9079999924,73.8226013184,0,1632,KTCL/Kadamba,Goa KTCL GTFS,SOURCE_DATA
1633,Haldanwadi,15.5839004516602,73.8964004516602,0,1633,KTCL/Kadamba,Goa KTCL GTFS,SOURCE_DATA
1634,Haldanwadi,15.5839004516602,73.8964996337891,0,1634,KTCL/Kadamba,Goa KTCL GTFS,SOURCE_DATA
1635,Sinquirem,15.5834999084473,73.8968963623047,0,1635,KTCL/Kadamba,Goa KTCL GTFS,SOURCE_DATA
1636,Birla,15.3763999938965,73.8813018798828,0,1636,KTCL/Kadamba,Goa KTCL GTFS,SOURCE_DATA
1637,Birla,15.3763999938965,73.8815002441406,0,1637,KTCL/Kadamba,Goa KTCL GTFS,SOURCE_DATA
1638,Keri Toll Naka,15.6133642196655,74.0744018554688,0,1638,KTCL/Kadamba,Goa KTCL GTFS,SOURCE_DATA
1639,Keri Toll Naka,15.6135158538818,74.0744400024414,0,1639,KTCL/Kadamba,Goa KTCL GTFS,SOURCE_DATA
1640,Anjune Dam,15.6157836914063,74.0886383056641,0,1640,KTCL/Kadamba,Goa KTCL GTFS,SOURCE_DATA
1641,Anjune Dam,15.6155624389648,74.0886535644531,0,1641,KTCL/Kadamba,Goa KTCL GTFS,SOURCE_DATA
1642,Chauki,15.6805000305176,74.1764984130859,0,1642,KTCL/Kadamba,Goa KTCL GTFS,SOURCE_DATA
1643,Chauki,15.6803998947144,74.1766967773438,0,1643,KTCL/Kadamba,Goa KTCL GTFS,SOURCE_DATA
1644,Pinguli Titha,15.9767961922,73.7058172226,0,1644,KTCL/Kadamba,Goa KTCL GTFS,SOURCE_DATA
1645,Pinguli Titha,15.9769662851,73.7061350346,0,1645,KTCL/Kadamba,Goa KTCL GTFS,SOURCE_DATA
1647,Vijaydurg,16.5512008666992,73.3386993408203,0,1647,KTCL/Kadamba,Goa KTCL GTFS,SOURCE_DATA
1648,Thane,15.59850025177,74.1383972167969,0,1648,KTCL/Kadamba,Goa KTCL GTFS,SOURCE_DATA
1649,Charavne Titha,15.6150999069214,74.1406021118164,0,1649,KTCL/Kadamba,Goa KTCL GTFS,SOURCE_DATA
1650,Charavne Titha,15.6152000427246,74.1407012939453,0,1650,KTCL/Kadamba,Goa KTCL GTFS,SOURCE_DATA
1651,Thane,15.59850025177,74.1386032104492,0,1651,KTCL/Kadamba,Goa KTCL GTFS,SOURCE_DATA
1652,Hedode Titha,15.5704002380371,74.1355972290039,0,1652,KTCL/Kadamba,Goa KTCL GTFS,SOURCE_DATA
1653,Hedode Titha,15.5704002380371,74.1356964111328,0,1653,KTCL/Kadamba,Goa KTCL GTFS,SOURCE_DATA
1654,Bambar Cross,15.5795001983643,74.19580078125,0,1654,KTCL/Kadamba,Goa KTCL GTFS,SOURCE_DATA
1655,Bambar Cross,15.5795001983643,74.1958999633789,0,1655,KTCL/Kadamba,Goa KTCL GTFS,SOURCE_DATA
1656,Pilgaon,15.5525999069214,73.9505004882813,0,1656,KTCL/Kadamba,Goa KTCL GTFS,SOURCE_DATA
1657,Pilgaon,15.5525999069214,73.9505996704102,0,1657,KTCL/Kadamba,Goa KTCL GTFS,SOURCE_DATA
1658,Barazanwada,15.5778999328613,73.9503021240234,0,1658,KTCL/Kadamba,Goa KTCL GTFS,SOURCE_DATA
1659,Barazanwada,15.5781002044678,73.9503021240234,0,1659,KTCL/Kadamba,Goa KTCL GTFS,SOURCE_DATA
1660,Katarwada,15.5710000991821,73.9536972045898,0,1660,KTCL/Kadamba,Goa KTCL GTFS,SOURCE_DATA
1661,Katarwada,15.5710000991821,73.9537963867188,0,1661,KTCL/Kadamba,Goa KTCL GTFS,SOURCE_DATA
1662,Sarmanus Titha,15.5663003921509,73.9570007324219,0,1662,KTCL/Kadamba,Goa KTCL GTFS,SOURCE_DATA
1665,Mapusa Taar,15.5873069763184,73.8203582763672,0,1665,KTCL/Kadamba,Goa KTCL GTFS,SOURCE_DATA
1666,Mapusa Taar,15.5872430801392,73.8202743530273,0,1666,KTCL/Kadamba,Goa KTCL GTFS,SOURCE_DATA
1667,Saw Mill,15.5893001556396,73.8254013061523,0,1667,KTCL/Kadamba,Goa KTCL GTFS,SOURCE_DATA
1668,Saw Mill,15.5892000198364,73.8255004882813,0,1668,KTCL/Kadamba,Goa KTCL GTFS,SOURCE_DATA
1671,Green Park,15.5742883682251,73.8070831298828,0,1671,KTCL/Kadamba,Goa KTCL GTFS,SOURCE_DATA
1672,Green Park,15.5741472244263,73.8074951171875,0,1672,KTCL/Kadamba,Goa KTCL GTFS,SOURCE_DATA
1673,Moira Bridge,15.5956001281738,73.8322982788086,0,1673,KTCL/Kadamba,Goa KTCL GTFS,SOURCE_DATA
1674,Moira Bridge,15.5954999923706,73.8323974609375,0,1674,KTCL/Kadamba,Goa KTCL GTFS,SOURCE_DATA
1675,Aldona Talyaar,15.5904998779297,73.8631973266602,0,1675,KTCL/Kadamba,Goa KTCL GTFS,SOURCE_DATA
1676,Aldona Talyaar,15.5903997421265,73.8631973266602,0,1676,KTCL/Kadamba,Goa KTCL GTFS,SOURCE_DATA
1677,Church,15.6442003250122,73.8066024780273,0,1677,KTCL/Kadamba,Goa KTCL GTFS,SOURCE_DATA
1678,Church,15.644100189209,73.8067016601563,0,1678,KTCL/Kadamba,Goa KTCL GTFS,SOURCE_DATA
1679,Camurli Panchayat,15.643500328064,73.80419921875,0,1679,KTCL/Kadamba,Goa KTCL GTFS,SOURCE_DATA
1680,Camurli Panchayat,15.6434001922607,73.80419921875,0,1680,KTCL/Kadamba,Goa KTCL GTFS,SOURCE_DATA
1681,Wagali,15.6511001586914,73.7866973876953,0,1681,KTCL/Kadamba,Goa KTCL GTFS,SOURCE_DATA
1682,Wagali,15.651147832,73.7866678238,0,1682,KTCL/Kadamba,Goa KTCL GTFS,SOURCE_DATA
1704,Goljuem,15.5977259533,73.8893940449,0,1704,KTCL/Kadamba,Goa KTCL GTFS,SOURCE_DATA
1705,"Paz, Bicholim",15.5880002975464,73.9445037841797,0,1705,KTCL/Kadamba,Goa KTCL GTFS,SOURCE_DATA
1706,Mayem Lake Titha,15.5839996337891,73.9405975341797,0,1706,KTCL/Kadamba,Goa KTCL GTFS,SOURCE_DATA
1707,Mayem Lake Titha,15.5838003158569,73.940803527832,0,1707,KTCL/Kadamba,Goa KTCL GTFS,SOURCE_DATA
1708,Kelbai Wada,15.5825996398926,73.9303970336914,0,1708,KTCL/Kadamba,Goa KTCL GTFS,SOURCE_DATA
1709,Kelbai Wada,15.5826997756958,73.9302978515625,0,1709,KTCL/Kadamba,Goa KTCL GTFS,SOURCE_DATA
1710,Kumbhar Wada,15.5769996643066,73.9189987182617,0,1710,KTCL/Kadamba,Goa KTCL GTFS,SOURCE_DATA
1711,Kumbhar Wada,15.5770998001099,73.9188995361328,0,1711,KTCL/Kadamba,Goa KTCL GTFS,SOURCE_DATA
1712,Savan Wada,15.5741996765137,73.9067993164063,0,1712,KTCL/Kadamba,Goa KTCL GTFS,SOURCE_DATA
1713,Savan Wada,15.5740995407104,73.9068984985352,0,1713,KTCL/Kadamba,Goa KTCL GTFS,SOURCE_DATA
1714,Chorao,15.5483999252319,73.8961029052734,0,1714,KTCL/Kadamba,Goa KTCL GTFS,SOURCE_DATA
1715,Chorao,15.5485000610352,73.8962020874023,0,1715,KTCL/Kadamba,Goa KTCL GTFS,SOURCE_DATA
1716,Bhavkai,15.5697002410889,73.9066009521484,0,1716,KTCL/Kadamba,Goa KTCL GTFS,SOURCE_DATA
1717,Bhavkai,15.5696001052856,73.9065017700195,0,1717,KTCL/Kadamba,Goa KTCL GTFS,SOURCE_DATA
1718,Murdi/Mudder,15.5557468134,73.910588026,0,1718,KTCL/Kadamba,Goa KTCL GTFS,SOURCE_DATA
1719,Murdi/Mudder,15.55570547,73.9106577635,0,1719,KTCL/Kadamba,Goa KTCL GTFS,SOURCE_DATA
1720,Saud,15.5522003173828,73.8914031982422,0,1720,KTCL/Kadamba,Goa KTCL GTFS,SOURCE_DATA
1721,Saud,15.5525999069214,73.8916015625,0,1721,KTCL/Kadamba,Goa KTCL GTFS,SOURCE_DATA
1722,Dhudsager,15.4083003997803,74.2713012695313,0,1722,KTCL/Kadamba,Goa KTCL GTFS,SOURCE_DATA
1723,Dhudsager,15.4081001281738,74.2712020874023,0,1723,KTCL/Kadamba,Goa KTCL GTFS,SOURCE_DATA
1724,Goa Border,15.4188995361328,74.2695007324219,0,1724,KTCL/Kadamba,Goa KTCL GTFS,SOURCE_DATA
1725,Goa Border,15.4188003540039,74.2695007324219,0,1725,KTCL/Kadamba,Goa KTCL GTFS,SOURCE_DATA
1726,Tuyem Panchayat,15.6665000915527,73.7962036132813,0,1726,KTCL/Kadamba,Goa KTCL GTFS,SOURCE_DATA
1727,Tuyem Panchayat,15.6665000915527,73.7963027954102,0,1727,KTCL/Kadamba,Goa KTCL GTFS,SOURCE_DATA
1728,Bhagvati Mandir,15.671799659729,73.7966995239258,0,1728,KTCL/Kadamba,Goa KTCL GTFS,SOURCE_DATA
1729,Bhagvati Mandir,15.671799659729,73.7967987060547,0,1729,KTCL/Kadamba,Goa KTCL GTFS,SOURCE_DATA
1730,Babucha Gadyar,15.6648998260498,73.77490234375,0,1730,KTCL/Kadamba,Goa KTCL GTFS,SOURCE_DATA
1731,Babucha Gadyar,15.6647996902466,73.77490234375,0,1731,KTCL/Kadamba,Goa KTCL GTFS,SOURCE_DATA
1732,Khenir,15.6300001144409,73.7460021972656,0,1732,KTCL/Kadamba,Goa KTCL GTFS,SOURCE_DATA
1733,Khenir,15.6301002502441,73.7461013793945,0,1733,KTCL/Kadamba,Goa KTCL GTFS,SOURCE_DATA
1734,Morjai Mandir,15.6344995498657,73.7387008666992,0,1734,KTCL/Kadamba,Goa KTCL GTFS,SOURCE_DATA
1735,Morjai Mandir,15.6345996856689,73.7386016845703,0,1735,KTCL/Kadamba,Goa KTCL GTFS,SOURCE_DATA
1736,Morjim School,15.6305999755859,73.7365036010742,0,1736,KTCL/Kadamba,Goa KTCL GTFS,SOURCE_DATA
1737,Morjim School,15.6304998397827,73.7360992431641,0,1737,KTCL/Kadamba,Goa KTCL GTFS,SOURCE_DATA
1738,Morjim Church,15.6270999908447,73.7405014038086,0,1738,KTCL/Kadamba,Goa KTCL GTFS,SOURCE_DATA
1739,Morjim Church,15.6269998550415,73.7405014038086,0,1739,KTCL/Kadamba,Goa KTCL GTFS,SOURCE_DATA
1740,Quitla Jnt.,15.5943177347,73.8742685318,0,1740,KTCL/Kadamba,Goa KTCL GTFS,SOURCE_DATA
1741,Quitla Jnt.,15.5941587987,73.8744026422,0,1741,KTCL/Kadamba,Goa KTCL GTFS,SOURCE_DATA
1742,Corjuve Club,15.5902004241943,73.882698059082,0,1742,KTCL/Kadamba,Goa KTCL GTFS,SOURCE_DATA
1743,Corjuve Club,15.5900840759277,73.8827896118164,0,1743,KTCL/Kadamba,Goa KTCL GTFS,SOURCE_DATA
1744,Podwal,15.5971002578735,73.8912963867188,0,1744,KTCL/Kadamba,Goa KTCL GTFS,SOURCE_DATA
1745,Podwal,15.5970001220703,73.8912963867188,0,1745,KTCL/Kadamba,Goa KTCL GTFS,SOURCE_DATA
1746,Corjuve Fort,15.5959997177124,73.8916015625,0,1746,KTCL/Kadamba,Goa KTCL GTFS,SOURCE_DATA
1747,Corjuve Fort,15.5958995819092,73.8915023803711,0,1747,KTCL/Kadamba,Goa KTCL GTFS,SOURCE_DATA
1748,Chimul Wada,15.5960998535156,73.9007034301758,0,1748,KTCL/Kadamba,Goa KTCL GTFS,SOURCE_DATA
1749,Chimul Wada,15.5958309173584,73.9006805419922,0,1749,KTCL/Kadamba,Goa KTCL GTFS,SOURCE_DATA
1750,Gaonkar Wada,15.5839996337891,73.9113998413086,0,1750,KTCL/Kadamba,Goa KTCL GTFS,SOURCE_DATA
1751,Gaonkar Wada,15.5837659835815,73.9113082885742,0,1751,KTCL/Kadamba,Goa KTCL GTFS,SOURCE_DATA
1752,Haturli,15.5586996078491,73.9163970947266,0,1752,KTCL/Kadamba,Goa KTCL GTFS,SOURCE_DATA
1753,Haturli,15.5586004257202,73.9164962768555,0,1753,KTCL/Kadamba,Goa KTCL GTFS,SOURCE_DATA
1754,Haturli Math,15.5616998672485,73.9203033447266,0,1754,KTCL/Kadamba,Goa KTCL GTFS,SOURCE_DATA
1755,Haturli Math,15.5616998672485,73.9204025268555,0,1755,KTCL/Kadamba,Goa KTCL GTFS,SOURCE_DATA
1759,Curchorem Railway Station,15.2639999389648,74.1084976196289,0,1759,KTCL/Kadamba,Goa KTCL GTFS,SOURCE_DATA
1762,Bandoli,15.2957000732422,74.1352996826172,0,1762,KTCL/Kadamba,Goa KTCL GTFS,SOURCE_DATA
1763,Bandoli,15.2960996627808,74.1352005004883,0,1763,KTCL/Kadamba,Goa KTCL GTFS,SOURCE_DATA
1765,Periudak,15.2887001037598,74.1320037841797,0,1765,KTCL/Kadamba,Goa KTCL GTFS,SOURCE_DATA
1766,Periudak,15.2885999679565,74.1322021484375,0,1766,KTCL/Kadamba,Goa KTCL GTFS,SOURCE_DATA
1769,"Shivaji Chowk, Kakoda",15.2579002380371,74.1107025146484,0,1769,KTCL/Kadamba,Goa KTCL GTFS,SOURCE_DATA
1770,"Shivaji Chowk, Kakoda",15.2580003738403,74.1106033325195,0,1770,KTCL/Kadamba,Goa KTCL GTFS,SOURCE_DATA
1773,Curchorem Railway Station,15.2639999389648,74.1085968017578,0,1773,KTCL/Kadamba,Goa KTCL GTFS,SOURCE_DATA
1776,Guddemol,15.2794878777,74.1265878677,0,1776,KTCL/Kadamba,Goa KTCL GTFS,SOURCE_DATA
1777,Guddemol,15.2796361305,74.1259336472,0,1777,KTCL/Kadamba,Goa KTCL GTFS,SOURCE_DATA
1778,Ambeudak,15.289999961853,74.1490020751953,0,1778,KTCL/Kadamba,Goa KTCL GTFS,SOURCE_DATA
1779,Ambeudak,15.2898998260498,74.1490020751953,0,1779,KTCL/Kadamba,Goa KTCL GTFS,SOURCE_DATA
1780,Kalay,15.2934999465942,74.184196472168,0,1780,KTCL/Kadamba,Goa KTCL GTFS,SOURCE_DATA
1781,Kalay,15.2934904098511,74.1842727661133,0,1781,KTCL/Kadamba,Goa KTCL GTFS,SOURCE_DATA
1782,Ambedkar Chowk,15.2587451934814,74.1053924560547,0,1782,KTCL/Kadamba,Goa KTCL GTFS,SOURCE_DATA
1783,Ambedkar Chowk,15.2586069107056,74.1054992675781,0,1783,KTCL/Kadamba,Goa KTCL GTFS,SOURCE_DATA
1785,Kucheli Charrasta,15.6155996322632,73.8143005371094,0,1785,KTCL/Kadamba,Goa KTCL GTFS,SOURCE_DATA
1786,Vhavti,15.5975999832153,73.9786987304688,0,1786,KTCL/Kadamba,Goa KTCL GTFS,SOURCE_DATA
1787,Vhavti,15.5974998474121,73.9787979125977,0,1787,KTCL/Kadamba,Goa KTCL GTFS,SOURCE_DATA
1788,Dhandar wada,15.59850025177,73.9931030273438,0,1788,KTCL/Kadamba,Goa KTCL GTFS,SOURCE_DATA
1789,Dhandar Wada,15.5986003875732,73.9931030273438,0,1789,KTCL/Kadamba,Goa KTCL GTFS,SOURCE_DATA
1790,Old Goa Bypass Juction,15.4993619918823,73.9136581420898,0,1790,KTCL/Kadamba,Goa KTCL GTFS,SOURCE_DATA
1791,Old Goa Bypass Juction,15.4991160143,73.9138104916,0,1791,KTCL/Kadamba,Goa KTCL GTFS,SOURCE_DATA
1792,Safa Masjid,15.4058175491,73.9996461868,0,1792,KTCL/Kadamba,Goa KTCL GTFS,SOURCE_DATA
1793,Naga Masjid,15.4064998626709,74.0070037841797,0,1793,KTCL/Kadamba,Goa KTCL GTFS,SOURCE_DATA
1794,Naga Masjid,15.4060349158,74.0071083308,0,1794,KTCL/Kadamba,Goa KTCL GTFS,SOURCE_DATA
1795,Sanjivani Sugar Factory,15.4028997421265,74.0970993041992,0,1795,KTCL/Kadamba,Goa KTCL GTFS,SOURCE_DATA
1796,Sanjivani Sugar Factory,15.4026002883911,74.0966033935547,0,1796,KTCL/Kadamba,Goa KTCL GTFS,SOURCE_DATA
1798,Khanapur Market,15.6384000778198,74.5058975219727,0,1798,KTCL/Kadamba,Goa KTCL GTFS,SOURCE_DATA
1799,Khanapur Market,15.638500213623,74.506103515625,0,1799,KTCL/Kadamba,Goa KTCL GTFS,SOURCE_DATA
1800,Belgavi CBT KSRTC,15.8615999221802,74.5202026367188,0,1800,KTCL/Kadamba,Goa KTCL GTFS,SOURCE_DATA
1801,Belgavi Railway Bus Stand,15.8496999740601,74.5085983276367,0,1801,KTCL/Kadamba,Goa KTCL GTFS,SOURCE_DATA
1802,Piranwadi Junction,15.8044004440308,74.4832000732422,0,1802,KTCL/Kadamba,Goa KTCL GTFS,SOURCE_DATA
1803,Piranwadi Junction,15.8044004440308,74.4835968017578,0,1803,KTCL/Kadamba,Goa KTCL GTFS,SOURCE_DATA
1804,Udyambag,15.8159999847412,74.4909973144531,0,1804,KTCL/Kadamba,Goa KTCL GTFS,SOURCE_DATA
1805,Udyambag,15.8157997131348,74.4913024902344,0,1805,KTCL/Kadamba,Goa KTCL GTFS,SOURCE_DATA
1806,Tilakwadi 3rd Gate,15.8274002075195,74.4991989135742,0,1806,KTCL/Kadamba,Goa KTCL GTFS,SOURCE_DATA
1807,Tilakwadi 3rd Gate,15.8271999359131,74.4994964599609,0,1807,KTCL/Kadamba,Goa KTCL GTFS,SOURCE_DATA
1808,Tilakwadi 2nd Gate,15.832200050354,74.5,0,1808,KTCL/Kadamba,Goa KTCL GTFS,SOURCE_DATA
1809,Tilakwadi 2nd Gate,15.832200050354,74.5002975463867,0,1809,KTCL/Kadamba,Goa KTCL GTFS,SOURCE_DATA
1810,Tilakwadi 1st Gate,15.8374996185303,74.5011978149414,0,1810,KTCL/Kadamba,Goa KTCL GTFS,SOURCE_DATA
1811,Tilakwadi 1st Gate,15.8374004364014,74.5015029907227,0,1811,KTCL/Kadamba,Goa KTCL GTFS,SOURCE_DATA
1812,Dhat Farm,15.3704996109009,74.2121963500977,0,1812,KTCL/Kadamba,Goa KTCL GTFS,SOURCE_DATA
1813,Dhat Farm,15.370400428772,74.2126998901367,0,1813,KTCL/Kadamba,Goa KTCL GTFS,SOURCE_DATA
1814,Danoli,15.9348001480103,73.9589996337891,0,1814,KTCL/Kadamba,Goa KTCL GTFS,SOURCE_DATA
1815,Danoli,15.9345998764038,73.9589004516602,0,1815,KTCL/Kadamba,Goa KTCL GTFS,SOURCE_DATA
1816,Amboli S T Bus Stand,15.96399974823,73.9998016357422,0,1816,KTCL/Kadamba,Goa KTCL GTFS,SOURCE_DATA
1817,Azra Phata,16.0030002593994,74.043701171875,0,1817,KTCL/Kadamba,Goa KTCL GTFS,SOURCE_DATA
1818,Azra Phata,16.0027008056641,74.0436019897461,0,1818,KTCL/Kadamba,Goa KTCL GTFS,SOURCE_DATA
1819,Kanur Khurd,15.9646997451782,74.1104965209961,0,1819,KTCL/Kadamba,Goa KTCL GTFS,SOURCE_DATA
1820,Kanur Khurd,15.9643001556396,74.1106033325195,0,1820,KTCL/Kadamba,Goa KTCL GTFS,SOURCE_DATA
1821,Chandgad Phata,15.9708003997803,74.1812973022461,0,1821,KTCL/Kadamba,Goa KTCL GTFS,SOURCE_DATA
1822,Chandgad Phata,15.9708995819092,74.1808013916016,0,1822,KTCL/Kadamba,Goa KTCL GTFS,SOURCE_DATA
1823,Naganwadi,15.9337854941,74.2301614285,0,1823,KTCL/Kadamba,Goa KTCL GTFS,SOURCE_DATA
1824,Naganwadi,15.9336380697,74.2300584316,0,1824,KTCL/Kadamba,Goa KTCL GTFS,SOURCE_DATA
1825,Patne Phata,15.9073297639,74.3140921593,0,1825,KTCL/Kadamba,Goa KTCL GTFS,SOURCE_DATA
1826,Patne Phata,15.9070997238159,74.313102722168,0,1826,KTCL/Kadamba,Goa KTCL GTFS,SOURCE_DATA
1827,Halkarni Phata,15.9095001220703,74.3074035644531,0,1827,KTCL/Kadamba,Goa KTCL GTFS,SOURCE_DATA
1828,Halkarni Phata,15.9095001220703,74.3070983886719,0,1828,KTCL/Kadamba,Goa KTCL GTFS,SOURCE_DATA
1829,Shinoli,15.8719997406006,74.3951034545898,0,1829,KTCL/Kadamba,Goa KTCL GTFS,SOURCE_DATA
1830,Shinoli,15.8718996047974,74.3947982788086,0,1830,KTCL/Kadamba,Goa KTCL GTFS,SOURCE_DATA
1835,Church Square A,15.4982004165649,73.8291015625,0,1835,KTCL/Kadamba,Goa KTCL GTFS,SOURCE_DATA
1836,Church Square B,15.4982004165649,73.8289031982422,0,1836,KTCL/Kadamba,Goa KTCL GTFS,SOURCE_DATA
1837,Portuguese Consulate B,15.4951620546229,73.8273304700851,0,1837,KTCL/Kadamba,Goa KTCL GTFS,SOURCE_DATA
1839,All India Radio B,15.492600440979,73.8242034912109,0,1839,KTCL/Kadamba,Goa KTCL GTFS,SOURCE_DATA
1840,Doordarshan Goa A,15.4905820172802,73.8242802620123,0,1840,KTCL/Kadamba,Goa KTCL GTFS,SOURCE_DATA
1841,Polytechnic,15.485032081604,73.8241424560547,0,1841,KTCL/Kadamba,Goa KTCL GTFS,SOURCE_DATA
1842,Polytechnic,15.4867506027222,73.8241348266602,0,1842,KTCL/Kadamba,Goa KTCL GTFS,SOURCE_DATA
1845,Betim Ferry,15.5059003829956,73.8262023925781,0,1845,KTCL/Kadamba,Goa KTCL GTFS,SOURCE_DATA
1846,Verem Market,15.5080003738403,73.8097991943359,0,1846,KTCL/Kadamba,Goa KTCL GTFS,SOURCE_DATA
1849,Saipem,15.5181999206543,73.7993011474609,0,1849,KTCL/Kadamba,Goa KTCL GTFS,SOURCE_DATA
1850,Saipem,15.5179004669189,73.7993011474609,0,1850,KTCL/Kadamba,Goa KTCL GTFS,SOURCE_DATA
1851,Orda Candolim,15.5173997879028,73.7957000732422,0,1851,KTCL/Kadamba,Goa KTCL GTFS,SOURCE_DATA
1852,Orda Candolim,15.5172004699707,73.7954025268555,0,1852,KTCL/Kadamba,Goa KTCL GTFS,SOURCE_DATA
1853,Chauranganath Mandir,15.5770998001099,73.7606964111328,0,1853,KTCL/Kadamba,Goa KTCL GTFS,SOURCE_DATA
1854,Chauranganath Mandir,15.5770998001099,73.7609024047852,0,1854,KTCL/Kadamba,Goa KTCL GTFS,SOURCE_DATA
1855,Ajgao,15.7749004364014,73.6925964355469,0,1855,KTCL/Kadamba,Goa KTCL GTFS,SOURCE_DATA
1856,Ajgao,15.7749004364014,73.6923980712891,0,1856,KTCL/Kadamba,Goa KTCL GTFS,SOURCE_DATA
1857,Shiroda Bus Stand MSRTC,15.7712001800537,73.6837997436523,0,1857,KTCL/Kadamba,Goa KTCL GTFS,SOURCE_DATA
1858,Shiroda Bus Stand MSRTC,15.7712001800537,73.6837005615234,0,1858,KTCL/Kadamba,Goa KTCL GTFS,SOURCE_DATA
1859,Arawli,15.7836999893188,73.6629028320313,0,1859,KTCL/Kadamba,Goa KTCL GTFS,SOURCE_DATA
1860,Arawli,15.7838001251221,73.6630020141602,0,1860,KTCL/Kadamba,Goa KTCL GTFS,SOURCE_DATA
1861,Mochemad,15.8051996231079,73.6555023193359,0,1861,KTCL/Kadamba,Goa KTCL GTFS,SOURCE_DATA
1862,Mochemad,15.8052997589111,73.6552963256836,0,1862,KTCL/Kadamba,Goa KTCL GTFS,SOURCE_DATA
1863,Shala No. 3,15.8249998092651,73.6411972045898,0,1863,KTCL/Kadamba,Goa KTCL GTFS,SOURCE_DATA
1864,Shala No.3,15.8253002166748,73.6411972045898,0,1864,KTCL/Kadamba,Goa KTCL GTFS,SOURCE_DATA
1865,Malewad,15.7856998443604,73.739501953125,0,1865,KTCL/Kadamba,Goa KTCL GTFS,SOURCE_DATA
1866,Malewad,15.7859476252,73.7391586304,0,1866,KTCL/Kadamba,Goa KTCL GTFS,SOURCE_DATA
1867,Vanan,15.6103193194,73.9595503807,0,1867,KTCL/Kadamba,Goa KTCL GTFS,SOURCE_DATA
1868,Maulinguen Cross,15.6149997711182,73.9732971191406,0,1868,KTCL/Kadamba,Goa KTCL GTFS,SOURCE_DATA
1869,Lakhere,15.6063995361328,73.956298828125,0,1869,KTCL/Kadamba,Goa KTCL GTFS,SOURCE_DATA
1870,Lakhere,15.6065654754639,73.9561462402344,0,1870,KTCL/Kadamba,Goa KTCL GTFS,SOURCE_DATA
1871,Vanan,15.6104466794,73.9592312574,0,1871,KTCL/Kadamba,Goa KTCL GTFS,SOURCE_DATA
1874,Golauli,15.6245002746582,74.1592025756836,0,1874,KTCL/Kadamba,Goa KTCL GTFS,SOURCE_DATA
1875,Aronda Titha,15.7482995986938,73.6854019165039,0,1875,KTCL/Kadamba,Goa KTCL GTFS,SOURCE_DATA
1876,Aronda Titha,15.7486000061035,73.685302734375,0,1876,KTCL/Kadamba,Goa KTCL GTFS,SOURCE_DATA
1879,"Garudi Mandir, Aronda",15.7407999038696,73.6857986450195,0,1879,KTCL/Kadamba,Goa KTCL GTFS,SOURCE_DATA
1880,"Garudi Mandir, Aronda",15.7406997680664,73.6856002807617,0,1880,KTCL/Kadamba,Goa KTCL GTFS,SOURCE_DATA
1881,Tiracol,15.7232999801636,73.6897964477539,0,1881,KTCL/Kadamba,Goa KTCL GTFS,SOURCE_DATA
1882,Tiracol,15.7232999801636,73.6900024414063,0,1882,KTCL/Kadamba,Goa KTCL GTFS,SOURCE_DATA
1883,Sangolda,15.5373001098633,73.8188018798828,0,1883,KTCL/Kadamba,Goa KTCL GTFS,SOURCE_DATA
1884,Malar,15.5288000106812,73.9136962890625,0,1884,KTCL/Kadamba,Goa KTCL GTFS,SOURCE_DATA
1885,Malar,15.5283002853394,73.9136962890625,0,1885,KTCL/Kadamba,Goa KTCL GTFS,SOURCE_DATA
1886,Ghodemukh,15.8261003494263,73.7464981079102,0,1886,KTCL/Kadamba,Goa KTCL GTFS,SOURCE_DATA
1887,Ghodemukh,15.8261995315552,73.747200012207,0,1887,KTCL/Kadamba,Goa KTCL GTFS,SOURCE_DATA
1888,Nhaveli,15.8336000442505,73.7642974853515,0,1888,KTCL/Kadamba,Goa KTCL GTFS,SOURCE_DATA
1889,Nhaveli,15.8336000442505,73.7645034790039,0,1889,KTCL/Kadamba,Goa KTCL GTFS,SOURCE_DATA
1890,Nirawade,15.870970641,73.7821667194,0,1890,KTCL/Kadamba,Goa KTCL GTFS,SOURCE_DATA
1891,Nirawade,15.8705839258,73.782235384,0,1891,KTCL/Kadamba,Goa KTCL GTFS,SOURCE_DATA
1892,Vetal Bambarde,16.0485000610352,73.7054977416992,0,1892,KTCL/Kadamba,Goa KTCL GTFS,SOURCE_DATA
1893,Vetal Bambarde,16.0485992431641,73.7057037353516,0,1893,KTCL/Kadamba,Goa KTCL GTFS,SOURCE_DATA
1894,Naibag,15.729100227356,73.7938003540039,0,1894,KTCL/Kadamba,Goa KTCL GTFS,SOURCE_DATA
1895,Naibag,15.7287998199463,73.793701171875,0,1895,KTCL/Kadamba,Goa KTCL GTFS,SOURCE_DATA
1896,Naguem,15.5262002944946,74.1167984008789,0,1896,KTCL/Kadamba,Goa KTCL GTFS,SOURCE_DATA
1897,Naguem,15.5261001586914,74.1169967651367,0,1897,KTCL/Kadamba,Goa KTCL GTFS,SOURCE_DATA
1898,Udalshe,15.4154996871948,74.1539993286133,0,1898,KTCL/Kadamba,Goa KTCL GTFS,SOURCE_DATA
1899,Udalshe,15.4153003692627,74.1539993286133,0,1899,KTCL/Kadamba,Goa KTCL GTFS,SOURCE_DATA
1900,Amthane,15.663800239563,73.9078979492188,0,1900,KTCL/Kadamba,Goa KTCL GTFS,SOURCE_DATA
1901,Amthane,15.6637227616,73.9078872204,0,1901,KTCL/Kadamba,Goa KTCL GTFS,SOURCE_DATA
1903,Bimbal,15.4821996688843,74.1511001586914,0,1903,KTCL/Kadamba,Goa KTCL GTFS,SOURCE_DATA
1904,Gawane,15.4636001586914,74.1760025024414,0,1904,KTCL/Kadamba,Goa KTCL GTFS,SOURCE_DATA
1905,Xelape,15.4789263859,74.1631088257,0,1905,KTCL/Kadamba,Goa KTCL GTFS,SOURCE_DATA
1906,Aradi,15.5537004470825,73.8299026489258,0,1906,KTCL/Kadamba,Goa KTCL GTFS,SOURCE_DATA
1907,Canca,15.5837001800537,73.8028030395508,0,1907,KTCL/Kadamba,Goa KTCL GTFS,SOURCE_DATA
1908,Canca,15.5838003158569,73.8032989501953,0,1908,KTCL/Kadamba,Goa KTCL GTFS,SOURCE_DATA
1909,Korgao Wada,15.7003002166748,73.779899597168,0,1909,KTCL/Kadamba,Goa KTCL GTFS,SOURCE_DATA
1910,Korgao Wada,15.7002000808716,73.779899597168,0,1910,KTCL/Kadamba,Goa KTCL GTFS,SOURCE_DATA
1911,Kapileshwar,15.3916997909546,73.9894027709961,0,1911,KTCL/Kadamba,Goa KTCL GTFS,SOURCE_DATA
1912,Kapileshwar,15.3915996551514,73.9894027709961,0,1912,KTCL/Kadamba,Goa KTCL GTFS,SOURCE_DATA
1913,Adpai,15.3732004165649,73.9676971435547,0,1913,KTCL/Kadamba,Goa KTCL GTFS,SOURCE_DATA
1914,Adpai,15.3730001449585,73.9677963256836,0,1914,KTCL/Kadamba,Goa KTCL GTFS,SOURCE_DATA
1915,"Keri, Don Maad",15.6134004592896,74.0703964233398,0,1915,KTCL/Kadamba,Goa KTCL GTFS,SOURCE_DATA
1916,"Keri, Don Maad",15.6133003234863,74.0705032348633,0,1916,KTCL/Kadamba,Goa KTCL GTFS,SOURCE_DATA
1917,Jamblikade,15.6056003570557,74.1027984619141,0,1917,KTCL/Kadamba,Goa KTCL GTFS,SOURCE_DATA
1918,Jamblikade,15.6057140237,74.1028735638,0,1918,KTCL/Kadamba,Goa KTCL GTFS,SOURCE_DATA
1919,Charavne Wadyar,15.6274995803833,74.1191024780273,0,1919,KTCL/Kadamba,Goa KTCL GTFS,SOURCE_DATA
1920,Charavne Wadyar,15.6274003982544,74.1194000244141,0,1920,KTCL/Kadamba,Goa KTCL GTFS,SOURCE_DATA
1921,Shirshire,15.3681001663208,74.0044021606445,0,1921,KTCL/Kadamba,Goa KTCL GTFS,SOURCE_DATA
1922,Tamsule,15.5125570297241,73.9717025756836,0,1922,KTCL/Kadamba,Goa KTCL GTFS,SOURCE_DATA
1923,Tamsule,15.512375831604,73.9718246459961,0,1923,KTCL/Kadamba,Goa KTCL GTFS,SOURCE_DATA
1924,Gimone,15.5096998214722,73.9738006591797,0,1924,KTCL/Kadamba,Goa KTCL GTFS,SOURCE_DATA
1925,Gimone,15.5094995498657,73.9737014770508,0,1925,KTCL/Kadamba,Goa KTCL GTFS,SOURCE_DATA
1926,Dhamsare,15.507399559021,73.9766998291016,0,1926,KTCL/Kadamba,Goa KTCL GTFS,SOURCE_DATA
1927,Dhamsare,15.5071001052856,73.9766006469727,0,1927,KTCL/Kadamba,Goa KTCL GTFS,SOURCE_DATA
1928,Palsare,15.5008001327515,73.9831008911133,0,1928,KTCL/Kadamba,Goa KTCL GTFS,SOURCE_DATA
1929,Palsare,15.5003995895386,73.9829025268555,0,1929,KTCL/Kadamba,Goa KTCL GTFS,SOURCE_DATA
1930,Amadi,15.4751996994019,73.9898986816406,0,1930,KTCL/Kadamba,Goa KTCL GTFS,SOURCE_DATA
1931,Amadi,15.4749029585,73.9895503521,0,1931,KTCL/Kadamba,Goa KTCL GTFS,SOURCE_DATA
1932,Betora Gram Panchayay,15.3864002227783,74.0431976318359,0,1932,KTCL/Kadamba,Goa KTCL GTFS,SOURCE_DATA
1933,Betora Gram Panchayay,15.3868999481201,74.0438003540039,0,1933,KTCL/Kadamba,Goa KTCL GTFS,SOURCE_DATA
1934,Chafegal,15.3828001022339,74.0531005859375,0,1934,KTCL/Kadamba,Goa KTCL GTFS,SOURCE_DATA
1935,Chafegal,15.3823003768921,74.0525970458984,0,1935,KTCL/Kadamba,Goa KTCL GTFS,SOURCE_DATA
1936,Gaular,15.3775997161865,74.0561981201172,0,1936,KTCL/Kadamba,Goa KTCL GTFS,SOURCE_DATA
1937,Gaular,15.377200126648,74.0559005737305,0,1937,KTCL/Kadamba,Goa KTCL GTFS,SOURCE_DATA
1938,Raj Bhavan,15.4626998901367,73.7883987426758,0,1938,KTCL/Kadamba,Goa KTCL GTFS,SOURCE_DATA
1939,Usgao,15.4436206817627,74.064437866211,0,1939,KTCL/Kadamba,Goa KTCL GTFS,SOURCE_DATA
1940,Usgao,15.4432001113892,74.0643997192383,0,1940,KTCL/Kadamba,Goa KTCL GTFS,SOURCE_DATA
1941,Shirsode,15.4697854575,74.1714248657,0,1941,KTCL/Kadamba,Goa KTCL GTFS,SOURCE_DATA
1942,Betki Hospital,15.5142002105713,73.9787979125977,0,1942,KTCL/Kadamba,Goa KTCL GTFS,SOURCE_DATA
1943,Betki Hospital,15.5141000747681,73.9787979125977,0,1943,KTCL/Kadamba,Goa KTCL GTFS,SOURCE_DATA
1944,Savoi,15.4877004623413,74.0094985961914,0,1944,KTCL/Kadamba,Goa KTCL GTFS,SOURCE_DATA
1945,Savoi,15.4875001907349,74.0094985961914,0,1945,KTCL/Kadamba,Goa KTCL GTFS,SOURCE_DATA
1946,Kalmamal,15.3683004379272,74.00830078125,0,1946,KTCL/Kadamba,Goa KTCL GTFS,SOURCE_DATA
1947,Kalmamal,15.3683004379272,74.0084991455078,0,1947,KTCL/Kadamba,Goa KTCL GTFS,SOURCE_DATA
1948,Sarvan,15.5701999664307,73.9676971435547,0,1948,KTCL/Kadamba,Goa KTCL GTFS,SOURCE_DATA
1949,Sarvan,15.5698003768921,73.9675979614258,0,1949,KTCL/Kadamba,Goa KTCL GTFS,SOURCE_DATA
1950,Karapur,15.5569000244141,73.9769973754883,0,1950,KTCL/Kadamba,Goa KTCL GTFS,SOURCE_DATA
1951,Karapur,15.5567998886108,73.9768981933594,0,1951,KTCL/Kadamba,Goa KTCL GTFS,SOURCE_DATA
1952,Kharekhajan,15.5564002990723,73.9989013671875,0,1952,KTCL/Kadamba,Goa KTCL GTFS,SOURCE_DATA
1953,Kharekhajan,15.556300163269,73.9989013671875,0,1953,KTCL/Kadamba,Goa KTCL GTFS,SOURCE_DATA
1954,"Sesa Goa, Amona",15.5298004150391,73.9916000366211,0,1954,KTCL/Kadamba,Goa KTCL GTFS,SOURCE_DATA
1955,"Sesa Goa, Amona",15.5295000076294,73.9914016723633,0,1955,KTCL/Kadamba,Goa KTCL GTFS,SOURCE_DATA
1956,WALPE,15.692530632019,73.827766418457,0,1956,KTCL/Kadamba,Goa KTCL GTFS,SOURCE_DATA
1957,WALPE,15.6923017501831,73.8274536132813,0,1957,KTCL/Kadamba,Goa KTCL GTFS,SOURCE_DATA
1958,"Ambeshwar Temple,Sangolda",15.5355997085571,73.8206024169922,0,1958,KTCL/Kadamba,Goa KTCL GTFS,SOURCE_DATA
1959,"Ambeshwar Temple,Sangolda",15.5354704979,73.8205326796,0,1959,KTCL/Kadamba,Goa KTCL GTFS,SOURCE_DATA
1960,"Aradi, Saligao",15.5414590835571,73.7694702148438,0,1960,KTCL/Kadamba,Goa KTCL GTFS,SOURCE_DATA
1961,Malem,15.5058088302612,73.8359909057617,0,1961,KTCL/Kadamba,Goa KTCL GTFS,SOURCE_DATA
1962,Malem,15.5057001113892,73.8357009887695,0,1962,KTCL/Kadamba,Goa KTCL GTFS,SOURCE_DATA
1963,Gulyakade,15.5312004089,73.8246994019,0,1963,KTCL/Kadamba,Goa KTCL GTFS,SOURCE_DATA
1964,Mahakhazan,15.6536998748779,73.8380966186523,0,1964,KTCL/Kadamba,Goa KTCL GTFS,SOURCE_DATA
1965,Mahakhazan,15.6536998748779,73.8384017944336,0,1965,KTCL/Kadamba,Goa KTCL GTFS,SOURCE_DATA
1966,Moitem,15.6248998641968,73.9049987792969,0,1966,KTCL/Kadamba,Goa KTCL GTFS,SOURCE_DATA
1967,Moitem,15.6247997283936,73.9050979614258,0,1967,KTCL/Kadamba,Goa KTCL GTFS,SOURCE_DATA
1968,Marico,15.4370002746582,74.0406036376953,0,1968,KTCL/Kadamba,Goa KTCL GTFS,SOURCE_DATA
1969,Marico,15.436900138855,74.0407028198242,0,1969,KTCL/Kadamba,Goa KTCL GTFS,SOURCE_DATA
1970,Talaulim,15.3806019739,73.9797335863,0,1970,KTCL/Kadamba,Goa KTCL GTFS,SOURCE_DATA
1971,Talaulim,15.3806692137,73.9799455404,0,1971,KTCL/Kadamba,Goa KTCL GTFS,SOURCE_DATA
1972,Agastipur Shimer,15.3899002075195,73.9609985351563,0,1972,KTCL/Kadamba,Goa KTCL GTFS,SOURCE_DATA
1973,Agastipur Shimer,15.3899002075195,73.9610977172852,0,1973,KTCL/Kadamba,Goa KTCL GTFS,SOURCE_DATA
1974,Kavlem,15.3964004516602,73.9860000610352,0,1974,KTCL/Kadamba,Goa KTCL GTFS,SOURCE_DATA
1975,Sateribhat,15.4875001907349,74.0110015869141,0,1975,KTCL/Kadamba,Goa KTCL GTFS,SOURCE_DATA
1976,Sateribhat,15.4874000549316,74.0110015869141,0,1976,KTCL/Kadamba,Goa KTCL GTFS,SOURCE_DATA
1977,Koner,15.4856996536255,74.013801574707,0,1977,KTCL/Kadamba,Goa KTCL GTFS,SOURCE_DATA
1978,Koner,15.4856004714966,74.013801574707,0,1978,KTCL/Kadamba,Goa KTCL GTFS,SOURCE_DATA
1979,Siolim Bridge,15.631217956543,73.7599945068359,0,1979,KTCL/Kadamba,Goa KTCL GTFS,SOURCE_DATA
1980,Siolim Bridge,15.6311101913452,73.7598114013672,0,1980,KTCL/Kadamba,Goa KTCL GTFS,SOURCE_DATA
1981,Cacoda (ITI College),15.2498998641968,74.1140975952148,0,1981,KTCL/Kadamba,Goa KTCL GTFS,SOURCE_DATA
1982,Cacoda (ITI College),15.2496995926,74.1140198708,0,1982,KTCL/Kadamba,Goa KTCL GTFS,SOURCE_DATA
1983,Solye,15.3773760012,74.1493961811,0,1983,KTCL/Kadamba,Goa KTCL GTFS,SOURCE_DATA
1984,Bambolim Cross,15.4527082443237,73.863899230957,0,1984,KTCL/Kadamba,Goa KTCL GTFS,SOURCE_DATA
1985,Bambolim Cross,15.4520721435547,73.864273071289,0,1985,KTCL/Kadamba,Goa KTCL GTFS,SOURCE_DATA
1987,Oshalbag,15.6881999969482,73.8291015625,0,1987,KTCL/Kadamba,Goa KTCL GTFS,SOURCE_DATA
1988,Oshalbag,15.6881999969482,73.8292999267578,0,1988,KTCL/Kadamba,Goa KTCL GTFS,SOURCE_DATA
1989,"Shantadurga Temple, Khandepar",15.4327001571655,74.0398025512695,0,1989,KTCL/Kadamba,Goa KTCL GTFS,SOURCE_DATA
1990,"Murdi, Khandepar",15.442099571228,74.0352020263672,0,1990,KTCL/Kadamba,Goa KTCL GTFS,SOURCE_DATA
1991,Aros Titha,15.7713003158569,73.7626037597656,0,1991,KTCL/Kadamba,Goa KTCL GTFS,SOURCE_DATA
1992,Aros Titha,15.7712001800537,73.7631988525391,0,1992,KTCL/Kadamba,Goa KTCL GTFS,SOURCE_DATA
1993,Pandur,16.0685997009277,73.7092971801758,0,1993,KTCL/Kadamba,Goa KTCL GTFS,SOURCE_DATA
1994,Pandur,16.0685005187988,73.7093963623047,0,1994,KTCL/Kadamba,Goa KTCL GTFS,SOURCE_DATA
1995,Humarmala,16.0872993469238,73.7083969116211,0,1995,KTCL/Kadamba,Goa KTCL GTFS,SOURCE_DATA
1996,Humarmala,16.0870990753174,73.7086029052734,0,1996,KTCL/Kadamba,Goa KTCL GTFS,SOURCE_DATA
1997,Pawashi,16.0277996063232,73.6995010375977,0,1997,KTCL/Kadamba,Goa KTCL GTFS,SOURCE_DATA
1998,Humarmala College,16.0956001281738,73.7063980102539,0,1998,KTCL/Kadamba,Goa KTCL GTFS,SOURCE_DATA
1999,"Jijamata, Oras",16.1039009094238,73.7089004516602,0,1999,KTCL/Kadamba,Goa KTCL GTFS,SOURCE_DATA
2000,Jaitapkar Colony,16.1249008178711,73.7048034667969,0,2000,KTCL/Kadamba,Goa KTCL GTFS,SOURCE_DATA
2001,Kasal School,16.152099609375,73.690299987793,0,2001,KTCL/Kadamba,Goa KTCL GTFS,SOURCE_DATA
2002,Kharyewadi,16.1299991607666,73.7048034667969,0,2002,KTCL/Kadamba,Goa KTCL GTFS,SOURCE_DATA
2003,Padve,16.1319007873535,73.677001953125,0,2003,KTCL/Kadamba,Goa KTCL GTFS,SOURCE_DATA
2004,Ranbambuli,16.1201992034912,73.6753997802734,0,2004,KTCL/Kadamba,Goa KTCL GTFS,SOURCE_DATA
2005,Sukalwad,16.1100006103516,73.6668014526367,0,2005,KTCL/Kadamba,Goa KTCL GTFS,SOURCE_DATA
2006,Gawrai,16.1042003631592,73.6598968505859,0,2006,KTCL/Kadamba,Goa KTCL GTFS,SOURCE_DATA
2007,Sawarwad,16.0916004180908,73.6448974609375,0,2007,KTCL/Kadamba,Goa KTCL GTFS,SOURCE_DATA
2008,Katta,16.0858993530273,73.6211013793945,0,2008,KTCL/Kadamba,Goa KTCL GTFS,SOURCE_DATA
2009,Kunkavle,16.0897998809814,73.5811004638672,0,2009,KTCL/Kadamba,Goa KTCL GTFS,SOURCE_DATA
2010,Nangarbhat,16.0786991119385,73.5659027099609,0,2010,KTCL/Kadamba,Goa KTCL GTFS,SOURCE_DATA
2011,Anandvhal/Govekar Dukan,16.0597991943359,73.5008010864258,0,2011,KTCL/Kadamba,Goa KTCL GTFS,SOURCE_DATA
2012,"Goa Dairy, Curti",15.4141263961792,74.0163726806641,0,2012,KTCL/Kadamba,Goa KTCL GTFS,SOURCE_DATA
2013,Osargaon,16.1851997375488,73.7005996704102,0,2013,KTCL/Kadamba,Goa KTCL GTFS,SOURCE_DATA
2014,Humarat,16.292014984,73.7318191528,0,2014,KTCL/Kadamba,Goa KTCL GTFS,SOURCE_DATA
2015,Girye,16.5002002716064,73.3460998535156,0,2015,KTCL/Kadamba,Goa KTCL GTFS,SOURCE_DATA
2016,Rameshwar,16.5296001434326,73.3367004394531,0,2016,KTCL/Kadamba,Goa KTCL GTFS,SOURCE_DATA
2017,Tambdi Surla,15.4395999908447,74.252197265625,0,2017,KTCL/Kadamba,Goa KTCL GTFS,SOURCE_DATA
2018,Usap,15.6519002914429,73.9244995117188,0,2018,KTCL/Kadamba,Goa KTCL GTFS,SOURCE_DATA
2019,Nanachipani,15.7271003723145,73.8397979736328,0,2019,KTCL/Kadamba,Goa KTCL GTFS,SOURCE_DATA
2020,Priol,15.4368000030518,73.9963989257813,0,2020,KTCL/Kadamba,Goa KTCL GTFS,SOURCE_DATA
2021,Priol,15.4364004135132,73.9964981079102,0,2021,KTCL/Kadamba,Goa KTCL GTFS,SOURCE_DATA
2022,"Vaddem, Socorre",15.5636415481567,73.8298263549805,0,2022,KTCL/Kadamba,Goa KTCL GTFS,SOURCE_DATA
2024,Carrem,15.5601997375488,73.8274993896485,0,2024,KTCL/Kadamba,Goa KTCL GTFS,SOURCE_DATA
2025,Carrem,15.5600996017456,73.8277969360352,0,2025,KTCL/Kadamba,Goa KTCL GTFS,SOURCE_DATA
2026,Jaisingpur,16.779899597168,74.5571975708008,0,2026,KTCL/Kadamba,Goa KTCL GTFS,SOURCE_DATA
2027,Hatkanangal,16.7514991760254,74.4218978881836,0,2027,KTCL/Kadamba,Goa KTCL GTFS,SOURCE_DATA
2028,Miraj Bus Stand MSRTC,16.8173999786377,74.6424026489258,0,2028,KTCL/Kadamba,Goa KTCL GTFS,SOURCE_DATA
2030,Solapur Bus Stand MSRTC,17.6604995728,75.9073028564,0,2030,KTCL/Kadamba,Goa KTCL GTFS,SOURCE_DATA
2033,Yargatti,15.9686002731323,75.0203018188477,0,2033,KTCL/Kadamba,Goa KTCL GTFS,SOURCE_DATA
2034,Lokapur,16.1616992950439,75.3682022094727,0,2034,KTCL/Kadamba,Goa KTCL GTFS,SOURCE_DATA
2035,Bagalkot Bus Stand KSRTC,16.1833992004395,75.7024002075195,0,2035,KTCL/Kadamba,Goa KTCL GTFS,SOURCE_DATA
2036,Mudgal,16.0133991241455,76.4410018920898,0,2036,KTCL/Kadamba,Goa KTCL GTFS,SOURCE_DATA
2037,Hungund,16.0587005615234,76.0597991943359,0,2037,KTCL/Kadamba,Goa KTCL GTFS,SOURCE_DATA
2038,Lingsugur,16.1557998657227,76.5213012695313,0,2038,KTCL/Kadamba,Goa KTCL GTFS,SOURCE_DATA
2039,Raichur Bus Stand KSRTC,16.2017002105713,77.3464965820313,0,2039,KTCL/Kadamba,Goa KTCL GTFS,SOURCE_DATA
2040,Sirwal,16.1721992492676,77.0186004638672,0,2040,KTCL/Kadamba,Goa KTCL GTFS,SOURCE_DATA
2041,Kavital,16.1063995361328,76.7982025146484,0,2041,KTCL/Kadamba,Goa KTCL GTFS,SOURCE_DATA
2042,Kumta,14.4298389719,74.416015625,0,2042,KTCL/Kadamba,Goa KTCL GTFS,SOURCE_DATA
2043,Honnavar,14.2793998718262,74.4440002441406,0,2043,KTCL/Kadamba,Goa KTCL GTFS,SOURCE_DATA
2044,Rayeshwar College of Engineering,15.3219003677368,74.0212020874023,0,2044,KTCL/Kadamba,Goa KTCL GTFS,SOURCE_DATA
2045,Fatorpa,15.1450004577637,73.9953002929688,0,2045,KTCL/Kadamba,Goa KTCL GTFS,SOURCE_DATA
2046,Ganapati Mandir,15.1056788229,73.9441208839,0,2046,KTCL/Kadamba,Goa KTCL GTFS,SOURCE_DATA
2047,Ganapati Mandir,15.105681442,73.9439000938,0,2047,KTCL/Kadamba,Goa KTCL GTFS,SOURCE_DATA
2048,Talsai,15.4043806099,74.1332768202,0,2048,KTCL/Kadamba,Goa KTCL GTFS,SOURCE_DATA
2049,Talsai,15.4044741491,74.1335037947,0,2049,KTCL/Kadamba,Goa KTCL GTFS,SOURCE_DATA
2050,Shivde,15.4072999954224,74.1353988647461,0,2050,KTCL/Kadamba,Goa KTCL GTFS,SOURCE_DATA
2051,Shivde,15.4072999954224,74.136100769043,0,2051,KTCL/Kadamba,Goa KTCL GTFS,SOURCE_DATA
2052,Satpal,15.4071998596191,74.2002029418945,0,2052,KTCL/Kadamba,Goa KTCL GTFS,SOURCE_DATA
2053,Bolkarne,15.4287996292114,74.1941986083984,0,2053,KTCL/Kadamba,Goa KTCL GTFS,SOURCE_DATA
2054,Dharge,15.4412002563477,74.2301025390625,0,2054,KTCL/Kadamba,Goa KTCL GTFS,SOURCE_DATA
2055,Dharge,15.4409999847412,74.2303009033203,0,2055,KTCL/Kadamba,Goa KTCL GTFS,SOURCE_DATA
2056,Bolkarne,15.4287996292114,74.1946029663086,0,2056,KTCL/Kadamba,Goa KTCL GTFS,SOURCE_DATA
2057,Satpal,15.4071998596191,74.2005004882813,0,2057,KTCL/Kadamba,Goa KTCL GTFS,SOURCE_DATA
2058,MES (Mrg),15.2600002288818,73.9829025268555,0,2058,KTCL/Kadamba,Goa KTCL GTFS,SOURCE_DATA
2059,MES (Mrg),15.2601003646851,73.9830017089844,0,2059,KTCL/Kadamba,Goa KTCL GTFS,SOURCE_DATA
2060,Polakade,15.0727723263,74.0274267197,0,2060,KTCL/Kadamba,Goa KTCL GTFS,SOURCE_DATA
2061,Polakade,15.072711625,74.0272657275,0,2061,KTCL/Kadamba,Goa KTCL GTFS,SOURCE_DATA
2062,Baga,15.1652002334595,73.9705963134765,0,2062,KTCL/Kadamba,Goa KTCL GTFS,SOURCE_DATA
2063,Baga,15.1651717566,73.9706258178,0,2063,KTCL/Kadamba,Goa KTCL GTFS,SOURCE_DATA
2064,Bivsa,15.1806001663208,73.9934005737305,0,2064,KTCL/Kadamba,Goa KTCL GTFS,SOURCE_DATA
2065,Bivsa,15.180413786,73.9933362007,0,2065,KTCL/Kadamba,Goa KTCL GTFS,SOURCE_DATA
2066,Cab de Ram,15.08899974823,73.9219970703125,0,2066,KTCL/Kadamba,Goa KTCL GTFS,SOURCE_DATA
2067,Panna,15.0432039687111,73.9974250793457,0,2067,KTCL/Kadamba,Goa KTCL GTFS,SOURCE_DATA
2068,Panna,15.0431659999547,73.997974395752,0,2068,KTCL/Kadamba,Goa KTCL GTFS,SOURCE_DATA
2069,Partagal,14.9907922744751,74.0987243652344,0,2069,KTCL/Kadamba,Goa KTCL GTFS,SOURCE_DATA
2070,Partagal,14.9909828032,74.0993020535,0,2070,KTCL/Kadamba,Goa KTCL GTFS,SOURCE_DATA
2071,Valshe,15.1514997482,74.2271475792,0,2071,KTCL/Kadamba,Goa KTCL GTFS,SOURCE_DATA
2072,Valshe,15.1511062244,74.2269330025,0,2072,KTCL/Kadamba,Goa KTCL GTFS,SOURCE_DATA
2073,Barajan Tisk,15.1978998184204,74.2269973754883,0,2073,KTCL/Kadamba,Goa KTCL GTFS,SOURCE_DATA
2074,Barajan Tisk,15.1979999542236,74.2269973754883,0,2074,KTCL/Kadamba,Goa KTCL GTFS,SOURCE_DATA
2075,Sanguem Court,15.2281999588013,74.1371002197266,0,2075,KTCL/Kadamba,Goa KTCL GTFS,SOURCE_DATA
2076,Sanguem Court,15.2284002304077,74.1370010375977,0,2076,KTCL/Kadamba,Goa KTCL GTFS,SOURCE_DATA
2077,Bansai,15.2549152374268,74.1037902832031,0,2077,KTCL/Kadamba,Goa KTCL GTFS,SOURCE_DATA
2078,Bansai,15.2548999786377,74.1041030883789,0,2078,KTCL/Kadamba,Goa KTCL GTFS,SOURCE_DATA
2079,Urdfond,14.9960060414,74.0919685364,0,2079,KTCL/Kadamba,Goa KTCL GTFS,SOURCE_DATA
2080,Urdfond,14.9964884819,74.0921487808,0,2080,KTCL/Kadamba,Goa KTCL GTFS,SOURCE_DATA
2081,Voldeon,15.3253002166748,74.1729965209961,0,2081,KTCL/Kadamba,Goa KTCL GTFS,SOURCE_DATA
2082,Voldeon,15.325400352478,74.1732025146484,0,2082,KTCL/Kadamba,Goa KTCL GTFS,SOURCE_DATA
2083,Dhade,15.26904296875,74.1157073974609,0,2083,KTCL/Kadamba,Goa KTCL GTFS,SOURCE_DATA
2084,Dhade,15.269112587,74.1155471802,0,2084,KTCL/Kadamba,Goa KTCL GTFS,SOURCE_DATA
2085,Tudol Gaodongri,15.0445995330811,74.1365966796875,0,2085,KTCL/Kadamba,Goa KTCL GTFS,SOURCE_DATA
2086,Tudol Gaodongri,15.0447998046875,74.1365966796875,0,2086,KTCL/Kadamba,Goa KTCL GTFS,SOURCE_DATA
2087,Bupor,15.0431995391846,74.1331024169922,0,2087,KTCL/Kadamba,Goa KTCL GTFS,SOURCE_DATA
2088,Bupor,15.0432996749878,74.1330032348633,0,2088,KTCL/Kadamba,Goa KTCL GTFS,SOURCE_DATA
2089,Vaagon,15.3354997634888,74.1191024780273,0,2089,KTCL/Kadamba,Goa KTCL GTFS,SOURCE_DATA
2090,Vaagon,15.3353996276855,74.1192016601563,0,2090,KTCL/Kadamba,Goa KTCL GTFS,SOURCE_DATA
2091,Sateri Mol,15.3692998886108,74.0906982421875,0,2091,KTCL/Kadamba,Goa KTCL GTFS,SOURCE_DATA
2092,Sateri Mol,15.3694000244141,74.0905990600586,0,2092,KTCL/Kadamba,Goa KTCL GTFS,SOURCE_DATA
2093,Konoshe,15.3528003692627,74.0742034912109,0,2093,KTCL/Kadamba,Goa KTCL GTFS,SOURCE_DATA
2094,Konoshe,15.3528003692627,74.0740966796875,0,2094,KTCL/Kadamba,Goa KTCL GTFS,SOURCE_DATA
2095,Paz,15.3334999084473,74.0702972412109,0,2095,KTCL/Kadamba,Goa KTCL GTFS,SOURCE_DATA
2096,Sakharwal,15.3336000442505,74.0662002563477,0,2096,KTCL/Kadamba,Goa KTCL GTFS,SOURCE_DATA
2097,Paz,15.3318996429443,74.0740966796875,0,2097,KTCL/Kadamba,Goa KTCL GTFS,SOURCE_DATA
2098,Torla,15.3330001831055,74.0609970092773,0,2098,KTCL/Kadamba,Goa KTCL GTFS,SOURCE_DATA
2099,Sakharwal,15.3336000442505,74.0661010742188,0,2099,KTCL/Kadamba,Goa KTCL GTFS,SOURCE_DATA
2100,Torla,15.3331528005,74.0609862804,0,2100,KTCL/Kadamba,Goa KTCL GTFS,SOURCE_DATA
2101,Anandwadi,15.325400352478,74.0381011962891,0,2101,KTCL/Kadamba,Goa KTCL GTFS,SOURCE_DATA
2102,Anandwadi,15.325400352478,74.0380020141602,0,2102,KTCL/Kadamba,Goa KTCL GTFS,SOURCE_DATA
2103,Demani,15.1709995269775,74.0071029663086,0,2103,KTCL/Kadamba,Goa KTCL GTFS,SOURCE_DATA
2104,Demani,15.1709995269775,74.0066986083985,0,2104,KTCL/Kadamba,Goa KTCL GTFS,SOURCE_DATA
2105,Gudi Chadav,15.2413997650146,74.0190963745117,0,2105,KTCL/Kadamba,Goa KTCL GTFS,SOURCE_DATA
2106,Gudi Chadav,15.2416000366211,74.0190963745117,0,2106,KTCL/Kadamba,Goa KTCL GTFS,SOURCE_DATA
2107,Sonaulim,15.3486210799,73.931594491,0,2107,KTCL/Kadamba,Goa KTCL GTFS,SOURCE_DATA
2108,Sonaulim,15.34850025177,73.931396484375,0,2108,KTCL/Kadamba,Goa KTCL GTFS,SOURCE_DATA
2109,Rumdi,15.3170003890991,73.942497253418,0,2109,KTCL/Kadamba,Goa KTCL GTFS,SOURCE_DATA
2110,Rumdi,15.3170604705811,73.9423446655273,0,2110,KTCL/Kadamba,Goa KTCL GTFS,SOURCE_DATA
2111,Borda,15.2843999862671,73.9747009277344,0,2111,KTCL/Kadamba,Goa KTCL GTFS,SOURCE_DATA
2112,Borda,15.2842998504639,73.9746017456055,0,2112,KTCL/Kadamba,Goa KTCL GTFS,SOURCE_DATA
2113,Chowgule College,15.2881002426147,73.9819030761719,0,2113,KTCL/Kadamba,Goa KTCL GTFS,SOURCE_DATA
2114,Chowgule College,15.2881526947021,73.9821395874023,0,2114,KTCL/Kadamba,Goa KTCL GTFS,SOURCE_DATA
2115,Sonsoddo,15.2959003448486,73.9904022216797,0,2115,KTCL/Kadamba,Goa KTCL GTFS,SOURCE_DATA
2116,Sonsoddo,15.2958002090454,73.9904022216797,0,2116,KTCL/Kadamba,Goa KTCL GTFS,SOURCE_DATA
2117,Tembi(Macazana),15.2906560897827,74.0443649291992,0,2117,KTCL/Kadamba,Goa KTCL GTFS,SOURCE_DATA
2118,Tembi(Macazana),15.2907543182373,74.0443572998047,0,2118,KTCL/Kadamba,Goa KTCL GTFS,SOURCE_DATA
2119,Rohini Bhat,15.283200263977,74.0551986694336,0,2119,KTCL/Kadamba,Goa KTCL GTFS,SOURCE_DATA
2121,Rohini Bhat,15.2826995849609,74.0553970336914,0,2121,KTCL/Kadamba,Goa KTCL GTFS,SOURCE_DATA
2122,Guirdolim,15.2655000686646,74.0447006225586,0,2122,KTCL/Kadamba,Goa KTCL GTFS,SOURCE_DATA
2124,Guirdolim,15.2653999328613,74.0447006225586,0,2124,KTCL/Kadamba,Goa KTCL GTFS,SOURCE_DATA
2125,Deunamol,15.2952995300293,74.1718978881836,0,2125,KTCL/Kadamba,Goa KTCL GTFS,SOURCE_DATA
2126,Deunamol,15.2952995300293,74.1717987060547,0,2126,KTCL/Kadamba,Goa KTCL GTFS,SOURCE_DATA
2127,Padri Bhat,15.2467002868652,74.0071029663086,0,2127,KTCL/Kadamba,Goa KTCL GTFS,SOURCE_DATA
2128,Padri Bhat,15.2467002868652,74.0074005126953,0,2128,KTCL/Kadamba,Goa KTCL GTFS,SOURCE_DATA
2129,Pali (Don Khuris),15.2495002746582,74.0009994506836,0,2129,KTCL/Kadamba,Goa KTCL GTFS,SOURCE_DATA
2130,Pali (Don Khuris),15.2495002747,74.0013828278,0,2130,KTCL/Kadamba,Goa KTCL GTFS,SOURCE_DATA
2131,Ganapati Mandir,15.2575429019,73.9870986938,0,2131,KTCL/Kadamba,Goa KTCL GTFS,SOURCE_DATA
2132,Ganapati Mandir,15.2575998306274,73.9872970581055,0,2132,KTCL/Kadamba,Goa KTCL GTFS,SOURCE_DATA
2133,Murida,15.3072004318237,73.9425964355469,0,2133,KTCL/Kadamba,Goa KTCL GTFS,SOURCE_DATA
2134,Murida,15.3070001602173,73.9428024291992,0,2134,KTCL/Kadamba,Goa KTCL GTFS,SOURCE_DATA
2135,Mudder,15.3544998168945,73.8900985717773,0,2135,KTCL/Kadamba,Goa KTCL GTFS,SOURCE_DATA
2136,Mudder,15.3544998168945,73.8902969360352,0,2136,KTCL/Kadamba,Goa KTCL GTFS,SOURCE_DATA
2137,"Govt School,Birla",15.3726997375488,73.8900985717773,0,2137,KTCL/Kadamba,Goa KTCL GTFS,SOURCE_DATA
2138,"Govt School,Birla",15.3725996017456,73.8904037475586,0,2138,KTCL/Kadamba,Goa KTCL GTFS,SOURCE_DATA
2139,Vidya Mandir School,15.3976001739502,73.8326034545898,0,2139,KTCL/Kadamba,Goa KTCL GTFS,SOURCE_DATA
2140,Vidya Mandir School,15.397600174,73.8328018188,0,2140,KTCL/Kadamba,Goa KTCL GTFS,SOURCE_DATA
2142,Molkopon,15.1999998092651,74.1250991821289,0,2142,KTCL/Kadamba,Goa KTCL GTFS,SOURCE_DATA
2143,Molkopon,15.1999998092651,74.125503540039,0,2143,KTCL/Kadamba,Goa KTCL GTFS,SOURCE_DATA
2144,Bansi,15.1883001327515,74.1131973266602,0,2144,KTCL/Kadamba,Goa KTCL GTFS,SOURCE_DATA
2145,Bansi,15.1885995864868,74.1131973266602,0,2145,KTCL/Kadamba,Goa KTCL GTFS,SOURCE_DATA
2146,Kumegal,14.9818735122681,74.1168975830078,0,2146,KTCL/Kadamba,Goa KTCL GTFS,SOURCE_DATA
2147,Kumegal,14.9815998077393,74.1167984008789,0,2147,KTCL/Kadamba,Goa KTCL GTFS,SOURCE_DATA
2148,Shisheval,14.978099822998,74.1231994628906,0,2148,KTCL/Kadamba,Goa KTCL GTFS,SOURCE_DATA
2149,Amona,14.9783000946045,74.1372985839844,0,2149,KTCL/Kadamba,Goa KTCL GTFS,SOURCE_DATA
2150,Amona,14.9774780273438,74.1372985839844,0,2150,KTCL/Kadamba,Goa KTCL GTFS,SOURCE_DATA
2151,Dabel,14.9889665008,74.1469364166,0,2151,KTCL/Kadamba,Goa KTCL GTFS,SOURCE_DATA
2152,Avem,15.0067985154,74.1618728638,0,2152,KTCL/Kadamba,Goa KTCL GTFS,SOURCE_DATA
2153,Kuskem,15.016300201416,74.2089996337891,0,2153,KTCL/Kadamba,Goa KTCL GTFS,SOURCE_DATA
2154,Nansa,15.4624137878418,74.0798263549805,0,2154,KTCL/Kadamba,Goa KTCL GTFS,SOURCE_DATA
2155,Devtimol,15.1693954467773,74.0508193969727,0,2155,KTCL/Kadamba,Goa KTCL GTFS,SOURCE_DATA
2156,Devtimol,15.1693124771118,74.0510711669922,0,2156,KTCL/Kadamba,Goa KTCL GTFS,SOURCE_DATA
2157,"Deuolwada, Adne",15.1591053009033,74.0255584716797,0,2157,KTCL/Kadamba,Goa KTCL GTFS,SOURCE_DATA
2158,"Forest Chk.Post, Bhatpal",14.9980542219,74.0866430998,0,2158,KTCL/Kadamba,Goa KTCL GTFS,SOURCE_DATA
2159,"Forest Chk.Post, Bhatpal",14.9981424307,74.0869197845,0,2159,KTCL/Kadamba,Goa KTCL GTFS,SOURCE_DATA
2160,Satran,15.3842401504517,73.9215393066406,0,2160,KTCL/Kadamba,Goa KTCL GTFS,SOURCE_DATA
2161,Satran,15.3846206665039,73.9219589233398,0,2161,KTCL/Kadamba,Goa KTCL GTFS,SOURCE_DATA
2162,Fire Brigade Junction(Curcho),15.2596861010604,74.1037364006043,0,2162,KTCL/Kadamba,Goa KTCL GTFS,SOURCE_DATA
2163,Fire Brigade Junction(Curcho),15.25985171008,74.1038782596588,0,2163,KTCL/Kadamba,Goa KTCL GTFS,SOURCE_DATA
2164,Kupar,15.1732997894287,74.0664978027344,0,2164,KTCL/Kadamba,Goa KTCL GTFS,SOURCE_DATA
2165,Kupar,15.1731996536255,74.0665969848633,0,2165,KTCL/Kadamba,Goa KTCL GTFS,SOURCE_DATA
2166,Manke,15.3056001663208,74.0473022460938,0,2166,KTCL/Kadamba,Goa KTCL GTFS,SOURCE_DATA
2167,Manke,15.3055000305176,74.0473022460938,0,2167,KTCL/Kadamba,Goa KTCL GTFS,SOURCE_DATA
2168,Vajangal,15.3025999069214,74.0556030273438,0,2168,KTCL/Kadamba,Goa KTCL GTFS,SOURCE_DATA
2169,Vajangal,15.3028001785278,74.0561981201172,0,2169,KTCL/Kadamba,Goa KTCL GTFS,SOURCE_DATA
2170,Amlai,15.3004999160767,74.065299987793,0,2170,KTCL/Kadamba,Goa KTCL GTFS,SOURCE_DATA
2171,Amlai,15.3002004623413,74.0653991699219,0,2171,KTCL/Kadamba,Goa KTCL GTFS,SOURCE_DATA
2172,Musher,15.3021001815796,74.0691986083984,0,2172,KTCL/Kadamba,Goa KTCL GTFS,SOURCE_DATA
2173,Musher,15.3020000457764,74.0695037841797,0,2173,KTCL/Kadamba,Goa KTCL GTFS,SOURCE_DATA
2174,Capxem,15.2735004425049,74.1014022827148,0,2174,KTCL/Kadamba,Goa KTCL GTFS,SOURCE_DATA
2175,Capxem,15.2729997634888,74.1013031005859,0,2175,KTCL/Kadamba,Goa KTCL GTFS,SOURCE_DATA
2176,Torla,15.333159067,74.0608844161,0,2176,KTCL/Kadamba,Goa KTCL GTFS,SOURCE_DATA
2177,Torla,15.3330977322,74.0610210896,0,2177,KTCL/Kadamba,Goa KTCL GTFS,SOURCE_DATA
2178,Insuli R.T.O.,15.8283004760742,73.8491973876953,0,2178,KTCL/Kadamba,Goa KTCL GTFS,SOURCE_DATA
2179,Insuli R.T.O.,15.8278999328613,73.8491973876953,0,2179,KTCL/Kadamba,Goa KTCL GTFS,SOURCE_DATA
2180,Yeda,14.9974318035,74.1962051392,0,2180,KTCL/Kadamba,Goa KTCL GTFS,SOURCE_DATA
2181,Tirval,14.9839000701904,74.1389999389648,0,2181,KTCL/Kadamba,Goa KTCL GTFS,SOURCE_DATA
2182,Satoshe Junction,15.7592000961304,73.8175964355469,0,2182,KTCL/Kadamba,Goa KTCL GTFS,SOURCE_DATA
2183,"New Eng.Sch.,Madura",15.8038997650146,73.8248977661133,0,2183,KTCL/Kadamba,Goa KTCL GTFS,SOURCE_DATA
2184,Ghano,15.4943027496338,74.0036087036133,0,2184,KTCL/Kadamba,Goa KTCL GTFS,SOURCE_DATA
2185,"Murdi, Ponda",15.4456996917725,74.0327987670898,0,2185,KTCL/Kadamba,Goa KTCL GTFS,SOURCE_DATA
2186,Chichuleni,15.6730003356934,73.848503112793,0,2186,KTCL/Kadamba,Goa KTCL GTFS,SOURCE_DATA
2187,Palya,15.680700302124,73.8543014526367,0,2187,KTCL/Kadamba,Goa KTCL GTFS,SOURCE_DATA
2188,Voile Dhave,15.5594997406006,74.1846008300781,0,2188,KTCL/Kadamba,Goa KTCL GTFS,SOURCE_DATA
2189,Chichuleni,15.6731004714966,73.8483963012695,0,2189,KTCL/Kadamba,Goa KTCL GTFS,SOURCE_DATA
2190,Palya,15.680700302124,73.8542022705078,0,2190,KTCL/Kadamba,Goa KTCL GTFS,SOURCE_DATA
2191,Sirsaim Vadakade,15.6247997283936,73.8794021606445,0,2191,KTCL/Kadamba,Goa KTCL GTFS,SOURCE_DATA
2194,Badem,15.6082000732422,73.7500991821289,0,2194,KTCL/Kadamba,Goa KTCL GTFS,SOURCE_DATA
2195,Tuem  IDC,15.684700012207,73.7974014282227,0,2195,KTCL/Kadamba,Goa KTCL GTFS,SOURCE_DATA
2196,Khutwal,15.7194137573242,73.8969268798828,0,2196,KTCL/Kadamba,Goa KTCL GTFS,SOURCE_DATA
2197,Halarna,15.6960973739624,73.9168014526367,0,2197,KTCL/Kadamba,Goa KTCL GTFS,SOURCE_DATA
2198,Talarna,15.706000328064,73.8915023803711,0,2198,KTCL/Kadamba,Goa KTCL GTFS,SOURCE_DATA
2199,Boralwada,15.7015466690063,73.9065628051758,0,2199,KTCL/Kadamba,Goa KTCL GTFS,SOURCE_DATA
2200,Khutwal,15.7194414138794,73.8965530395508,0,2200,KTCL/Kadamba,Goa KTCL GTFS,SOURCE_DATA
2201,Talarna,15.706000328064,73.8916015625,0,2201,KTCL/Kadamba,Goa KTCL GTFS,SOURCE_DATA
2202,Boralwada,15.701548576355,73.906623840332,0,2202,KTCL/Kadamba,Goa KTCL GTFS,SOURCE_DATA
2203,Jamblikade,15.5598515467,74.1806564331,0,2203,KTCL/Kadamba,Goa KTCL GTFS,SOURCE_DATA
2204,Sirsaim Vadakade,15.6248998641968,73.8795013427734,0,2204,KTCL/Kadamba,Goa KTCL GTFS,SOURCE_DATA
2205,Sawantwada,15.6787004470825,73.7485961914063,0,2205,KTCL/Kadamba,Goa KTCL GTFS,SOURCE_DATA
2206,Sawantwada,15.6787004470825,73.7484970092773,0,2206,KTCL/Kadamba,Goa KTCL GTFS,SOURCE_DATA
2208,Marathwada,15.6688995361328,73.7176971435547,0,2208,KTCL/Kadamba,Goa KTCL GTFS,SOURCE_DATA
2209,Tuem  IDC,15.684700012207,73.7975006103516,0,2209,KTCL/Kadamba,Goa KTCL GTFS,SOURCE_DATA
2210,Dodamarg Bazar,15.6881999969482,73.9648971557617,0,2210,KTCL/Kadamba,Goa KTCL GTFS,SOURCE_DATA
2211,Sasoli,15.7463998794556,73.9395980834961,0,2211,KTCL/Kadamba,Goa KTCL GTFS,SOURCE_DATA
2212,Sasoli,15.7462997436523,73.9397964477539,0,2212,KTCL/Kadamba,Goa KTCL GTFS,SOURCE_DATA
2213,Olaulim Chapel,15.5689487457275,73.8631973266602,0,2213,KTCL/Kadamba,Goa KTCL GTFS,SOURCE_DATA
2214,Kalne High School,15.7547544524,73.9283437729,0,2214,KTCL/Kadamba,Goa KTCL GTFS,SOURCE_DATA
2215,Kalne High School,15.7541586784,73.9282445908,0,2215,KTCL/Kadamba,Goa KTCL GTFS,SOURCE_DATA
2216,Pomburfa Ferry,15.5583000183105,73.8684005737305,0,2216,KTCL/Kadamba,Goa KTCL GTFS,SOURCE_DATA
2217,Padchayat Complex,15.5569413675,73.9436035156,0,2217,KTCL/Kadamba,Goa KTCL GTFS,SOURCE_DATA
2218,Padchayat Complex,15.5571002960205,73.943603515625,0,2218,KTCL/Kadamba,Goa KTCL GTFS,SOURCE_DATA
2219,Dabdhaba,15.5840997695923,73.9477996826172,0,2219,KTCL/Kadamba,Goa KTCL GTFS,SOURCE_DATA
2220,Dabdhaba,15.5840711593628,73.9480133056641,0,2220,KTCL/Kadamba,Goa KTCL GTFS,SOURCE_DATA
2221,Nerurpar,16.0202007293701,73.618896484375,0,2221,KTCL/Kadamba,Goa KTCL GTFS,SOURCE_DATA
2222,Nerurpar,16.0202007293701,73.6194000244141,0,2222,KTCL/Kadamba,Goa KTCL GTFS,SOURCE_DATA
2223,Fonda Ghat,16.3731002807617,73.7926025390625,0,2223,KTCL/Kadamba,Goa KTCL GTFS,SOURCE_DATA
2224,Fonda Ghat,16.3733005523682,73.7926025390625,0,2224,KTCL/Kadamba,Goa KTCL GTFS,SOURCE_DATA
2225,Dajipur,16.3836994171143,73.8638000488281,0,2225,KTCL/Kadamba,Goa KTCL GTFS,SOURCE_DATA
2226,Dajipur,16.3838996887207,73.8638000488281,0,2226,KTCL/Kadamba,Goa KTCL GTFS,SOURCE_DATA
2227,Radhanagari,16.4113998413086,74.0019989013672,0,2227,KTCL/Kadamba,Goa KTCL GTFS,SOURCE_DATA
2228,Radhanagari,16.4113006591797,74.0020980834961,0,2228,KTCL/Kadamba,Goa KTCL GTFS,SOURCE_DATA
2229,Vahshi Naka,16.638500213623,74.1761016845703,0,2229,KTCL/Kadamba,Goa KTCL GTFS,SOURCE_DATA
2230,Vahshi Naka,16.6383991241455,74.1762008666992,0,2230,KTCL/Kadamba,Goa KTCL GTFS,SOURCE_DATA
2231,Bogavati,16.5333995819092,74.1115036010742,0,2231,KTCL/Kadamba,Goa KTCL GTFS,SOURCE_DATA
2232,Bogavati,16.5333003997803,74.1115036010742,0,2232,KTCL/Kadamba,Goa KTCL GTFS,SOURCE_DATA
2233,Rankala,16.6959995342,74.2182998657,0,2233,KTCL/Kadamba,Goa KTCL GTFS,SOURCE_DATA
2234,Rankala,16.6956829926,74.2184124589,0,2234,KTCL/Kadamba,Goa KTCL GTFS,SOURCE_DATA
2235,Hubballi New Bus Stand KSRTC,15.3487997055054,75.1168975830078,0,2235,KTCL/Kadamba,Goa KTCL GTFS,SOURCE_DATA
2236,Hubballi New Bus Stand KSRTC,15.3498001098633,75.1202011108398,0,2236,KTCL/Kadamba,Goa KTCL GTFS,SOURCE_DATA
2237,Dharwad New CBT,15.4693002700806,74.9936981201172,0,2237,KTCL/Kadamba,Goa KTCL GTFS,SOURCE_DATA
2238,Dharwad New CBT,15.4693623111,74.9939126968,0,2238,KTCL/Kadamba,Goa KTCL GTFS,SOURCE_DATA
2239,Nagargali,15.4156999588013,74.6197967529297,0,2239,KTCL/Kadamba,Goa KTCL GTFS,SOURCE_DATA
2240,Nagargali,15.4162998199463,74.6202011108398,0,2240,KTCL/Kadamba,Goa KTCL GTFS,SOURCE_DATA
2241,Tavargatti,15.4099998474121,74.6644973754883,0,2241,KTCL/Kadamba,Goa KTCL GTFS,SOURCE_DATA
2242,Tavargatti,15.4100999832153,74.6644973754883,0,2242,KTCL/Kadamba,Goa KTCL GTFS,SOURCE_DATA
2243,Godhali,15.4285001755,74.6975128651,0,2243,KTCL/Kadamba,Goa KTCL GTFS,SOURCE_DATA
2244,Godhali,15.4286003112793,74.6974029541015,0,2244,KTCL/Kadamba,Goa KTCL GTFS,SOURCE_DATA
2245,Alnawar,15.4458999633789,74.7404022216797,0,2245,KTCL/Kadamba,Goa KTCL GTFS,SOURCE_DATA
2246,Alnawar,15.4460000991821,74.7406005859375,0,2246,KTCL/Kadamba,Goa KTCL GTFS,SOURCE_DATA
2247,Kaladgi,16.2000999450684,75.4931030273438,0,2247,KTCL/Kadamba,Goa KTCL GTFS,SOURCE_DATA
2248,Kaladgi,16.1996002197266,75.4932022094727,0,2248,KTCL/Kadamba,Goa KTCL GTFS,SOURCE_DATA
2249,Gaddanakeri,16.1861991882324,75.6123962402344,0,2249,KTCL/Kadamba,Goa KTCL GTFS,SOURCE_DATA
2250,Gaddanakeri,16.1863530901,75.6126137972,0,2250,KTCL/Kadamba,Goa KTCL GTFS,SOURCE_DATA
2251,Amingad,16.0559997558594,75.94580078125,0,2251,KTCL/Kadamba,Goa KTCL GTFS,SOURCE_DATA
2252,Amingad,16.0557994842529,75.9459991455078,0,2252,KTCL/Kadamba,Goa KTCL GTFS,SOURCE_DATA
2253,Mudhol,16.3369998931885,75.2813034057617,0,2253,KTCL/Kadamba,Goa KTCL GTFS,SOURCE_DATA
2254,Jamkhandi,16.5079002380371,75.2846984863281,0,2254,KTCL/Kadamba,Goa KTCL GTFS,SOURCE_DATA
2255,Dessaiwada,15.2270201817,74.1869857311,0,2255,KTCL/Kadamba,Goa KTCL GTFS,SOURCE_DATA
2256,Dessaiwada,15.2272996902,74.1870715618,0,2256,KTCL/Kadamba,Goa KTCL GTFS,SOURCE_DATA
2257,Tudav,15.0576000213623,74.2558975219727,0,2257,KTCL/Kadamba,Goa KTCL GTFS,SOURCE_DATA
2258,Tudav,15.0587997437,74.256146431,0,2258,KTCL/Kadamba,Goa KTCL GTFS,SOURCE_DATA
2259,Verlem,15.0465002059937,74.2482986450195,0,2259,KTCL/Kadamba,Goa KTCL GTFS,SOURCE_DATA
2260,Verlem,15.0462999343872,74.2483978271484,0,2260,KTCL/Kadamba,Goa KTCL GTFS,SOURCE_DATA
2261,Saljini,15.0234003067017,74.2711029052734,0,2261,KTCL/Kadamba,Goa KTCL GTFS,SOURCE_DATA
2262,Saljini,15.0228004455566,74.2713012695313,0,2262,KTCL/Kadamba,Goa KTCL GTFS,SOURCE_DATA
2263,Yeda,14.9977555728,74.1952476501,0,2263,KTCL/Kadamba,Goa KTCL GTFS,SOURCE_DATA
2264,Avem,15.0061865587,74.1634426117,0,2264,KTCL/Kadamba,Goa KTCL GTFS,SOURCE_DATA
2265,Shisheval,14.9786996841431,74.1234970092773,0,2265,KTCL/Kadamba,Goa KTCL GTFS,SOURCE_DATA
2266,Kinnakato,15.042200088501,74.1295013427734,0,2266,KTCL/Kadamba,Goa KTCL GTFS,SOURCE_DATA
2267,Kinnakato,15.0424003601074,74.1296997070313,0,2267,KTCL/Kadamba,Goa KTCL GTFS,SOURCE_DATA
2269,"Police Station, Canacona",15.0065432995,74.0581411123,0,2269,KTCL/Kadamba,Goa KTCL GTFS,SOURCE_DATA
2270,"Police Station, Canacona",15.006731227,74.0582001209,0,2270,KTCL/Kadamba,Goa KTCL GTFS,SOURCE_DATA
2271,Madangeri,14.576000213623,74.3833999633789,0,2271,KTCL/Kadamba,Goa KTCL GTFS,SOURCE_DATA
2272,Madangeri,14.5759000778198,74.3834991455078,0,2272,KTCL/Kadamba,Goa KTCL GTFS,SOURCE_DATA
2273,Mirjan Fort Stop,14.4927997589111,74.4243011474609,0,2273,KTCL/Kadamba,Goa KTCL GTFS,SOURCE_DATA
2274,Mirjan Fort Stop,14.4927997589,74.4246230125,0,2274,KTCL/Kadamba,Goa KTCL GTFS,SOURCE_DATA
2275,Kudal Bus Stand MSRTC,16.0116996765137,73.6856994628906,0,2275,KTCL/Kadamba,Goa KTCL GTFS,SOURCE_DATA
2276,Kudal Bus Stand MSRTC,16.0118007659912,73.6857986450195,0,2276,KTCL/Kadamba,Goa KTCL GTFS,SOURCE_DATA
2277,Jakat Naka,16.0084991455078,73.6555023193359,0,2277,KTCL/Kadamba,Goa KTCL GTFS,SOURCE_DATA
2278,Jakat Naka,16.0088996887207,73.6555023193359,0,2278,KTCL/Kadamba,Goa KTCL GTFS,SOURCE_DATA
2279,Godhanwadi,16.048999786377,73.570198059082,0,2279,KTCL/Kadamba,Goa KTCL GTFS,SOURCE_DATA
2281,Godhanwadi,16.0491008758545,73.570198059082,0,2281,KTCL/Kadamba,Goa KTCL GTFS,SOURCE_DATA
2282,Padeli,15.4844369888306,74.114990234375,0,2282,KTCL/Kadamba,Goa KTCL GTFS,SOURCE_DATA
2283,Advoi,15.4958000183105,74.0968017578125,0,2283,KTCL/Kadamba,Goa KTCL GTFS,SOURCE_DATA
2284,Mhadai River Stop,15.4871997833252,74.1076965332031,0,2284,KTCL/Kadamba,Goa KTCL GTFS,SOURCE_DATA
2285,Mhadai River Stop,15.4872999191284,74.1079025268555,0,2285,KTCL/Kadamba,Goa KTCL GTFS,SOURCE_DATA
2286,Vorra,15.2600002288818,74.0970993041992,0,2286,KTCL/Kadamba,Goa KTCL GTFS,SOURCE_DATA
2287,Vorra,15.2601003646851,74.0971984863281,0,2287,KTCL/Kadamba,Goa KTCL GTFS,SOURCE_DATA
2288,Ilkal,15.9659004211426,76.1127014160156,0,2288,KTCL/Kadamba,Goa KTCL GTFS,SOURCE_DATA
2289,Torke,14.558500289917,74.3529968261719,0,2289,KTCL/Kadamba,Goa KTCL GTFS,SOURCE_DATA
2290,Devna,14.5515003204346,74.3486022949219,0,2290,KTCL/Kadamba,Goa KTCL GTFS,SOURCE_DATA
2291,Gudi Peddar,15.2295479947,74.0473403931,0,2291,KTCL/Kadamba,Goa KTCL GTFS,SOURCE_DATA
2292,Bordem,15.5984048843384,73.9534606933594,0,2292,KTCL/Kadamba,Goa KTCL GTFS,SOURCE_DATA
2293,Rajbag,14.9912004470825,74.0431976318359,0,2293,KTCL/Kadamba,Goa KTCL GTFS,SOURCE_DATA
2294,Housing Board - Upasnagar,15.3780002593994,73.9128036499023,0,2294,KTCL/Kadamba,Goa KTCL GTFS,SOURCE_DATA
2295,Housing Board - Upasnagar,15.3782997131348,73.9128036499023,0,2295,KTCL/Kadamba,Goa KTCL GTFS,SOURCE_DATA
2300,Bane Chappel,15.1800003051758,73.9797973632813,0,2300,KTCL/Kadamba,Goa KTCL GTFS,SOURCE_DATA
2301,Bane Chappel,15.1796998977661,73.9797973632813,0,2301,KTCL/Kadamba,Goa KTCL GTFS,SOURCE_DATA
2302,Corporation Bank Murida,15.1728000640869,73.9841995239258,0,2302,KTCL/Kadamba,Goa KTCL GTFS,SOURCE_DATA
2307,Corporation Bank Murida,15.1728000640869,73.9842987060547,0,2307,KTCL/Kadamba,Goa KTCL GTFS,SOURCE_DATA
2312,Mohol Bus Stand MSRTC,17.8096008300781,75.6376037597656,0,2312,KTCL/Kadamba,Goa KTCL GTFS,SOURCE_DATA
2313,Mohol Bus Stand MSRTC,17.80935057,75.6376627684,0,2313,KTCL/Kadamba,Goa KTCL GTFS,SOURCE_DATA
2315,Forest Cheak Post,15.7932996749878,73.7387008666992,0,2315,KTCL/Kadamba,Goa KTCL GTFS,SOURCE_DATA
2316,Forest Cheak Post,15.7932996749878,73.7388000488281,0,2316,KTCL/Kadamba,Goa KTCL GTFS,SOURCE_DATA
2318,Mry Immaculate Girls H.S.,15.4967002868652,73.831901550293,0,2318,KTCL/Kadamba,Goa KTCL GTFS,SOURCE_DATA
2319,Ezekial Methodist School,15.4663858413696,73.8634490966797,0,2319,KTCL/Kadamba,Goa KTCL GTFS,SOURCE_DATA
2322,Lolye Jn.,14.9399003982544,74.0602035522461,0,2322,KTCL/Kadamba,Goa KTCL GTFS,SOURCE_DATA
2324,Guledgudd Bus Stand,16.047399520874,75.7890014648438,0,2324,KTCL/Kadamba,Goa KTCL GTFS,SOURCE_DATA
2325,Shirur,16.1002998352051,75.7855987548828,0,2325,KTCL/Kadamba,Goa KTCL GTFS,SOURCE_DATA
2326,Shirur,16.1005001068115,75.7855987548828,0,2326,KTCL/Kadamba,Goa KTCL GTFS,SOURCE_DATA
2327,Navanagar Bus Stand,16.1585998535156,75.6722030639648,0,2327,KTCL/Kadamba,Goa KTCL GTFS,SOURCE_DATA
2328,Navanagar Bus Stand,16.158899307251,75.6723022460938,0,2328,KTCL/Kadamba,Goa KTCL GTFS,SOURCE_DATA
2329,Vidyagiri Stop,16.1818008422852,75.6606979370117,0,2329,KTCL/Kadamba,Goa KTCL GTFS,SOURCE_DATA
2330,Vidyagiri Stop,16.181999206543,75.6606979370117,0,2330,KTCL/Kadamba,Goa KTCL GTFS,SOURCE_DATA
2331,Salahalli,16.0743007659912,75.2272033691406,0,2331,KTCL/Kadamba,Goa KTCL GTFS,SOURCE_DATA
2332,Salahalli,16.074499130249,75.2269973754883,0,2332,KTCL/Kadamba,Goa KTCL GTFS,SOURCE_DATA
2333,"MSRTC Bus Stand, Dodamarg",15.6784610748291,73.9661483764648,0,2333,KTCL/Kadamba,Goa KTCL GTFS,SOURCE_DATA
2335,Kalmani,15.6872997283936,74.3308029174805,0,2335,KTCL/Kadamba,Goa KTCL GTFS,SOURCE_DATA
2336,Koparde Village Stop,15.561900138855,74.1247024536133,0,2336,KTCL/Kadamba,Goa KTCL GTFS,SOURCE_DATA
2337,"Goa Engineering College, Ponda",15.4228000640869,73.9802017211914,0,2337,KTCL/Kadamba,Goa KTCL GTFS,SOURCE_DATA
2338,Mulgao Gaonkarwada,15.6098003387451,73.9196014404297,0,2338,KTCL/Kadamba,Goa KTCL GTFS,SOURCE_DATA
2339,"Shantadurga Hall, Pirna",15.6774997711182,73.8824005126953,0,2339,KTCL/Kadamba,Goa KTCL GTFS,SOURCE_DATA
2340,"Shantadurga Hall, Pirna",15.6777000427246,73.8824996948242,0,2340,KTCL/Kadamba,Goa KTCL GTFS,SOURCE_DATA
2341,Ozrim Bridge Circle,15.6812000274658,73.8843994140625,0,2341,KTCL/Kadamba,Goa KTCL GTFS,SOURCE_DATA
2342,Ozrim Bridge Circle,15.6810998916626,73.8843994140625,0,2342,KTCL/Kadamba,Goa KTCL GTFS,SOURCE_DATA
2343,Tiroda Titha,15.7743997573853,73.7135009765625,0,2343,KTCL/Kadamba,Goa KTCL GTFS,SOURCE_DATA
2344,Chikla,15.6858997344971,74.2735977172852,0,2344,KTCL/Kadamba,Goa KTCL GTFS,SOURCE_DATA
2364,Kumbharda,15.4231996536255,74.5774002075195,0,2364,KTCL/Kadamba,Goa KTCL GTFS,SOURCE_DATA
2365,Kumbharda,15.4232997894287,74.5774002075195,0,2365,KTCL/Kadamba,Goa KTCL GTFS,SOURCE_DATA
2366,Hospet Bus Stand KSRTC,15.2749996185303,76.3890991210938,0,2366,KTCL/Kadamba,Goa KTCL GTFS,SOURCE_DATA
2367,Annigeri,15.4259996414185,75.4440002441406,0,2367,KTCL/Kadamba,Goa KTCL GTFS,SOURCE_DATA
2368,Annigeri,15.4259004592896,75.443603515625,0,2368,KTCL/Kadamba,Goa KTCL GTFS,SOURCE_DATA
2369,Gadak,15.4221000671387,75.622802734375,0,2369,KTCL/Kadamba,Goa KTCL GTFS,SOURCE_DATA
2370,Gadak,15.4223003387451,75.6227035522461,0,2370,KTCL/Kadamba,Goa KTCL GTFS,SOURCE_DATA
2371,Bennikoppa,15.390700340271,75.9400024414063,0,2371,KTCL/Kadamba,Goa KTCL GTFS,SOURCE_DATA
2372,Bennikoppa,15.3908004760742,75.9401016235352,0,2372,KTCL/Kadamba,Goa KTCL GTFS,SOURCE_DATA
2373,Talakal,15.3847999572754,76.0186004638672,0,2373,KTCL/Kadamba,Goa KTCL GTFS,SOURCE_DATA
2374,Talakal,15.3850002288818,76.0185012817383,0,2374,KTCL/Kadamba,Goa KTCL GTFS,SOURCE_DATA
2375,Banapur,15.3837995529175,76.0394973754883,0,2375,KTCL/Kadamba,Goa KTCL GTFS,SOURCE_DATA
2376,Banapur,15.3837003707886,76.0395965576172,0,2376,KTCL/Kadamba,Goa KTCL GTFS,SOURCE_DATA
2377,Koppal,15.3520002365112,76.1489028930664,0,2377,KTCL/Kadamba,Goa KTCL GTFS,SOURCE_DATA
2378,Gingeri,15.3465003967285,76.2471008300781,0,2378,KTCL/Kadamba,Goa KTCL GTFS,SOURCE_DATA
2379,Gingeri,15.3465995788574,76.2470016479492,0,2379,KTCL/Kadamba,Goa KTCL GTFS,SOURCE_DATA
2380,T. B. Dam Junction,15.2644996643066,76.348503112793,0,2380,KTCL/Kadamba,Goa KTCL GTFS,SOURCE_DATA
2381,T. B. Dam Junction,15.2643003463745,76.347900390625,0,2381,KTCL/Kadamba,Goa KTCL GTFS,SOURCE_DATA
2400,Malar,15.459400177002,73.9974975585938,0,2400,KTCL/Kadamba,Goa KTCL GTFS,SOURCE_DATA
2401,Malar,15.4590997695923,73.9979019165039,0,2401,KTCL/Kadamba,Goa KTCL GTFS,SOURCE_DATA
2402,Vijaydurga Temple Village Stop,15.4674997329712,73.9979019165039,0,2402,KTCL/Kadamba,Goa KTCL GTFS,SOURCE_DATA
2403,Sagar,14.1695003509521,75.0210037231445,0,2403,KTCL/Kadamba,Goa KTCL GTFS,SOURCE_DATA
2404,Talaguppa,14.2150001525879,74.9119033813477,0,2404,KTCL/Kadamba,Goa KTCL GTFS,SOURCE_DATA
2405,Talaguppa,14.2152004241943,74.9117965698242,0,2405,KTCL/Kadamba,Goa KTCL GTFS,SOURCE_DATA
2406,Mavingudi,14.2522417702,74.8032788336,0,2406,KTCL/Kadamba,Goa KTCL GTFS,SOURCE_DATA
2407,Mavingudi,14.2523002624512,74.8033981323242,0,2407,KTCL/Kadamba,Goa KTCL GTFS,SOURCE_DATA
2408,Gersoppa Cross,14.2487756282,74.6527504921,0,2408,KTCL/Kadamba,Goa KTCL GTFS,SOURCE_DATA
2409,Gersoppa Cross,14.2489995956421,74.6530990600586,0,2409,KTCL/Kadamba,Goa KTCL GTFS,SOURCE_DATA
2410,Shivamogga/ Shimoga Bus Stand,13.9288997650146,75.5678024291992,0,2410,KTCL/Kadamba,Goa KTCL GTFS,SOURCE_DATA
2411,Bhadravati,13.8430995941162,75.6961975097656,0,2411,KTCL/Kadamba,Goa KTCL GTFS,SOURCE_DATA
2412,Bhadravati,13.8432998657227,75.6962966918945,0,2412,KTCL/Kadamba,Goa KTCL GTFS,SOURCE_DATA
2415,Tarikere,13.7101001739502,75.8125,0,2415,KTCL/Kadamba,Goa KTCL GTFS,SOURCE_DATA
2416,Tarikere,13.7102003097534,75.8125,0,2416,KTCL/Kadamba,Goa KTCL GTFS,SOURCE_DATA
2418,Mysore Bus Stand KSRTC,12.3126001358032,76.6583023071289,0,2418,KTCL/Kadamba,Goa KTCL GTFS,SOURCE_DATA
2419,Srirangapattana,12.4210996627808,76.6922988891602,0,2419,KTCL/Kadamba,Goa KTCL GTFS,SOURCE_DATA
2420,Srirangapattana,12.4209003448486,76.6919021606445,0,2420,KTCL/Kadamba,Goa KTCL GTFS,SOURCE_DATA
2423,Pandavpura,12.4984998703003,76.6751022338867,0,2423,KTCL/Kadamba,Goa KTCL GTFS,SOURCE_DATA
2424,Pandavpura,12.4984998703003,76.6753997802734,0,2424,KTCL/Kadamba,Goa KTCL GTFS,SOURCE_DATA
2425,Birur,13.5965995788574,75.9746017456055,0,2425,KTCL/Kadamba,Goa KTCL GTFS,SOURCE_DATA
2426,Kadur Stand,13.5488996505737,76.0095977783203,0,2426,KTCL/Kadamba,Goa KTCL GTFS,SOURCE_DATA
2427,Channarayapattana,12.8978996276855,76.3910980224609,0,2427,KTCL/Kadamba,Goa KTCL GTFS,SOURCE_DATA
2428,Channarayapattana,12.8985004425049,76.3911972045898,0,2428,KTCL/Kadamba,Goa KTCL GTFS,SOURCE_DATA
2429,Arsikere,13.3157997131348,76.2542037963867,0,2429,KTCL/Kadamba,Goa KTCL GTFS,SOURCE_DATA
2430,Arsikere,13.3159999847412,76.2547988891602,0,2430,KTCL/Kadamba,Goa KTCL GTFS,SOURCE_DATA
2431,Ghanasi,13.1665000915527,76.3015975952148,0,2431,KTCL/Kadamba,Goa KTCL GTFS,SOURCE_DATA
2432,Ghanasi,13.1665000915527,76.3016967773438,0,2432,KTCL/Kadamba,Goa KTCL GTFS,SOURCE_DATA
2433,Kikkeri,12.7614002227783,76.425796508789,0,2433,KTCL/Kadamba,Goa KTCL GTFS,SOURCE_DATA
2434,Kikkeri,12.7615003585815,76.4260025024414,0,2434,KTCL/Kadamba,Goa KTCL GTFS,SOURCE_DATA
2435,Krishnarajpete Cross,12.6576995849609,76.4875030517578,0,2435,KTCL/Kadamba,Goa KTCL GTFS,SOURCE_DATA
2436,Krishnarajpete Cross,12.6577997207642,76.4876022338867,0,2436,KTCL/Kadamba,Goa KTCL GTFS,SOURCE_DATA
2437,Vijayapura / Bijapur Bus Stand,16.8248996734619,75.7151031494141,0,2437,KTCL/Kadamba,Goa KTCL GTFS,SOURCE_DATA
2438,Babaleshwar,16.6678009033203,75.5804977416992,0,2438,KTCL/Kadamba,Goa KTCL GTFS,SOURCE_DATA
2439,Babaleshwar,16.6676998138428,75.5802001953125,0,2439,KTCL/Kadamba,Goa KTCL GTFS,SOURCE_DATA
2440,Devar Hipparagi,16.8169994354,76.0656967163,0,2440,KTCL/Kadamba,Goa KTCL GTFS,SOURCE_DATA
2441,Devar Hipparagi,16.8171005249023,76.0656967163086,0,2441,KTCL/Kadamba,Goa KTCL GTFS,SOURCE_DATA
2442,Sindagi Bus Stand KSRTC,16.9221992492676,76.2334976196289,0,2442,KTCL/Kadamba,Goa KTCL GTFS,SOURCE_DATA
2443,Almel Bus Stop,17.082223258,76.2205734253,0,2443,KTCL/Kadamba,Goa KTCL GTFS,SOURCE_DATA
2444,Devangaon,17.1646995544434,76.3261032104492,0,2444,KTCL/Kadamba,Goa KTCL GTFS,SOURCE_DATA
2445,Devangaon,17.1646995544434,76.326301574707,0,2445,KTCL/Kadamba,Goa KTCL GTFS,SOURCE_DATA
2446,Afzalpur,17.201000213623,76.3576965332031,0,2446,KTCL/Kadamba,Goa KTCL GTFS,SOURCE_DATA
2447,Chowdapur Bus Stand,17.2362003326416,76.5542984008789,0,2447,KTCL/Kadamba,Goa KTCL GTFS,SOURCE_DATA
2448,Chowdapur Bus Stand,17.2362995147705,76.5538024902344,0,2448,KTCL/Kadamba,Goa KTCL GTFS,SOURCE_DATA
2449,Gangapur Temple Bus Stand KSRTC,17.1811008453369,76.5354995727539,0,2449,KTCL/Kadamba,Goa KTCL GTFS,SOURCE_DATA
2450,Saundatti Bus Stand KSRTC,15.772500038147,75.1123962402344,0,2450,KTCL/Kadamba,Goa KTCL GTFS,SOURCE_DATA
2451,Belawadi,15.7147998809814,74.9166030883789,0,2451,KTCL/Kadamba,Goa KTCL GTFS,SOURCE_DATA
2452,Bagewadi,15.7737998962402,74.6432037353516,0,2452,KTCL/Kadamba,Goa KTCL GTFS,SOURCE_DATA
2453,Bagewadi,15.7735996246338,74.6429977416992,0,2453,KTCL/Kadamba,Goa KTCL GTFS,SOURCE_DATA
2454,Sampagaon,15.7948999404907,74.7580032348633,0,2454,KTCL/Kadamba,Goa KTCL GTFS,SOURCE_DATA
2456,Sampagaon,15.7952003479004,74.7578964233398,0,2456,KTCL/Kadamba,Goa KTCL GTFS,SOURCE_DATA
2457,Bailhongal Bus Stand,15.8184995651,74.8564987183,0,2457,KTCL/Kadamba,Goa KTCL GTFS,SOURCE_DATA
2458,Karlakatti,15.7349004745483,75.0250015258789,0,2458,KTCL/Kadamba,Goa KTCL GTFS,SOURCE_DATA
2459,Karlakatti,15.7350997924805,75.0248031616211,0,2459,KTCL/Kadamba,Goa KTCL GTFS,SOURCE_DATA
2462,"Signe - Advoi, Sonus",15.5138998031616,74.1016006469727,0,2462,KTCL/Kadamba,Goa KTCL GTFS,SOURCE_DATA
2463,Goghali / Godhgiri,15.4148998260498,74.6784973144531,0,2463,KTCL/Kadamba,Goa KTCL GTFS,SOURCE_DATA
2464,Bhatji Dukan,15.8156995773315,73.6524963378906,0,2464,KTCL/Kadamba,Goa KTCL GTFS,SOURCE_DATA
2465,Bhatji Dukan,15.8156169959,73.65252316,0,2465,KTCL/Kadamba,Goa KTCL GTFS,SOURCE_DATA
2466,Takar,15.7925996780396,73.6619033813477,0,2466,KTCL/Kadamba,Goa KTCL GTFS,SOURCE_DATA
2467,Takar,15.7926998138428,73.6621017456055,0,2467,KTCL/Kadamba,Goa KTCL GTFS,SOURCE_DATA
2468,Ganesh Temple,15.8864002227783,73.6230010986328,0,2468,KTCL/Kadamba,Goa KTCL GTFS,SOURCE_DATA
2469,Ganesh Temple,15.8865995407104,73.6231994628906,0,2469,KTCL/Kadamba,Goa KTCL GTFS,SOURCE_DATA
2470,Daboli Beach Junction,15.8725996017456,73.6295013427734,0,2470,KTCL/Kadamba,Goa KTCL GTFS,SOURCE_DATA
2471,Ubadanda / Daboli,15.872799873352,73.6298980712891,0,2471,KTCL/Kadamba,Goa KTCL GTFS,SOURCE_DATA
2472,Kalvi Tita,15.8942003250122,73.6171035766602,0,2472,KTCL/Kadamba,Goa KTCL GTFS,SOURCE_DATA
2473,Kalvi Tita,15.8940000534058,73.6168975830078,0,2473,KTCL/Kadamba,Goa KTCL GTFS,SOURCE_DATA
2474,Parula,15.9879999160767,73.5290985107422,0,2474,KTCL/Kadamba,Goa KTCL GTFS,SOURCE_DATA
2475,Parula,15.9882001876831,73.5291976928711,0,2475,KTCL/Kadamba,Goa KTCL GTFS,SOURCE_DATA
2476,Chipi,15.9979640484,73.5147179365,0,2476,KTCL/Kadamba,Goa KTCL GTFS,SOURCE_DATA
2477,Chipi,15.9981002807617,73.5148010253906,0,2477,KTCL/Kadamba,Goa KTCL GTFS,SOURCE_DATA
2478,Vetoba Temple,15.9822998046875,73.5456008911133,0,2478,KTCL/Kadamba,Goa KTCL GTFS,SOURCE_DATA
2479,Vetoba Temple,15.9823999404907,73.5456008911133,0,2479,KTCL/Kadamba,Goa KTCL GTFS,SOURCE_DATA
2480,Mhapan,15.9547004699707,73.5743026733398,0,2480,KTCL/Kadamba,Goa KTCL GTFS,SOURCE_DATA
2481,Mhapan,15.9547996520996,73.5744018554688,0,2481,KTCL/Kadamba,Goa KTCL GTFS,SOURCE_DATA
2482,Kelus,15.9291000366211,73.6031036376953,0,2482,KTCL/Kadamba,Goa KTCL GTFS,SOURCE_DATA
2483,Kelus,15.9293003082275,73.6031036376953,0,2483,KTCL/Kadamba,Goa KTCL GTFS,SOURCE_DATA
2484,Kelus Vishnu Mandir,15.9057998657227,73.6115036010742,0,2484,KTCL/Kadamba,Goa KTCL GTFS,SOURCE_DATA
2485,Kelus Vishnu Mandir,15.9057998657227,73.6116027832031,0,2485,KTCL/Kadamba,Goa KTCL GTFS,SOURCE_DATA
2486,Awera Pull,15.8889999389648,73.620002746582,0,2486,KTCL/Kadamba,Goa KTCL GTFS,SOURCE_DATA
2487,Awera Pull,15.8889999389648,73.6201019287109,0,2487,KTCL/Kadamba,Goa KTCL GTFS,SOURCE_DATA
2488,Baikade,15.3271999359131,74.0220031738281,0,2488,KTCL/Kadamba,Goa KTCL GTFS,SOURCE_DATA
2489,Baikade,15.3273000717163,74.0220031738281,0,2489,KTCL/Kadamba,Goa KTCL GTFS,SOURCE_DATA
2490,"Bibal, Camorconda",15.3305997848511,74.0864028930664,0,2490,KTCL/Kadamba,Goa KTCL GTFS,SOURCE_DATA
2491,Muddebihal Bus Stand KSRTC,16.3367004394531,76.1304016113281,0,2491,KTCL/Kadamba,Goa KTCL GTFS,SOURCE_DATA
2492,Nidagundi,16.3549003601074,75.9364013671875,0,2492,KTCL/Kadamba,Goa KTCL GTFS,SOURCE_DATA
2493,Nidagundi,16.3551998138428,75.9356994628906,0,2493,KTCL/Kadamba,Goa KTCL GTFS,SOURCE_DATA
2494,Rampur,16.2971000671387,75.8919982910156,0,2494,KTCL/Kadamba,Goa KTCL GTFS,SOURCE_DATA
2495,Rampur,16.2971000671387,75.8921966552734,0,2495,KTCL/Kadamba,Goa KTCL GTFS,SOURCE_DATA
2496,Akamol,15.1930999755859,74.0476989746094,0,2496,KTCL/Kadamba,Goa KTCL GTFS,SOURCE_DATA
2497,Akamol,15.1929998397827,74.0476989746094,0,2497,KTCL/Kadamba,Goa KTCL GTFS,SOURCE_DATA
2498,Power House G1,15.1862001419067,74.022102355957,0,2498,KTCL/Kadamba,Goa KTCL GTFS,SOURCE_DATA
2499,Power House G1,15.18630027771,74.0218963623047,0,2499,KTCL/Kadamba,Goa KTCL GTFS,SOURCE_DATA
2500,Ambaulim Panchayat,15.194299697876,74.0553970336914,0,2500,KTCL/Kadamba,Goa KTCL GTFS,SOURCE_DATA
2501,Ambaulim Panchayat,15.194299697876,74.0556030273438,0,2501,KTCL/Kadamba,Goa KTCL GTFS,SOURCE_DATA
2502,Curchorem Govt. Polytechnic. College,15.2357997894287,74.1246032714844,0,2502,KTCL/Kadamba,Goa KTCL GTFS,SOURCE_DATA
2503,Kirlpal,15.3246002197266,74.1181030273438,0,2503,KTCL/Kadamba,Goa KTCL GTFS,SOURCE_DATA
2504,Kirlpal,15.3243999481201,74.1178970336914,0,2504,KTCL/Kadamba,Goa KTCL GTFS,SOURCE_DATA
2505,Surla Pale School,15.4841995239258,74.0350036621094,0,2505,KTCL/Kadamba,Goa KTCL GTFS,SOURCE_DATA
2506,Surla Pale School,15.4837999343872,74.0348968505859,0,2506,KTCL/Kadamba,Goa KTCL GTFS,SOURCE_DATA
2507,Amulyani,15.4603996276855,74.0476989746094,0,2507,KTCL/Kadamba,Goa KTCL GTFS,SOURCE_DATA
2508,Amona Quepem,15.2270002365112,74.0642013549805,0,2508,KTCL/Kadamba,Goa KTCL GTFS,SOURCE_DATA
2509,Amona Quepem,15.2271995544434,74.0643997192383,0,2509,KTCL/Kadamba,Goa KTCL GTFS,SOURCE_DATA
2510,Zalarem,15.1555995941162,74.0628967285156,0,2510,KTCL/Kadamba,Goa KTCL GTFS,SOURCE_DATA
2511,Zalarem,15.1554002761841,74.0625991821289,0,2511,KTCL/Kadamba,Goa KTCL GTFS,SOURCE_DATA
2512,Hattargi,16.1343002319336,74.5158004760742,0,2512,KTCL/Kadamba,Goa KTCL GTFS,SOURCE_DATA
2513,Sankeshwar Bus Stand,16.2591991424561,74.4852981567383,0,2513,KTCL/Kadamba,Goa KTCL GTFS,SOURCE_DATA
2514,Nipani,16.404899597168,74.3788986206055,0,2514,KTCL/Kadamba,Goa KTCL GTFS,SOURCE_DATA
2515,Kagal,16.5792999267578,74.3123016357422,0,2515,KTCL/Kadamba,Goa KTCL GTFS,SOURCE_DATA
2516,Kagal,16.5790996551514,74.3121032714844,0,2516,KTCL/Kadamba,Goa KTCL GTFS,SOURCE_DATA
2517,Digne Sesa Junction,15.5215997695923,74.0336990356445,0,2517,KTCL/Kadamba,Goa KTCL GTFS,SOURCE_DATA
2518,Digne Sesa Junction,15.5216999053955,74.0342025756836,0,2518,KTCL/Kadamba,Goa KTCL GTFS,SOURCE_DATA
2520,Pale Panchayat,15.4778003692627,74.0607986450195,0,2520,KTCL/Kadamba,Goa KTCL GTFS,SOURCE_DATA
2521,Pale Panchayat,15.4778003692627,74.0609970092773,0,2521,KTCL/Kadamba,Goa KTCL GTFS,SOURCE_DATA
2522,Surla - Velguem Junction,15.4920868382,74.054895699,0,2522,KTCL/Kadamba,Goa KTCL GTFS,SOURCE_DATA
2523,Surla - Velguem Junction,15.4919531005,74.054957509,0,2523,KTCL/Kadamba,Goa KTCL GTFS,SOURCE_DATA
2524,Thakurwadi,16.0137996673584,73.6352996826172,0,2524,KTCL/Kadamba,Goa KTCL GTFS,SOURCE_DATA
2525,Thakurwadi,16.0139007568359,73.6353988647461,0,2525,KTCL/Kadamba,Goa KTCL GTFS,SOURCE_DATA
2526,Gavaldev / Kasarkatta,16.0445995330811,73.5746994018555,0,2526,KTCL/Kadamba,Goa KTCL GTFS,SOURCE_DATA
2527,Gavaldev / Kasarkatta,16.0445995330811,73.5746002197266,0,2527,KTCL/Kadamba,Goa KTCL GTFS,SOURCE_DATA
2528,Azgaonkar Wada,16.0597991943359,73.518798828125,0,2528,KTCL/Kadamba,Goa KTCL GTFS,SOURCE_DATA
2529,ETDC B,15.4554004669189,73.8460998535156,0,2529,KTCL/Kadamba,Goa KTCL GTFS,SOURCE_DATA
2530,ETDC A,15.4554996490479,73.8460006713867,0,2530,KTCL/Kadamba,Goa KTCL GTFS,SOURCE_DATA
2531,Goa University Post Office A,15.4568996429443,73.8358001708984,0,2531,KTCL/Kadamba,Goa KTCL GTFS,SOURCE_DATA
2532,Goa University Post Office B,15.4568004608154,73.8352966308594,0,2532,KTCL/Kadamba,Goa KTCL GTFS,SOURCE_DATA
2535,Manipal Hospital A,15.4593000411987,73.8130035400391,0,2535,KTCL/Kadamba,Goa KTCL GTFS,SOURCE_DATA
2536,Manipal Hospital B,15.4590997695923,73.813102722168,0,2536,KTCL/Kadamba,Goa KTCL GTFS,SOURCE_DATA
2537,Indoor Stadium A,15.457200050354,73.8392028808594,0,2537,KTCL/Kadamba,Goa KTCL GTFS,SOURCE_DATA
2538,Indoor Stadium B,15.456600189209,73.8395004272461,0,2538,KTCL/Kadamba,Goa KTCL GTFS,SOURCE_DATA
2541,Satarda Bridge / Naibag,15.7348404211,73.8041427136,0,2541,KTCL/Kadamba,Goa KTCL GTFS,SOURCE_DATA
2542,Satarda Bridge / Naibag,15.7357035865,73.8040560484,0,2542,KTCL/Kadamba,Goa KTCL GTFS,SOURCE_DATA
2544,Bagan / Matyet Juction,15.5700998306274,73.9548034667969,0,2544,KTCL/Kadamba,Goa KTCL GTFS,SOURCE_DATA
2547,Sirsat / Shisodem,15.5457000732422,73.8899993896484,0,2547,KTCL/Kadamba,Goa KTCL GTFS,SOURCE_DATA
2548,Sirsat / Shisodem,15.5459995269775,73.8902969360352,0,2548,KTCL/Kadamba,Goa KTCL GTFS,SOURCE_DATA
2549,Pandaw Wada / Murdi / School,15.5534000396729,73.8886032104492,0,2549,KTCL/Kadamba,Goa KTCL GTFS,SOURCE_DATA
2550,"Kerem , Devki Krishna Piso Rawalnath Temple Stop",15.5572996139526,73.8832015991211,0,2550,KTCL/Kadamba,Goa KTCL GTFS,SOURCE_DATA
2551,Pandaw Wada / Murdi / School,15.5535001754761,73.888801574707,0,2551,KTCL/Kadamba,Goa KTCL GTFS,SOURCE_DATA
2552,"Kerem , Devki Krishna Piso Rawalnath Temple Stop",15.5573997497559,73.8831024169922,0,2552,KTCL/Kadamba,Goa KTCL GTFS,SOURCE_DATA
2553,Belabhat,15.5465134706,73.8782820702,0,2553,KTCL/Kadamba,Goa KTCL GTFS,SOURCE_DATA
2554,Belabhat,15.546799659729,73.8784027099609,0,2554,KTCL/Kadamba,Goa KTCL GTFS,SOURCE_DATA
2555,Karabhat,15.5528001785278,73.8776016235352,0,2555,KTCL/Kadamba,Goa KTCL GTFS,SOURCE_DATA
2556,"Panchayat, Narva",15.5435522793,73.9234571457,0,2556,KTCL/Kadamba,Goa KTCL GTFS,SOURCE_DATA
2557,"Panchayat, Narva",15.5437590082,73.9241304398,0,2557,KTCL/Kadamba,Goa KTCL GTFS,SOURCE_DATA
2558,Sade Tir,15.5553998947144,73.9058990478516,0,2558,KTCL/Kadamba,Goa KTCL GTFS,SOURCE_DATA
2559,Afzalpur,17.2012996673584,76.3575973510742,0,2559,KTCL/Kadamba,Goa KTCL GTFS,SOURCE_DATA
2560,Matve,15.0775003433228,73.9648971557617,0,2560,KTCL/Kadamba,Goa KTCL GTFS,SOURCE_DATA
2561,"Soliem, Canacona",15.0836388719,73.9874366522,0,2561,KTCL/Kadamba,Goa KTCL GTFS,SOURCE_DATA
2562,"Soliem, Canacona",15.0828572595,73.9871566296,0,2562,KTCL/Kadamba,Goa KTCL GTFS,SOURCE_DATA
2563,Popaidando,15.0884352613,73.9968757629,0,2563,KTCL/Kadamba,Goa KTCL GTFS,SOURCE_DATA
2564,Gulbarga Central Bus Stand K.S.R.T.C.,17.3262004852295,76.8172988891602,0,2564,KTCL/Kadamba,Goa KTCL GTFS,SOURCE_DATA
2565,Bande,16.4874000549316,73.3556976318359,0,2565,KTCL/Kadamba,Goa KTCL GTFS,SOURCE_DATA
2566,Bande,16.4874000549316,73.3557968139648,0,2566,KTCL/Kadamba,Goa KTCL GTFS,SOURCE_DATA
2567,Hursh,16.4727993011475,73.3663024902344,0,2567,KTCL/Kadamba,Goa KTCL GTFS,SOURCE_DATA
2568,Hursh,16.4729995727539,73.3662033081055,0,2568,KTCL/Kadamba,Goa KTCL GTFS,SOURCE_DATA
2569,Padel Canteen,16.4703998565674,73.3906021118164,0,2569,KTCL/Kadamba,Goa KTCL GTFS,SOURCE_DATA
2570,Padel Canteen,16.4706001281738,73.3904037475586,0,2570,KTCL/Kadamba,Goa KTCL GTFS,SOURCE_DATA
2571,Mond Titha,16.4605007171631,73.4515991210938,0,2571,KTCL/Kadamba,Goa KTCL GTFS,SOURCE_DATA
2572,Mond Titha,16.4603004455566,73.4516983032227,0,2572,KTCL/Kadamba,Goa KTCL GTFS,SOURCE_DATA
2573,Pokarbao,16.4661998748779,73.4166030883789,0,2573,KTCL/Kadamba,Goa KTCL GTFS,SOURCE_DATA
2574,Datta Mandir,16.4911994934082,73.5470962524414,0,2574,KTCL/Kadamba,Goa KTCL GTFS,SOURCE_DATA
2575,Datta Mandir,16.4913005828857,73.5473022460938,0,2575,KTCL/Kadamba,Goa KTCL GTFS,SOURCE_DATA
2576,Pendhari,16.4776992797852,73.5043029785156,0,2576,KTCL/Kadamba,Goa KTCL GTFS,SOURCE_DATA
2577,Pendhari,16.4776000976563,73.5044021606445,0,2577,KTCL/Kadamba,Goa KTCL GTFS,SOURCE_DATA
2578,Malpe Phomburle Mahalaxmi,16.4950008392334,73.5364990234375,0,2578,KTCL/Kadamba,Goa KTCL GTFS,SOURCE_DATA
2579,Malpe Phomburle Mahalaxmi,16.494800567627,73.5367965698242,0,2579,KTCL/Kadamba,Goa KTCL GTFS,SOURCE_DATA
2580,Manche,16.4867992401123,73.52490234375,0,2580,KTCL/Kadamba,Goa KTCL GTFS,SOURCE_DATA
2582,Manche,16.486499786377,73.5251007080078,0,2582,KTCL/Kadamba,Goa KTCL GTFS,SOURCE_DATA
2583,Phanasgaon,16.468599319458,73.5896987915039,0,2583,KTCL/Kadamba,Goa KTCL GTFS,SOURCE_DATA
2584,Uttargavthan,16.4384994506836,73.6640014648438,0,2584,KTCL/Kadamba,Goa KTCL GTFS,SOURCE_DATA
2585,Uttargavthan,16.4382991790772,73.6641006469727,0,2585,KTCL/Kadamba,Goa KTCL GTFS,SOURCE_DATA
2586,Burabavade,16.4619007110596,73.6165008544922,0,2586,KTCL/Kadamba,Goa KTCL GTFS,SOURCE_DATA
2587,Burabavade,16.4620990753174,73.6166000366211,0,2587,KTCL/Kadamba,Goa KTCL GTFS,SOURCE_DATA
2588,Baparde,16.4708003997803,73.4772033691406,0,2588,KTCL/Kadamba,Goa KTCL GTFS,SOURCE_DATA
2589,Mutat / Bauddhvadi,16.4750995635986,73.4691009521484,0,2589,KTCL/Kadamba,Goa KTCL GTFS,SOURCE_DATA
2592,Waghotan,16.484899520874,73.4540023803711,0,2592,KTCL/Kadamba,Goa KTCL GTFS,SOURCE_DATA
2593,Waghotan,16.4848003387451,73.4542999267578,0,2593,KTCL/Kadamba,Goa KTCL GTFS,SOURCE_DATA
2594,Sadevaghota,16.4675998687744,73.4544982910156,0,2594,KTCL/Kadamba,Goa KTCL GTFS,SOURCE_DATA
2595,Mutat / Bauddhvadi,16.4750003814697,73.4691009521484,0,2595,KTCL/Kadamba,Goa KTCL GTFS,SOURCE_DATA
2601,Ganga Tiles,15.6010999679565,73.7837982177734,0,2601,KTCL/Kadamba,Goa KTCL GTFS,SOURCE_DATA
2602,Ganga Tiles,15.6009998321533,73.7838973999023,0,2602,KTCL/Kadamba,Goa KTCL GTFS,SOURCE_DATA
2603,Chepel,15.5242004394531,73.9049987792969,0,2603,KTCL/Kadamba,Goa KTCL GTFS,SOURCE_DATA
2604,Chepel,15.5242004394531,73.9050979614258,0,2604,KTCL/Kadamba,Goa KTCL GTFS,SOURCE_DATA
2605,Divar Centre,15.5278997421265,73.9047012329102,0,2605,KTCL/Kadamba,Goa KTCL GTFS,SOURCE_DATA
2606,Divar Centre,15.5277004241943,73.9047012329102,0,2606,KTCL/Kadamba,Goa KTCL GTFS,SOURCE_DATA
2607,Hospital Casarvane / Purva,15.7123823165894,73.8746109008789,0,2607,KTCL/Kadamba,Goa KTCL GTFS,SOURCE_DATA
2644,Sodiem Temple,15.6232004165649,73.7751007080078,0,2644,KTCL/Kadamba,Goa KTCL GTFS,SOURCE_DATA
2645,Sodiem Temple,15.6233997344971,73.7751998901367,0,2645,KTCL/Kadamba,Goa KTCL GTFS,SOURCE_DATA
2646,Gaune,15.418999671936,73.9644012451172,0,2646,KTCL/Kadamba,Goa KTCL GTFS,SOURCE_DATA
2647,Santoshi Temple Stop,15.4097995758057,73.9608993530273,0,2647,KTCL/Kadamba,Goa KTCL GTFS,SOURCE_DATA
2648,Santoshi Temple Stop,15.4097995758057,73.9609985351563,0,2648,KTCL/Kadamba,Goa KTCL GTFS,SOURCE_DATA
2649,Vithoba Temple Gaune,15.4074001312256,73.9656982421875,0,2649,KTCL/Kadamba,Goa KTCL GTFS,SOURCE_DATA
2650,Vithoba Temple Gaune,15.4074001312256,73.9660034179688,0,2650,KTCL/Kadamba,Goa KTCL GTFS,SOURCE_DATA
2653,Agapur / Agastipur,15.3821001052856,73.9617004394531,0,2653,KTCL/Kadamba,Goa KTCL GTFS,SOURCE_DATA
2654,St. Pedro Ribandar Ferry,15.5052995681763,73.8788986206055,0,2654,KTCL/Kadamba,Goa KTCL GTFS,SOURCE_DATA
2655,Madant,15.5201997756958,73.8963012695313,0,2655,KTCL/Kadamba,Goa KTCL GTFS,SOURCE_DATA
2656,Madant,15.5200996398926,73.8964004516602,0,2656,KTCL/Kadamba,Goa KTCL GTFS,SOURCE_DATA
2657,Our Lady School,15.527099609375,73.9031982421875,0,2657,KTCL/Kadamba,Goa KTCL GTFS,SOURCE_DATA
2658,Naroa Island Ferry,15.5388002396,73.9231033325,0,2658,KTCL/Kadamba,Goa KTCL GTFS,SOURCE_DATA
2659,Vanxim Island Ferry,15.5391998291016,73.907600402832,0,2659,KTCL/Kadamba,Goa KTCL GTFS,SOURCE_DATA
2660,St. Aloysius School,15.5300998687744,73.9039001464844,0,2660,KTCL/Kadamba,Goa KTCL GTFS,SOURCE_DATA
2661,St. Aloysius School,15.5300998687744,73.9040985107422,0,2661,KTCL/Kadamba,Goa KTCL GTFS,SOURCE_DATA
2662,Goltim Navelim Pch,15.5250997543335,73.9023971557617,0,2662,KTCL/Kadamba,Goa KTCL GTFS,SOURCE_DATA
2663,Goltim Navelim Pch,15.5248384475708,73.9026489257813,0,2663,KTCL/Kadamba,Goa KTCL GTFS,SOURCE_DATA
2664,Tonca,15.5357999801636,73.9608993530273,0,2664,KTCL/Kadamba,Goa KTCL GTFS,SOURCE_DATA
2665,Tonca Ferry,15.5348997116089,73.9580993652344,0,2665,KTCL/Kadamba,Goa KTCL GTFS,SOURCE_DATA
2666,Tonca Ferry,15.5349998474121,73.9582977294922,0,2666,KTCL/Kadamba,Goa KTCL GTFS,SOURCE_DATA
2667,Cumbarjua Bridge,15.5321727169,73.9574215412,0,2667,KTCL/Kadamba,Goa KTCL GTFS,SOURCE_DATA
2668,Cumbarjua Bridge,15.5324001312256,73.9577026367188,0,2668,KTCL/Kadamba,Goa KTCL GTFS,SOURCE_DATA
2669,Ameywada,15.5274000167847,73.9563980102539,0,2669,KTCL/Kadamba,Goa KTCL GTFS,SOURCE_DATA
2670,Ameywada,15.5275001525879,73.9565963745117,0,2670,KTCL/Kadamba,Goa KTCL GTFS,SOURCE_DATA
2671,Khandola College,15.5222845078,73.957862854,0,2671,KTCL/Kadamba,Goa KTCL GTFS,SOURCE_DATA
2672,Khandola College,15.522500038147,73.9579010009766,0,2672,KTCL/Kadamba,Goa KTCL GTFS,SOURCE_DATA
2673,Maina Sesa Mines,15.522075305,74.0108167777,0,2673,KTCL/Kadamba,Goa KTCL GTFS,SOURCE_DATA
2674,Maina Sesa Mines,15.5222997665405,74.0108032226563,0,2674,KTCL/Kadamba,Goa KTCL GTFS,SOURCE_DATA
2675,Power House Navelim,15.5181999206543,74.013198852539,0,2675,KTCL/Kadamba,Goa KTCL GTFS,SOURCE_DATA
2676,Power House Navelim,15.5181999206543,74.0133972167969,0,2676,KTCL/Kadamba,Goa KTCL GTFS,SOURCE_DATA
2679,Surla Village,15.5043001174927,74.0297012329102,0,2679,KTCL/Kadamba,Goa KTCL GTFS,SOURCE_DATA
2680,Surla Society,15.4990997314453,74.0299987792969,0,2680,KTCL/Kadamba,Goa KTCL GTFS,SOURCE_DATA
2681,Surla Society,15.4989004135132,74.0302963256836,0,2681,KTCL/Kadamba,Goa KTCL GTFS,SOURCE_DATA
2682,Surla Narayan Temple,15.5110998153687,74.029899597168,0,2682,KTCL/Kadamba,Goa KTCL GTFS,SOURCE_DATA
2683,Surla Village,15.5044002532959,74.0295028686523,0,2683,KTCL/Kadamba,Goa KTCL GTFS,SOURCE_DATA
2684,Siya Petrol Pump,15.5544004440308,74.0149993896484,0,2684,KTCL/Kadamba,Goa KTCL GTFS,SOURCE_DATA
2685,Siya Petrol Pump,15.5544004440308,74.0150985717773,0,2685,KTCL/Kadamba,Goa KTCL GTFS,SOURCE_DATA
2686,City Market Stop,15.4979000091553,73.8223037719727,0,2686,KTCL/Kadamba,Goa KTCL GTFS,SOURCE_DATA
2687,SBI,15.5003004074097,73.8303985595703,0,2687,KTCL/Kadamba,Goa KTCL GTFS,SOURCE_DATA
2688,SBI,15.500792456465,73.8307498693466,0,2688,KTCL/Kadamba,Goa KTCL GTFS,SOURCE_DATA
2693,Peddem,15.6054000854492,73.8225021362305,0,2693,KTCL/Kadamba,Goa KTCL GTFS,SOURCE_DATA
2694,Peddem,15.6049951157,73.822550416,0,2694,KTCL/Kadamba,Goa KTCL GTFS,SOURCE_DATA
2695,Sai Baba Temple,15.6934995651245,73.8550033569336,0,2695,KTCL/Kadamba,Goa KTCL GTFS,SOURCE_DATA
2696,Sai Baba Temple,15.6935997009277,73.8551025390625,0,2696,KTCL/Kadamba,Goa KTCL GTFS,SOURCE_DATA
2697,Madkai Ozrim,15.6890001296997,73.8738021850586,0,2697,KTCL/Kadamba,Goa KTCL GTFS,SOURCE_DATA
2698,Fatorpa Post Office,15.1437997817993,73.9983978271484,0,2698,KTCL/Kadamba,Goa KTCL GTFS,SOURCE_DATA
2699,Fatorpa Post Office,15.1437997817993,73.9985961914063,0,2699,KTCL/Kadamba,Goa KTCL GTFS,SOURCE_DATA
2700,Pansulem,15.0023002624512,74.0456008911133,0,2700,KTCL/Kadamba,Goa KTCL GTFS,SOURCE_DATA
2701,Pansulem,15.0023002624101,74.0459494590279,0,2701,KTCL/Kadamba,Goa KTCL GTFS,SOURCE_DATA
2703,Nadora Temple,15.6716003417969,73.861198425293,0,2703,KTCL/Kadamba,Goa KTCL GTFS,SOURCE_DATA
2704,Nadora Temple,15.6715002059937,73.8612976074219,0,2704,KTCL/Kadamba,Goa KTCL GTFS,SOURCE_DATA
2705,Waadi,15.6689970894,73.8550033569,0,2705,KTCL/Kadamba,Goa KTCL GTFS,SOURCE_DATA
2706,Waadi,15.6690998077393,73.8550033569336,0,2706,KTCL/Kadamba,Goa KTCL GTFS,SOURCE_DATA
2707,Maadani,15.671799659729,73.8587036132813,0,2707,KTCL/Kadamba,Goa KTCL GTFS,SOURCE_DATA
2708,Maadani,15.6716995239258,73.8587036132813,0,2708,KTCL/Kadamba,Goa KTCL GTFS,SOURCE_DATA
2709,School Revoda,15.6665000916,73.855796814,0,2709,KTCL/Kadamba,Goa KTCL GTFS,SOURCE_DATA
2710,Taar,15.6638965015,73.8555984497,0,2710,KTCL/Kadamba,Goa KTCL GTFS,SOURCE_DATA
2711,Taar,15.663800239563,73.855598449707,0,2711,KTCL/Kadamba,Goa KTCL GTFS,SOURCE_DATA
2712,Victory Church,15.6603454357,73.855512619,0,2712,KTCL/Kadamba,Goa KTCL GTFS,SOURCE_DATA
2713,Corp Bank,15.6591997146606,73.8466033935547,0,2713,KTCL/Kadamba,Goa KTCL GTFS,SOURCE_DATA
2714,Corp Bank,15.6591635575,73.8465497494,0,2714,KTCL/Kadamba,Goa KTCL GTFS,SOURCE_DATA
2715,Revora Bar,15.6520827157,73.8461813927,0,2715,KTCL/Kadamba,Goa KTCL GTFS,SOURCE_DATA
2716,Revora Bar,15.6521435161,73.846314311,0,2716,KTCL/Kadamba,Goa KTCL GTFS,SOURCE_DATA
2717,Maansher,15.6507997512817,73.8447036743164,0,2717,KTCL/Kadamba,Goa KTCL GTFS,SOURCE_DATA
2718,Maansher,15.6506996154785,73.8447036743164,0,2718,KTCL/Kadamba,Goa KTCL GTFS,SOURCE_DATA
2720,Menkurem,15.6961002349854,73.8970031738281,0,2720,KTCL/Kadamba,Goa KTCL GTFS,SOURCE_DATA
2740,Voltar,15.521900177002,73.8975982666016,0,2740,KTCL/Kadamba,Goa KTCL GTFS,SOURCE_DATA
2741,Voltar,15.5220003128052,73.8974990844727,0,2741,KTCL/Kadamba,Goa KTCL GTFS,SOURCE_DATA
2742,Khursakade Divade,15.5228996276855,73.8989028930664,0,2742,KTCL/Kadamba,Goa KTCL GTFS,SOURCE_DATA
2743,Khursakade Divade,15.523099899292,73.8988037109375,0,2743,KTCL/Kadamba,Goa KTCL GTFS,SOURCE_DATA
2744,Our Lady School,15.5271997451782,73.9029998779297,0,2744,KTCL/Kadamba,Goa KTCL GTFS,SOURCE_DATA
2745,Marita Bakery,15.5307998657227,73.9039001464844,0,2745,KTCL/Kadamba,Goa KTCL GTFS,SOURCE_DATA
2746,Sinqueri Chapel,15.5353002548218,73.904296875,0,2746,KTCL/Kadamba,Goa KTCL GTFS,SOURCE_DATA
2747,Sinqueri Chapel,15.535400390625,73.9041976928711,0,2747,KTCL/Kadamba,Goa KTCL GTFS,SOURCE_DATA
2753,Kamat Classic,15.4758996963501,73.8121032714844,0,2753,KTCL/Kadamba,Goa KTCL GTFS,SOURCE_DATA
2754,Kamat Classic,15.4758996963501,73.8119964599609,0,2754,KTCL/Kadamba,Goa KTCL GTFS,SOURCE_DATA
2755,Kerant,15.4739999771118,73.8121032714844,0,2755,KTCL/Kadamba,Goa KTCL GTFS,SOURCE_DATA
2756,Kerant,15.474100112915,73.8119964599609,0,2756,KTCL/Kadamba,Goa KTCL GTFS,SOURCE_DATA
2759,Panaji Bus Stand,15.4963245391846,73.83642578125,0,2759,KTCL/Kadamba,Goa KTCL GTFS,SOURCE_DATA
2761,Manohar International Airport,15.7305390754,73.8678398132,0,2761,KTCL/Kadamba,Goa KTCL GTFS,SOURCE_DATA
2766,St. Anne's Chapel,15.5461359024048,73.7933502197266,0,2766,KTCL/Kadamba,Goa KTCL GTFS,SOURCE_DATA
2767,St. Anne's Chapel,15.546236038208,73.7933883666992,0,2767,KTCL/Kadamba,Goa KTCL GTFS,SOURCE_DATA
2770,Calangute Football Ground,15.5408554077148,73.762336730957,0,2770,KTCL/Kadamba,Goa KTCL GTFS,SOURCE_DATA
2773,New Mapusa Bus Stand,15.5880498886108,73.8094177246094,0,2773,KTCL/Kadamba,Goa KTCL GTFS,SOURCE_DATA
2774,Cortalim Junction Stop,15.4037504196167,73.9081268310547,0,2774,KTCL/Kadamba,Goa KTCL GTFS,SOURCE_DATA
2775,Cortalim junction,15.4037418365479,73.9078903198242,0,2775,KTCL/Kadamba,Goa KTCL GTFS,SOURCE_DATA
2776,Ravrikade,15.440357208252,73.8735275268555,0,2776,KTCL/Kadamba,Goa KTCL GTFS,SOURCE_DATA
2777,Ravrikade,15.4401874542236,73.8736953735352,0,2777,KTCL/Kadamba,Goa KTCL GTFS,SOURCE_DATA
2778,Gandhi Road Maina,15.2938537597656,73.9980850219727,0,2778,KTCL/Kadamba,Goa KTCL GTFS,SOURCE_DATA
2779,Gandhi Road Maina,15.293628692627,73.9980773925781,0,2779,KTCL/Kadamba,Goa KTCL GTFS,SOURCE_DATA
2780,St. Xavier School,15.2912302017212,74.016975402832,0,2780,KTCL/Kadamba,Goa KTCL GTFS,SOURCE_DATA
2781,St. Xavier School,15.2911138534546,74.0168075561523,0,2781,KTCL/Kadamba,Goa KTCL GTFS,SOURCE_DATA
2782,St. Francis Xavier Chapel,15.2872476577759,74.062614440918,0,2782,KTCL/Kadamba,Goa KTCL GTFS,SOURCE_DATA
2783,St. Francis Xavier Chapel,15.2869997024536,74.0624313354492,0,2783,KTCL/Kadamba,Goa KTCL GTFS,SOURCE_DATA
2784,Health Centre Loutolim,15.3390550613403,73.9908065795898,0,2784,KTCL/Kadamba,Goa KTCL GTFS,SOURCE_DATA
2785,Health Centre Loutolim,15.3392515182495,73.990837097168,0,2785,KTCL/Kadamba,Goa KTCL GTFS,SOURCE_DATA
2786,Hasapur,15.7392222283,73.903219223,0,2786,KTCL/Kadamba,Goa KTCL GTFS,SOURCE_DATA
2787,Hasapur,15.7392988204956,73.9033660888672,0,2787,KTCL/Kadamba,Goa KTCL GTFS,SOURCE_DATA
2788,Near St Claras School,15.6196222305298,73.8945846557617,0,2788,KTCL/Kadamba,Goa KTCL GTFS,SOURCE_DATA
2789,Near St Claras School,15.6194925308228,73.8945922851563,0,2789,KTCL/Kadamba,Goa KTCL GTFS,SOURCE_DATA
2790,Ribandar Police Sation,15.5018930435181,73.8719482421875,0,2790,KTCL/Kadamba,Goa KTCL GTFS,SOURCE_DATA
2791,Mall De Goa,15.5256109237671,73.826530456543,0,2791,KTCL/Kadamba,Goa KTCL GTFS,SOURCE_DATA
2792,"Chinchinim, Cuncolim Junction",15.2189798355103,73.9786529541016,0,2792,KTCL/Kadamba,Goa KTCL GTFS,SOURCE_DATA
2793,Querim Panchayat,15.7158622741699,73.6970520019531,0,2793,KTCL/Kadamba,Goa KTCL GTFS,SOURCE_DATA
2794,Querim Panchayat,15.7158460617065,73.6970367431641,0,2794,KTCL/Kadamba,Goa KTCL GTFS,SOURCE_DATA
2795,Akhada Fry,15.533987999,73.9311752319,0,2795,KTCL/Kadamba,Goa KTCL GTFS,SOURCE_DATA
2796,Querim Temple,15.7177457809448,73.7053375244141,0,2796,KTCL/Kadamba,Goa KTCL GTFS,SOURCE_DATA
2797,Querim Temple,15.7177610397339,73.7053070068359,0,2797,KTCL/Kadamba,Goa KTCL GTFS,SOURCE_DATA
2798,Querim Church,15.7139301300049,73.7017288208008,0,2798,KTCL/Kadamba,Goa KTCL GTFS,SOURCE_DATA
2799,Querim Church,15.7139844894409,73.7017288208008,0,2799,KTCL/Kadamba,Goa KTCL GTFS,SOURCE_DATA
2800,Cona Stop,15.3810396194458,74.0065460205078,0,2800,KTCL/Kadamba,Goa KTCL GTFS,SOURCE_DATA
2801,Cona Stop,15.3810319900513,74.0063629150391,0,2801,KTCL/Kadamba,Goa KTCL GTFS,SOURCE_DATA
2802,Maternity Hospital Stop,15.3483410441,74.0077724457,0,2802,KTCL/Kadamba,Goa KTCL GTFS,SOURCE_DATA
2803,Maternity Hospital Stop,15.3481068728,74.0075383186,0,2803,KTCL/Kadamba,Goa KTCL GTFS,SOURCE_DATA
2804,Burye Shop,15.6241989135742,73.7670745849609,0,2804,KTCL/Kadamba,Goa KTCL GTFS,SOURCE_DATA
2805,Burye Shop,15.6240530014038,73.767204284668,0,2805,KTCL/Kadamba,Goa KTCL GTFS,SOURCE_DATA
2806,RIT College Stop,15.3245439529419,74.0255508422852,0,2806,KTCL/Kadamba,Goa KTCL GTFS,SOURCE_DATA
2807,RIT College Stop,15.3245906829834,74.0258255004883,0,2807,KTCL/Kadamba,Goa KTCL GTFS,SOURCE_DATA
2808,Pratapnagar,15.5545902252197,74.0304183959961,0,2808,KTCL/Kadamba,Goa KTCL GTFS,SOURCE_DATA
2809,Supachi Pud,15.553014755249,74.0344009399414,0,2809,KTCL/Kadamba,Goa KTCL GTFS,SOURCE_DATA
2810,Supachi Pud,15.5529069900513,74.0342178344727,0,2810,KTCL/Kadamba,Goa KTCL GTFS,SOURCE_DATA
2811,Pratapnagar,15.5544121706,74.0304124355,0,2811,KTCL/Kadamba,Goa KTCL GTFS,SOURCE_DATA
2812,Vijaynagar,15.5722856521606,73.9981536865234,0,2812,KTCL/Kadamba,Goa KTCL GTFS,SOURCE_DATA
2813,Vijaynagar,15.572075843811,73.9977569580078,0,2813,KTCL/Kadamba,Goa KTCL GTFS,SOURCE_DATA
2814,TUEM CROSS,15.6613445281982,73.8173370361328,0,2814,KTCL/Kadamba,Goa KTCL GTFS,SOURCE_DATA
2815,TUEM CROSS,15.6613054275513,73.8173675537109,0,2815,KTCL/Kadamba,Goa KTCL GTFS,SOURCE_DATA
2816,VIRNODA TEMPLE,15.6902503967285,73.8195037841797,0,2816,KTCL/Kadamba,Goa KTCL GTFS,SOURCE_DATA
2817,VIRNODA TEMPLE,15.6902627944946,73.8195648193359,0,2817,KTCL/Kadamba,Goa KTCL GTFS,SOURCE_DATA
2818,Tivre Building,15.4995403289795,73.9582061767578,0,2818,KTCL/Kadamba,Goa KTCL GTFS,SOURCE_DATA
2819,Tivre Building,15.499342918396,73.9583358764648,0,2819,KTCL/Kadamba,Goa KTCL GTFS,SOURCE_DATA
2820,Walpe,15.6991701126099,73.8230133056641,0,2820,KTCL/Kadamba,Goa KTCL GTFS,SOURCE_DATA
2821,Valpe Cross,15.6991996765137,73.8229827880859,0,2821,KTCL/Kadamba,Goa KTCL GTFS,SOURCE_DATA
2822,Sawalwada,15.7159813943,73.803853035,0,2822,KTCL/Kadamba,Goa KTCL GTFS,SOURCE_DATA
2823,Sawalwada,15.7153204171,73.8034858703,0,2823,KTCL/Kadamba,Goa KTCL GTFS,SOURCE_DATA
2824,Vadaval,15.6682538986206,73.9322509765625,0,2824,KTCL/Kadamba,Goa KTCL GTFS,SOURCE_DATA
2825,Vadaval,15.667763710022,73.9325256347656,0,2825,KTCL/Kadamba,Goa KTCL GTFS,SOURCE_DATA
2826,Virlosa,15.512059211731,73.8422775268555,0,2826,KTCL/Kadamba,Goa KTCL GTFS,SOURCE_DATA
2827,Virlosa,15.512059211731,73.8424606323242,0,2827,KTCL/Kadamba,Goa KTCL GTFS,SOURCE_DATA
2828,Britona Market,15.5203504562378,73.8476333618164,0,2828,KTCL/Kadamba,Goa KTCL GTFS,SOURCE_DATA
2829,Salvador,15.5327053070068,73.8582611083984,0,2829,KTCL/Kadamba,Goa KTCL GTFS,SOURCE_DATA
2830,GOYNA,15.5675067901611,73.8622283935547,0,2830,KTCL/Kadamba,Goa KTCL GTFS,SOURCE_DATA
2831,GOYNA,15.5676431655884,73.8625411987305,0,2831,KTCL/Kadamba,Goa KTCL GTFS,SOURCE_DATA
2832,GALVAR,15.5777139663696,73.8652038574219,0,2832,KTCL/Kadamba,Goa KTCL GTFS,SOURCE_DATA
2833,GALVAR,15.5775804519653,73.8654174804688,0,2833,KTCL/Kadamba,Goa KTCL GTFS,SOURCE_DATA
2834,BAGWATI TEMPLE,15.5851669311523,73.874626159668,0,2834,KTCL/Kadamba,Goa KTCL GTFS,SOURCE_DATA
2835,BAGWATI TEMPLE,15.5851669311523,73.8748168945313,0,2835,KTCL/Kadamba,Goa KTCL GTFS,SOURCE_DATA
2836,"Nachnola, Nr. Ganpati Temple",15.5935001373291,73.8517990112305,0,2836,KTCL/Kadamba,Goa KTCL GTFS,SOURCE_DATA
2837,"Nachnola, Nr. Ganpati Temple",15.5935688018799,73.8518981933594,0,2837,KTCL/Kadamba,Goa KTCL GTFS,SOURCE_DATA
2838,"Boron, Nachinola",15.584680557251,73.8496704101563,0,2838,KTCL/Kadamba,Goa KTCL GTFS,SOURCE_DATA
2839,Char rasta,15.0108057978,74.036523819,0,2839,KTCL/Kadamba,Goa KTCL GTFS,SOURCE_DATA
2840,Parshuram temple,14.9769420623779,74.0991363525391,0,2840,KTCL/Kadamba,Goa KTCL GTFS,SOURCE_DATA
2841,karay,14.96644115448,74.0751190185547,0,2841,KTCL/Kadamba,Goa KTCL GTFS,SOURCE_DATA
2842,Godown shop,15.4057359695435,73.910026550293,0,2842,KTCL/Kadamba,Goa KTCL GTFS,SOURCE_DATA
2843,Godown shop,15.4058132171631,73.9101715087891,0,2843,KTCL/Kadamba,Goa KTCL GTFS,SOURCE_DATA
2844,Sancoale temple junction,15.3815650939941,73.9015197753906,0,2844,KTCL/Kadamba,Goa KTCL GTFS,SOURCE_DATA
2845,Sancoale temple junction,15.3817310333252,73.9018325805664,0,2845,KTCL/Kadamba,Goa KTCL GTFS,SOURCE_DATA
2846,Sancoale Bank,15.3910722732544,73.9034194946289,0,2846,KTCL/Kadamba,Goa KTCL GTFS,SOURCE_DATA
2847,Rai Amyakde,15.3079175949097,73.9773483276367,0,2847,KTCL/Kadamba,Goa KTCL GTFS,SOURCE_DATA
2848,Upper Bazar,15.4086275100708,74.0150833129883,0,2848,KTCL/Kadamba,Goa KTCL GTFS,SOURCE_DATA
2849,Quelossim Shantadurga temple,15.3881759643555,73.9389343261719,0,2849,KTCL/Kadamba,Goa KTCL GTFS,SOURCE_DATA
2850,Quelossim Shantadurga temple,15.3882484436035,73.9391403198242,0,2850,KTCL/Kadamba,Goa KTCL GTFS,SOURCE_DATA
2851,Kelini,15.4270277023,74.0792312622,0,2851,KTCL/Kadamba,Goa KTCL GTFS,SOURCE_DATA
2852,Near Pernem Court,15.714015007019,73.7980575561523,0,2852,KTCL/Kadamba,Goa KTCL GTFS,SOURCE_DATA
2853,Near Pernem Court,15.7140111923218,73.7979736328125,0,2853,KTCL/Kadamba,Goa KTCL GTFS,SOURCE_DATA
2854,Kumyakade,15.4345273972,74.0757827759,0,2854,KTCL/Kadamba,Goa KTCL GTFS,SOURCE_DATA
2855,Kothambi,15.4898242950439,74.0306549072266,0,2855,KTCL/Kadamba,Goa KTCL GTFS,SOURCE_DATA
2856,Satayakade,15.4944562911987,74.0259323120117,0,2856,KTCL/Kadamba,Goa KTCL GTFS,SOURCE_DATA
2857,Navli P.Hos,15.5002870559692,74.0209121704102,0,2857,KTCL/Kadamba,Goa KTCL GTFS,SOURCE_DATA
2858,Tuyem Hospital,15.6901445388794,73.7941589355469,0,2858,KTCL/Kadamba,Goa KTCL GTFS,SOURCE_DATA
2859,Tuyem Hospital,15.6901636123657,73.794189453125,0,2859,KTCL/Kadamba,Goa KTCL GTFS,SOURCE_DATA
2860,Main Seza,15.5027275085449,74.0213394165039,0,2860,KTCL/Kadamba,Goa KTCL GTFS,SOURCE_DATA
2861,Ladfe,15.6269073486328,73.9562225341797,0,2861,KTCL/Kadamba,Goa KTCL GTFS,SOURCE_DATA
2862,Goa Dodamarg,15.6521682739258,73.9458465576172,0,2862,KTCL/Kadamba,Goa KTCL GTFS,SOURCE_DATA
2863,Sacchebhat,15.6738901138306,73.7549896240234,0,2863,KTCL/Kadamba,Goa KTCL GTFS,SOURCE_DATA
2864,Sacchebhat,15.6738996505737,73.7548828125,0,2864,KTCL/Kadamba,Goa KTCL GTFS,SOURCE_DATA
2865,Naikwada,15.6704301834106,73.7457504272461,0,2865,KTCL/Kadamba,Goa KTCL GTFS,SOURCE_DATA
2866,Naikwada,15.6704759597778,73.7457046508789,0,2866,KTCL/Kadamba,Goa KTCL GTFS,SOURCE_DATA
2867,Petter,15.4885606765747,73.9229354858398,0,2867,KTCL/Kadamba,Goa KTCL GTFS,SOURCE_DATA
2868,Rasai Chowgule dock,15.3708696365356,73.9569778442383,0,2868,KTCL/Kadamba,Goa KTCL GTFS,SOURCE_DATA
2869,Rasai Chowgule dock,15.3709573745728,73.9570922851563,0,2869,KTCL/Kadamba,Goa KTCL GTFS,SOURCE_DATA
2870,Vodle Nuera,15.4487314224243,73.922607421875,0,2870,KTCL/Kadamba,Goa KTCL GTFS,SOURCE_DATA
2871,Nhaveli,15.5372270495,74.0109577179,0,2871,KTCL/Kadamba,Goa KTCL GTFS,SOURCE_DATA
2872,Karvat Church,15.3564968109131,73.9727401733398,0,2872,KTCL/Kadamba,Goa KTCL GTFS,SOURCE_DATA
2873,Karvat Church,15.3565692901611,73.9728088378906,0,2873,KTCL/Kadamba,Goa KTCL GTFS,SOURCE_DATA
2874,Junaswada/ Mandrem Beac,15.6702108383179,73.7133636474609,0,2874,KTCL/Kadamba,Goa KTCL GTFS,SOURCE_DATA
2875,Junaswada/ Mandrem Beac,15.6702184677124,73.7132873535156,0,2875,KTCL/Kadamba,Goa KTCL GTFS,SOURCE_DATA
2876,Taleban cross,15.3432703018188,73.9792633056641,0,2876,KTCL/Kadamba,Goa KTCL GTFS,SOURCE_DATA
2877,Taleban cross,15.3433771133423,73.979362487793,0,2877,KTCL/Kadamba,Goa KTCL GTFS,SOURCE_DATA
2878,Loutolim Ramnath temple,15.3418922424316,73.9809036254883,0,2878,KTCL/Kadamba,Goa KTCL GTFS,SOURCE_DATA
2879,Loutolim Ramnath temple,15.3419437408447,73.9810409545898,0,2879,KTCL/Kadamba,Goa KTCL GTFS,SOURCE_DATA
2880,Crystal Rock,15.3402090072632,73.9963836669922,0,2880,KTCL/Kadamba,Goa KTCL GTFS,SOURCE_DATA
2881,Crystal Rock,15.3403253555298,73.996337890625,0,2881,KTCL/Kadamba,Goa KTCL GTFS,SOURCE_DATA
2882,SOARES WADO,15.6130571365356,73.803825378418,0,2882,KTCL/Kadamba,Goa KTCL GTFS,SOURCE_DATA
2883,SOARES WADO,15.6131505966187,73.8038558959961,0,2883,KTCL/Kadamba,Goa KTCL GTFS,SOURCE_DATA
2884,Amyakade Stop,15.3440237045288,73.99658203125,0,2884,KTCL/Kadamba,Goa KTCL GTFS,SOURCE_DATA
2885,Amyakade Stop,15.3439302444458,73.9967422485352,0,2885,KTCL/Kadamba,Goa KTCL GTFS,SOURCE_DATA
2886,Siolim Chapel,15.6120014190674,73.7747650146484,0,2886,KTCL/Kadamba,Goa KTCL GTFS,SOURCE_DATA
2887,Siolim Chapel,15.6121025085449,73.7747573852539,0,2887,KTCL/Kadamba,Goa KTCL GTFS,SOURCE_DATA
2888,Shree Ghanesh Temple,15.1824083328247,74.0553970336914,0,2888,KTCL/Kadamba,Goa KTCL GTFS,SOURCE_DATA
2889,Kepkarwada,15.6705951690674,73.7111892700195,0,2889,KTCL/Kadamba,Goa KTCL GTFS,SOURCE_DATA
2890,Kepkarwada,15.6706886291504,73.7113418579102,0,2890,KTCL/Kadamba,Goa KTCL GTFS,SOURCE_DATA
2891,Pillar,15.4395713806152,73.8910369873047,0,2891,KTCL/Kadamba,Goa KTCL GTFS,SOURCE_DATA
2892,Fr. Agnel Collage,15.4392175674438,73.8936614990234,0,2892,KTCL/Kadamba,Goa KTCL GTFS,SOURCE_DATA
2893,Fr. Agnel Collage,15.4392538070679,73.8936233520508,0,2893,KTCL/Kadamba,Goa KTCL GTFS,SOURCE_DATA
2894,Fr. Agnel Collage,15.4390830993652,73.8936386108398,0,2894,KTCL/Kadamba,Goa KTCL GTFS,SOURCE_DATA
2895,Neura Holy Cross,15.4414520263672,73.9064712524414,0,2895,KTCL/Kadamba,Goa KTCL GTFS,SOURCE_DATA
2896,Neura Holy Cross,15.4412450790405,73.9064865112305,0,2896,KTCL/Kadamba,Goa KTCL GTFS,SOURCE_DATA
2897,Carambolim Chrch,15.4798631668091,73.9230270385742,0,2897,KTCL/Kadamba,Goa KTCL GTFS,SOURCE_DATA
2898,Carambolim Church,15.4798889160156,73.9232559204102,0,2898,KTCL/Kadamba,Goa KTCL GTFS,SOURCE_DATA
2899,Petter,15.4886226654053,73.9231567382813,0,2899,KTCL/Kadamba,Goa KTCL GTFS,SOURCE_DATA
2900,Ella,15.4934549331665,73.919548034668,0,2900,KTCL/Kadamba,Goa KTCL GTFS,SOURCE_DATA
2901,Ella,15.4936714172363,73.9195556640625,0,2901,KTCL/Kadamba,Goa KTCL GTFS,SOURCE_DATA
2902,Old Goa Bypass Junction,15.498948097229,73.913688659668,0,2902,KTCL/Kadamba,Goa KTCL GTFS,SOURCE_DATA
2903,Old Goa Bypass Junction,15.4989795684814,73.9138488769531,0,2903,KTCL/Kadamba,Goa KTCL GTFS,SOURCE_DATA
2904,Banastari,15.4899272918701,73.957405090332,0,2904,KTCL/Kadamba,Goa KTCL GTFS,SOURCE_DATA
2905,Tivre Pump,15.5085935592651,73.9616622924805,0,2905,KTCL/Kadamba,Goa KTCL GTFS,SOURCE_DATA
2906,Tivre Pump,15.5085115432739,73.9619750976563,0,2906,KTCL/Kadamba,Goa KTCL GTFS,SOURCE_DATA
2907,Orgao,15.5137977600098,73.961181640625,0,2907,KTCL/Kadamba,Goa KTCL GTFS,SOURCE_DATA
2908,Orgao,15.513653755188,73.9612884521484,0,2908,KTCL/Kadamba,Goa KTCL GTFS,SOURCE_DATA
2909,Ezekial Methodist School,15.4669189453125,73.8634414672852,0,2909,KTCL/Kadamba,Goa KTCL GTFS,SOURCE_DATA
2910,Malwar,15.4354438781738,73.8948593139648,0,2910,KTCL/Kadamba,Goa KTCL GTFS,SOURCE_DATA
2911,Malwar,15.4355716705322,73.8948211669922,0,2911,KTCL/Kadamba,Goa KTCL GTFS,SOURCE_DATA
2912,Durigwada,15.526611328125,74.0032272338867,0,2912,KTCL/Kadamba,Goa KTCL GTFS,SOURCE_DATA
2913,Durigwada,15.5267028808594,74.0032348632813,0,2913,KTCL/Kadamba,Goa KTCL GTFS,SOURCE_DATA
2914,Dessai Nagar,15.5652408599854,74.0088882446289,0,2914,KTCL/Kadamba,Goa KTCL GTFS,SOURCE_DATA
2915,Dessai Nagar,15.5653294433,74.0090191364,0,2915,KTCL/Kadamba,Goa KTCL GTFS,SOURCE_DATA
2916,Poriem Pump,15.5716981887817,74.0162811279297,0,2916,KTCL/Kadamba,Goa KTCL GTFS,SOURCE_DATA
2917,Poriem Pump,15.5716485977173,74.0164489746094,0,2917,KTCL/Kadamba,Goa KTCL GTFS,SOURCE_DATA
2918,Ghodemol Bagwada Junction,15.5946435928345,74.0461883544922,0,2918,KTCL/Kadamba,Goa KTCL GTFS,SOURCE_DATA
2919,Ghodemol Bagwada Junction,15.5945558547974,74.0462951660156,0,2919,KTCL/Kadamba,Goa KTCL GTFS,SOURCE_DATA
2920,Rai Amyakde,15.3078346252441,73.9775772094727,0,2920,KTCL/Kadamba,Goa KTCL GTFS,SOURCE_DATA
2921,Aryaman Sai Maruti Arena,15.3361539840698,73.9968719482422,0,2921,KTCL/Kadamba,Goa KTCL GTFS,SOURCE_DATA
2922,Aryaman Sai Maruti Arena,15.3359308242798,73.9969863891602,0,2922,KTCL/Kadamba,Goa KTCL GTFS,SOURCE_DATA
2923,Ponda Fire Station,15.4027481079102,74.0030136108398,0,2923,KTCL/Kadamba,Goa KTCL GTFS,SOURCE_DATA
2924,Ponda Fire Station,15.4027061462402,74.0031051635742,0,2924,KTCL/Kadamba,Goa KTCL GTFS,SOURCE_DATA
2925,GVM's Collage Ponda,15.4085083007813,73.9923782348633,0,2925,KTCL/Kadamba,Goa KTCL GTFS,SOURCE_DATA
2926,GVM's Collage Ponda,15.4086961746216,73.9925537109375,0,2926,KTCL/Kadamba,Goa KTCL GTFS,SOURCE_DATA
2927,Upper Bazar,15.4080381393433,74.0154800415039,0,2927,KTCL/Kadamba,Goa KTCL GTFS,SOURCE_DATA
2928,Paludi School,15.4397449493408,74.0711975097656,0,2928,KTCL/Kadamba,Goa KTCL GTFS,SOURCE_DATA
2929,Paludi School,15.4399003982544,74.0713806152344,0,2929,KTCL/Kadamba,Goa KTCL GTFS,SOURCE_DATA
2930,usgao Velguem Bridge,15.4446935653687,74.0567169189453,0,2930,KTCL/Kadamba,Goa KTCL GTFS,SOURCE_DATA
2931,usgao Velguem Bridge,15.4449415206909,74.0568161010742,0,2931,KTCL/Kadamba,Goa KTCL GTFS,SOURCE_DATA
2932,Bhamai,15.4492282867432,74.0500335693359,0,2932,KTCL/Kadamba,Goa KTCL GTFS,SOURCE_DATA
2933,Bhamai,15.4492959976196,74.0501708984375,0,2933,KTCL/Kadamba,Goa KTCL GTFS,SOURCE_DATA
2934,Kothambi Temple,15.4774503707886,74.0354156494141,0,2934,KTCL/Kadamba,Goa KTCL GTFS,SOURCE_DATA
2935,Kothambi Temple,15.477518081665,74.0354461669922,0,2935,KTCL/Kadamba,Goa KTCL GTFS,SOURCE_DATA
2936,Satayakade,15.4946136474609,74.0261535644531,0,2936,KTCL/Kadamba,Goa KTCL GTFS,SOURCE_DATA
2937,Main Seza,15.5027418136597,74.0214538574219,0,2937,KTCL/Kadamba,Goa KTCL GTFS,SOURCE_DATA
2938,Naveli Junction,15.5298738479614,74.0085296630859,0,2938,KTCL/Kadamba,Goa KTCL GTFS,SOURCE_DATA
2939,Naveli Junction,15.5299129486084,74.0086898803711,0,2939,KTCL/Kadamba,Goa KTCL GTFS,SOURCE_DATA
2940,Vithallapur,15.5678243637085,74.0049133300781,0,2940,KTCL/Kadamba,Goa KTCL GTFS,SOURCE_DATA
2941,Vithallapur,15.5678443908691,74.005012512207,0,2941,KTCL/Kadamba,Goa KTCL GTFS,SOURCE_DATA
2942,Karapur Tisk,15.569239616394,74.0008087158203,0,2942,KTCL/Kadamba,Goa KTCL GTFS,SOURCE_DATA
2943,Karapur Tisk,15.5693788528442,74.0009002685547,0,2943,KTCL/Kadamba,Goa KTCL GTFS,SOURCE_DATA
2944,Ladfe,15.626974105835,73.9567413330078,0,2944,KTCL/Kadamba,Goa KTCL GTFS,SOURCE_DATA
2945,Bordem,15.5984621047974,73.9535903930664,0,2945,KTCL/Kadamba,Goa KTCL GTFS,SOURCE_DATA
2946,RTO Office,14.8184947967529,74.1274185180664,0,2946,KTCL/Kadamba,Goa KTCL GTFS,SOURCE_DATA
2947,RTO Office,14.8185157775879,74.1278457641602,0,2947,KTCL/Kadamba,Goa KTCL GTFS,SOURCE_DATA
2948,Karwar Beach,14.8312730789185,74.1266250610352,0,2948,KTCL/Kadamba,Goa KTCL GTFS,SOURCE_DATA
2949,Karwar Beach,14.8311586380005,74.1269302368164,0,2949,KTCL/Kadamba,Goa KTCL GTFS,SOURCE_DATA
2950,Chaudi,15.0076560974121,74.0507888793945,0,2950,KTCL/Kadamba,Goa KTCL GTFS,SOURCE_DATA
2951,Chaudi,15.0068273544312,74.0506439208984,0,2951,KTCL/Kadamba,Goa KTCL GTFS,SOURCE_DATA
2952,Mastimol juction,15.0064344406128,74.0537033081055,0,2952,KTCL/Kadamba,Goa KTCL GTFS,SOURCE_DATA
2953,Mastimol juction,15.0071973800659,74.0540161132813,0,2953,KTCL/Kadamba,Goa KTCL GTFS,SOURCE_DATA
2954,Gulem School,15.0403089523315,74.0276031494141,0,2954,KTCL/Kadamba,Goa KTCL GTFS,SOURCE_DATA
2955,Gulem School,15.040340423584,74.0278701782227,0,2955,KTCL/Kadamba,Goa KTCL GTFS,SOURCE_DATA
2956,Pandava Chapel,15.2721770163,73.9703083038,0,2956,KTCL/Kadamba,Goa KTCL GTFS,SOURCE_DATA
2957,Pandava Chapel,15.2720680236816,73.9703750610352,0,2957,KTCL/Kadamba,Goa KTCL GTFS,SOURCE_DATA
2958,Rawanfond Bridge,15.2629346847534,73.9794235229492,0,2958,KTCL/Kadamba,Goa KTCL GTFS,SOURCE_DATA
2959,Rawanfond Bridge,15.263053894043,73.9795303344727,0,2959,KTCL/Kadamba,Goa KTCL GTFS,SOURCE_DATA
2960,Garage,15.2210474014282,74.0715026855469,0,2960,KTCL/Kadamba,Goa KTCL GTFS,SOURCE_DATA
2961,Garage,15.2210836410522,74.0717010498047,0,2961,KTCL/Kadamba,Goa KTCL GTFS,SOURCE_DATA
2962,Shirvodem Junction,15.2654666900635,73.9607543945313,0,2962,KTCL/Kadamba,Goa KTCL GTFS,SOURCE_DATA
2963,Shirvodem Junction,15.2655639648438,73.9607162475586,0,2963,KTCL/Kadamba,Goa KTCL GTFS,SOURCE_DATA
2964,"Deuolwada, Adne",15.1593332290649,74.0255279541016,0,2964,KTCL/Kadamba,Goa KTCL GTFS,SOURCE_DATA
2965,Adnem,15.1682348251343,74.0428085327148,0,2965,KTCL/Kadamba,Goa KTCL GTFS,SOURCE_DATA
2966,Adnem,15.1683740615845,74.042854309082,0,2966,KTCL/Kadamba,Goa KTCL GTFS,SOURCE_DATA
2967,Igramoll,15.2063484191895,74.0663070678711,0,2967,KTCL/Kadamba,Goa KTCL GTFS,SOURCE_DATA
2968,Igramoll,15.2062864303589,74.0664825439453,0,2968,KTCL/Kadamba,Goa KTCL GTFS,SOURCE_DATA
2969,Railway Cross. Majorda,15.3160772323608,73.9201736450195,0,2969,KTCL/Kadamba,Goa KTCL GTFS,SOURCE_DATA
2970,Railway Cross. Majorda,15.3162040710449,73.9202499389648,0,2970,KTCL/Kadamba,Goa KTCL GTFS,SOURCE_DATA
2971,Velsao Bus Stand/Takirwaddo,15.3522825241089,73.8921737670898,0,2971,KTCL/Kadamba,Goa KTCL GTFS,SOURCE_DATA
2972,Velsao Bus Stand/Takirwaddo,15.352334022522,73.8923110961914,0,2972,KTCL/Kadamba,Goa KTCL GTFS,SOURCE_DATA
2973,Sancoale,15.387056350708,73.900764465332,0,2973,KTCL/Kadamba,Goa KTCL GTFS,SOURCE_DATA
2974,Sancoale Bank,15.3909788131714,73.9037322998047,0,2974,KTCL/Kadamba,Goa KTCL GTFS,SOURCE_DATA
2975,Near Old TATA Showroom,15.3251457214355,73.9369583129883,0,2975,KTCL/Kadamba,Goa KTCL GTFS,SOURCE_DATA
2976,Near Old TATA Showroom,15.3251209259033,73.9371490478515,0,2976,KTCL/Kadamba,Goa KTCL GTFS,SOURCE_DATA
2977,Hadkant/Bamborde,15.3429155349731,73.931510925293,0,2977,KTCL/Kadamba,Goa KTCL GTFS,SOURCE_DATA
2978,Hadkant/Bamborde,15.3429327011108,73.9315948486328,0,2978,KTCL/Kadamba,Goa KTCL GTFS,SOURCE_DATA
2979,Verna Birla Bypass,15.3759336471558,73.9252471923828,0,2979,KTCL/Kadamba,Goa KTCL GTFS,SOURCE_DATA
2980,Verna Birla Bypass,15.3757727346,73.9259771109,0,2980,KTCL/Kadamba,Goa KTCL GTFS,SOURCE_DATA
2981,"Near Petro Pump, Birla",15.3745164871216,73.884147644043,0,2981,KTCL/Kadamba,Goa KTCL GTFS,SOURCE_DATA
2982,"Near Petro Pump, Birla",15.374623298645,73.8842086791992,0,2982,KTCL/Kadamba,Goa KTCL GTFS,SOURCE_DATA
2983,"Sai Service, Curti",15.4143047332764,74.0105056762695,0,2983,KTCL/Kadamba,Goa KTCL GTFS,SOURCE_DATA
2984,"Sai Service, Curti",15.4142808914185,74.010627746582,0,2984,KTCL/Kadamba,Goa KTCL GTFS,SOURCE_DATA
2985,"Near Ganapati Temple, Kanolya",15.513352394104,73.9633255004883,0,2985,KTCL/Kadamba,Goa KTCL GTFS,SOURCE_DATA
2986,"Near Ganapati Temple, Kanolya",15.5132761001587,73.9632873535156,0,2986,KTCL/Kadamba,Goa KTCL GTFS,SOURCE_DATA
2987,Secretariat,15.5096815929,73.8364152908,0,2987,KTCL/Kadamba,Goa KTCL GTFS,SOURCE_DATA
2988,Dam Road,15.2790832519531,74.0895385742188,0,2988,KTCL/Kadamba,Goa KTCL GTFS,SOURCE_DATA
2989,Dam Road,15.2786483764648,74.0896224975586,0,2989,KTCL/Kadamba,Goa KTCL GTFS,SOURCE_DATA
2990,Vodlemol Gandhinagar,15.2775297164917,74.120849609375,0,2990,KTCL/Kadamba,Goa KTCL GTFS,SOURCE_DATA
2991,Vodlemol Gandhinagar,15.2774724960327,74.1210327148438,0,2991,KTCL/Kadamba,Goa KTCL GTFS,SOURCE_DATA
2993,Near Colvale Office,15.6181573867798,73.822639465332,0,2993,KTCL/Kadamba,Goa KTCL GTFS,SOURCE_DATA
2994,Near Colvale Office,15.6181602478027,73.8228149414063,0,2994,KTCL/Kadamba,Goa KTCL GTFS,SOURCE_DATA
2995,Dr. Ambedkar College,15.6410150527954,73.8322525024414,0,2995,KTCL/Kadamba,Goa KTCL GTFS,SOURCE_DATA
2996,Dr. Ambedkar College,15.6409921646118,73.8325881958008,0,2996,KTCL/Kadamba,Goa KTCL GTFS,SOURCE_DATA
2997,Colvale Dhargal Bridge,15.647837638855,73.8356552124023,0,2997,KTCL/Kadamba,Goa KTCL GTFS,SOURCE_DATA
2998,Colvale Dhargal Bridge,15.6477813720703,73.8359069824219,0,2998,KTCL/Kadamba,Goa KTCL GTFS,SOURCE_DATA
2999,Dando Road,15.6768999099731,73.7108917236328,0,2999,KTCL/Kadamba,Goa KTCL GTFS,SOURCE_DATA
3000,Dando Road,15.6769104003906,73.711051940918,0,3000,KTCL/Kadamba,Goa KTCL GTFS,SOURCE_DATA
3002,Askawada Nr. Rawalnath Temple,15.6576557159424,73.745849609375,0,3002,KTCL/Kadamba,Goa KTCL GTFS,SOURCE_DATA
3003,Askawada Nr. Rawalnath Temple,15.6577177047729,73.7459335327148,0,3003,KTCL/Kadamba,Goa KTCL GTFS,SOURCE_DATA
3004,Harmal Panhkroshi/ Ganpat Parsekar College Stop,15.6984796524048,73.7177886962891,0,3004,KTCL/Kadamba,Goa KTCL GTFS,SOURCE_DATA
3005,Harmal Panhkroshi/ Ganpat Parsekar College Stop,15.6985054016113,73.7179718017578,0,3005,KTCL/Kadamba,Goa KTCL GTFS,SOURCE_DATA
3006,Kaloba Temple,15.7283306121826,73.7705612182617,0,3006,KTCL/Kadamba,Goa KTCL GTFS,SOURCE_DATA
3007,Kaloba Temple,15.7283897399902,73.7706680297852,0,3007,KTCL/Kadamba,Goa KTCL GTFS,SOURCE_DATA
3008,Goliba Temple,15.7325210571289,73.7611083984375,0,3008,KTCL/Kadamba,Goa KTCL GTFS,SOURCE_DATA
3009,Goliba Temple,15.732590675354,73.7611694335938,0,3009,KTCL/Kadamba,Goa KTCL GTFS,SOURCE_DATA
3010,"Mainawda, Korgao",15.7181234359741,73.7499771118164,0,3010,KTCL/Kadamba,Goa KTCL GTFS,SOURCE_DATA
3011,"Mainawda, Korgao",15.7183198928833,73.750228881836,0,3011,KTCL/Kadamba,Goa KTCL GTFS,SOURCE_DATA
3012,Gawdewada,15.7023029327393,73.745231628418,0,3012,KTCL/Kadamba,Goa KTCL GTFS,SOURCE_DATA
3013,Gawdewada,15.7027368545532,73.7453994750977,0,3013,KTCL/Kadamba,Goa KTCL GTFS,SOURCE_DATA
3014,"Major Bakery, Thivim",15.6184873580933,73.8452758789063,0,3014,KTCL/Kadamba,Goa KTCL GTFS,SOURCE_DATA
3015,"Major Bakery, Thivim",15.6183376312256,73.8453979492188,0,3015,KTCL/Kadamba,Goa KTCL GTFS,SOURCE_DATA
3016,Mulgao Junction,15.6191692352295,73.9111022949219,0,3016,KTCL/Kadamba,Goa KTCL GTFS,SOURCE_DATA
3017,Mulgao Junction,15.6189889907837,73.9111862182617,0,3017,KTCL/Kadamba,Goa KTCL GTFS,SOURCE_DATA
3018,Pistewada,15.6403493881226,73.9324188232422,0,3018,KTCL/Kadamba,Goa KTCL GTFS,SOURCE_DATA
3019,Pistewada,15.6402206420898,73.9326171875,0,3019,KTCL/Kadamba,Goa KTCL GTFS,SOURCE_DATA
3020,Goa Dodamarg,15.6522817582,73.9460418224,0,3020,KTCL/Kadamba,Goa KTCL GTFS,SOURCE_DATA
3021,Dodamarg,15.6801815032959,73.9685363769531,0,3021,KTCL/Kadamba,Goa KTCL GTFS,SOURCE_DATA
3022,Dodamarg,15.680230140686,73.9685974121094,0,3022,KTCL/Kadamba,Goa KTCL GTFS,SOURCE_DATA
3023,"RTO Check Post, Banda",15.8266626811,73.8507919312,0,3023,KTCL/Kadamba,Goa KTCL GTFS,SOURCE_DATA
3024,"RTO Check Post, Banda",15.8271684646606,73.8506164550781,0,3024,KTCL/Kadamba,Goa KTCL GTFS,SOURCE_DATA
3025,"Railway Overbridge, Ugve Satose",15.7391166687012,73.8202819824219,0,3025,KTCL/Kadamba,Goa KTCL GTFS,SOURCE_DATA
3026,"Railway Overbridge, Ugve Satose",15.7389615475,73.8202772141,0,3026,KTCL/Kadamba,Goa KTCL GTFS,SOURCE_DATA
3027,Torshe Village,15.7727537155151,73.8456268310547,0,3027,KTCL/Kadamba,Goa KTCL GTFS,SOURCE_DATA
3028,Torshe Village,15.7720251083374,73.8455963134766,0,3028,KTCL/Kadamba,Goa KTCL GTFS,SOURCE_DATA
3029,Dhuski,15.7806015014648,73.8611907958984,0,3029,KTCL/Kadamba,Goa KTCL GTFS,SOURCE_DATA
3030,Dhuski,15.7805387649,73.861289978,0,3030,KTCL/Kadamba,Goa KTCL GTFS,SOURCE_DATA
3031,"Chimulawada, Near bar",15.5874176025391,73.9065170288086,0,3031,KTCL/Kadamba,Goa KTCL GTFS,SOURCE_DATA
3032,"Chimulawada, Near bar",15.5874843597412,73.9067459106445,0,3032,KTCL/Kadamba,Goa KTCL GTFS,SOURCE_DATA
3033,"PHC Aldona , Galwar",15.5780620574951,73.8626174926758,0,3033,KTCL/Kadamba,Goa KTCL GTFS,SOURCE_DATA
3034,"PHC Aldona , Galwar",15.5781707763672,73.8627090454102,0,3034,KTCL/Kadamba,Goa KTCL GTFS,SOURCE_DATA
3035,Punola,15.5803480148315,73.8315277099609,0,3035,KTCL/Kadamba,Goa KTCL GTFS,SOURCE_DATA
3036,Punola,15.5803842544556,73.8316192626953,0,3036,KTCL/Kadamba,Goa KTCL GTFS,SOURCE_DATA
3037,Kumyakade,15.4346256256104,74.0759201049805,0,3037,KTCL/Kadamba,Goa KTCL GTFS,SOURCE_DATA
3038,Nansa,15.4622383117676,74.0801086425781,0,3038,KTCL/Kadamba,Goa KTCL GTFS,SOURCE_DATA
3039,Ganje Ambeshi Bridge,15.4658041000366,74.0838394165039,0,3039,KTCL/Kadamba,Goa KTCL GTFS,SOURCE_DATA
3040,Ganje Ambeshi Bridge,15.4656496047974,74.0840301513672,0,3040,KTCL/Kadamba,Goa KTCL GTFS,SOURCE_DATA
3041,Kankeri,15.4731569290161,74.1052932739258,0,3041,KTCL/Kadamba,Goa KTCL GTFS,SOURCE_DATA
3042,Kankeri,15.4731521606445,74.10546875,0,3042,KTCL/Kadamba,Goa KTCL GTFS,SOURCE_DATA
3043,Guleli Bridge,15.4762353897095,74.1175231933594,0,3043,KTCL/Kadamba,Goa KTCL GTFS,SOURCE_DATA
3044,Guleli Bridge,15.4765253067017,74.1174774169922,0,3044,KTCL/Kadamba,Goa KTCL GTFS,SOURCE_DATA
3045,Ansolem Road,15.5112266540527,74.1266403198242,0,3045,KTCL/Kadamba,Goa KTCL GTFS,SOURCE_DATA
3046,Ansolem Road,15.511474609375,74.1273422241211,0,3046,KTCL/Kadamba,Goa KTCL GTFS,SOURCE_DATA
3047,Suke Kulan,15.6825771331787,73.8342819213867,0,3047,KTCL/Kadamba,Goa KTCL GTFS,SOURCE_DATA
3048,Suke Kulan,15.682638168335,73.8341751098633,0,3048,KTCL/Kadamba,Goa KTCL GTFS,SOURCE_DATA
3049,Palyawada,15.6897430419922,73.8400955200195,0,3049,KTCL/Kadamba,Goa KTCL GTFS,SOURCE_DATA
3050,Palyawada,15.6897592544556,73.8402709960938,0,3050,KTCL/Kadamba,Goa KTCL GTFS,SOURCE_DATA
3051,"Hanathi Wado, Dadachiwadi",15.6946306228638,73.8437728881836,0,3051,KTCL/Kadamba,Goa KTCL GTFS,SOURCE_DATA
3052,"Hanathi Wado, Dadachiwadi",15.6946105957031,73.8440246582031,0,3052,KTCL/Kadamba,Goa KTCL GTFS,SOURCE_DATA
3053,"Nagzor/ Manohar Arirport, Mopa, Main Juction",15.7087306976318,73.8539733886719,0,3053,KTCL/Kadamba,Goa KTCL GTFS,SOURCE_DATA
3054,"Nagzor/ Manohar Arirport, Mopa, Main Juction",15.7086944580078,73.854133605957,0,3054,KTCL/Kadamba,Goa KTCL GTFS,SOURCE_DATA
3055,Heduswadi,15.7287893295288,73.9396286010742,0,3055,KTCL/Kadamba,Goa KTCL GTFS,SOURCE_DATA
3056,Heduswadi,15.7288303375244,73.9397888183594,0,3056,KTCL/Kadamba,Goa KTCL GTFS,SOURCE_DATA
3057,Ibrampur Hedus Road,15.7134447097778,73.9388732910156,0,3057,KTCL/Kadamba,Goa KTCL GTFS,SOURCE_DATA
3058,Ibrampur Hedus Road,15.7134447097778,73.9390640258789,0,3058,KTCL/Kadamba,Goa KTCL GTFS,SOURCE_DATA
3059,Sateri Vidya Mandir School,15.7113676071167,73.9379806518555,0,3059,KTCL/Kadamba,Goa KTCL GTFS,SOURCE_DATA
3061,Agonda CHRC,15.0408886114,73.989033699,0,3061,KTCL/Kadamba,Goa KTCL GTFS,SOURCE_DATA
3062,CAB.DE.RAM Beach,15.097900390625,73.9281005859375,0,3062,KTCL/Kadamba,Goa KTCL GTFS,SOURCE_DATA
3063,Vagure,15.5088596343994,74.0815353393555,0,3063,KTCL/Kadamba,Goa KTCL GTFS,SOURCE_DATA
3064,AGONDA CHRC,15.0416894358,73.989233017,0,3064,KTCL/Kadamba,Goa KTCL GTFS,SOURCE_DATA
3065,Shelin,15.5722770690918,73.8148651123047,0,3065,KTCL/Kadamba,Goa KTCL GTFS,SOURCE_DATA
3066,Shelin,15.5722511857,73.8151167631,0,3066,KTCL/Kadamba,Goa KTCL GTFS,SOURCE_DATA
3067,Palye Cross,15.5769853591919,73.8297119140625,0,3067,KTCL/Kadamba,Goa KTCL GTFS,SOURCE_DATA
3068,Palye Cross,15.5769853591919,73.8298950195313,0,3068,KTCL/Kadamba,Goa KTCL GTFS,SOURCE_DATA
3069,NEW WADA,15.0119352340698,74.0940475463867,0,3069,KTCL/Kadamba,Goa KTCL GTFS,SOURCE_DATA
3070,Succoro,15.5493640899658,73.8314208984375,0,3070,KTCL/Kadamba,Goa KTCL GTFS,SOURCE_DATA
3071,Succoro,15.5493335723877,73.8312683105469,0,3071,KTCL/Kadamba,Goa KTCL GTFS,SOURCE_DATA
3072,Donwado,15.545352935791,73.842155456543,0,3072,KTCL/Kadamba,Goa KTCL GTFS,SOURCE_DATA
3073,Donwado,15.5450429916382,73.8419952392578,0,3073,KTCL/Kadamba,Goa KTCL GTFS,SOURCE_DATA
3074,Quitla U,15.5373420715332,73.8542175292969,0,3074,KTCL/Kadamba,Goa KTCL GTFS,SOURCE_DATA
3075,Quitla U,15.537239074707,73.8541259765625,0,3075,KTCL/Kadamba,Goa KTCL GTFS,SOURCE_DATA
3076,"Vaddem, Socorre",15.5636720657349,73.8295211791992,0,3076,KTCL/Kadamba,Goa KTCL GTFS,SOURCE_DATA
3077,Nanus,15.5248823165894,74.1280746459961,0,3077,KTCL/Kadamba,Goa KTCL GTFS,SOURCE_DATA
3078,Nanus,15.5248622894287,74.1282730102539,0,3078,KTCL/Kadamba,Goa KTCL GTFS,SOURCE_DATA
3079,"Aradi, Saligao",15.5417528152466,73.7693099975586,0,3079,KTCL/Kadamba,Goa KTCL GTFS,SOURCE_DATA
3080,P.TEMPLE,15.2854099273682,74.0792617797852,0,3080,KTCL/Kadamba,Goa KTCL GTFS,SOURCE_DATA
3081,Panas Mala,15.5157289505005,74.1623992919922,0,3081,KTCL/Kadamba,Goa KTCL GTFS,SOURCE_DATA
3082,Panas Mala,15.515645980835,74.1623229980469,0,3082,KTCL/Kadamba,Goa KTCL GTFS,SOURCE_DATA
3083,Calangute Circle,15.5441398620605,73.7650146484375,0,3083,KTCL/Kadamba,Goa KTCL GTFS,SOURCE_DATA
3084,Calangute Circle,15.5442457199097,73.7651443481445,0,3084,KTCL/Kadamba,Goa KTCL GTFS,SOURCE_DATA
3085,Aradi,15.5404739379883,73.7866744995117,0,3085,KTCL/Kadamba,Goa KTCL GTFS,SOURCE_DATA
3086,Aradi,15.5405464172363,73.7864837646485,0,3086,KTCL/Kadamba,Goa KTCL GTFS,SOURCE_DATA
3087,Parra,15.5788631439209,73.7974548339844,0,3087,KTCL/Kadamba,Goa KTCL GTFS,SOURCE_DATA
3088,Parra,15.5788831710815,73.7972869873047,0,3088,KTCL/Kadamba,Goa KTCL GTFS,SOURCE_DATA
3089,Khodye,15.5312623977661,74.0977935791016,0,3089,KTCL/Kadamba,Goa KTCL GTFS,SOURCE_DATA
3090,Khodye,15.5305595397949,74.0973815917969,0,3090,KTCL/Kadamba,Goa KTCL GTFS,SOURCE_DATA
3091,Velus,15.5448741912842,74.1367263793945,0,3091,KTCL/Kadamba,Goa KTCL GTFS,SOURCE_DATA
3092,Velus,15.5448789596558,74.1368408203125,0,3092,KTCL/Kadamba,Goa KTCL GTFS,SOURCE_DATA
3093,Giri Chapel,15.5786685943604,73.8062133789063,0,3093,KTCL/Kadamba,Goa KTCL GTFS,SOURCE_DATA
3094,Giri Chapel,15.5790920257568,73.8059921264648,0,3094,KTCL/Kadamba,Goa KTCL GTFS,SOURCE_DATA
3095,Cinchmala,15.540657043457,74.1276321411133,0,3095,KTCL/Kadamba,Goa KTCL GTFS,SOURCE_DATA
3096,Cinchmala,15.5408172607422,74.1277084350586,0,3096,KTCL/Kadamba,Goa KTCL GTFS,SOURCE_DATA
3097,Xelpem,15.6057720184326,73.812873840332,0,3097,KTCL/Kadamba,Goa KTCL GTFS,SOURCE_DATA
3098,Xelpem,15.6057977676392,73.8129653930664,0,3098,KTCL/Kadamba,Goa KTCL GTFS,SOURCE_DATA
3099,Siolim Theater,15.6309690475464,73.765007019043,0,3099,KTCL/Kadamba,Goa KTCL GTFS,SOURCE_DATA
3100,Siolim Theater,15.6311292648315,73.7650909423828,0,3100,KTCL/Kadamba,Goa KTCL GTFS,SOURCE_DATA
3101,Kucheli Charrasta,15.6155624389648,73.8141174316406,0,3101,KTCL/Kadamba,Goa KTCL GTFS,SOURCE_DATA
3102,Kucheli Charrasta,15.6156969070435,73.8140411376953,0,3102,KTCL/Kadamba,Goa KTCL GTFS,SOURCE_DATA
3103,Panner,15.6171855926514,73.8007354736328,0,3103,KTCL/Kadamba,Goa KTCL GTFS,SOURCE_DATA
3104,Panner,15.6169576644897,73.801025390625,0,3104,KTCL/Kadamba,Goa KTCL GTFS,SOURCE_DATA
3105,Xel Wadakade,15.6242275238037,73.7715835571289,0,3105,KTCL/Kadamba,Goa KTCL GTFS,SOURCE_DATA
3106,Xel Wadakade,15.6244029998779,73.7716293334961,0,3106,KTCL/Kadamba,Goa KTCL GTFS,SOURCE_DATA
3107,Siolim Temple,15.6266250610352,73.7686996459961,0,3107,KTCL/Kadamba,Goa KTCL GTFS,SOURCE_DATA
3108,Siolim Temple,15.6267690658569,73.7688064575195,0,3108,KTCL/Kadamba,Goa KTCL GTFS,SOURCE_DATA
3109,Guddem,15.6290416717529,73.7533111572266,0,3109,KTCL/Kadamba,Goa KTCL GTFS,SOURCE_DATA
3110,Guddem,15.629020690918,73.7530364990234,0,3110,KTCL/Kadamba,Goa KTCL GTFS,SOURCE_DATA
3111,Dando,15.6190299987793,73.7583312988281,0,3111,KTCL/Kadamba,Goa KTCL GTFS,SOURCE_DATA
3113,Muxer Bus stop,15.1470384597778,73.9564743041992,0,3113,KTCL/Kadamba,Goa KTCL GTFS,SOURCE_DATA
3114,Muxer Bus stop,15.1470336914063,73.9563674926758,0,3114,KTCL/Kadamba,Goa KTCL GTFS,SOURCE_DATA
3115,Morllem Temple,15.5858869552612,74.0533065795898,0,3115,KTCL/Kadamba,Goa KTCL GTFS,SOURCE_DATA
3116,Voili Karmali,15.5094242095947,74.1816329956055,0,3116,KTCL/Kadamba,Goa KTCL GTFS,SOURCE_DATA
3117,Voili Karmali,15.5093364715576,74.1817016601563,0,3117,KTCL/Kadamba,Goa KTCL GTFS,SOURCE_DATA
3118,Boby Stores,15.6003980636597,73.7645492553711,0,3118,KTCL/Kadamba,Goa KTCL GTFS,SOURCE_DATA
3119,Boby Stores,15.600531578064,73.7644500732422,0,3119,KTCL/Kadamba,Goa KTCL GTFS,SOURCE_DATA
3120,Paloti,15.599271774292,73.774543762207,0,3120,KTCL/Kadamba,Goa KTCL GTFS,SOURCE_DATA
3121,Paloti,15.5993280410767,73.7744216918945,0,3121,KTCL/Kadamba,Goa KTCL GTFS,SOURCE_DATA
3122,Pinto Garage,15.4993047714233,73.9226150512695,0,3122,KTCL/Kadamba,Goa KTCL GTFS,SOURCE_DATA
3123,"Ghadiwada, Surla",15.4892158508301,74.0429229736328,0,3123,KTCL/Kadamba,Goa KTCL GTFS,SOURCE_DATA
3124,St. Inez Circle,15.4934310913086,73.8206100463867,0,3124,KTCL/Kadamba,Goa KTCL GTFS,SOURCE_DATA
3125,Electricity Colony B,15.4886226654053,73.82373046875,0,3125,KTCL/Kadamba,Goa KTCL GTFS,SOURCE_DATA
3126,Electricity Colony A,15.4886646270752,73.8238906860352,0,3126,KTCL/Kadamba,Goa KTCL GTFS,SOURCE_DATA
3127,Narva School,15.5331502388,73.9209365845,0,3127,KTCL/Kadamba,Goa KTCL GTFS,SOURCE_DATA
3128,New Wada Ashve,15.6361923217773,73.7265319824219,0,3128,KTCL/Kadamba,Goa KTCL GTFS,SOURCE_DATA
3129,New Wada Ashve,15.6362743377686,73.7267608642578,0,3129,KTCL/Kadamba,Goa KTCL GTFS,SOURCE_DATA
3130,Morjim Beach,15.6285610198975,73.729606628418,0,3130,KTCL/Kadamba,Goa KTCL GTFS,SOURCE_DATA
3131,Balli,15.1568012237549,74.014274597168,0,3131,KTCL/Kadamba,Goa KTCL GTFS,SOURCE_DATA
3132,Balli,15.1567249298096,74.0143280029297,0,3132,KTCL/Kadamba,Goa KTCL GTFS,SOURCE_DATA
3133,Bambolim IPHB,15.4522199630737,73.860725402832,0,3133,KTCL/Kadamba,Goa KTCL GTFS,SOURCE_DATA
3134,Goa Pollution Control Board,15.5330038070679,73.7931213378906,0,3134,KTCL/Kadamba,Goa KTCL GTFS,SOURCE_DATA
3135,Dramapur School,15.2321395874023,73.9758377075195,0,3135,KTCL/Kadamba,Goa KTCL GTFS,SOURCE_DATA
3136,Kendiya Vidyalaya Ponda,15.4144449234009,74.0079498291016,0,3136,KTCL/Kadamba,Goa KTCL GTFS,SOURCE_DATA
3137,Defence Colony Porvorim,15.5369310379028,73.8309631347656,0,3137,KTCL/Kadamba,Goa KTCL GTFS,SOURCE_DATA
3138,Siqueinte,15.2579612731934,73.9627075195313,0,3138,KTCL/Kadamba,Goa KTCL GTFS,SOURCE_DATA
3139,Soliem,15.2445430755615,74.1422958374023,0,3139,KTCL/Kadamba,Goa KTCL GTFS,SOURCE_DATA
3140,Vodle Mol,15.2451848983765,74.1250610351563,0,3140,KTCL/Kadamba,Goa KTCL GTFS,SOURCE_DATA
3141,Vodle Mol,15.2451429367065,74.1251373291016,0,3141,KTCL/Kadamba,Goa KTCL GTFS,SOURCE_DATA
3142,Alorna Fort,15.6999626159668,73.9058990478516,0,3142,KTCL/Kadamba,Goa KTCL GTFS,SOURCE_DATA
3143,Khajnem,15.7327389643,73.8227567673,0,3143,KTCL/Kadamba,Goa KTCL GTFS,SOURCE_DATA
3144,Ajobha Temple,15.5435171127319,74.0393981933594,0,3144,KTCL/Kadamba,Goa KTCL GTFS,SOURCE_DATA
3145,SAPT.NARVA,15.553503036499,73.9379196166992,0,3145,KTCL/Kadamba,Goa KTCL GTFS,SOURCE_DATA
3148,Polytechnic,15.582127571106,73.9380111694336,0,3148,KTCL/Kadamba,Goa KTCL GTFS,SOURCE_DATA
3149,SACVAR,15.4003505706787,73.9788208007813,0,3149,KTCL/Kadamba,Goa KTCL GTFS,SOURCE_DATA
3150,SACVAR,15.4006099700928,73.978759765625,0,3150,KTCL/Kadamba,Goa KTCL GTFS,SOURCE_DATA
3151,Dhavkund,15.3889570236206,74.1269760131836,0,3151,KTCL/Kadamba,Goa KTCL GTFS,SOURCE_DATA
3152,Dhavkund,15.3889570236206,74.1272659301758,0,3152,KTCL/Kadamba,Goa KTCL GTFS,SOURCE_DATA
3153,Dabal panchayat,15.3409042358398,74.1242446899414,0,3153,KTCL/Kadamba,Goa KTCL GTFS,SOURCE_DATA
3154,Dabal panchayat,15.3408575057983,74.1241149902344,0,3154,KTCL/Kadamba,Goa KTCL GTFS,SOURCE_DATA
3155,Seza Goa,15.3479871749878,74.119758605957,0,3155,KTCL/Kadamba,Goa KTCL GTFS,SOURCE_DATA
3156,Seza Goa,15.3479661941528,74.1196517944336,0,3156,KTCL/Kadamba,Goa KTCL GTFS,SOURCE_DATA
3157,Khodgini,15.5169429779053,74.0244522094727,0,3157,KTCL/Kadamba,Goa KTCL GTFS,SOURCE_DATA
3158,Khodgini,15.5169229507446,74.0247268676758,0,3158,KTCL/Kadamba,Goa KTCL GTFS,SOURCE_DATA
3159,Falwada,15.5353899002075,74.0198669433594,0,3159,KTCL/Kadamba,Goa KTCL GTFS,SOURCE_DATA
3160,Falwada,15.5353899002075,74.0201797485352,0,3160,KTCL/Kadamba,Goa KTCL GTFS,SOURCE_DATA
3161,Fanaswadi,15.5282573699951,74.0218353271485,0,3161,KTCL/Kadamba,Goa KTCL GTFS,SOURCE_DATA
3162,Fanaswadi,15.5281753540039,74.0221557617188,0,3162,KTCL/Kadamba,Goa KTCL GTFS,SOURCE_DATA
3163,Chikne,15.5290431976318,74.0246276855469,0,3163,KTCL/Kadamba,Goa KTCL GTFS,SOURCE_DATA
3164,Chikne,15.528754234314,74.0248565673828,0,3164,KTCL/Kadamba,Goa KTCL GTFS,SOURCE_DATA
3165,Sadyar Hali,15.4790163040161,74.0163192749023,0,3165,KTCL/Kadamba,Goa KTCL GTFS,SOURCE_DATA
3166,Murdi,15.5494584135,73.9139506354,0,3166,KTCL/Kadamba,Goa KTCL GTFS,SOURCE_DATA
3167,Verna Titan,15.3712668065,73.9272881748,0,3167,KTCL/Kadamba,Goa KTCL GTFS,SOURCE_DATA
3168,Verna Titan,15.3709771448,73.9273030502,0,3168,KTCL/Kadamba,Goa KTCL GTFS,SOURCE_DATA
3169,Kond Temple,15.1196011898,74.101106356,0,3169,KTCL/Kadamba,Goa KTCL GTFS,SOURCE_DATA
3170,Kond Temple,15.1196840492,74.1013033989,0,3170,KTCL/Kadamba,Goa KTCL GTFS,SOURCE_DATA
3171,Panchayat Cavrem - Pirla,15.1108429192,74.1302428569,0,3171,KTCL/Kadamba,Goa KTCL GTFS,SOURCE_DATA
3172,Panchayat Cavrem - Pirla,15.1112779491,74.1303647896,0,3172,KTCL/Kadamba,Goa KTCL GTFS,SOURCE_DATA
3173,Mollem Village,15.3897831518,74.2208892931,0,3173,KTCL/Kadamba,Goa KTCL GTFS,SOURCE_DATA
3174,Dudhsagar Hotel,15.3807721596,74.2249416714,0,3174,KTCL/Kadamba,Goa KTCL GTFS,SOURCE_DATA
3175,Dudhsagar Hotel,15.3812273204,74.2252998783,0,3175,KTCL/Kadamba,Goa KTCL GTFS,SOURCE_DATA
3176,Ambedem,15.3290039428,74.2255927577,0,3176,KTCL/Kadamba,Goa KTCL GTFS,SOURCE_DATA
3177,Ambedem,15.3282175583,74.2258221726,0,3177,KTCL/Kadamba,Goa KTCL GTFS,SOURCE_DATA
3178,Kudchire Junction,15.6049271014,74.0220556965,0,3178,KTCL/Kadamba,Goa KTCL GTFS,SOURCE_DATA
3179,Kudchire Junction,15.6051131018,74.0222746311,0,3179,KTCL/Kadamba,Goa KTCL GTFS,SOURCE_DATA
3180,Bagwati Temple Khargal,14.9573918146,74.110665952,0,3180,KTCL/Kadamba,Goa KTCL GTFS,SOURCE_DATA
3181,Bagwati Temple Khargal,14.9572674306,74.111131074,0,3181,KTCL/Kadamba,Goa KTCL GTFS,SOURCE_DATA
3182,Veroda,15.1952673916,74.0130761318,0,3182,KTCL/Kadamba,Goa KTCL GTFS,SOURCE_DATA
3183,Veroda,15.1952673915,74.0132625123,0,3183,KTCL/Kadamba,Goa KTCL GTFS,SOURCE_DATA
3184,Talewada,15.2005612009,74.013848608,0,3184,KTCL/Kadamba,Goa KTCL GTFS,SOURCE_DATA
3187,Mopa,15.7591225222,73.8389887066,0,3187,KTCL/Kadamba,Goa KTCL GTFS,SOURCE_DATA
3188,Mopa,15.7591405918,73.8390709896,0,3188,KTCL/Kadamba,Goa KTCL GTFS,SOURCE_DATA
3189,Mopa Pednekarwada,15.7559413247,73.8407313365,0,3189,KTCL/Kadamba,Goa KTCL GTFS,SOURCE_DATA
3190,Maruti Temple,15.3571661027,74.1116635311,0,3190,KTCL/Kadamba,Goa KTCL GTFS,SOURCE_DATA
3191,Nirankal Bank,15.3607525113,74.0790081049,0,3191,KTCL/Kadamba,Goa KTCL GTFS,SOURCE_DATA
3192,Nirankal Bank,15.3607318201,74.0791946326,0,3192,KTCL/Kadamba,Goa KTCL GTFS,SOURCE_DATA
3193,Nessargi,15.9039164587,74.7754696734,0,3193,KTCL/Kadamba,Goa KTCL GTFS,SOURCE_DATA
3194,Atnoor,17.2445019378,76.4908026206,0,3194,KTCL/Kadamba,Goa KTCL GTFS,SOURCE_DATA
3195,Atnoor,17.2441842942,76.4908836623,0,3195,KTCL/Kadamba,Goa KTCL GTFS,SOURCE_DATA
3197,Madel Pomburpha Ferry,15.5579455003,73.8707127276,0,3197,KTCL/Kadamba,Goa KTCL GTFS,SOURCE_DATA
3198,Kerem,15.5365625477,73.8801713226,0,3198,KTCL/Kadamba,Goa KTCL GTFS,SOURCE_DATA
3199,Kerem,15.536593558,73.880325822,0,3199,KTCL/Kadamba,Goa KTCL GTFS,SOURCE_DATA
3200,Harvale Siya Garden,15.5666233504,74.0488672952,0,3200,KTCL/Kadamba,Goa KTCL GTFS,SOURCE_DATA
3201,Harvale Panchayat,15.5645261091,74.0450480422,0,3201,KTCL/Kadamba,Goa KTCL GTFS,SOURCE_DATA
3202,Harvale Panchayat,15.5644124197,74.0452454823,0,3202,KTCL/Kadamba,Goa KTCL GTFS,SOURCE_DATA
3203,Upper Harvale Devnaar,15.5573880989,74.0378214424,0,3203,KTCL/Kadamba,Goa KTCL GTFS,SOURCE_DATA
3204,Upper Harvale Devnaar,15.5574501134,74.0382012662,0,3204,KTCL/Kadamba,Goa KTCL GTFS,SOURCE_DATA
3213,KTC Porvorim Depot,15.5380418989,73.8311270768,0,3213,KTCL/Kadamba,Goa KTCL GTFS,SOURCE_DATA
3214,Torda,15.5315631956,73.8424751515,0,3214,KTCL/Kadamba,Goa KTCL GTFS,SOURCE_DATA
3215,Torda,15.5317285883,73.8428334943,0,3215,KTCL/Kadamba,Goa KTCL GTFS,SOURCE_DATA
3216,Paitona,15.5390337781,73.8362382518,0,3216,KTCL/Kadamba,Goa KTCL GTFS,SOURCE_DATA
3217,Paitona,15.5392405115,73.8364249399,0,3217,KTCL/Kadamba,Goa KTCL GTFS,SOURCE_DATA
3220,Near Union Bank Juction,15.4898915107,73.8198601492,0,3220,KTCL/Kadamba,Goa KTCL GTFS,SOURCE_DATA
3221,Near Union Bank Juction,15.4898837563,73.8199529155,0,3221,KTCL/Kadamba,Goa KTCL GTFS,SOURCE_DATA
3222,Post Offic Club,15.4993154897,73.8328809942,0,3222,KTCL/Kadamba,Goa KTCL GTFS,SOURCE_DATA
3223,Rivona Church,15.1807633223,74.1044913837,0,3223,KTCL/Kadamba,Goa KTCL GTFS,SOURCE_DATA
3224,Rivona Church,15.18089793,74.1048172263,0,3224,KTCL/Kadamba,Goa KTCL GTFS,SOURCE_DATA
3225,Someshwar Temple,15.2067386844,74.0925801559,0,3225,KTCL/Kadamba,Goa KTCL GTFS,SOURCE_DATA
3226,Someshwar Temple,15.2076704679,74.0927665471,0,3226,KTCL/Kadamba,Goa KTCL GTFS,SOURCE_DATA
3227,Usgalimol Cross,15.1278747485,74.134416321,0,3227,KTCL/Kadamba,Goa KTCL GTFS,SOURCE_DATA
3228,Usgalimol Cross,15.1277090358,74.1348601342,0,3228,KTCL/Kadamba,Goa KTCL GTFS,SOURCE_DATA
3229,Vichundrem Tisk,15.1022987454,74.2058443655,0,3229,KTCL/Kadamba,Goa KTCL GTFS,SOURCE_DATA
3230,Vichundrem Tisk,15.1022780288,74.2050650718,0,3230,KTCL/Kadamba,Goa KTCL GTFS,SOURCE_DATA
3232,Agxem,15.2827491253,74.0379920567,0,3232,KTCL/Kadamba,Goa KTCL GTFS,SOURCE_DATA
3233,Agxem,15.2827491252,74.0383072608,0,3233,KTCL/Kadamba,Goa KTCL GTFS,SOURCE_DATA
3234,Zitlem,15.2754868567,74.0387846704,0,3234,KTCL/Kadamba,Goa KTCL GTFS,SOURCE_DATA
3235,Zitlem,15.2752798607,74.0394002755,0,3235,KTCL/Kadamba,Goa KTCL GTFS,SOURCE_DATA
3236,Zareer Khuris,15.2706287888,74.0426495683,0,3236,KTCL/Kadamba,Goa KTCL GTFS,SOURCE_DATA
3237,Zareer Khuris,15.2704631882,74.042943304,0,3237,KTCL/Kadamba,Goa KTCL GTFS,SOURCE_DATA
3238,Bidi,15.5645131397,74.6510109325,0,3238,KTCL/Kadamba,Goa KTCL GTFS,SOURCE_DATA
3239,Bidi,15.5646681706,74.6512942035,0,3239,KTCL/Kadamba,Goa KTCL GTFS,SOURCE_DATA
3240,Sasoli Ibrampur Titha,15.7312461937,73.946012007,0,3240,KTCL/Kadamba,Goa KTCL GTFS,SOURCE_DATA
3241,Sasoli Ibrampur Titha,15.7312307032,73.9461774128,0,3241,KTCL/Kadamba,Goa KTCL GTFS,SOURCE_DATA
3242,Khadki,15.5037760496,74.1398062649,0,3242,KTCL/Kadamba,Goa KTCL GTFS,SOURCE_DATA
3243,Khadki,15.5037760496,74.1399929211,0,3243,KTCL/Kadamba,Goa KTCL GTFS,SOURCE_DATA
3244,Gandhinagar Naka,16.7086770431,74.2795888073,0,3244,KTCL/Kadamba,Goa KTCL GTFS,SOURCE_DATA
3245,Gandhinagar Naka,16.709072663,74.279529837,0,3245,KTCL/Kadamba,Goa KTCL GTFS,SOURCE_DATA
3246,Bandeshwar Banda Patradevi Bus Stand,15.8123959852,73.8629317438,0,3246,KTCL/Kadamba,Goa KTCL GTFS,SOURCE_DATA
3247,Malgao Bazar,15.8848000438,73.8125527448,0,3247,KTCL/Kadamba,Goa KTCL GTFS,SOURCE_DATA
3248,Malgao Bazar,15.8846658948,73.8128255808,0,3248,KTCL/Kadamba,Goa KTCL GTFS,SOURCE_DATA
3249,Mandopa Cross,15.2419339345,73.9786360691,0,3249,KTCL/Kadamba,Goa KTCL GTFS,SOURCE_DATA
3250,Mandir,15.2457229678,73.9811746692,0,3250,KTCL/Kadamba,Goa KTCL GTFS,SOURCE_DATA
3251,Open Hall Mandopa,15.2568973119,73.9797819782,0,3251,KTCL/Kadamba,Goa KTCL GTFS,SOURCE_DATA
3252,Open Hall Mandopa,15.2570008188,73.9799684134,0,3252,KTCL/Kadamba,Goa KTCL GTFS,SOURCE_DATA
3253,Palye,15.5736380531,73.8237124355,0,3253,KTCL/Kadamba,Goa KTCL GTFS,SOURCE_DATA
3254,Palye,15.5745061861,73.8238562396,0,3254,KTCL/Kadamba,Goa KTCL GTFS,SOURCE_DATA
3255,Syrian Church B,15.4668684378818,73.8468823581163,0,3255,KTCL/Kadamba,Goa KTCL GTFS,SOURCE_DATA
3256,Syrian Church A,15.4668839482931,73.8470716634157,0,3256,KTCL/Kadamba,Goa KTCL GTFS,SOURCE_DATA
3257,Calvim Bridge,15.5721519474,73.8845775131,0,3257,KTCL/Kadamba,Goa KTCL GTFS,SOURCE_DATA
3258,Calvim Bridge,15.5717592164,73.884850062,0,3258,KTCL/Kadamba,Goa KTCL GTFS,SOURCE_DATA
3259,sangola,17.43416157,75.189411563,0,3259,KTCL/Kadamba,Goa KTCL GTFS,SOURCE_DATA
3260,Karli,15.9858331681,73.5024372144,0,3260,KTCL/Kadamba,Goa KTCL GTFS,SOURCE_DATA
3261,Margao Railway Station,15.2655821126,73.9717623613,0,3261,KTCL/Kadamba,Goa KTCL GTFS,SOURCE_DATA
3262,Margao Railway Station,15.2657166661,73.9718897956,0,3262,KTCL/Kadamba,Goa KTCL GTFS,SOURCE_DATA
3263,chapel,15.6701728854,73.873814643,0,3263,KTCL/Kadamba,Goa KTCL GTFS,SOURCE_DATA
3264,Vere Bank,15.5115408194,73.8178503581,0,3264,KTCL/Kadamba,Goa KTCL GTFS,SOURCE_DATA
3265,Vere Bank,15.5114529459,73.8178465845,0,3265,KTCL/Kadamba,Goa KTCL GTFS,SOURCE_DATA
3266,Monica wado,15.5257892565,73.7996554747,0,3266,KTCL/Kadamba,Goa KTCL GTFS,SOURCE_DATA
3267,Monica wado,15.5256652083,73.7999494392,0,3267,KTCL/Kadamba,Goa KTCL GTFS,SOURCE_DATA
3268,Subhani Masjid,15.2273373717,74.1477932752,0,3268,KTCL/Kadamba,Goa KTCL GTFS,SOURCE_DATA
3269,Malikarjun,15.1811057961,74.2270933264,0,3269,KTCL/Kadamba,Goa KTCL GTFS,SOURCE_DATA
3270,Mopa Karmalwadi,15.7538187464,73.8382355616,0,3270,KTCL/Kadamba,Goa KTCL GTFS,SOURCE_DATA
3271,Metwada,15.3499459833,74.2366783381,0,3271,KTCL/Kadamba,Goa KTCL GTFS,SOURCE_DATA
3272,Science Centre A,15.4777813533,73.8081602907,0,3272,KTCL/Kadamba,Goa KTCL GTFS,SOURCE_DATA
3273,Science Centre B,15.4779467891,73.8083898388,0,3273,KTCL/Kadamba,Goa KTCL GTFS,SOURCE_DATA
3274,Caranzale Beach,15.4656938394,73.8060788965,0,3274,KTCL/Kadamba,Goa KTCL GTFS,SOURCE_DATA
3275,Caranzale Beach,15.4653422671,73.806372807,0,3275,KTCL/Kadamba,Goa KTCL GTFS,SOURCE_DATA
3276,Asodem,15.4674827118,74.1726889029,0,3276,KTCL/Kadamba,Goa KTCL GTFS,SOURCE_DATA
3277,Hali,15.7464027286,73.8889062993,0,3277,KTCL/Kadamba,Goa KTCL GTFS,SOURCE_DATA
3278,Chandel,15.7363469604,73.8909035003,0,3278,KTCL/Kadamba,Goa KTCL GTFS,SOURCE_DATA
3279,Gauthanwada,15.7586946724,73.887064542,0,3279,KTCL/Kadamba,Goa KTCL GTFS,SOURCE_DATA
3280,Gauthanwada,15.7586998351,73.8871602356,0,3280,KTCL/Kadamba,Goa KTCL GTFS,SOURCE_DATA
3281,Netarde,15.7528719656,73.8971402631,0,3281,KTCL/Kadamba,Goa KTCL GTFS,SOURCE_DATA
3282,Cupa,15.5397347049,73.9454913675,0,3282,KTCL/Kadamba,Goa KTCL GTFS,SOURCE_DATA
3283,Ansolem,15.5154656485,74.1154554312,0,3283,KTCL/Kadamba,Goa KTCL GTFS,SOURCE_DATA
3284,Madhalawada,15.5364118118,73.9875835216,0,3284,KTCL/Kadamba,Goa KTCL GTFS,SOURCE_DATA
3285,Madhalawada,15.5364118117,73.9878345804,0,3285,KTCL/Kadamba,Goa KTCL GTFS,SOURCE_DATA
3286,Deulwada,15.5509300914,74.0118745426,0,3286,KTCL/Kadamba,Goa KTCL GTFS,SOURCE_DATA
3287,Deulwada,15.5506200087,74.0120826992,0,3287,KTCL/Kadamba,Goa KTCL GTFS,SOURCE_DATA
3288,Subdale Cross,15.1092232279,74.0378510981,0,3288,KTCL/Kadamba,Goa KTCL GTFS,SOURCE_DATA
3289,Subdale Cross,15.1096582611,74.0381017761,0,3289,KTCL/Kadamba,Goa KTCL GTFS,SOURCE_DATA
3290,Subdale,15.1298832779,74.0447990154,0,3290,KTCL/Kadamba,Goa KTCL GTFS,SOURCE_DATA
3292,Cudsem Dabos Cross,15.5360198706,74.1508173949,0,3292,KTCL/Kadamba,Goa KTCL GTFS,SOURCE_DATA
3293,Cudsem Dabos Cross,15.5367641208,74.1508324187,0,3293,KTCL/Kadamba,Goa KTCL GTFS,SOURCE_DATA
3294,Bhutwadi,15.6441579687,74.0367132164,0,3294,KTCL/Kadamba,Goa KTCL GTFS,SOURCE_DATA
3295,Talekhol,15.6461415853,74.033988092,0,3295,KTCL/Kadamba,Goa KTCL GTFS,SOURCE_DATA
3296,Vithulwadi,15.6326264454,74.0333703187,0,3296,KTCL/Kadamba,Goa KTCL GTFS,SOURCE_DATA
3297,Vithulwadi,15.6327504289,74.0335785495,0,3297,KTCL/Kadamba,Goa KTCL GTFS,SOURCE_DATA
3298,Ravan Fata,15.6170963556,74.032609693,0,3298,KTCL/Kadamba,Goa KTCL GTFS,SOURCE_DATA
3299,Ravan Fata,15.6170963555,74.0329681136,0,3299,KTCL/Kadamba,Goa KTCL GTFS,SOURCE_DATA
3300,Deulwada,15.6121107015,74.0444587706,0,3300,KTCL/Kadamba,Goa KTCL GTFS,SOURCE_DATA
3301,Dusro Wado,15.6104574143,74.0326999663,0,3301,KTCL/Kadamba,Goa KTCL GTFS,SOURCE_DATA
3302,Dusro Wado,15.6104574142,74.0330583806,0,3302,KTCL/Kadamba,Goa KTCL GTFS,SOURCE_DATA
3303,Poilo Wado,15.5991753012,74.0319857463,0,3303,KTCL/Kadamba,Goa KTCL GTFS,SOURCE_DATA
3304,Poilo Wado,15.5996093142,74.032108116,0,3304,KTCL/Kadamba,Goa KTCL GTFS,SOURCE_DATA
3305,Tamedgiwadi,15.5940518001,74.029407528,0,3305,KTCL/Kadamba,Goa KTCL GTFS,SOURCE_DATA
3306,Tamedgiwadi,15.5943514832,74.0295835372,0,3306,KTCL/Kadamba,Goa KTCL GTFS,SOURCE_DATA
3307,Godkumal,14.9951224976,74.0894429019,0,3307,KTCL/Kadamba,Goa KTCL GTFS,SOURCE_DATA
3308,Godkumal,14.9953919482,74.0894574498,0,3308,KTCL/Kadamba,Goa KTCL GTFS,SOURCE_DATA
3309,Mutal,14.9857985038,74.0498793867,0,3309,KTCL/Kadamba,Goa KTCL GTFS,SOURCE_DATA
3310,Mutal,14.9855549509,74.0497383636,0,3310,KTCL/Kadamba,Goa KTCL GTFS,SOURCE_DATA
3311,Mangal,15.062920132,74.1762896309,0,3311,KTCL/Kadamba,Goa KTCL GTFS,SOURCE_DATA
3312,Jakem,15.0804887215,74.2003136515,0,3312,KTCL/Kadamba,Goa KTCL GTFS,SOURCE_DATA
3313,Jakem,15.0806959083,74.2008003385,0,3313,KTCL/Kadamba,Goa KTCL GTFS,SOURCE_DATA
3314,Mangal Forest Gate,15.0744755622,74.1894035181,0,3314,KTCL/Kadamba,Goa KTCL GTFS,SOURCE_DATA
3315,Mangal Forest Gate,15.0755944005,74.1885598215,0,3315,KTCL/Kadamba,Goa KTCL GTFS,SOURCE_DATA
3316,Mangal School,15.0676795286,74.1773872231,0,3316,KTCL/Kadamba,Goa KTCL GTFS,SOURCE_DATA
3317,Mangal School,15.0679281678,74.1779168141,0,3317,KTCL/Kadamba,Goa KTCL GTFS,SOURCE_DATA
3318,Netravali Tisk,15.0986074111,74.2090176173,0,3318,KTCL/Kadamba,Goa KTCL GTFS,SOURCE_DATA
3319,Netravali Tisk,15.0988974479,74.2092039127,0,3319,KTCL/Kadamba,Goa KTCL GTFS,SOURCE_DATA
3320,Curpem,15.1247130172,74.178751728,0,3320,KTCL/Kadamba,Goa KTCL GTFS,SOURCE_DATA
3321,Curpem,15.1251273043,74.179281369,0,3321,KTCL/Kadamba,Goa KTCL GTFS,SOURCE_DATA
3322,Cavrem,15.1266052811,74.148133214,0,3322,KTCL/Kadamba,Goa KTCL GTFS,SOURCE_DATA
3323,Cavrem,15.1267502804,74.14844828,0,3323,KTCL/Kadamba,Goa KTCL GTFS,SOURCE_DATA
3324,Navelim,15.1327596708,74.155191584,0,3324,KTCL/Kadamba,Goa KTCL GTFS,SOURCE_DATA
3325,Navelim,15.1327803843,74.1556354014,0,3325,KTCL/Kadamba,Goa KTCL GTFS,SOURCE_DATA
3326,Rvora Chruch,15.6608472331,73.8556297047,0,3326,KTCL/Kadamba,Goa KTCL GTFS,SOURCE_DATA
3327,Kharpal,15.6537749784,73.958354219,0,3327,KTCL/Kadamba,Goa KTCL GTFS,SOURCE_DATA
3328,Panari,15.5966680451,73.8626529831,0,3328,KTCL/Kadamba,Goa KTCL GTFS,SOURCE_DATA
3329,Panari,15.5964097003,73.8627109775,0,3329,KTCL/Kadamba,Goa KTCL GTFS,SOURCE_DATA
3330,Naqurim,15.3332185533,73.9857340097,0,3330,KTCL/Kadamba,Goa KTCL GTFS,SOURCE_DATA
3331,Naqurim,15.3333427164,73.9861350894,0,3331,KTCL/Kadamba,Goa KTCL GTFS,SOURCE_DATA
3332,Kadtari,15.5494852362,74.192660509,0,3332,KTCL/Kadamba,Goa KTCL GTFS,SOURCE_DATA
3333,Kumbharwada Vante,15.4877859186,74.1022044355,0,3333,KTCL/Kadamba,Goa KTCL GTFS,SOURCE_DATA
3334,AIIA Ayush Hospital,15.6873613475,73.8374572343,0,3334,KTCL/Kadamba,Goa KTCL GTFS,SOURCE_DATA
3335,Gadag Bus Stand NWKSRTC,15.4175701732,75.6369437382,0,3335,KTCL/Kadamba,Goa KTCL GTFS,SOURCE_DATA
3336,Ozarim School,15.6846966445,73.882254301,0,3336,KTCL/Kadamba,Goa KTCL GTFS,SOURCE_DATA
3337,Ozarim School,15.6845107163,73.8819046804,0,3337,KTCL/Kadamba,Goa KTCL GTFS,SOURCE_DATA
3338,Sangwada,15.6981133903,73.8871050327,0,3338,KTCL/Kadamba,Goa KTCL GTFS,SOURCE_DATA
3339,Sangwada,15.6981960194,73.8873776966,0,3339,KTCL/Kadamba,Goa KTCL GTFS,SOURCE_DATA
3340,Tarmas,15.701296821,73.8901904354,0,3340,KTCL/Kadamba,Goa KTCL GTFS,SOURCE_DATA
3341,Tarmas,15.7013587919,73.8904738309,0,3341,KTCL/Kadamba,Goa KTCL GTFS,SOURCE_DATA
3342,Fakir Phata,15.7719313262,73.8786650693,0,3342,KTCL/Kadamba,Goa KTCL GTFS,SOURCE_DATA
3343,Fakir Phata,15.7723030225,73.878798319,0,3343,KTCL/Kadamba,Goa KTCL GTFS,SOURCE_DATA
3344,Kumyacho Whal,15.7818947389,73.8701706915,0,3344,KTCL/Kadamba,Goa KTCL GTFS,SOURCE_DATA
3345,Kumyacho Whal,15.7823799852,73.8702503132,0,3345,KTCL/Kadamba,Goa KTCL GTFS,SOURCE_DATA
3346,Dushi Netarde,15.7893075238,73.8633900671,0,3346,KTCL/Kadamba,Goa KTCL GTFS,SOURCE_DATA
3347,Dushi Netarde,15.7892559036,73.863641357,0,3347,KTCL/Kadamba,Goa KTCL GTFS,SOURCE_DATA
3349,Ram Nagar Arosbag Road,15.8061897216,73.8619208661,0,3349,KTCL/Kadamba,Goa KTCL GTFS,SOURCE_DATA
3350,Ram Nagar Arosbag Road,15.8063394073,73.8621024341,0,3350,KTCL/Kadamba,Goa KTCL GTFS,SOURCE_DATA
3351,Pncham Nagar,15.8093563271,73.8632594026,0,3351,KTCL/Kadamba,Goa KTCL GTFS,SOURCE_DATA
3352,Pncham Nagar,15.809500849,73.8633390497,0,3352,KTCL/Kadamba,Goa KTCL GTFS,SOURCE_DATA
3353,Portem,15.1285100863,74.2080161086,0,3353,KTCL/Kadamba,Goa KTCL GTFS,SOURCE_DATA
3354,Portem,15.1289295446,74.208132693,0,3354,KTCL/Kadamba,Goa KTCL GTFS,SOURCE_DATA
3355,Hanuman Temple,15.1155721531,74.2099458007,0,3355,KTCL/Kadamba,Goa KTCL GTFS,SOURCE_DATA
3356,Karapur PHC,15.5621301373,73.9880470621,0,3356,KTCL/Kadamba,Goa KTCL GTFS,SOURCE_DATA
3357,Karapur PHC,15.5624608735,73.9883196018,0,3357,KTCL/Kadamba,Goa KTCL GTFS,SOURCE_DATA
3358,Solye Temple,15.539214121,74.0449612666,0,3358,KTCL/Kadamba,Goa KTCL GTFS,SOURCE_DATA
3359,Chirwal,15.5339723111,74.0555525745,0,3359,KTCL/Kadamba,Goa KTCL GTFS,SOURCE_DATA
3360,Chirwal,15.5336415289,74.0563829884,0,3360,KTCL/Kadamba,Goa KTCL GTFS,SOURCE_DATA
3361,Sonshi Tisk,15.5340011014,74.0347132978,0,3361,KTCL/Kadamba,Goa KTCL GTFS,SOURCE_DATA
3362,Sonshi Tisk,15.5341897502,74.0355732151,0,3362,KTCL/Kadamba,Goa KTCL GTFS,SOURCE_DATA
3363,Sonshi,15.5270571518,74.0416575363,0,3363,KTCL/Kadamba,Goa KTCL GTFS,SOURCE_DATA
3364,Halulli,15.3335853545,74.1023367149,0,3364,KTCL/Kadamba,Goa KTCL GTFS,SOURCE_DATA
3365,Halulli,15.3337095173,74.1030382027,0,3365,KTCL/Kadamba,Goa KTCL GTFS,SOURCE_DATA
3366,Sadgal,15.336601459,74.1125678049,0,3366,KTCL/Kadamba,Goa KTCL GTFS,SOURCE_DATA
3367,Sadgal,15.3363996969,74.112652388,0,3367,KTCL/Kadamba,Goa KTCL GTFS,SOURCE_DATA
3368,Valely,15.312581856,74.1120574003,0,3368,KTCL/Kadamba,Goa KTCL GTFS,SOURCE_DATA
3369,Valely,15.3129957737,74.1123297157,0,3369,KTCL/Kadamba,Goa KTCL GTFS,SOURCE_DATA
3370,Mayargal,15.3182524593,74.094934178,0,3370,KTCL/Kadamba,Goa KTCL GTFS,SOURCE_DATA
3371,Mayargal,15.3185835846,74.0953781597,0,3371,KTCL/Kadamba,Goa KTCL GTFS,SOURCE_DATA
3372,Don Bosco School Panaji,15.4970514941,73.8220220372,0,3372,KTCL/Kadamba,Goa KTCL GTFS,SOURCE_DATA
3373,Gaundalim,15.5137680133,73.9437291943,0,3373,KTCL/Kadamba,Goa KTCL GTFS,SOURCE_DATA
3374,Ice Factory,15.5106665576,73.9303610646,0,3374,KTCL/Kadamba,Goa KTCL GTFS,SOURCE_DATA
3375,Ice Factory,15.5104597954,73.930483354,0,3375,KTCL/Kadamba,Goa KTCL GTFS,SOURCE_DATA
3376,Aronda Bridge,15.7277489964,73.7202748372,0,3376,KTCL/Kadamba,Goa KTCL GTFS,SOURCE_DATA
3377,Aronda Bridge,15.7276250705,73.7205260705,0,3377,KTCL/Kadamba,Goa KTCL GTFS,SOURCE_DATA
3378,TATA Metal,15.7299834857,73.6898073611,0,3378,KTCL/Kadamba,Goa KTCL GTFS,SOURCE_DATA
3379,TATA Metal,15.7306031072,73.6900371388,0,3379,KTCL/Kadamba,Goa KTCL GTFS,SOURCE_DATA
3380,Redi,15.7377492725,73.6804947314,0,3380,KTCL/Kadamba,Goa KTCL GTFS,SOURCE_DATA
3381,Bhatpavni,15.7437489658,73.7067056008,0,3381,KTCL/Kadamba,Goa KTCL GTFS,SOURCE_DATA
3382,Vagem Murmune,15.4650184841,74.1212589624,0,3382,KTCL/Kadamba,Goa KTCL GTFS,SOURCE_DATA
3383,Vagem Murmune,15.4644601027,74.1215582366,0,3383,KTCL/Kadamba,Goa KTCL GTFS,SOURCE_DATA
3384,Maingine,15.4703197754,74.1527809155,0,3384,KTCL/Kadamba,Goa KTCL GTFS,SOURCE_DATA
3385,Dhada,15.4645153397,74.1506780636,0,3385,KTCL/Kadamba,Goa KTCL GTFS,SOURCE_DATA
3386,Dhada,15.4650944016,74.1506071924,0,3386,KTCL/Kadamba,Goa KTCL GTFS,SOURCE_DATA
3387,Shel Melauli,15.4573690085,74.1408075345,0,3387,KTCL/Kadamba,Goa KTCL GTFS,SOURCE_DATA
3388,Shel Melauli,15.4578653645,74.1413803867,0,3388,KTCL/Kadamba,Goa KTCL GTFS,SOURCE_DATA
3391,Dongurlim,15.6095292874,74.1552614806,0,3391,KTCL/Kadamba,Goa KTCL GTFS,SOURCE_DATA
3392,Cazur,15.0865336192,74.1722292717,0,3392,KTCL/Kadamba,Goa KTCL GTFS,SOURCE_DATA
3393,Cazur,15.0867408001,74.1722546238,0,3393,KTCL/Kadamba,Goa KTCL GTFS,SOURCE_DATA
3394,Agloti,15.4289678087,74.1684397354,0,3394,KTCL/Kadamba,Goa KTCL GTFS,SOURCE_DATA
3395,Nave,15.4254482452,74.15099748,0,3395,KTCL/Kadamba,Goa KTCL GTFS,SOURCE_DATA
3396,Kumarwada,15.4296885675,74.1596234642,0,3396,KTCL/Kadamba,Goa KTCL GTFS,SOURCE_DATA
3397,Agloti,15.4290505461,74.1691413086,0,3397,KTCL/Kadamba,Goa KTCL GTFS,SOURCE_DATA
3398,Murge School,15.4185859682,74.1776058891,0,3398,KTCL/Kadamba,Goa KTCL GTFS,SOURCE_DATA
3399,Tayde,15.4188382614,74.1885205241,0,3399,KTCL/Kadamba,Goa KTCL GTFS,SOURCE_DATA
3400,Bastora Cross,15.5831234023,73.8244030208,0,3400,KTCL/Kadamba,Goa KTCL GTFS,SOURCE_DATA
3401,Bastora Cross,15.5831750746,73.8245521981,0,3401,KTCL/Kadamba,Goa KTCL GTFS,SOURCE_DATA
3402,Bramhakarmali,15.5720271058,74.1583215251,0,3402,KTCL/Kadamba,Goa KTCL GTFS,SOURCE_DATA
3403,Bramhakarmali,15.5723164861,74.1590232272,0,3403,KTCL/Kadamba,Goa KTCL GTFS,SOURCE_DATA
3404,Naneli,15.5873470428,74.1505063397,0,3404,KTCL/Kadamba,Goa KTCL GTFS,SOURCE_DATA
3405,Saraswati School,15.4369691314,73.9998353401,0,3405,KTCL/Kadamba,Goa KTCL GTFS,SOURCE_DATA
3406,Saraswati School,15.4372173339,74.0001506822,0,3406,KTCL/Kadamba,Goa KTCL GTFS,SOURCE_DATA
3407,Gauthan PHC,15.4358470451,73.9905280746,0,3407,KTCL/Kadamba,Goa KTCL GTFS,SOURCE_DATA
3408,Gauthan PHC,15.4356608919,73.990746856,0,3408,KTCL/Kadamba,Goa KTCL GTFS,SOURCE_DATA
3409,Priol Laximi Temple,15.4384886843,73.9826454168,0,3409,KTCL/Kadamba,Goa KTCL GTFS,SOURCE_DATA
3410,Priol Laximi Temple,15.4383439003,73.9828212852,0,3410,KTCL/Kadamba,Goa KTCL GTFS,SOURCE_DATA
3411,Tulaskarwadi,15.7215114204,73.8585792317,0,3411,KTCL/Kadamba,Goa KTCL GTFS,SOURCE_DATA
3412,Shemechya Advan,15.7329397289,73.8559077518,0,3412,KTCL/Kadamba,Goa KTCL GTFS,SOURCE_DATA
3413,Kudne Temple,15.5407338683,74.0105239003,0,3413,KTCL/Kadamba,Goa KTCL GTFS,SOURCE_DATA
3414,Kudne Temple,15.5407338682,74.010828607,0,3414,KTCL/Kadamba,Goa KTCL GTFS,SOURCE_DATA
3415,Adushem,15.3636265673,73.9910788714,0,3415,KTCL/Kadamba,Goa KTCL GTFS,SOURCE_DATA
3416,WADDI,15.3751932668,73.9834966776,0,3416,KTCL/Kadamba,Goa KTCL GTFS,SOURCE_DATA
3417,WADDI,15.3751932667,73.9836832182,0,3417,KTCL/Kadamba,Goa KTCL GTFS,SOURCE_DATA
3418,Badami Railway Station,15.9636262454,75.6877213694,0,3418,KTCL/Kadamba,Goa KTCL GTFS,SOURCE_DATA
3419,Badami Railway Station,15.9639975884,75.6879728212,0,3419,KTCL/Kadamba,Goa KTCL GTFS,SOURCE_DATA
3420,Badami,15.9233497979,75.6790526601,0,3420,KTCL/Kadamba,Goa KTCL GTFS,SOURCE_DATA
3421,Sakral,15.7898827201,73.854792679,0,3421,KTCL/Kadamba,Goa KTCL GTFS,SOURCE_DATA
3422,Kadshi,15.7630623788,73.8694630478,0,3422,KTCL/Kadamba,Goa KTCL GTFS,SOURCE_DATA
3423,Kadshi Mopa,15.7644996132,73.8580862282,0,3423,KTCL/Kadamba,Goa KTCL GTFS,SOURCE_DATA
3424,Karnataka Maharashtra Border Karnoor,16.5532892148,74.3178937427,0,3424,KTCL/Kadamba,Goa KTCL GTFS,SOURCE_DATA
3425,Karnataka Maharashtra Border Karnoor,16.5538034231,74.3181242989,0,3425,KTCL/Kadamba,Goa KTCL GTFS,SOURCE_DATA
3428,Chunamol,15.2661867771,74.1530660184,0,3428,KTCL/Kadamba,Goa KTCL GTFS,SOURCE_DATA
3429,Aprant,15.2639321388,74.1609105887,0,3429,KTCL/Kadamba,Goa KTCL GTFS,SOURCE_DATA
3430,Amdai,15.2559737448,74.1594726813,0,3430,KTCL/Kadamba,Goa KTCL GTFS,SOURCE_DATA
3431,Chunamol,15.2661453761,74.1535099538,0,3431,KTCL/Kadamba,Goa KTCL GTFS,SOURCE_DATA
3432,Costi Village,15.2713221647,74.1696230968,0,3432,KTCL/Kadamba,Goa KTCL GTFS,SOURCE_DATA
3433,Dudal,15.2699418414,74.1896575286,0,3433,KTCL/Kadamba,Goa KTCL GTFS,SOURCE_DATA
3434,Kutharwada,15.2814965173,74.184585552,0,3434,KTCL/Kadamba,Goa KTCL GTFS,SOURCE_DATA
3435,Her Farm Bendel,15.7083826095,73.863588141,0,3435,KTCL/Kadamba,Goa KTCL GTFS,SOURCE_DATA
3436,Bhatpavni,15.7299269634,73.8119592788,0,3436,KTCL/Kadamba,Goa KTCL GTFS,SOURCE_DATA
3437,Bhatpavni,15.7302987366,73.8124036336,0,3437,KTCL/Kadamba,Goa KTCL GTFS,SOURCE_DATA
3438,Khajne Village,15.7266276407,73.8213728212,0,3438,KTCL/Kadamba,Goa KTCL GTFS,SOURCE_DATA
3439,Khajne Village,15.7271440006,73.8218815455,0,3439,KTCL/Kadamba,Goa KTCL GTFS,SOURCE_DATA
3440,Vitla Devi,15.7297179081,73.8248888069,0,3440,KTCL/Kadamba,Goa KTCL GTFS,SOURCE_DATA
3441,Nigal Junction,15.7315312333,73.8272920661,0,3441,KTCL/Kadamba,Goa KTCL GTFS,SOURCE_DATA
3442,Nigal Junction,15.7317790802,73.8276720489,0,3442,KTCL/Kadamba,Goa KTCL GTFS,SOURCE_DATA
3443,Zholambe Panchayat,15.8249258558,73.9537875158,0,3443,KTCL/Kadamba,Goa KTCL GTFS,SOURCE_DATA
3444,Zholambe,15.841723585,73.9526034764,0,3444,KTCL/Kadamba,Goa KTCL GTFS,SOURCE_DATA
3445,Zholambe Panchayat,15.8242239444,73.9534165668,0,3445,KTCL/Kadamba,Goa KTCL GTFS,SOURCE_DATA
3446,Ambeli Cross,15.8220493926,73.9573364316,0,3446,KTCL/Kadamba,Goa KTCL GTFS,SOURCE_DATA
3447,Ambeli Cross,15.8220029419,73.9574965569,0,3447,KTCL/Kadamba,Goa KTCL GTFS,SOURCE_DATA
3448,Talkat,15.7960852788,73.9570825192,0,3448,KTCL/Kadamba,Goa KTCL GTFS,SOURCE_DATA
3449,Bhatwadi,15.8083287915,73.9618001726,0,3449,KTCL/Kadamba,Goa KTCL GTFS,SOURCE_DATA
3450,Bhatwadi,15.8090307579,73.9622875138,0,3450,KTCL/Kadamba,Goa KTCL GTFS,SOURCE_DATA
3451,Nagre,15.8038075152,73.9608953615,0,3451,KTCL/Kadamba,Goa KTCL GTFS,SOURCE_DATA
3452,Nagre,15.8043236787,73.9611037495,0,3452,KTCL/Kadamba,Goa KTCL GTFS,SOURCE_DATA
3453,Podaye,15.7495951854,73.9099264443,0,3453,KTCL/Kadamba,Goa KTCL GTFS,SOURCE_DATA
3454,Podaye,15.7494506206,73.9101347823,0,3454,KTCL/Kadamba,Goa KTCL GTFS,SOURCE_DATA
3455,Karmalwadi,15.7449415518,73.9066074243,0,3455,KTCL/Kadamba,Goa KTCL GTFS,SOURCE_DATA
3456,Karmalwadi,15.7452719925,73.9069874195,0,3456,KTCL/Kadamba,Goa KTCL GTFS,SOURCE_DATA
3457,Ugade,15.7708384409,73.9411146964,0,3457,KTCL/Kadamba,Goa KTCL GTFS,SOURCE_DATA
3458,Ugade,15.7707403536,73.9413927909,0,3458,KTCL/Kadamba,Goa KTCL GTFS,SOURCE_DATA
3459,Tamsher,15.3657525145,73.987555145,0,3459,KTCL/Kadamba,Goa KTCL GTFS,SOURCE_DATA
3460,Tamsher,15.3658766582,73.9878489654,0,3460,KTCL/Kadamba,Goa KTCL GTFS,SOURCE_DATA
3461,Dabe Tisk,15.1378730565,73.9891343243,0,3461,KTCL/Kadamba,Goa KTCL GTFS,SOURCE_DATA
3462,Dabe Tisk,15.1376244992,73.9897068924,0,3462,KTCL/Kadamba,Goa KTCL GTFS,SOURCE_DATA
3463,Kel Junction,15.6455260874,73.8879277215,0,3463,KTCL/Kadamba,Goa KTCL GTFS,SOURCE_DATA
3464,Kel Junction,15.6457947014,73.8882110664,0,3464,KTCL/Kadamba,Goa KTCL GTFS,SOURCE_DATA
3465,Salgaonkar Mines,15.6319316799,73.905667369,0,3465,KTCL/Kadamba,Goa KTCL GTFS,SOURCE_DATA
3466,Salgaonkar Mines,15.6320143359,73.9058755992,0,3466,KTCL/Kadamba,Goa KTCL GTFS,SOURCE_DATA
3467,Jamblikade,15.6378201377,73.9026418372,0,3467,KTCL/Kadamba,Goa KTCL GTFS,SOURCE_DATA
3468,Jamblikade,15.6381300886,73.903129023,0,3468,KTCL/Kadamba,Goa KTCL GTFS,SOURCE_DATA
3469,Kanur,15.9774278987,74.1341175781,0,3469,KTCL/Kadamba,Goa KTCL GTFS,SOURCE_DATA
3470,Kanur,15.9773247547,74.1346479926,0,3470,KTCL/Kadamba,Goa KTCL GTFS,SOURCE_DATA
3471,Turkewadi Phata,15.8878468717,74.342800213,0,3471,KTCL/Kadamba,Goa KTCL GTFS,SOURCE_DATA
3472,Turkewadi Phata,15.8880016563,74.3430515943,0,3472,KTCL/Kadamba,Goa KTCL GTFS,SOURCE_DATA
3473,Assonora Mansher,15.615069569,73.9107271788,0,3473,KTCL/Kadamba,Goa KTCL GTFS,SOURCE_DATA
3474,Assonora Mansher,15.6153382229,73.9108281053,0,3474,KTCL/Kadamba,Goa KTCL GTFS,SOURCE_DATA
3475,Ayee Check Post,15.6154356966,74.0121190155,0,3475,KTCL/Kadamba,Goa KTCL GTFS,SOURCE_DATA
3476,Ayee Check Post,15.6156371867,74.0123916033,0,3476,KTCL/Kadamba,Goa KTCL GTFS,SOURCE_DATA
3477,Matne,15.6215113139,73.9960901344,0,3477,KTCL/Kadamba,Goa KTCL GTFS,SOURCE_DATA
3478,Matne school,15.6276853367,73.9861782357,0,3478,KTCL/Kadamba,Goa KTCL GTFS,SOURCE_DATA
3479,Matne school,15.6279746385,73.9864508349,0,3479,KTCL/Kadamba,Goa KTCL GTFS,SOURCE_DATA
3480,Vazare,15.6482471046,74.0019300134,0,3480,KTCL/Kadamba,Goa KTCL GTFS,SOURCE_DATA
3481,Girode,15.6698757407,73.9944078477,0,3481,KTCL/Kadamba,Goa KTCL GTFS,SOURCE_DATA
3482,Khokral Titha,15.6886317005,74.0568052048,0,3482,KTCL/Kadamba,Goa KTCL GTFS,SOURCE_DATA
3483,Khokral Titha,15.6887091689,74.0569759359,0,3483,KTCL/Kadamba,Goa KTCL GTFS,SOURCE_DATA
3484,Dhuriwada,15.6821238909,74.0540629603,0,3484,KTCL/Kadamba,Goa KTCL GTFS,SOURCE_DATA
3485,Dhuriwada,15.6827849757,74.0544643555,0,3485,KTCL/Kadamba,Goa KTCL GTFS,SOURCE_DATA
3486,Kajulwadi,15.7128608228,74.0279135331,0,3486,KTCL/Kadamba,Goa KTCL GTFS,SOURCE_DATA
3487,Kajulwadi,15.7129847576,74.0281003797,0,3487,KTCL/Kadamba,Goa KTCL GTFS,SOURCE_DATA
3488,Paikul Titha,15.6964661725,74.0388730604,0,3488,KTCL/Kadamba,Goa KTCL GTFS,SOURCE_DATA
3489,Paikul Titha,15.6955520768,74.0396070619,0,3489,KTCL/Kadamba,Goa KTCL GTFS,SOURCE_DATA
3490,Paithwado,15.1979394005,74.0075310785,0,3490,KTCL/Kadamba,Goa KTCL GTFS,SOURCE_DATA
3491,Paithwado,15.1980429364,74.0077818344,0,3491,KTCL/Kadamba,Goa KTCL GTFS,SOURCE_DATA
3492,Moddevaddo,15.1922183835,74.0117823824,0,3492,KTCL/Kadamba,Goa KTCL GTFS,SOURCE_DATA
3493,Gangor,15.188008972,74.0126074354,0,3493,KTCL/Kadamba,Goa KTCL GTFS,SOURCE_DATA
3494,Tamerao,15.186455865,74.0073487557,0,3494,KTCL/Kadamba,Goa KTCL GTFS,SOURCE_DATA
3496,Saipem Club,15.521621784,73.7920910167,0,3496,KTCL/Kadamba,Goa KTCL GTFS,SOURCE_DATA
3497,Saipem Club,15.5216217839,73.7924278928,0,3497,KTCL/Kadamba,Goa KTCL GTFS,SOURCE_DATA
3498,St Anthony Chapel,15.5363281971,73.7642100803,0,3498,KTCL/Kadamba,Goa KTCL GTFS,SOURCE_DATA
3499,St Anthony Chapel,15.5369277313,73.7644074948,0,3499,KTCL/Kadamba,Goa KTCL GTFS,SOURCE_DATA
3500,Jambeleshwar,15.5296161102,73.7646330519,0,3500,KTCL/Kadamba,Goa KTCL GTFS,SOURCE_DATA
3501,Jambeleshwar,15.5297556616,73.764825096,0,3501,KTCL/Kadamba,Goa KTCL GTFS,SOURCE_DATA
3502,Anjuna - Mapusa Cross,15.5875012782,73.7601805769,0,3502,KTCL/Kadamba,Goa KTCL GTFS,SOURCE_DATA
3503,Anjuna - Mapusa Cross,15.5877699682,73.7603994955,0,3503,KTCL/Kadamba,Goa KTCL GTFS,SOURCE_DATA
3504,Bauta Wado Anjuna,15.5928041023,73.7595451892,0,3504,KTCL/Kadamba,Goa KTCL GTFS,SOURCE_DATA
3505,Bauta Wado Anjuna,15.5928906493,73.7596729176,0,3505,KTCL/Kadamba,Goa KTCL GTFS,SOURCE_DATA
3506,Swagat Bar and Restaurant,15.6109932338,73.766438838,0,3506,KTCL/Kadamba,Goa KTCL GTFS,SOURCE_DATA
3507,Swagat Bar and Restaurant,15.6109622345,73.7668187106,0,3507,KTCL/Kadamba,Goa KTCL GTFS,SOURCE_DATA
3508,Tadye,15.439903438,74.2085013737,0,3508,KTCL/Kadamba,Goa KTCL GTFS,SOURCE_DATA
3509,Dabem,15.113852796,73.9879695869,0,3509,KTCL/Kadamba,Goa KTCL GTFS,SOURCE_DATA
3510,Morpirla,15.11438389,74.0001399752,0,3510,KTCL/Kadamba,Goa KTCL GTFS,SOURCE_DATA
3511,Morpirla,15.1139695817,74.0007983533,0,3511,KTCL/Kadamba,Goa KTCL GTFS,SOURCE_DATA
3512,Vantem,15.1392494237,74.0100892738,0,3512,KTCL/Kadamba,Goa KTCL GTFS,SOURCE_DATA
3513,Vantem,15.138959442,74.0098035362,0,3513,KTCL/Kadamba,Goa KTCL GTFS,SOURCE_DATA
3514,Kanibag,15.1209246208,74.0138310663,0,3514,KTCL/Kadamba,Goa KTCL GTFS,SOURCE_DATA
3515,Kanibag,15.1211317681,74.0133521935,0,3515,KTCL/Kadamba,Goa KTCL GTFS,SOURCE_DATA
3516,Gallim,15.1281603404,74.0149069771,0,3516,KTCL/Kadamba,Goa KTCL GTFS,SOURCE_DATA
3517,Gallim,15.1276010603,74.0146856027,0,3517,KTCL/Kadamba,Goa KTCL GTFS,SOURCE_DATA
3518,Mollar,15.1172035441,74.0044099871,0,3518,KTCL/Kadamba,Goa KTCL GTFS,SOURCE_DATA
3519,Tapobhumi,15.4521832943,73.9613450179,0,3519,KTCL/Kadamba,Goa KTCL GTFS,SOURCE_DATA
3520,Tapobhumi,15.4521832942,73.9615316276,0,3520,KTCL/Kadamba,Goa KTCL GTFS,SOURCE_DATA
3521,Madkai IDC,15.427667118,73.9599846287,0,3521,KTCL/Kadamba,Goa KTCL GTFS,SOURCE_DATA
3522,Marwada,15.4159471176,73.9570494097,0,3522,KTCL/Kadamba,Goa KTCL GTFS,SOURCE_DATA
3523,Karnale,15.4148966467,73.9633329883,0,3523,KTCL/Kadamba,Goa KTCL GTFS,SOURCE_DATA
3526,Kapileshwari,15.3791072011,74.00095489,0,3526,KTCL/Kadamba,Goa KTCL GTFS,SOURCE_DATA
3527,Don Khamb,15.3855285965,73.9960296955,0,3527,KTCL/Kadamba,Goa KTCL GTFS,SOURCE_DATA
3528,SRM Collage,16.0022493052,73.6923199044,0,3528,KTCL/Kadamba,Goa KTCL GTFS,SOURCE_DATA
3529,SRM Collage,16.0033476475,73.6923675443,0,3529,KTCL/Kadamba,Goa KTCL GTFS,SOURCE_DATA
3530,Hasnadi,16.4692159209,73.6052017173,0,3530,KTCL/Kadamba,Goa KTCL GTFS,SOURCE_DATA
3531,Hasnadi,16.4694319825,73.6057647854,0,3531,KTCL/Kadamba,Goa KTCL GTFS,SOURCE_DATA
3532,Dabolim Airport Terminal,15.3854155064,73.8372286837,0,3532,KTCL/Kadamba,Goa KTCL GTFS,SOURCE_DATA
3533,Kubalwadi,15.6954407038,73.9639601666,0,3533,KTCL/Kadamba,Goa KTCL GTFS,SOURCE_DATA
3534,Kubalwadi,15.6950688669,73.9636963861,0,3534,KTCL/Kadamba,Goa KTCL GTFS,SOURCE_DATA
3535,Mokhard,15.0050793811,74.075622359,0,3535,KTCL/Kadamba,Goa KTCL GTFS,SOURCE_DATA
3536,Mokhard,15.005027566,74.0755792438,0,3536,KTCL/Kadamba,Goa KTCL GTFS,SOURCE_DATA
3537,Natangini,14.9977322098,74.0854763795,0,3537,KTCL/Kadamba,Goa KTCL GTFS,SOURCE_DATA
3538,Natangini,14.9975923042,74.0852280701,0,3538,KTCL/Kadamba,Goa KTCL GTFS,SOURCE_DATA
3539,Kalsar,14.9747447504,74.0460301325,0,3539,KTCL/Kadamba,Goa KTCL GTFS,SOURCE_DATA
3540,Kalsar,14.9746981101,74.0454331336,0,3540,KTCL/Kadamba,Goa KTCL GTFS,SOURCE_DATA
3541,Khatyebag,14.9701019393,74.0572783941,0,3541,KTCL/Kadamba,Goa KTCL GTFS,SOURCE_DATA
3542,Khatyebag,14.9694852382,74.0574967833,0,3542,KTCL/Kadamba,Goa KTCL GTFS,SOURCE_DATA
3543,Mahalwada,14.9736860454,74.064642825,0,3543,KTCL/Kadamba,Goa KTCL GTFS,SOURCE_DATA
3544,Vetal Temple,14.9726979576,74.0716380261,0,3544,KTCL/Kadamba,Goa KTCL GTFS,SOURCE_DATA
3545,Devki Temple,14.9714268219,74.0754529537,0,3545,KTCL/Kadamba,Goa KTCL GTFS,SOURCE_DATA
3546,Loliem Peddem,14.9347085582,74.0973638875,0,3546,KTCL/Kadamba,Goa KTCL GTFS,SOURCE_DATA
3547,Karashirmol Health Center,15.0499913235,73.9970427918,0,3547,KTCL/Kadamba,Goa KTCL GTFS,SOURCE_DATA
3548,Vaile Agond,15.041612746,74.0034934956,0,3548,KTCL/Kadamba,Goa KTCL GTFS,SOURCE_DATA
3549,Yeda,14.9982930226,74.1968929892,0,3549,KTCL/Kadamba,Goa KTCL GTFS,SOURCE_DATA
3550,Baddem,15.0128357522,74.1748916112,0,3550,KTCL/Kadamba,Goa KTCL GTFS,SOURCE_DATA
3551,Avali,15.0251553229,74.1663801794,0,3551,KTCL/Kadamba,Goa KTCL GTFS,SOURCE_DATA
3552,Sabolewada,15.0193594101,74.1679822408,0,3552,KTCL/Kadamba,Goa KTCL GTFS,SOURCE_DATA
3553,Mallikarjun Temple Avali,15.023148532,74.1681180836,0,3553,KTCL/Kadamba,Goa KTCL GTFS,SOURCE_DATA
3554,Monnem,14.9944445063,74.1518137264,0,3554,KTCL/Kadamba,Goa KTCL GTFS,SOURCE_DATA
3555,Satorli,15.0180444139,74.1373742285,0,3555,KTCL/Kadamba,Goa KTCL GTFS,SOURCE_DATA
3556,Ziltawadi,15.0226452632,74.1309798422,0,3556,KTCL/Kadamba,Goa KTCL GTFS,SOURCE_DATA
3557,Gaodongri School,15.0336182619,74.1248267747,0,3557,KTCL/Kadamba,Goa KTCL GTFS,SOURCE_DATA
3558,Satnaruk,15.0137448824,74.0970855759,0,3558,KTCL/Kadamba,Goa KTCL GTFS,SOURCE_DATA
3559,Surla Workshop junction,15.5119060779,74.0449141149,0,3559,KTCL/Kadamba,Goa KTCL GTFS,SOURCE_DATA
3560,Poklemol,15.2673144709,74.0372696146,0,3560,KTCL/Kadamba,Goa KTCL GTFS,SOURCE_DATA
3561,Marmagao Steel,15.2691153966,74.0282323026,0,3561,KTCL/Kadamba,Goa KTCL GTFS,SOURCE_DATA
3562,Raitolem,15.272116905,74.0183295869,0,3562,KTCL/Kadamba,Goa KTCL GTFS,SOURCE_DATA
3563,Davorlim Chapel,15.2699879276,73.9942475907,0,3563,KTCL/Kadamba,Goa KTCL GTFS,SOURCE_DATA
3564,Davorlim,15.2696498009,73.9880598918,0,3564,KTCL/Kadamba,Goa KTCL GTFS,SOURCE_DATA
3565,Bhagwati Tiles,15.2713075316,74.0027305537,0,3565,KTCL/Kadamba,Goa KTCL GTFS,SOURCE_DATA
3566,Khadde,15.1120307733,74.0422714689,0,3566,KTCL/Kadamba,Goa KTCL GTFS,SOURCE_DATA
3567,Patnem,14.9988422131,74.0355600614,0,3567,KTCL/Kadamba,Goa KTCL GTFS,SOURCE_DATA
3568,Gokuldem,15.073871002,74.0758733508,0,3568,KTCL/Kadamba,Goa KTCL GTFS,SOURCE_DATA
3569,Shirle,15.0757495475,74.0635926329,0,3569,KTCL/Kadamba,Goa KTCL GTFS,SOURCE_DATA
3570,Coprimoddi,15.259914284,74.0680788649,0,3570,KTCL/Kadamba,Goa KTCL GTFS,SOURCE_DATA
3571,Coprimoddi,15.2602869037,74.0677074032,0,3571,KTCL/Kadamba,Goa KTCL GTFS,SOURCE_DATA
3572,Xelvona Railway Gate,15.2654931599,74.0852235449,0,3572,KTCL/Kadamba,Goa KTCL GTFS,SOURCE_DATA
3573,Gadeabhatti,15.2737612213,74.0120852124,0,3573,KTCL/Kadamba,Goa KTCL GTFS,SOURCE_DATA
3574,Gaali,14.9660254169045,74.0913050732415,0,3574,KTCL/Kadamba,Goa KTCL GTFS,SOURCE_DATA
3575,Cotigao Wildlife Sanctuary,14.9843874186433,74.1086227740452,0,3575,KTCL/Kadamba,Goa KTCL GTFS,SOURCE_DATA
3576,Tomlib Gardens,15.6909954808705,73.7668556668688,0,3576,KTCL/Kadamba,Goa KTCL GTFS,SOURCE_DATA
3577,Mudkud,15.0623678721219,73.9964323295104,0,3577,KTCL/Kadamba,Goa KTCL GTFS,SOURCE_DATA
3578,Tiskon,15.0837071232969,74.0951289703166,0,3578,KTCL/Kadamba,Goa KTCL GTFS,SOURCE_DATA
3579,Vaizwada,15.0000160172946,74.0584222001643,0,3579,KTCL/Kadamba,Goa KTCL GTFS,SOURCE_DATA
3580,Asali,15.0012125902714,74.0736255484192,0,3580,KTCL/Kadamba,Goa KTCL GTFS,SOURCE_DATA
3585,Mermaid Garden,15.5004513,73.8302719,0,3585,KTCL/Kadamba,Goa KTCL GTFS,SOURCE_DATA
3586,Old Secretariat A,15.5009351,73.8294084,0,3586,KTCL/Kadamba,Goa KTCL GTFS,SOURCE_DATA
3587,Old Secretariat B,15.5008234,73.8306613,0,3587,KTCL/Kadamba,Goa KTCL GTFS,SOURCE_DATA
3589,Panaji Ferry Terminal B,15.5011100307112,73.825282628836,0,3589,KTCL/Kadamba,Goa KTCL GTFS,SOURCE_DATA
3591,Panjim Promenade A,15.5002246672665,73.8215430484795,0,3591,KTCL/Kadamba,Goa KTCL GTFS,SOURCE_DATA
3592,Azad Maidan,15.4997603,73.8259917,0,3592,KTCL/Kadamba,Goa KTCL GTFS,SOURCE_DATA
3594,Children's Park B,15.4979162018042,73.8196012503319,0,3594,KTCL/Kadamba,Goa KTCL GTFS,SOURCE_DATA
3595,Panjim Market,15.4984665,73.821943,0,3595,KTCL/Kadamba,Goa KTCL GTFS,SOURCE_DATA
3596,Geeta Bakery,15.4984638,73.8248258,0,3596,KTCL/Kadamba,Goa KTCL GTFS,SOURCE_DATA
3597,Don Bosco Oratory,15.4969667,73.8223792,0,3597,KTCL/Kadamba,Goa KTCL GTFS,SOURCE_DATA
3598,Pharmacy College A,15.4948522,73.8211201,0,3598,KTCL/Kadamba,Goa KTCL GTFS,SOURCE_DATA
3599,Pharmacy College B,15.4952275,73.8213824,0,3599,KTCL/Kadamba,Goa KTCL GTFS,SOURCE_DATA
3600,St. Inez Circle A,15.493588,73.8202275,0,3600,KTCL/Kadamba,Goa KTCL GTFS,SOURCE_DATA
3601,St. Inez Circle B,15.493623,73.8201187,0,3601,KTCL/Kadamba,Goa KTCL GTFS,SOURCE_DATA
3602,St. Inez Circle C,15.4933009,73.8209838,0,3602,KTCL/Kadamba,Goa KTCL GTFS,SOURCE_DATA
3603,Old Educational Department,15.4957636537837,73.8223141756714,0,3603,KTCL/Kadamba,Goa KTCL GTFS,SOURCE_DATA
3604,Junta House,15.4968615,73.824235,0,3604,KTCL/Kadamba,Goa KTCL GTFS,SOURCE_DATA
3605,Bombay Bazar,15.497767,73.8259095,0,3605,KTCL/Kadamba,Goa KTCL GTFS,SOURCE_DATA
3606,Panaji Corporation,15.4983537,73.8269351,0,3606,KTCL/Kadamba,Goa KTCL GTFS,SOURCE_DATA
3609,Fountainhas,15.4976324,73.8322532,0,3609,KTCL/Kadamba,Goa KTCL GTFS,SOURCE_DATA
3610,Patto Colony,15.49873568,73.8333834,0,3610,KTCL/Kadamba,Goa KTCL GTFS,SOURCE_DATA
3611,Paryatan Bhavan,15.4975409,73.8337201,0,3611,KTCL/Kadamba,Goa KTCL GTFS,SOURCE_DATA
3612,Patto Circle,15.4956316,73.8346004,0,3612,KTCL/Kadamba,Goa KTCL GTFS,SOURCE_DATA
3613,Central Library,15.4936711,73.8336362,0,3613,KTCL/Kadamba,Goa KTCL GTFS,SOURCE_DATA
3615,Multi-level car park,15.4988020010061,73.8365862838532,0,3615,KTCL/Kadamba,Goa KTCL GTFS,SOURCE_DATA
3616,Portuguese Consulate A,15.4946549,73.8270829,0,3616,KTCL/Kadamba,Goa KTCL GTFS,SOURCE_DATA
3623,Kala Academy A,15.4941811339769,73.8185375810898,0,3623,KTCL/Kadamba,Goa KTCL GTFS,SOURCE_DATA
3624,Dayanand Bandodkar Ground B,15.491860675224,73.8166421688361,0,3624,KTCL/Kadamba,Goa KTCL GTFS,SOURCE_DATA
3626,Parade Ground B,15.4886230849091,73.8136694380334,0,3626,KTCL/Kadamba,Goa KTCL GTFS,SOURCE_DATA
3628,Caculo Mall Circle A,15.4871988,73.8174139,0,3628,KTCL/Kadamba,Goa KTCL GTFS,SOURCE_DATA
3629,St. Inez Church A,15.4910883304606,73.8201805306885,0,3629,KTCL/Kadamba,Goa KTCL GTFS,SOURCE_DATA
3633,Parade Ground C,15.489118,73.8150141,0,3633,KTCL/Kadamba,Goa KTCL GTFS,SOURCE_DATA
3634,Music College,15.4855685,73.8268788,0,3634,KTCL/Kadamba,Goa KTCL GTFS,SOURCE_DATA
3635,Joggers Park,15.4874346,73.8274164,0,3635,KTCL/Kadamba,Goa KTCL GTFS,SOURCE_DATA
3637,Mala A,15.491654158854,73.8320998009349,0,3637,KTCL/Kadamba,Goa KTCL GTFS,SOURCE_DATA
3638,Four Pillars Junction A,15.4877961,73.8320511,0,3638,KTCL/Kadamba,Goa KTCL GTFS,SOURCE_DATA
3640,St. Cruz Football Ground A,15.4807869,73.843745,0,3640,KTCL/Kadamba,Goa KTCL GTFS,SOURCE_DATA
3644,St. Agostinho Junction A,15.4702117,73.8463598,0,3644,KTCL/Kadamba,Goa KTCL GTFS,SOURCE_DATA
3649,Cabesa Ward B,15.4649845294802,73.8516584291138,0,3649,KTCL/Kadamba,Goa KTCL GTFS,SOURCE_DATA
3651,Goa Medical College B,15.4643000190982,73.8567407343933,0,3651,KTCL/Kadamba,Goa KTCL GTFS,SOURCE_DATA
3653,Old Bambolim Junction A,15.4603746829246,73.8513531944428,0,3653,KTCL/Kadamba,Goa KTCL GTFS,SOURCE_DATA
3654,GMC Super Speciality Block,15.4632706,73.8547274,0,3654,KTCL/Kadamba,Goa KTCL GTFS,SOURCE_DATA
3656,Radio Tower A,15.457343107326,73.8487863570084,0,3656,KTCL/Kadamba,Goa KTCL GTFS,SOURCE_DATA
3664,Goa University Administration A,15.4582204374596,73.8335130724915,0,3664,KTCL/Kadamba,Goa KTCL GTFS,SOURCE_DATA
3668,Oxdel Junction A,15.4594657912768,73.8229349632294,0,3668,KTCL/Kadamba,Goa KTCL GTFS,SOURCE_DATA
3670,International Centre Goa A,15.4593299727421,73.819671480426,0,3670,KTCL/Kadamba,Goa KTCL GTFS,SOURCE_DATA
3674,NIO Colony A,15.4587348034836,73.8072354686478,0,3674,KTCL/Kadamba,Goa KTCL GTFS,SOURCE_DATA
3676,National Institute of Water Sports B,15.459782847738,73.8036826460327,0,3676,KTCL/Kadamba,Goa KTCL GTFS,SOURCE_DATA
3678,Caranzalem Park B,15.4633366368072,73.8051462429917,0,3678,KTCL/Kadamba,Goa KTCL GTFS,SOURCE_DATA
3680,Caranzalem Beach B,15.4677533452627,73.8072517325409,0,3680,KTCL/Kadamba,Goa KTCL GTFS,SOURCE_DATA
3682,Tonca B,15.4725879123165,73.8084775785736,0,3682,KTCL/Kadamba,Goa KTCL GTFS,SOURCE_DATA
3686,Sharda Mandir School B,15.4806882473146,73.8086756061516,0,3686,KTCL/Kadamba,Goa KTCL GTFS,SOURCE_DATA
3690,Youth Hostel A,15.486073,73.811552,0,3690,KTCL/Kadamba,Goa KTCL GTFS,SOURCE_DATA
3691,Youth Hostel B,15.4858815,73.8114646,0,3691,KTCL/Kadamba,Goa KTCL GTFS,SOURCE_DATA
3692,Sati Bhavani Temple A,15.4872411,73.8316914,0,3692,KTCL/Kadamba,Goa KTCL GTFS,SOURCE_DATA
3693,Sati Bhavani Temple B,15.4872355,73.8318051,0,3693,KTCL/Kadamba,Goa KTCL GTFS,SOURCE_DATA
3694,Bhatlem A,15.4823393,73.8286201,0,3694,KTCL/Kadamba,Goa KTCL GTFS,SOURCE_DATA
3695,Bhatlem B,15.4824875,73.8288423,0,3695,KTCL/Kadamba,Goa KTCL GTFS,SOURCE_DATA
3696,Pimpleshwar Dutta Mandir A,15.4816836786515,73.826409414664,0,3696,KTCL/Kadamba,Goa KTCL GTFS,SOURCE_DATA
3697,Pimpleshwar Dutta Mandir B,15.481815,73.8264156,0,3697,KTCL/Kadamba,Goa KTCL GTFS,SOURCE_DATA
3698,TB Hospital A,15.4837097,73.822776,0,3698,KTCL/Kadamba,Goa KTCL GTFS,SOURCE_DATA
3699,TB Hospital B,15.4843914,73.8220451,0,3699,KTCL/Kadamba,Goa KTCL GTFS,SOURCE_DATA
3700,Madhuban Circle A,15.4860744,73.8207781,0,3700,KTCL/Kadamba,Goa KTCL GTFS,SOURCE_DATA
3701,Madhuban Circle B,15.4863201,73.8207862,0,3701,KTCL/Kadamba,Goa KTCL GTFS,SOURCE_DATA
3703,People's High School,15.4941825,73.8319683,0,3703,KTCL/Kadamba,Goa KTCL GTFS,SOURCE_DATA
3704,Mary Immaculate School,15.4973558,73.8321362,0,3704,KTCL/Kadamba,Goa KTCL GTFS,SOURCE_DATA
3705,Goa Dental College,15.4652431,73.8583257,0,3705,KTCL/Kadamba,Goa KTCL GTFS,SOURCE_DATA
3706,Cujira Complex,15.4688887,73.8635211,0,3706,KTCL/Kadamba,Goa KTCL GTFS,SOURCE_DATA
3707,Kala Academy C,15.4939385,73.8190502,0,3707,KTCL/Kadamba,Goa KTCL GTFS,SOURCE_DATA
3708,Interstate Bus Stand B,15.4927911100877,73.8361309306885,0,3708,KTCL/Kadamba,Goa KTCL GTFS,SOURCE_DATA
3709,Caculo Mall Circle B,15.4869431,73.8178746,0,3709,KTCL/Kadamba,Goa KTCL GTFS,SOURCE_DATA
3710,Tonca Junction A,15.4804291,73.812305,0,3710,KTCL/Kadamba,Goa KTCL GTFS,SOURCE_DATA
3711,Tonca Junction B,15.4802799,73.8122192,0,3711,KTCL/Kadamba,Goa KTCL GTFS,SOURCE_DATA
3712,Caranzalem Junction A,15.4773124,73.8121343,0,3712,KTCL/Kadamba,Goa KTCL GTFS,SOURCE_DATA
3713,Caranzalem Junction B,15.4772613,73.8120773,0,3713,KTCL/Kadamba,Goa KTCL GTFS,SOURCE_DATA
3714,Kerant A,15.4727221,73.8117944,0,3714,KTCL/Kadamba,Goa KTCL GTFS,SOURCE_DATA
3715,Kerant B,15.4728255,73.8118111,0,3715,KTCL/Kadamba,Goa KTCL GTFS,SOURCE_DATA
3716,St. Francis Xavier Chapel A,15.4718031,73.8115825,0,3716,KTCL/Kadamba,Goa KTCL GTFS,SOURCE_DATA
3717,Peace Haven School A,15.4705661,73.8098175,0,3717,KTCL/Kadamba,Goa KTCL GTFS,SOURCE_DATA
3718,Caranzalem Football Ground A,15.4676787,73.8075985,0,3718,KTCL/Kadamba,Goa KTCL GTFS,SOURCE_DATA
3719,Rosary Church A,15.4627872,73.8057837,0,3719,KTCL/Kadamba,Goa KTCL GTFS,SOURCE_DATA
3720,Rosary Church B,15.462483,73.8056772,0,3720,KTCL/Kadamba,Goa KTCL GTFS,SOURCE_DATA
3721,Caranzalem Football Ground B,15.4676787,73.8075985,0,3721,KTCL/Kadamba,Goa KTCL GTFS,SOURCE_DATA
3722,Peace Haven School B,15.470416,73.8095193,0,3722,KTCL/Kadamba,Goa KTCL GTFS,SOURCE_DATA
3723,St. Francis Xavier Chapel B,15.4716952,73.8115384,0,3723,KTCL/Kadamba,Goa KTCL GTFS,SOURCE_DATA
3724,Taleigao Junction A,15.4684264,73.8194525,0,3724,KTCL/Kadamba,Goa KTCL GTFS,SOURCE_DATA
3725,Taleigao Junction B,15.4682286,73.8197206,0,3725,KTCL/Kadamba,Goa KTCL GTFS,SOURCE_DATA
3726,Taleigao A,15.4698189,73.8215575,0,3726,KTCL/Kadamba,Goa KTCL GTFS,SOURCE_DATA
3727,Taleigao C,15.4698189,73.8215575,0,3727,KTCL/Kadamba,Goa KTCL GTFS,SOURCE_DATA
3728,Taleigao B,15.4702345,73.8224666,0,3728,KTCL/Kadamba,Goa KTCL GTFS,SOURCE_DATA
3729,Cardoz Waddo A,15.472903,73.8232564,0,3729,KTCL/Kadamba,Goa KTCL GTFS,SOURCE_DATA
3730,Cardoz Waddo B,15.4731585,73.8232926,0,3730,KTCL/Kadamba,Goa KTCL GTFS,SOURCE_DATA
3731,Odlem Bhat A,15.4779928,73.8224038,0,3731,KTCL/Kadamba,Goa KTCL GTFS,SOURCE_DATA
3732,Odlem Bhat B,15.4786844,73.8223241,0,3732,KTCL/Kadamba,Goa KTCL GTFS,SOURCE_DATA
3733,Shankarwadi A,15.4809272640721,73.8225543601189,0,3733,KTCL/Kadamba,Goa KTCL GTFS,SOURCE_DATA
3734,Shankarwadi B,15.4807634567251,73.822575217791,0,3734,KTCL/Kadamba,Goa KTCL GTFS,SOURCE_DATA
3735,Amaral Vaddo,15.4702005,73.8277598,0,3735,KTCL/Kadamba,Goa KTCL GTFS,SOURCE_DATA
3736,St. Agostinho Road,15.4712275,73.8412675,0,3736,KTCL/Kadamba,Goa KTCL GTFS,SOURCE_DATA
3737,TB Hospital C,15.4835276,73.8221172,0,3737,KTCL/Kadamba,Goa KTCL GTFS,SOURCE_DATA
3738,Panaji Police Station,15.499874,73.82419539,0,3738,KTCL/Kadamba,Goa KTCL GTFS,SOURCE_DATA
3739,Neugi Nagar A,15.49003644,73.83203295,0,3739,KTCL/Kadamba,Goa KTCL GTFS,SOURCE_DATA
3740,Neugi Nagar B,15.48992732,73.83202388,0,3740,KTCL/Kadamba,Goa KTCL GTFS,SOURCE_DATA
3741,Neuro Rehabilitation Centre,15.46643019,73.86368425,0,3741,KTCL/Kadamba,Goa KTCL GTFS,SOURCE_DATA
3836,St. Cruz Football Ground B,15.4806628247564,73.8436419568794,0,3836,KTCL/Kadamba,Goa KTCL GTFS,SOURCE_DATA
3837,Four Pillars Junction B,15.4877743875248,73.8318729613522,0,3837,KTCL/Kadamba,Goa KTCL GTFS,SOURCE_DATA
3838,Interstate Bus Stand A,15.4938767015092,73.8369505783971,0,3838,KTCL/Kadamba,Goa KTCL GTFS,SOURCE_DATA
3839,St. Cruz Church A,15.4763002394848,73.8456837627537,0,3839,KTCL/Kadamba,Goa KTCL GTFS,SOURCE_DATA
3840,Mala B,15.4916664363981,73.8319317239861,0,3840,KTCL/Kadamba,Goa KTCL GTFS,SOURCE_DATA
3841,St. Agostinho Junction B,15.4702116999219,73.8462245608343,0,3841,KTCL/Kadamba,Goa KTCL GTFS,SOURCE_DATA
3842,Cabesa Ward A,15.4648749213244,73.8515070930496,0,3842,KTCL/Kadamba,Goa KTCL GTFS,SOURCE_DATA
3843,Goa Medical College A,15.4643093254115,73.8563640908877,0,3843,KTCL/Kadamba,Goa KTCL GTFS,SOURCE_DATA
3844,Old Bambolim Junction B,15.4599041843941,73.8516685570376,0,3844,KTCL/Kadamba,Goa KTCL GTFS,SOURCE_DATA
3845,Radio Tower B,15.4573792999219,73.8492680143531,0,3845,KTCL/Kadamba,Goa KTCL GTFS,SOURCE_DATA
3846,Goa University Administration B,15.457910215516,73.8331954321864,0,3846,KTCL/Kadamba,Goa KTCL GTFS,SOURCE_DATA
3847,Oxdel Junction B,15.4591245491722,73.8227675277135,0,3847,KTCL/Kadamba,Goa KTCL GTFS,SOURCE_DATA
3848,International Centre Goa B,15.4590094117783,73.8195576888377,0,3848,KTCL/Kadamba,Goa KTCL GTFS,SOURCE_DATA
3849,NIO Colony B,15.4584504340859,73.8072236004986,0,3849,KTCL/Kadamba,Goa KTCL GTFS,SOURCE_DATA
3850,National Institute of Water Sports A,15.4597802624991,73.8034213336034,0,3850,KTCL/Kadamba,Goa KTCL GTFS,SOURCE_DATA
3851,Caranzalem Park A,15.4634917436569,73.8048876161593,0,3851,KTCL/Kadamba,Goa KTCL GTFS,SOURCE_DATA
3852,Caranzalem Beach A,15.4678464073703,73.8068589990937,0,3852,KTCL/Kadamba,Goa KTCL GTFS,SOURCE_DATA
3853,Tonca A,15.472455560117,73.807999018854,0,3853,KTCL/Kadamba,Goa KTCL GTFS,SOURCE_DATA
3854,Sharda Mandir School A,15.4807683791128,73.8084679567951,0,3854,KTCL/Kadamba,Goa KTCL GTFS,SOURCE_DATA
3855,Parade Ground A,15.4894812368381,73.8150469821354,0,3855,KTCL/Kadamba,Goa KTCL GTFS,SOURCE_DATA
3856,Kala Academy B,15.4941873372373,73.8182253367579,0,3856,KTCL/Kadamba,Goa KTCL GTFS,SOURCE_DATA
3857,Divja Circle,15.4991865999217,73.8380067520641,0,3857,KTCL/Kadamba,Goa KTCL GTFS,SOURCE_DATA
3859,All India Radio A,15.4929054412746,73.8241648317693,0,3859,KTCL/Kadamba,Goa KTCL GTFS,SOURCE_DATA
3860,Doordarshan Goa B,15.4907991382784,73.824391803445,0,3860,KTCL/Kadamba,Goa KTCL GTFS,SOURCE_DATA
3861,Children's Park A,15.49789552425,73.8192568238587,0,3861,KTCL/Kadamba,Goa KTCL GTFS,SOURCE_DATA
3862,Panjim Promenade B,15.5003952543793,73.8214587984876,0,3862,KTCL/Kadamba,Goa KTCL GTFS,SOURCE_DATA
3864,Panaji Ferry Terminal A,15.501006644831,73.8267084632074,0,3864,KTCL/Kadamba,Goa KTCL GTFS,SOURCE_DATA
3865,Dayanand Bandodkar Ground A,15.4916332161328,73.8168824582213,0,3865,KTCL/Kadamba,Goa KTCL GTFS,SOURCE_DATA
3866,St. Inez Church B,15.4911503648469,73.8200560391978,0,3866,KTCL/Kadamba,Goa KTCL GTFS,SOURCE_DATA
3867,Chimbel Market,15.4921449769697,73.8747970401252,0,3867,KTCL/Kadamba,Goa KTCL GTFS,SOURCE_DATA
3868,Indira Nagar,15.487229078895,73.8722221194709,0,3868,KTCL/Kadamba,Goa KTCL GTFS,SOURCE_DATA
3869,Kumbharwada,15.4873499424242,73.8595119971339,0,3869,KTCL/Kadamba,Goa KTCL GTFS,SOURCE_DATA
3870,Merces Market,15.485458206503,73.8529305944394,0,3870,KTCL/Kadamba,Goa KTCL GTFS,SOURCE_DATA
3871,Kadamba Road,15.4985339742617,73.8626040757694,0,3871,KTCL/Kadamba,Goa KTCL GTFS,SOURCE_DATA
3872,Kumbharjua Gawant,15.5158079676914,73.9451686621813,0,3872,KTCL/Kadamba,Goa KTCL GTFS,SOURCE_DATA
3873,Ameshi,15.5370955518353,73.9833561751013,0,3873,KTCL/Kadamba,Goa KTCL GTFS,SOURCE_DATA
3874,Kevnem,15.4660542688002,73.8120357873917,0,3874,KTCL/Kadamba,Goa KTCL GTFS,SOURCE_DATA
3875,Karmali Panchayat,15.4904782585509,73.9363453234837,0,3875,KTCL/Kadamba,Goa KTCL GTFS,SOURCE_DATA
3876,Diwar Ferry 2,15.5065475420931,73.9135050169168,0,3876,KTCL/Kadamba,Goa KTCL GTFS,SOURCE_DATA
