<?xml version="1.0" encoding="UTF-8"?>
<!-- Created with BasicAirData GPS Logger for Android - ver. 3.3.0 -->
<!-- Track 3 = 1009 TrackPoints + 0 Placemarks -->

<!-- Track Statistics (based on Total Time | Time in Movement): -->
<!--  Distance = 9.11 km -->
<!--  Duration = 16:48 | 12:24 -->
<!--  Altitude Gap = -79 m -->
<!--  Max Speed = 67 km/h -->
<!--  Avg Speed = 32.5 | 44.1 km/h -->
<!--  Direction = W -->
<!--  Activity = bus -->
<!--  Altitudes = Raw -->

<gpx version="1.0"
     creator="BasicAirData GPS Logger 3.3.0"
     xmlns="http://www.topografix.com/GPX/1/0"
     xmlns:xsi="http://www.w3.org/2001/XMLSchema-instance"
     xsi:schemaLocation="http://www.topografix.com/GPX/1/0 http://www.topografix.com/GPX/1/0/gpx.xsd">
<name>GPS Logger 20260925-183722</name>
<desc>Old goa-Panjim</desc>
<time>2026-10-01T12:21:19Z</time>
<keywords>bus</keywords>
<bounds minlat="15.48652569" minlon="73.83603494" maxlat="15.50004864" maxlon="73.90454401" />

<trk>
 <name>Track 20260925-183722</name>
 <trkseg>
  <trkpt lat="15.48762341" lon="73.90454401"><ele>5.001</ele><time>2026-09-25T13:07:22Z</time><speed>12.880</speed><sat>31</sat></trkpt>
  <trkpt lat="15.48755833" lon="73.90444485"><ele>5.762</ele><time>2026-09-25T13:07:23Z</time><speed>12.890</speed><sat>31</sat></trkpt>
  <trkpt lat="15.48749509" lon="73.90434399"><ele>6.060</ele><time>2026-09-25T13:07:24Z</time><speed>12.860</speed><sat>31</sat></trkpt>
  <trkpt lat="15.48742791" lon="73.90424459"><ele>6.184</ele><time>2026-09-25T13:07:25Z</time><speed>13.100</speed><sat>31</sat></trkpt>
  <trkpt lat="15.48737134" lon="73.90414083"><ele>6.827</ele><time>2026-09-25T13:07:26Z</time><speed>13.040</speed><sat>31</sat></trkpt>
  <trkpt lat="15.48730862" lon="73.90404048"><ele>7.274</ele><time>2026-09-25T13:07:27Z</time><speed>13.040</speed><sat>31</sat></trkpt>
  <trkpt lat="15.48724839" lon="73.90393257"><ele>7.344</ele><time>2026-09-25T13:07:28Z</time><speed>13.050</speed><sat>30</sat></trkpt>
  <trkpt lat="15.48719289" lon="73.90382695"><ele>7.458</ele><time>2026-09-25T13:07:29Z</time><speed>13.070</speed><sat>30</sat></trkpt>
  <trkpt lat="15.48713533" lon="73.90371682"><ele>7.868</ele><time>2026-09-25T13:07:30Z</time><speed>13.170</speed><sat>30</sat></trkpt>
  <trkpt lat="15.48708571" lon="73.90360579"><ele>7.673</ele><time>2026-09-25T13:07:31Z</time><speed>13.090</speed><sat>24</sat></trkpt>
  <trkpt lat="15.48703355" lon="73.90349612"><ele>7.694</ele><time>2026-09-25T13:07:32Z</time><speed>13.090</speed><sat>25</sat></trkpt>
  <trkpt lat="15.48698527" lon="73.90337860"><ele>8.471</ele><time>2026-09-25T13:07:33Z</time><speed>13.180</speed><sat>23</sat></trkpt>
  <trkpt lat="15.48693549" lon="73.90326441"><ele>9.049</ele><time>2026-09-25T13:07:34Z</time><speed>13.130</speed><sat>19</sat></trkpt>
  <trkpt lat="15.48689201" lon="73.90314580"><ele>9.233</ele><time>2026-09-25T13:07:35Z</time><speed>13.340</speed><sat>21</sat></trkpt>
  <trkpt lat="15.48684525" lon="73.90302814"><ele>9.008</ele><time>2026-09-25T13:07:36Z</time><speed>13.300</speed><sat>23</sat></trkpt>
  <trkpt lat="15.48679965" lon="73.90291605"><ele>9.100</ele><time>2026-09-25T13:07:37Z</time><speed>13.330</speed><sat>19</sat></trkpt>
  <trkpt lat="15.48674994" lon="73.90279632"><ele>9.516</ele><time>2026-09-25T13:07:38Z</time><speed>13.460</speed><sat>18</sat></trkpt>
  <trkpt lat="15.48671435" lon="73.90268042"><ele>10.291</ele><time>2026-09-25T13:07:39Z</time><speed>13.300</speed><sat>15</sat></trkpt>
  <trkpt lat="15.48667530" lon="73.90256802"><ele>10.229</ele><time>2026-09-25T13:07:40Z</time><speed>13.400</speed><sat>19</sat></trkpt>
  <trkpt lat="15.48665067" lon="73.90245041"><ele>10.380</ele><time>2026-09-25T13:07:41Z</time><speed>13.580</speed><sat>17</sat></trkpt>
  <trkpt lat="15.48662986" lon="73.90232777"><ele>10.196</ele><time>2026-09-25T13:07:42Z</time><speed>13.490</speed><sat>21</sat></trkpt>
  <trkpt lat="15.48660389" lon="73.90220320"><ele>10.835</ele><time>2026-09-25T13:07:43Z</time><speed>13.480</speed><sat>19</sat></trkpt>
  <trkpt lat="15.48659073" lon="73.90209123"><ele>12.031</ele><time>2026-09-25T13:07:44Z</time><speed>13.790</speed><sat>19</sat></trkpt>
  <trkpt lat="15.48657830" lon="73.90196268"><ele>12.031</ele><time>2026-09-25T13:07:45Z</time><speed>13.910</speed><sat>19</sat></trkpt>
  <trkpt lat="15.48655828" lon="73.90183502"><ele>11.461</ele><time>2026-09-25T13:07:46Z</time><speed>13.890</speed><sat>14</sat></trkpt>
  <trkpt lat="15.48654774" lon="73.90169774"><ele>11.447</ele><time>2026-09-25T13:07:47Z</time><speed>14.500</speed><sat>19</sat></trkpt>
  <trkpt lat="15.48653664" lon="73.90155736"><ele>10.943</ele><time>2026-09-25T13:07:48Z</time><speed>14.190</speed><sat>20</sat></trkpt>
  <trkpt lat="15.48652871" lon="73.90142458"><ele>10.378</ele><time>2026-09-25T13:07:49Z</time><speed>14.400</speed><sat>17</sat></trkpt>
  <trkpt lat="15.48652569" lon="73.90129230"><ele>9.648</ele><time>2026-09-25T13:07:50Z</time><speed>14.690</speed><sat>18</sat></trkpt>
  <trkpt lat="15.48653352" lon="73.90115773"><ele>9.096</ele><time>2026-09-25T13:07:51Z</time><speed>14.600</speed><sat>22</sat></trkpt>
  <trkpt lat="15.48654215" lon="73.90102509"><ele>10.041</ele><time>2026-09-25T13:07:52Z</time><speed>14.540</speed><sat>20</sat></trkpt>
  <trkpt lat="15.48655551" lon="73.90087702"><ele>10.749</ele><time>2026-09-25T13:07:53Z</time><speed>15.290</speed><sat>21</sat></trkpt>
  <trkpt lat="15.48659470" lon="73.90069328"><ele>10.376</ele><time>2026-09-25T13:07:54Z</time><speed>15.580</speed><sat>18</sat></trkpt>
  <trkpt lat="15.48661760" lon="73.90055877"><ele>7.850</ele><time>2026-09-25T13:07:55Z</time><speed>15.590</speed><sat>23</sat></trkpt>
  <trkpt lat="15.48663554" lon="73.90041469"><ele>7.940</ele><time>2026-09-25T13:07:56Z</time><speed>15.580</speed><sat>23</sat></trkpt>
  <trkpt lat="15.48665868" lon="73.90027688"><ele>7.837</ele><time>2026-09-25T13:07:57Z</time><speed>15.730</speed><sat>16</sat></trkpt>
  <trkpt lat="15.48667830" lon="73.90012045"><ele>8.139</ele><time>2026-09-25T13:07:58Z</time><speed>15.640</speed><sat>18</sat></trkpt>
  <trkpt lat="15.48670519" lon="73.89998238"><ele>7.959</ele><time>2026-09-25T13:07:59Z</time><speed>15.740</speed><sat>17</sat></trkpt>
  <trkpt lat="15.48674597" lon="73.89984898"><ele>9.224</ele><time>2026-09-25T13:08:00Z</time><speed>15.620</speed><sat>20</sat></trkpt>
  <trkpt lat="15.48678347" lon="73.89971061"><ele>10.349</ele><time>2026-09-25T13:08:01Z</time><speed>15.570</speed><sat>20</sat></trkpt>
  <trkpt lat="15.48682202" lon="73.89957249"><ele>10.905</ele><time>2026-09-25T13:08:02Z</time><speed>15.690</speed><sat>13</sat></trkpt>
  <trkpt lat="15.48687090" lon="73.89943492"><ele>11.617</ele><time>2026-09-25T13:08:03Z</time><speed>15.560</speed><sat>18</sat></trkpt>
  <trkpt lat="15.48692129" lon="73.89929955"><ele>11.639</ele><time>2026-09-25T13:08:04Z</time><speed>15.550</speed><sat>18</sat></trkpt>
  <trkpt lat="15.48699554" lon="73.89918398"><ele>12.982</ele><time>2026-09-25T13:08:05Z</time><speed>15.330</speed><sat>18</sat></trkpt>
  <trkpt lat="15.48707589" lon="73.89906616"><ele>13.169</ele><time>2026-09-25T13:08:06Z</time><speed>15.440</speed><sat>18</sat></trkpt>
  <trkpt lat="15.48716434" lon="73.89895843"><ele>13.226</ele><time>2026-09-25T13:08:07Z</time><speed>15.800</speed><sat>19</sat></trkpt>
  <trkpt lat="15.48725337" lon="73.89884328"><ele>13.198</ele><time>2026-09-25T13:08:08Z</time><speed>15.800</speed><sat>19</sat></trkpt>
  <trkpt lat="15.48734377" lon="73.89872958"><ele>12.460</ele><time>2026-09-25T13:08:09Z</time><speed>15.430</speed><sat>16</sat></trkpt>
  <trkpt lat="15.48742163" lon="73.89862257"><ele>12.961</ele><time>2026-09-25T13:08:10Z</time><speed>14.910</speed><sat>14</sat></trkpt>
  <trkpt lat="15.48752532" lon="73.89851828"><ele>12.226</ele><time>2026-09-25T13:08:11Z</time><speed>15.360</speed><sat>17</sat></trkpt>
  <trkpt lat="15.48762058" lon="73.89842068"><ele>12.721</ele><time>2026-09-25T13:08:12Z</time><speed>15.100</speed><sat>25</sat></trkpt>
  <trkpt lat="15.48771775" lon="73.89831323"><ele>12.852</ele><time>2026-09-25T13:08:13Z</time><speed>15.230</speed><sat>27</sat></trkpt>
  <trkpt lat="15.48781038" lon="73.89820677"><ele>13.097</ele><time>2026-09-25T13:08:14Z</time><speed>15.290</speed><sat>27</sat></trkpt>
  <trkpt lat="15.48790586" lon="73.89810101"><ele>13.474</ele><time>2026-09-25T13:08:15Z</time><speed>15.390</speed><sat>26</sat></trkpt>
  <trkpt lat="15.48799565" lon="73.89799659"><ele>13.782</ele><time>2026-09-25T13:08:16Z</time><speed>15.100</speed><sat>27</sat></trkpt>
  <trkpt lat="15.48809378" lon="73.89788414"><ele>13.003</ele><time>2026-09-25T13:08:17Z</time><speed>14.920</speed><sat>28</sat></trkpt>
  <trkpt lat="15.48818362" lon="73.89778549"><ele>13.161</ele><time>2026-09-25T13:08:18Z</time><speed>14.410</speed><sat>28</sat></trkpt>
  <trkpt lat="15.48827141" lon="73.89767933"><ele>13.087</ele><time>2026-09-25T13:08:19Z</time><speed>14.820</speed><sat>27</sat></trkpt>
  <trkpt lat="15.48836351" lon="73.89757976"><ele>13.776</ele><time>2026-09-25T13:08:20Z</time><speed>14.370</speed><sat>26</sat></trkpt>
  <trkpt lat="15.48845202" lon="73.89747730"><ele>14.047</ele><time>2026-09-25T13:08:21Z</time><speed>14.690</speed><sat>28</sat></trkpt>
  <trkpt lat="15.48854296" lon="73.89738144"><ele>14.241</ele><time>2026-09-25T13:08:22Z</time><speed>14.820</speed><sat>27</sat></trkpt>
  <trkpt lat="15.48864029" lon="73.89727925"><ele>14.739</ele><time>2026-09-25T13:08:23Z</time><speed>14.990</speed><sat>29</sat></trkpt>
  <trkpt lat="15.48873699" lon="73.89717854"><ele>14.494</ele><time>2026-09-25T13:08:24Z</time><speed>15.330</speed><sat>30</sat></trkpt>
  <trkpt lat="15.48883235" lon="73.89707297"><ele>14.616</ele><time>2026-09-25T13:08:25Z</time><speed>15.680</speed><sat>30</sat></trkpt>
  <trkpt lat="15.48892260" lon="73.89696077"><ele>14.311</ele><time>2026-09-25T13:08:26Z</time><speed>15.880</speed><sat>33</sat></trkpt>
  <trkpt lat="15.48900834" lon="73.89684315"><ele>14.510</ele><time>2026-09-25T13:08:27Z</time><speed>15.830</speed><sat>32</sat></trkpt>
  <trkpt lat="15.48909066" lon="73.89672723"><ele>15.268</ele><time>2026-09-25T13:08:28Z</time><speed>16.060</speed><sat>32</sat></trkpt>
  <trkpt lat="15.48916740" lon="73.89659848"><ele>15.152</ele><time>2026-09-25T13:08:29Z</time><speed>16.210</speed><sat>30</sat></trkpt>
  <trkpt lat="15.48922724" lon="73.89647030"><ele>14.649</ele><time>2026-09-25T13:08:30Z</time><speed>16.190</speed><sat>30</sat></trkpt>
  <trkpt lat="15.48928823" lon="73.89633328"><ele>14.684</ele><time>2026-09-25T13:08:31Z</time><speed>16.180</speed><sat>33</sat></trkpt>
  <trkpt lat="15.48934800" lon="73.89619755"><ele>14.564</ele><time>2026-09-25T13:08:32Z</time><speed>16.090</speed><sat>33</sat></trkpt>
  <trkpt lat="15.48939977" lon="73.89605192"><ele>14.911</ele><time>2026-09-25T13:08:33Z</time><speed>16.220</speed><sat>32</sat></trkpt>
  <trkpt lat="15.48944880" lon="73.89590813"><ele>15.253</ele><time>2026-09-25T13:08:34Z</time><speed>16.160</speed><sat>24</sat></trkpt>
  <trkpt lat="15.48950062" lon="73.89576726"><ele>15.295</ele><time>2026-09-25T13:08:35Z</time><speed>16.160</speed><sat>24</sat></trkpt>
  <trkpt lat="15.48956827" lon="73.89562768"><ele>13.525</ele><time>2026-09-25T13:08:36Z</time><speed>16.250</speed><sat>21</sat></trkpt>
  <trkpt lat="15.48962017" lon="73.89548614"><ele>13.659</ele><time>2026-09-25T13:08:37Z</time><speed>16.230</speed><sat>21</sat></trkpt>
  <trkpt lat="15.48967519" lon="73.89534167"><ele>15.420</ele><time>2026-09-25T13:08:38Z</time><speed>16.410</speed><sat>20</sat></trkpt>
  <trkpt lat="15.48971629" lon="73.89519378"><ele>14.868</ele><time>2026-09-25T13:08:39Z</time><speed>16.470</speed><sat>21</sat></trkpt>
  <trkpt lat="15.48977434" lon="73.89503712"><ele>13.535</ele><time>2026-09-25T13:08:40Z</time><speed>16.460</speed><sat>20</sat></trkpt>
  <trkpt lat="15.48982404" lon="73.89488329"><ele>13.465</ele><time>2026-09-25T13:08:41Z</time><speed>16.620</speed><sat>14</sat></trkpt>
  <trkpt lat="15.48987185" lon="73.89473686"><ele>13.742</ele><time>2026-09-25T13:08:42Z</time><speed>16.710</speed><sat>15</sat></trkpt>
  <trkpt lat="15.48992024" lon="73.89458900"><ele>14.196</ele><time>2026-09-25T13:08:43Z</time><speed>16.790</speed><sat>16</sat></trkpt>
  <trkpt lat="15.48996612" lon="73.89443866"><ele>14.575</ele><time>2026-09-25T13:08:44Z</time><speed>16.710</speed><sat>17</sat></trkpt>
  <trkpt lat="15.49000692" lon="73.89428578"><ele>13.831</ele><time>2026-09-25T13:08:45Z</time><speed>16.740</speed><sat>16</sat></trkpt>
  <trkpt lat="15.49005084" lon="73.89413477"><ele>14.308</ele><time>2026-09-25T13:08:46Z</time><speed>16.670</speed><sat>16</sat></trkpt>
  <trkpt lat="15.49009761" lon="73.89398840"><ele>13.484</ele><time>2026-09-25T13:08:47Z</time><speed>16.490</speed><sat>14</sat></trkpt>
  <trkpt lat="15.49014598" lon="73.89384674"><ele>12.336</ele><time>2026-09-25T13:08:48Z</time><speed>16.370</speed><sat>13</sat></trkpt>
  <trkpt lat="15.49018204" lon="73.89370113"><ele>11.683</ele><time>2026-09-25T13:08:49Z</time><speed>16.370</speed><sat>12</sat></trkpt>
  <trkpt lat="15.49022866" lon="73.89355069"><ele>11.183</ele><time>2026-09-25T13:08:50Z</time><speed>16.200</speed><sat>13</sat></trkpt>
  <trkpt lat="15.49027512" lon="73.89340164"><ele>10.970</ele><time>2026-09-25T13:08:51Z</time><speed>16.180</speed><sat>13</sat></trkpt>
  <trkpt lat="15.49031282" lon="73.89325187"><ele>9.492</ele><time>2026-09-25T13:08:52Z</time><speed>16.370</speed><sat>13</sat></trkpt>
  <trkpt lat="15.49035375" lon="73.89310181"><ele>9.021</ele><time>2026-09-25T13:08:53Z</time><speed>16.450</speed><sat>13</sat></trkpt>
  <trkpt lat="15.49040331" lon="73.89295052"><ele>8.002</ele><time>2026-09-25T13:08:54Z</time><speed>16.810</speed><sat>12</sat></trkpt>
  <trkpt lat="15.49044360" lon="73.89281120"><ele>6.312</ele><time>2026-09-25T13:08:55Z</time><speed>16.840</speed><sat>12</sat></trkpt>
  <trkpt lat="15.49048977" lon="73.89266427"><ele>6.913</ele><time>2026-09-25T13:08:56Z</time><speed>16.990</speed><sat>12</sat></trkpt>
  <trkpt lat="15.49053405" lon="73.89250985"><ele>6.777</ele><time>2026-09-25T13:08:57Z</time><speed>17.080</speed><sat>13</sat></trkpt>
  <trkpt lat="15.49057348" lon="73.89235696"><ele>6.764</ele><time>2026-09-25T13:08:58Z</time><speed>16.910</speed><sat>13</sat></trkpt>
  <trkpt lat="15.49062413" lon="73.89220553"><ele>7.441</ele><time>2026-09-25T13:08:59Z</time><speed>17.450</speed><sat>12</sat></trkpt>
  <trkpt lat="15.49067017" lon="73.89205404"><ele>7.869</ele><time>2026-09-25T13:09:00Z</time><speed>17.660</speed><sat>14</sat></trkpt>
  <trkpt lat="15.49070856" lon="73.89189406"><ele>7.236</ele><time>2026-09-25T13:09:01Z</time><speed>17.560</speed><sat>16</sat></trkpt>
  <trkpt lat="15.49074649" lon="73.89173341"><ele>6.645</ele><time>2026-09-25T13:09:02Z</time><speed>17.620</speed><sat>16</sat></trkpt>
  <trkpt lat="15.49081167" lon="73.89156899"><ele>5.557</ele><time>2026-09-25T13:09:03Z</time><speed>17.740</speed><sat>15</sat></trkpt>
  <trkpt lat="15.49085785" lon="73.89141100"><ele>5.293</ele><time>2026-09-25T13:09:04Z</time><speed>17.710</speed><sat>15</sat></trkpt>
  <trkpt lat="15.49090453" lon="73.89124604"><ele>4.400</ele><time>2026-09-25T13:09:05Z</time><speed>17.930</speed><sat>12</sat></trkpt>
  <trkpt lat="15.49095270" lon="73.89108966"><ele>4.701</ele><time>2026-09-25T13:09:06Z</time><speed>18.060</speed><sat>13</sat></trkpt>
  <trkpt lat="15.49100316" lon="73.89093068"><ele>4.899</ele><time>2026-09-25T13:09:07Z</time><speed>17.920</speed><sat>16</sat></trkpt>
  <trkpt lat="15.49104775" lon="73.89077588"><ele>4.932</ele><time>2026-09-25T13:09:08Z</time><speed>18.190</speed><sat>15</sat></trkpt>
  <trkpt lat="15.49109822" lon="73.89062460"><ele>3.868</ele><time>2026-09-25T13:09:09Z</time><speed>18.060</speed><sat>17</sat></trkpt>
  <trkpt lat="15.49114710" lon="73.89046776"><ele>3.631</ele><time>2026-09-25T13:09:10Z</time><speed>18.050</speed><sat>18</sat></trkpt>
  <trkpt lat="15.49118941" lon="73.89030799"><ele>2.814</ele><time>2026-09-25T13:09:11Z</time><speed>18.040</speed><sat>17</sat></trkpt>
  <trkpt lat="15.49123833" lon="73.89014713"><ele>3.941</ele><time>2026-09-25T13:09:12Z</time><speed>17.890</speed><sat>17</sat></trkpt>
  <trkpt lat="15.49128587" lon="73.88998732"><ele>4.164</ele><time>2026-09-25T13:09:13Z</time><speed>17.920</speed><sat>17</sat></trkpt>
  <trkpt lat="15.49133846" lon="73.88984328"><ele>3.569</ele><time>2026-09-25T13:09:14Z</time><speed>17.510</speed><sat>18</sat></trkpt>
  <trkpt lat="15.49138502" lon="73.88968965"><ele>3.500</ele><time>2026-09-25T13:09:15Z</time><speed>17.600</speed><sat>15</sat></trkpt>
  <trkpt lat="15.49143468" lon="73.88953362"><ele>3.651</ele><time>2026-09-25T13:09:16Z</time><speed>17.610</speed><sat>15</sat></trkpt>
  <trkpt lat="15.49148624" lon="73.88938338"><ele>3.985</ele><time>2026-09-25T13:09:17Z</time><speed>17.660</speed><sat>18</sat></trkpt>
  <trkpt lat="15.49153754" lon="73.88921501"><ele>4.329</ele><time>2026-09-25T13:09:18Z</time><speed>18.270</speed><sat>18</sat></trkpt>
  <trkpt lat="15.49158648" lon="73.88906754"><ele>4.279</ele><time>2026-09-25T13:09:19Z</time><speed>17.100</speed><sat>13</sat></trkpt>
  <trkpt lat="15.49163508" lon="73.88891389"><ele>4.337</ele><time>2026-09-25T13:09:20Z</time><speed>17.310</speed><sat>13</sat></trkpt>
  <trkpt lat="15.49168190" lon="73.88875441"><ele>4.291</ele><time>2026-09-25T13:09:21Z</time><speed>17.570</speed><sat>14</sat></trkpt>
  <trkpt lat="15.49173100" lon="73.88859862"><ele>4.331</ele><time>2026-09-25T13:09:22Z</time><speed>17.570</speed><sat>14</sat></trkpt>
  <trkpt lat="15.49177806" lon="73.88844086"><ele>4.277</ele><time>2026-09-25T13:09:23Z</time><speed>17.410</speed><sat>15</sat></trkpt>
  <trkpt lat="15.49182946" lon="73.88829576"><ele>6.375</ele><time>2026-09-25T13:09:24Z</time><speed>17.400</speed><sat>15</sat></trkpt>
  <trkpt lat="15.49187555" lon="73.88813847"><ele>5.455</ele><time>2026-09-25T13:09:25Z</time><speed>17.230</speed><sat>16</sat></trkpt>
  <trkpt lat="15.49191734" lon="73.88798836"><ele>6.140</ele><time>2026-09-25T13:09:26Z</time><speed>17.330</speed><sat>18</sat></trkpt>
  <trkpt lat="15.49197642" lon="73.88783086"><ele>4.871</ele><time>2026-09-25T13:09:27Z</time><speed>17.270</speed><sat>17</sat></trkpt>
  <trkpt lat="15.49202634" lon="73.88768693"><ele>5.984</ele><time>2026-09-25T13:09:28Z</time><speed>17.300</speed><sat>15</sat></trkpt>
  <trkpt lat="15.49208102" lon="73.88753594"><ele>6.045</ele><time>2026-09-25T13:09:29Z</time><speed>17.250</speed><sat>15</sat></trkpt>
  <trkpt lat="15.49211939" lon="73.88738791"><ele>7.253</ele><time>2026-09-25T13:09:30Z</time><speed>17.250</speed><sat>16</sat></trkpt>
  <trkpt lat="15.49216799" lon="73.88723490"><ele>5.652</ele><time>2026-09-25T13:09:31Z</time><speed>17.320</speed><sat>17</sat></trkpt>
  <trkpt lat="15.49221246" lon="73.88708093"><ele>5.884</ele><time>2026-09-25T13:09:32Z</time><speed>17.360</speed><sat>14</sat></trkpt>
  <trkpt lat="15.49226663" lon="73.88693914"><ele>5.713</ele><time>2026-09-25T13:09:33Z</time><speed>17.170</speed><sat>19</sat></trkpt>
  <trkpt lat="15.49231494" lon="73.88678695"><ele>4.848</ele><time>2026-09-25T13:09:34Z</time><speed>17.350</speed><sat>19</sat></trkpt>
  <trkpt lat="15.49236544" lon="73.88663326"><ele>3.517</ele><time>2026-09-25T13:09:35Z</time><speed>17.480</speed><sat>19</sat></trkpt>
  <trkpt lat="15.49242526" lon="73.88649221"><ele>5.065</ele><time>2026-09-25T13:09:36Z</time><speed>17.470</speed><sat>15</sat></trkpt>
  <trkpt lat="15.49249124" lon="73.88634551"><ele>3.365</ele><time>2026-09-25T13:09:37Z</time><speed>17.290</speed><sat>19</sat></trkpt>
  <trkpt lat="15.49253387" lon="73.88619726"><ele>1.888</ele><time>2026-09-25T13:09:38Z</time><speed>17.420</speed><sat>19</sat></trkpt>
  <trkpt lat="15.49258951" lon="73.88604091"><ele>1.292</ele><time>2026-09-25T13:09:39Z</time><speed>17.560</speed><sat>17</sat></trkpt>
  <trkpt lat="15.49263564" lon="73.88588500"><ele>1.509</ele><time>2026-09-25T13:09:40Z</time><speed>17.300</speed><sat>22</sat></trkpt>
  <trkpt lat="15.49268425" lon="73.88572271"><ele>1.528</ele><time>2026-09-25T13:09:41Z</time><speed>17.530</speed><sat>17</sat></trkpt>
  <trkpt lat="15.49273181" lon="73.88556493"><ele>0.901</ele><time>2026-09-25T13:09:42Z</time><speed>17.600</speed><sat>21</sat></trkpt>
  <trkpt lat="15.49278124" lon="73.88540987"><ele>1.163</ele><time>2026-09-25T13:09:43Z</time><speed>17.490</speed><sat>21</sat></trkpt>
  <trkpt lat="15.49283587" lon="73.88523977"><ele>-1.120</ele><time>2026-09-25T13:09:44Z</time><speed>17.560</speed><sat>16</sat></trkpt>
  <trkpt lat="15.49287794" lon="73.88509425"><ele>1.046</ele><time>2026-09-25T13:09:45Z</time><speed>17.550</speed><sat>22</sat></trkpt>
  <trkpt lat="15.49293071" lon="73.88493982"><ele>1.051</ele><time>2026-09-25T13:09:46Z</time><speed>17.460</speed><sat>20</sat></trkpt>
  <trkpt lat="15.49298076" lon="73.88478545"><ele>1.186</ele><time>2026-09-25T13:09:47Z</time><speed>17.460</speed><sat>20</sat></trkpt>
  <trkpt lat="15.49303391" lon="73.88462398"><ele>0.932</ele><time>2026-09-25T13:09:48Z</time><speed>17.690</speed><sat>20</sat></trkpt>
  <trkpt lat="15.49308598" lon="73.88446602"><ele>-0.086</ele><time>2026-09-25T13:09:49Z</time><speed>17.680</speed><sat>17</sat></trkpt>
  <trkpt lat="15.49313650" lon="73.88430411"><ele>0.884</ele><time>2026-09-25T13:09:50Z</time><speed>17.780</speed><sat>17</sat></trkpt>
  <trkpt lat="15.49318633" lon="73.88414775"><ele>0.601</ele><time>2026-09-25T13:09:51Z</time><speed>17.730</speed><sat>17</sat></trkpt>
  <trkpt lat="15.49324522" lon="73.88399018"><ele>-0.191</ele><time>2026-09-25T13:09:52Z</time><speed>17.790</speed><sat>20</sat></trkpt>
  <trkpt lat="15.49330580" lon="73.88383345"><ele>-0.448</ele><time>2026-09-25T13:09:53Z</time><speed>17.580</speed><sat>18</sat></trkpt>
  <trkpt lat="15.49336250" lon="73.88367832"><ele>-0.247</ele><time>2026-09-25T13:09:54Z</time><speed>17.650</speed><sat>20</sat></trkpt>
  <trkpt lat="15.49340969" lon="73.88352755"><ele>-0.242</ele><time>2026-09-25T13:09:55Z</time><speed>17.600</speed><sat>20</sat></trkpt>
  <trkpt lat="15.49346293" lon="73.88337263"><ele>-0.369</ele><time>2026-09-25T13:09:56Z</time><speed>17.500</speed><sat>17</sat></trkpt>
  <trkpt lat="15.49351738" lon="73.88321942"><ele>-0.344</ele><time>2026-09-25T13:09:57Z</time><speed>17.500</speed><sat>17</sat></trkpt>
  <trkpt lat="15.49358328" lon="73.88307280"><ele>-0.160</ele><time>2026-09-25T13:09:58Z</time><speed>17.260</speed><sat>17</sat></trkpt>
  <trkpt lat="15.49366434" lon="73.88290673"><ele>-0.267</ele><time>2026-09-25T13:09:59Z</time><speed>17.270</speed><sat>16</sat></trkpt>
  <trkpt lat="15.49373400" lon="73.88275549"><ele>-0.527</ele><time>2026-09-25T13:10:00Z</time><speed>17.240</speed><sat>21</sat></trkpt>
  <trkpt lat="15.49380018" lon="73.88260855"><ele>-0.235</ele><time>2026-09-25T13:10:01Z</time><speed>17.210</speed><sat>20</sat></trkpt>
  <trkpt lat="15.49387227" lon="73.88246524"><ele>-0.553</ele><time>2026-09-25T13:10:02Z</time><speed>17.160</speed><sat>14</sat></trkpt>
  <trkpt lat="15.49395112" lon="73.88233093"><ele>-0.568</ele><time>2026-09-25T13:10:03Z</time><speed>16.740</speed><sat>17</sat></trkpt>
  <trkpt lat="15.49403672" lon="73.88220385"><ele>-1.068</ele><time>2026-09-25T13:10:04Z</time><speed>17.220</speed><sat>19</sat></trkpt>
  <trkpt lat="15.49413326" lon="73.88207362"><ele>0.554</ele><time>2026-09-25T13:10:05Z</time><speed>17.500</speed><sat>18</sat></trkpt>
  <trkpt lat="15.49422080" lon="73.88194268"><ele>-0.079</ele><time>2026-09-25T13:10:06Z</time><speed>17.290</speed><sat>20</sat></trkpt>
  <trkpt lat="15.49430448" lon="73.88181856"><ele>-0.990</ele><time>2026-09-25T13:10:07Z</time><speed>17.270</speed><sat>19</sat></trkpt>
  <trkpt lat="15.49439632" lon="73.88168837"><ele>-1.246</ele><time>2026-09-25T13:10:08Z</time><speed>17.270</speed><sat>19</sat></trkpt>
  <trkpt lat="15.49449542" lon="73.88155043"><ele>-1.382</ele><time>2026-09-25T13:10:09Z</time><speed>17.210</speed><sat>19</sat></trkpt>
  <trkpt lat="15.49459031" lon="73.88142330"><ele>-1.764</ele><time>2026-09-25T13:10:10Z</time><speed>17.210</speed><sat>19</sat></trkpt>
  <trkpt lat="15.49469005" lon="73.88128919"><ele>-1.761</ele><time>2026-09-25T13:10:11Z</time><speed>17.450</speed><sat>18</sat></trkpt>
  <trkpt lat="15.49478494" lon="73.88116604"><ele>-0.632</ele><time>2026-09-25T13:10:12Z</time><speed>17.190</speed><sat>21</sat></trkpt>
  <trkpt lat="15.49487937" lon="73.88102829"><ele>0.032</ele><time>2026-09-25T13:10:13Z</time><speed>17.240</speed><sat>18</sat></trkpt>
  <trkpt lat="15.49497358" lon="73.88090687"><ele>-0.638</ele><time>2026-09-25T13:10:14Z</time><speed>17.230</speed><sat>18</sat></trkpt>
  <trkpt lat="15.49506643" lon="73.88077926"><ele>-0.582</ele><time>2026-09-25T13:10:15Z</time><speed>17.190</speed><sat>17</sat></trkpt>
  <trkpt lat="15.49516115" lon="73.88065361"><ele>-1.184</ele><time>2026-09-25T13:10:16Z</time><speed>17.260</speed><sat>17</sat></trkpt>
  <trkpt lat="15.49525123" lon="73.88053214"><ele>-2.015</ele><time>2026-09-25T13:10:17Z</time><speed>17.170</speed><sat>14</sat></trkpt>
  <trkpt lat="15.49534255" lon="73.88040199"><ele>-2.740</ele><time>2026-09-25T13:10:18Z</time><speed>17.030</speed><sat>14</sat></trkpt>
  <trkpt lat="15.49544388" lon="73.88027600"><ele>-2.635</ele><time>2026-09-25T13:10:19Z</time><speed>16.950</speed><sat>14</sat></trkpt>
  <trkpt lat="15.49553799" lon="73.88015872"><ele>-3.173</ele><time>2026-09-25T13:10:20Z</time><speed>16.970</speed><sat>16</sat></trkpt>
  <trkpt lat="15.49563008" lon="73.88003359"><ele>-3.925</ele><time>2026-09-25T13:10:21Z</time><speed>17.110</speed><sat>12</sat></trkpt>
  <trkpt lat="15.49573101" lon="73.87989835"><ele>-5.192</ele><time>2026-09-25T13:10:22Z</time><speed>16.820</speed><sat>15</sat></trkpt>
  <trkpt lat="15.49582574" lon="73.87976957"><ele>-4.939</ele><time>2026-09-25T13:10:23Z</time><speed>16.860</speed><sat>15</sat></trkpt>
  <trkpt lat="15.49592549" lon="73.87964152"><ele>-5.790</ele><time>2026-09-25T13:10:24Z</time><speed>16.680</speed><sat>16</sat></trkpt>
  <trkpt lat="15.49602024" lon="73.87951771"><ele>-6.527</ele><time>2026-09-25T13:10:25Z</time><speed>16.680</speed><sat>17</sat></trkpt>
  <trkpt lat="15.49611204" lon="73.87939360"><ele>-7.658</ele><time>2026-09-25T13:10:26Z</time><speed>16.670</speed><sat>18</sat></trkpt>
  <trkpt lat="15.49620623" lon="73.87927869"><ele>-7.747</ele><time>2026-09-25T13:10:27Z</time><speed>16.710</speed><sat>15</sat></trkpt>
  <trkpt lat="15.49631304" lon="73.87914695"><ele>-10.949</ele><time>2026-09-25T13:10:28Z</time><speed>16.670</speed><sat>19</sat></trkpt>
  <trkpt lat="15.49639901" lon="73.87902443"><ele>-10.941</ele><time>2026-09-25T13:10:29Z</time><speed>16.620</speed><sat>15</sat></trkpt>
  <trkpt lat="15.49649493" lon="73.87889947"><ele>-11.828</ele><time>2026-09-25T13:10:30Z</time><speed>16.680</speed><sat>14</sat></trkpt>
  <trkpt lat="15.49658985" lon="73.87877954"><ele>-11.633</ele><time>2026-09-25T13:10:31Z</time><speed>16.300</speed><sat>20</sat></trkpt>
  <trkpt lat="15.49668499" lon="73.87865187"><ele>-13.404</ele><time>2026-09-25T13:10:32Z</time><speed>16.250</speed><sat>19</sat></trkpt>
  <trkpt lat="15.49676956" lon="73.87853585"><ele>-14.270</ele><time>2026-09-25T13:10:33Z</time><speed>16.290</speed><sat>21</sat></trkpt>
  <trkpt lat="15.49685620" lon="73.87841505"><ele>-15.102</ele><time>2026-09-25T13:10:34Z</time><speed>16.270</speed><sat>17</sat></trkpt>
  <trkpt lat="15.49693965" lon="73.87828257"><ele>-14.264</ele><time>2026-09-25T13:10:35Z</time><speed>16.470</speed><sat>19</sat></trkpt>
  <trkpt lat="15.49702300" lon="73.87815743"><ele>-14.233</ele><time>2026-09-25T13:10:36Z</time><speed>16.150</speed><sat>20</sat></trkpt>
  <trkpt lat="15.49710506" lon="73.87803693"><ele>-13.991</ele><time>2026-09-25T13:10:37Z</time><speed>16.210</speed><sat>17</sat></trkpt>
  <trkpt lat="15.49718858" lon="73.87791349"><ele>-14.736</ele><time>2026-09-25T13:10:38Z</time><speed>16.390</speed><sat>16</sat></trkpt>
  <trkpt lat="15.49727039" lon="73.87778690"><ele>-15.012</ele><time>2026-09-25T13:10:39Z</time><speed>16.330</speed><sat>16</sat></trkpt>
  <trkpt lat="15.49734151" lon="73.87766609"><ele>-13.452</ele><time>2026-09-25T13:10:40Z</time><speed>16.180</speed><sat>18</sat></trkpt>
  <trkpt lat="15.49741711" lon="73.87753951"><ele>-13.243</ele><time>2026-09-25T13:10:41Z</time><speed>16.010</speed><sat>16</sat></trkpt>
  <trkpt lat="15.49749467" lon="73.87741274"><ele>-13.236</ele><time>2026-09-25T13:10:42Z</time><speed>16.070</speed><sat>16</sat></trkpt>
  <trkpt lat="15.49756471" lon="73.87729289"><ele>-13.626</ele><time>2026-09-25T13:10:43Z</time><speed>16.030</speed><sat>18</sat></trkpt>
  <trkpt lat="15.49762720" lon="73.87716271"><ele>-12.863</ele><time>2026-09-25T13:10:44Z</time><speed>16.080</speed><sat>16</sat></trkpt>
  <trkpt lat="15.49771551" lon="73.87703322"><ele>-15.428</ele><time>2026-09-25T13:10:45Z</time><speed>16.200</speed><sat>29</sat></trkpt>
  <trkpt lat="15.49779462" lon="73.87690861"><ele>-15.113</ele><time>2026-09-25T13:10:46Z</time><speed>16.290</speed><sat>25</sat></trkpt>
  <trkpt lat="15.49787188" lon="73.87677222"><ele>-14.606</ele><time>2026-09-25T13:10:47Z</time><speed>16.310</speed><sat>23</sat></trkpt>
  <trkpt lat="15.49794753" lon="73.87664216"><ele>-15.114</ele><time>2026-09-25T13:10:48Z</time><speed>16.200</speed><sat>22</sat></trkpt>
  <trkpt lat="15.49802221" lon="73.87651215"><ele>-15.485</ele><time>2026-09-25T13:10:49Z</time><speed>16.210</speed><sat>22</sat></trkpt>
  <trkpt lat="15.49810564" lon="73.87637615"><ele>-17.150</ele><time>2026-09-25T13:10:50Z</time><speed>16.450</speed><sat>24</sat></trkpt>
  <trkpt lat="15.49818459" lon="73.87623768"><ele>-17.749</ele><time>2026-09-25T13:10:51Z</time><speed>16.380</speed><sat>23</sat></trkpt>
  <trkpt lat="15.49826570" lon="73.87610949"><ele>-17.539</ele><time>2026-09-25T13:10:52Z</time><speed>16.330</speed><sat>12</sat></trkpt>
  <trkpt lat="15.49834083" lon="73.87597829"><ele>-17.474</ele><time>2026-09-25T13:10:53Z</time><speed>16.340</speed><sat>12</sat></trkpt>
  <trkpt lat="15.49843158" lon="73.87582840"><ele>-20.904</ele><time>2026-09-25T13:10:54Z</time><speed>17.180</speed><sat>16</sat></trkpt>
  <trkpt lat="15.49850492" lon="73.87569055"><ele>-21.025</ele><time>2026-09-25T13:10:55Z</time><speed>16.910</speed><sat>16</sat></trkpt>
  <trkpt lat="15.49857375" lon="73.87556918"><ele>-23.406</ele><time>2026-09-25T13:10:56Z</time><speed>16.260</speed><sat>19</sat></trkpt>
  <trkpt lat="15.49863932" lon="73.87544066"><ele>-23.203</ele><time>2026-09-25T13:10:57Z</time><speed>16.020</speed><sat>20</sat></trkpt>
  <trkpt lat="15.49870614" lon="73.87530812"><ele>-23.404</ele><time>2026-09-25T13:10:58Z</time><speed>16.010</speed><sat>20</sat></trkpt>
  <trkpt lat="15.49877642" lon="73.87517202"><ele>-23.140</ele><time>2026-09-25T13:10:59Z</time><speed>16.050</speed><sat>19</sat></trkpt>
  <trkpt lat="15.49884538" lon="73.87504077"><ele>-22.881</ele><time>2026-09-25T13:11:00Z</time><speed>16.020</speed><sat>19</sat></trkpt>
  <trkpt lat="15.49891349" lon="73.87490569"><ele>-22.831</ele><time>2026-09-25T13:11:01Z</time><speed>16.100</speed><sat>16</sat></trkpt>
  <trkpt lat="15.49897369" lon="73.87476568"><ele>-24.075</ele><time>2026-09-25T13:11:02Z</time><speed>15.820</speed><sat>18</sat></trkpt>
  <trkpt lat="15.49902813" lon="73.87461691"><ele>-24.355</ele><time>2026-09-25T13:11:03Z</time><speed>16.070</speed><sat>18</sat></trkpt>
  <trkpt lat="15.49908171" lon="73.87447377"><ele>-25.046</ele><time>2026-09-25T13:11:04Z</time><speed>16.170</speed><sat>23</sat></trkpt>
  <trkpt lat="15.49911965" lon="73.87434128"><ele>-25.133</ele><time>2026-09-25T13:11:05Z</time><speed>15.780</speed><sat>18</sat></trkpt>
  <trkpt lat="15.49916523" lon="73.87419483"><ele>-24.962</ele><time>2026-09-25T13:11:06Z</time><speed>16.510</speed><sat>18</sat></trkpt>
  <trkpt lat="15.49919860" lon="73.87405354"><ele>-24.675</ele><time>2026-09-25T13:11:07Z</time><speed>16.220</speed><sat>21</sat></trkpt>
  <trkpt lat="15.49923508" lon="73.87391660"><ele>-24.576</ele><time>2026-09-25T13:11:08Z</time><speed>15.990</speed><sat>21</sat></trkpt>
  <trkpt lat="15.49926846" lon="73.87377264"><ele>-24.155</ele><time>2026-09-25T13:11:09Z</time><speed>15.870</speed><sat>17</sat></trkpt>
  <trkpt lat="15.49929497" lon="73.87362842"><ele>-24.238</ele><time>2026-09-25T13:11:10Z</time><speed>15.870</speed><sat>19</sat></trkpt>
  <trkpt lat="15.49931636" lon="73.87348205"><ele>-24.219</ele><time>2026-09-25T13:11:11Z</time><speed>15.880</speed><sat>19</sat></trkpt>
  <trkpt lat="15.49932507" lon="73.87332871"><ele>-25.767</ele><time>2026-09-25T13:11:12Z</time><speed>16.010</speed><sat>12</sat></trkpt>
  <trkpt lat="15.49933249" lon="73.87318068"><ele>-26.007</ele><time>2026-09-25T13:11:13Z</time><speed>15.690</speed><sat>12</sat></trkpt>
  <trkpt lat="15.49934401" lon="73.87303401"><ele>-26.133</ele><time>2026-09-25T13:11:14Z</time><speed>15.770</speed><sat>12</sat></trkpt>
  <trkpt lat="15.49935192" lon="73.87290262"><ele>-25.148</ele><time>2026-09-25T13:11:15Z</time><speed>15.750</speed><sat>16</sat></trkpt>
  <trkpt lat="15.49935066" lon="73.87276021"><ele>-25.328</ele><time>2026-09-25T13:11:16Z</time><speed>15.380</speed><sat>15</sat></trkpt>
  <trkpt lat="15.49935682" lon="73.87261576"><ele>-25.387</ele><time>2026-09-25T13:11:17Z</time><speed>15.480</speed><sat>15</sat></trkpt>
  <trkpt lat="15.49934789" lon="73.87248627"><ele>-24.962</ele><time>2026-09-25T13:11:18Z</time><speed>15.670</speed><sat>11</sat></trkpt>
  <trkpt lat="15.49934918" lon="73.87233894"><ele>-25.090</ele><time>2026-09-25T13:11:19Z</time><speed>15.410</speed><sat>17</sat></trkpt>
  <trkpt lat="15.49935755" lon="73.87219996"><ele>-25.282</ele><time>2026-09-25T13:11:20Z</time><speed>15.400</speed><sat>15</sat></trkpt>
  <trkpt lat="15.49936928" lon="73.87205771"><ele>-25.589</ele><time>2026-09-25T13:11:21Z</time><speed>15.520</speed><sat>17</sat></trkpt>
  <trkpt lat="15.49937140" lon="73.87191340"><ele>-26.075</ele><time>2026-09-25T13:11:22Z</time><speed>15.420</speed><sat>18</sat></trkpt>
  <trkpt lat="15.49936158" lon="73.87176355"><ele>-27.147</ele><time>2026-09-25T13:11:23Z</time><speed>15.450</speed><sat>15</sat></trkpt>
  <trkpt lat="15.49936326" lon="73.87161523"><ele>-27.095</ele><time>2026-09-25T13:11:24Z</time><speed>15.520</speed><sat>18</sat></trkpt>
  <trkpt lat="15.49937205" lon="73.87147130"><ele>-25.105</ele><time>2026-09-25T13:11:25Z</time><speed>15.600</speed><sat>17</sat></trkpt>
  <trkpt lat="15.49936514" lon="73.87132792"><ele>-25.120</ele><time>2026-09-25T13:11:26Z</time><speed>15.350</speed><sat>18</sat></trkpt>
  <trkpt lat="15.49936313" lon="73.87118482"><ele>-25.477</ele><time>2026-09-25T13:11:27Z</time><speed>15.350</speed><sat>18</sat></trkpt>
  <trkpt lat="15.49936181" lon="73.87104202"><ele>-25.582</ele><time>2026-09-25T13:11:28Z</time><speed>15.400</speed><sat>13</sat></trkpt>
  <trkpt lat="15.49937457" lon="73.87089200"><ele>-25.267</ele><time>2026-09-25T13:11:29Z</time><speed>15.600</speed></trkpt>
  <trkpt lat="15.49938604" lon="73.87075358"><ele>-25.188</ele><time>2026-09-25T13:11:30Z</time><speed>15.380</speed><sat>17</sat></trkpt>
  <trkpt lat="15.49940205" lon="73.87061315"><ele>-26.023</ele><time>2026-09-25T13:11:31Z</time><speed>15.420</speed><sat>24</sat></trkpt>
  <trkpt lat="15.49943120" lon="73.87048004"><ele>-26.027</ele><time>2026-09-25T13:11:32Z</time><speed>15.230</speed><sat>29</sat></trkpt>
  <trkpt lat="15.49944687" lon="73.87034389"><ele>-26.829</ele><time>2026-09-25T13:11:33Z</time><speed>15.340</speed><sat>29</sat></trkpt>
  <trkpt lat="15.49946300" lon="73.87020772"><ele>-27.299</ele><time>2026-09-25T13:11:34Z</time><speed>15.390</speed><sat>30</sat></trkpt>
  <trkpt lat="15.49947402" lon="73.87006665"><ele>-27.644</ele><time>2026-09-25T13:11:35Z</time><speed>15.410</speed><sat>31</sat></trkpt>
  <trkpt lat="15.49948907" lon="73.86992027"><ele>-27.423</ele><time>2026-09-25T13:11:36Z</time><speed>15.450</speed><sat>32</sat></trkpt>
  <trkpt lat="15.49950794" lon="73.86977274"><ele>-26.908</ele><time>2026-09-25T13:11:37Z</time><speed>15.470</speed><sat>32</sat></trkpt>
  <trkpt lat="15.49952869" lon="73.86962387"><ele>-26.774</ele><time>2026-09-25T13:11:38Z</time><speed>15.550</speed><sat>32</sat></trkpt>
  <trkpt lat="15.49953999" lon="73.86948085"><ele>-27.871</ele><time>2026-09-25T13:11:39Z</time><speed>15.640</speed><sat>32</sat></trkpt>
  <trkpt lat="15.49955938" lon="73.86933271"><ele>-28.793</ele><time>2026-09-25T13:11:40Z</time><speed>15.750</speed><sat>33</sat></trkpt>
  <trkpt lat="15.49958037" lon="73.86918989"><ele>-29.581</ele><time>2026-09-25T13:11:41Z</time><speed>15.710</speed><sat>26</sat></trkpt>
  <trkpt lat="15.49960349" lon="73.86904663"><ele>-31.186</ele><time>2026-09-25T13:11:42Z</time><speed>16.050</speed><sat>26</sat></trkpt>
  <trkpt lat="15.49961249" lon="73.86889721"><ele>-31.930</ele><time>2026-09-25T13:11:43Z</time><speed>16.080</speed><sat>24</sat></trkpt>
  <trkpt lat="15.49962986" lon="73.86875113"><ele>-32.365</ele><time>2026-09-25T13:11:44Z</time><speed>15.740</speed><sat>22</sat></trkpt>
  <trkpt lat="15.49964793" lon="73.86860569"><ele>-32.586</ele><time>2026-09-25T13:11:45Z</time><speed>15.730</speed><sat>22</sat></trkpt>
  <trkpt lat="15.49965410" lon="73.86846268"><ele>-33.427</ele><time>2026-09-25T13:11:46Z</time><speed>15.540</speed><sat>18</sat></trkpt>
  <trkpt lat="15.49967375" lon="73.86832262"><ele>-34.699</ele><time>2026-09-25T13:11:47Z</time><speed>15.810</speed><sat>20</sat></trkpt>
  <trkpt lat="15.49970417" lon="73.86817119"><ele>-34.778</ele><time>2026-09-25T13:11:48Z</time><speed>16.160</speed><sat>16</sat></trkpt>
  <trkpt lat="15.49972956" lon="73.86803430"><ele>-34.436</ele><time>2026-09-25T13:11:49Z</time><speed>16.190</speed><sat>12</sat></trkpt>
  <trkpt lat="15.49975361" lon="73.86788441"><ele>-34.551</ele><time>2026-09-25T13:11:50Z</time><speed>16.160</speed><sat>15</sat></trkpt>
  <trkpt lat="15.49977833" lon="73.86774011"><ele>-35.310</ele><time>2026-09-25T13:11:51Z</time><speed>16.200</speed><sat>13</sat></trkpt>
  <trkpt lat="15.49980234" lon="73.86758403"><ele>-36.254</ele><time>2026-09-25T13:11:52Z</time><speed>16.040</speed><sat>14</sat></trkpt>
  <trkpt lat="15.49981948" lon="73.86743461"><ele>-36.931</ele><time>2026-09-25T13:11:53Z</time><speed>15.800</speed><sat>14</sat></trkpt>
  <trkpt lat="15.49983943" lon="73.86728206"><ele>-37.501</ele><time>2026-09-25T13:11:54Z</time><speed>15.760</speed><sat>14</sat></trkpt>
  <trkpt lat="15.49985982" lon="73.86714018"><ele>-36.925</ele><time>2026-09-25T13:11:55Z</time><speed>15.520</speed><sat>15</sat></trkpt>
  <trkpt lat="15.49988319" lon="73.86699881"><ele>-37.394</ele><time>2026-09-25T13:11:56Z</time><speed>15.250</speed><sat>15</sat></trkpt>
  <trkpt lat="15.49990550" lon="73.86685904"><ele>-37.917</ele><time>2026-09-25T13:11:57Z</time><speed>14.600</speed><sat>15</sat></trkpt>
  <trkpt lat="15.49992542" lon="73.86672794"><ele>-39.080</ele><time>2026-09-25T13:11:58Z</time><speed>14.410</speed><sat>15</sat></trkpt>
  <trkpt lat="15.49994616" lon="73.86659507"><ele>-39.902</ele><time>2026-09-25T13:11:59Z</time><speed>14.150</speed><sat>16</sat></trkpt>
  <trkpt lat="15.49997481" lon="73.86646290"><ele>-40.449</ele><time>2026-09-25T13:12:00Z</time><speed>14.080</speed><sat>17</sat></trkpt>
  <trkpt lat="15.49999170" lon="73.86633541"><ele>-40.866</ele><time>2026-09-25T13:12:01Z</time><speed>14.020</speed><sat>14</sat></trkpt>
  <trkpt lat="15.50001296" lon="73.86620602"><ele>-41.228</ele><time>2026-09-25T13:12:02Z</time><speed>13.860</speed><sat>12</sat></trkpt>
  <trkpt lat="15.50003171" lon="73.86608000"><ele>-41.444</ele><time>2026-09-25T13:12:03Z</time><speed>13.460</speed><sat>17</sat></trkpt>
  <trkpt lat="15.50004299" lon="73.86595507"><ele>-41.614</ele><time>2026-09-25T13:12:04Z</time><speed>13.460</speed><sat>17</sat></trkpt>
  <trkpt lat="15.50004604" lon="73.86583110"><ele>-41.156</ele><time>2026-09-25T13:12:05Z</time><speed>13.010</speed><sat>19</sat></trkpt>
  <trkpt lat="15.50004864" lon="73.86570704"><ele>-42.393</ele><time>2026-09-25T13:12:06Z</time><speed>12.870</speed><sat>15</sat></trkpt>
  <trkpt lat="15.50003966" lon="73.86558858"><ele>-41.955</ele><time>2026-09-25T13:12:07Z</time><speed>12.680</speed><sat>19</sat></trkpt>
  <trkpt lat="15.50004646" lon="73.86546818"><ele>-42.221</ele><time>2026-09-25T13:12:08Z</time><speed>12.970</speed><sat>15</sat></trkpt>
  <trkpt lat="15.50004702" lon="73.86534506"><ele>-43.195</ele><time>2026-09-25T13:12:09Z</time><speed>13.000</speed><sat>17</sat></trkpt>
  <trkpt lat="15.50003367" lon="73.86522396"><ele>-43.875</ele><time>2026-09-25T13:12:10Z</time><speed>12.950</speed><sat>16</sat></trkpt>
  <trkpt lat="15.50001145" lon="73.86509974"><ele>-45.437</ele><time>2026-09-25T13:12:11Z</time><speed>12.990</speed><sat>15</sat></trkpt>
  <trkpt lat="15.49999762" lon="73.86497572"><ele>-45.952</ele><time>2026-09-25T13:12:12Z</time><speed>13.530</speed><sat>17</sat></trkpt>
  <trkpt lat="15.49998352" lon="73.86485138"><ele>-46.894</ele><time>2026-09-25T13:12:13Z</time><speed>13.720</speed><sat>15</sat></trkpt>
  <trkpt lat="15.49995730" lon="73.86472490"><ele>-47.124</ele><time>2026-09-25T13:12:14Z</time><speed>13.730</speed><sat>15</sat></trkpt>
  <trkpt lat="15.49991427" lon="73.86460889"><ele>-49.691</ele><time>2026-09-25T13:12:15Z</time><speed>13.750</speed><sat>15</sat></trkpt>
  <trkpt lat="15.49986699" lon="73.86448588"><ele>-51.091</ele><time>2026-09-25T13:12:16Z</time><speed>13.760</speed><sat>13</sat></trkpt>
  <trkpt lat="15.49981841" lon="73.86435633"><ele>-51.759</ele><time>2026-09-25T13:12:17Z</time><speed>15.080</speed><sat>12</sat></trkpt>
  <trkpt lat="15.49977091" lon="73.86422772"><ele>-52.047</ele><time>2026-09-25T13:12:18Z</time><speed>14.810</speed><sat>12</sat></trkpt>
  <trkpt lat="15.49970223" lon="73.86412029"><ele>-55.516</ele><time>2026-09-25T13:12:19Z</time><speed>14.580</speed><sat>16</sat></trkpt>
  <trkpt lat="15.49963248" lon="73.86401045"><ele>-57.474</ele><time>2026-09-25T13:12:20Z</time><speed>14.450</speed><sat>19</sat></trkpt>
  <trkpt lat="15.49956706" lon="73.86389421"><ele>-57.719</ele><time>2026-09-25T13:12:21Z</time><speed>14.430</speed><sat>19</sat></trkpt>
  <trkpt lat="15.49948215" lon="73.86377822"><ele>-58.685</ele><time>2026-09-25T13:12:22Z</time><speed>14.980</speed><sat>19</sat></trkpt>
  <trkpt lat="15.49939068" lon="73.86366455"><ele>-60.023</ele><time>2026-09-25T13:12:23Z</time><speed>15.020</speed><sat>13</sat></trkpt>
  <trkpt lat="15.49931375" lon="73.86355109"><ele>-60.532</ele><time>2026-09-25T13:12:24Z</time><speed>14.840</speed><sat>17</sat></trkpt>
  <trkpt lat="15.49923102" lon="73.86344704"><ele>-60.874</ele><time>2026-09-25T13:12:25Z</time><speed>14.820</speed><sat>19</sat></trkpt>
  <trkpt lat="15.49915182" lon="73.86333708"><ele>-61.095</ele><time>2026-09-25T13:12:26Z</time><speed>14.710</speed><sat>18</sat></trkpt>
  <trkpt lat="15.49906661" lon="73.86322897"><ele>-61.520</ele><time>2026-09-25T13:12:27Z</time><speed>14.740</speed><sat>15</sat></trkpt>
  <trkpt lat="15.49897884" lon="73.86312020"><ele>-62.967</ele><time>2026-09-25T13:12:28Z</time><speed>14.720</speed><sat>17</sat></trkpt>
  <trkpt lat="15.49890437" lon="73.86301401"><ele>-63.881</ele><time>2026-09-25T13:12:29Z</time><speed>14.450</speed><sat>14</sat></trkpt>
  <trkpt lat="15.49881673" lon="73.86290468"><ele>-64.836</ele><time>2026-09-25T13:12:30Z</time><speed>14.030</speed><sat>15</sat></trkpt>
  <trkpt lat="15.49873740" lon="73.86280143"><ele>-64.919</ele><time>2026-09-25T13:12:31Z</time><speed>14.120</speed><sat>15</sat></trkpt>
  <trkpt lat="15.49864981" lon="73.86270686"><ele>-66.142</ele><time>2026-09-25T13:12:32Z</time><speed>14.060</speed><sat>12</sat></trkpt>
  <trkpt lat="15.49856101" lon="73.86259662"><ele>-67.098</ele><time>2026-09-25T13:12:33Z</time><speed>13.970</speed><sat>15</sat></trkpt>
  <trkpt lat="15.49849344" lon="73.86250348"><ele>-69.846</ele><time>2026-09-25T13:12:34Z</time><speed>13.860</speed><sat>15</sat></trkpt>
  <trkpt lat="15.49842367" lon="73.86240447"><ele>-71.056</ele><time>2026-09-25T13:12:35Z</time><speed>13.740</speed><sat>14</sat></trkpt>
  <trkpt lat="15.49835942" lon="73.86231048"><ele>-72.897</ele><time>2026-09-25T13:12:36Z</time><speed>14.030</speed><sat>15</sat></trkpt>
  <trkpt lat="15.49828162" lon="73.86221321"><ele>-72.786</ele><time>2026-09-25T13:12:37Z</time><speed>13.750</speed><sat>20</sat></trkpt>
  <trkpt lat="15.49819912" lon="73.86210663"><ele>-73.050</ele><time>2026-09-25T13:12:38Z</time><speed>13.830</speed><sat>18</sat></trkpt>
  <trkpt lat="15.49813134" lon="73.86201225"><ele>-73.990</ele><time>2026-09-25T13:12:39Z</time><speed>13.210</speed><sat>20</sat></trkpt>
  <trkpt lat="15.49806484" lon="73.86191070"><ele>-74.290</ele><time>2026-09-25T13:12:40Z</time><speed>13.290</speed><sat>22</sat></trkpt>
  <trkpt lat="15.49798942" lon="73.86181200"><ele>-75.366</ele><time>2026-09-25T13:12:41Z</time><speed>12.830</speed><sat>18</sat></trkpt>
  <trkpt lat="15.49790930" lon="73.86171629"><ele>-75.363</ele><time>2026-09-25T13:12:42Z</time><speed>12.890</speed><sat>22</sat></trkpt>
  <trkpt lat="15.49785182" lon="73.86162613"><ele>-75.717</ele><time>2026-09-25T13:12:43Z</time><speed>12.540</speed><sat>23</sat></trkpt>
  <trkpt lat="15.49778158" lon="73.86153018"><ele>-75.551</ele><time>2026-09-25T13:12:44Z</time><speed>12.490</speed><sat>22</sat></trkpt>
  <trkpt lat="15.49771149" lon="73.86143765"><ele>-75.657</ele><time>2026-09-25T13:12:45Z</time><speed>12.480</speed><sat>22</sat></trkpt>
  <trkpt lat="15.49765258" lon="73.86135452"><ele>-74.952</ele><time>2026-09-25T13:12:46Z</time><speed>12.410</speed><sat>24</sat></trkpt>
  <trkpt lat="15.49757557" lon="73.86126058"><ele>-76.630</ele><time>2026-09-25T13:12:47Z</time><speed>12.610</speed><sat>18</sat></trkpt>
  <trkpt lat="15.49750607" lon="73.86116587"><ele>-76.787</ele><time>2026-09-25T13:12:48Z</time><speed>12.660</speed><sat>23</sat></trkpt>
  <trkpt lat="15.49743086" lon="73.86107591"><ele>-77.565</ele><time>2026-09-25T13:12:49Z</time><speed>12.960</speed><sat>20</sat></trkpt>
  <trkpt lat="15.49735101" lon="73.86097577"><ele>-78.753</ele><time>2026-09-25T13:12:50Z</time><speed>13.410</speed><sat>19</sat></trkpt>
  <trkpt lat="15.49727595" lon="73.86087898"><ele>-79.009</ele><time>2026-09-25T13:12:51Z</time><speed>13.310</speed><sat>19</sat></trkpt>
  <trkpt lat="15.49720275" lon="73.86077306"><ele>-80.765</ele><time>2026-09-25T13:12:52Z</time><speed>14.230</speed><sat>22</sat></trkpt>
  <trkpt lat="15.49711623" lon="73.86066665"><ele>-81.251</ele><time>2026-09-25T13:12:53Z</time><speed>14.510</speed><sat>19</sat></trkpt>
  <trkpt lat="15.49704929" lon="73.86056104"><ele>-81.182</ele><time>2026-09-25T13:12:54Z</time><speed>15.010</speed><sat>14</sat></trkpt>
  <trkpt lat="15.49695689" lon="73.86043598"><ele>-81.276</ele><time>2026-09-25T13:12:55Z</time><speed>15.440</speed><sat>17</sat></trkpt>
  <trkpt lat="15.49688046" lon="73.86029742"><ele>-82.713</ele><time>2026-09-25T13:12:56Z</time><speed>15.820</speed><sat>15</sat></trkpt>
  <trkpt lat="15.49681068" lon="73.86016854"><ele>-82.718</ele><time>2026-09-25T13:12:57Z</time><speed>16.160</speed><sat>17</sat></trkpt>
  <trkpt lat="15.49674507" lon="73.86003133"><ele>-82.058</ele><time>2026-09-25T13:12:58Z</time><speed>16.280</speed><sat>18</sat></trkpt>
  <trkpt lat="15.49668076" lon="73.85989491"><ele>-81.968</ele><time>2026-09-25T13:12:59Z</time><speed>16.260</speed><sat>18</sat></trkpt>
  <trkpt lat="15.49661968" lon="73.85975115"><ele>-82.152</ele><time>2026-09-25T13:13:00Z</time><speed>16.420</speed><sat>18</sat></trkpt>
  <trkpt lat="15.49656628" lon="73.85961024"><ele>-81.721</ele><time>2026-09-25T13:13:01Z</time><speed>16.350</speed><sat>18</sat></trkpt>
  <trkpt lat="15.49650695" lon="73.85945793"><ele>-83.070</ele><time>2026-09-25T13:13:02Z</time><speed>16.500</speed><sat>19</sat></trkpt>
  <trkpt lat="15.49645922" lon="73.85931312"><ele>-82.657</ele><time>2026-09-25T13:13:03Z</time><speed>16.480</speed><sat>17</sat></trkpt>
  <trkpt lat="15.49640847" lon="73.85916295"><ele>-82.687</ele><time>2026-09-25T13:13:04Z</time><speed>16.470</speed><sat>19</sat></trkpt>
  <trkpt lat="15.49636804" lon="73.85901917"><ele>-83.775</ele><time>2026-09-25T13:13:05Z</time><speed>16.530</speed><sat>21</sat></trkpt>
  <trkpt lat="15.49632722" lon="73.85887431"><ele>-84.657</ele><time>2026-09-25T13:13:06Z</time><speed>16.270</speed><sat>18</sat></trkpt>
  <trkpt lat="15.49628315" lon="73.85872951"><ele>-84.550</ele><time>2026-09-25T13:13:07Z</time><speed>16.280</speed><sat>18</sat></trkpt>
  <trkpt lat="15.49624574" lon="73.85858364"><ele>-84.679</ele><time>2026-09-25T13:13:08Z</time><speed>16.480</speed><sat>20</sat></trkpt>
  <trkpt lat="15.49621004" lon="73.85844749"><ele>-83.579</ele><time>2026-09-25T13:13:09Z</time><speed>15.990</speed><sat>13</sat></trkpt>
  <trkpt lat="15.49616568" lon="73.85830477"><ele>-83.027</ele><time>2026-09-25T13:13:10Z</time><speed>15.800</speed><sat>19</sat></trkpt>
  <trkpt lat="15.49613084" lon="73.85817539"><ele>-81.527</ele><time>2026-09-25T13:13:11Z</time><speed>15.450</speed><sat>17</sat></trkpt>
  <trkpt lat="15.49609361" lon="73.85803853"><ele>-78.835</ele><time>2026-09-25T13:13:12Z</time><speed>15.450</speed><sat>22</sat></trkpt>
  <trkpt lat="15.49606431" lon="73.85789631"><ele>-79.449</ele><time>2026-09-25T13:13:13Z</time><speed>15.500</speed><sat>17</sat></trkpt>
  <trkpt lat="15.49603468" lon="73.85775365"><ele>-79.000</ele><time>2026-09-25T13:13:14Z</time><speed>15.880</speed><sat>21</sat></trkpt>
  <trkpt lat="15.49600032" lon="73.85761134"><ele>-78.763</ele><time>2026-09-25T13:13:15Z</time><speed>16.040</speed><sat>20</sat></trkpt>
  <trkpt lat="15.49596176" lon="73.85746270"><ele>-79.165</ele><time>2026-09-25T13:13:16Z</time><speed>16.310</speed><sat>15</sat></trkpt>
  <trkpt lat="15.49592679" lon="73.85730596"><ele>-77.734</ele><time>2026-09-25T13:13:17Z</time><speed>16.490</speed><sat>21</sat></trkpt>
  <trkpt lat="15.49588938" lon="73.85715608"><ele>-77.667</ele><time>2026-09-25T13:13:18Z</time><speed>16.690</speed><sat>16</sat></trkpt>
  <trkpt lat="15.49586867" lon="73.85699335"><ele>-77.331</ele><time>2026-09-25T13:13:19Z</time><speed>16.640</speed><sat>17</sat></trkpt>
  <trkpt lat="15.49583423" lon="73.85684913"><ele>-76.862</ele><time>2026-09-25T13:13:20Z</time><speed>16.800</speed><sat>16</sat></trkpt>
  <trkpt lat="15.49579781" lon="73.85669715"><ele>-76.866</ele><time>2026-09-25T13:13:21Z</time><speed>16.780</speed><sat>16</sat></trkpt>
  <trkpt lat="15.49578050" lon="73.85652832"><ele>-78.225</ele><time>2026-09-25T13:13:22Z</time><speed>17.760</speed><sat>18</sat></trkpt>
  <trkpt lat="15.49574549" lon="73.85636679"><ele>-78.633</ele><time>2026-09-25T13:13:23Z</time><speed>17.950</speed><sat>15</sat></trkpt>
  <trkpt lat="15.49571109" lon="73.85620265"><ele>-78.585</ele><time>2026-09-25T13:13:24Z</time><speed>17.970</speed><sat>21</sat></trkpt>
  <trkpt lat="15.49568671" lon="73.85603772"><ele>-80.804</ele><time>2026-09-25T13:13:25Z</time><speed>17.950</speed><sat>17</sat></trkpt>
  <trkpt lat="15.49564995" lon="73.85587627"><ele>-80.629</ele><time>2026-09-25T13:13:26Z</time><speed>18.050</speed><sat>18</sat></trkpt>
  <trkpt lat="15.49560711" lon="73.85571258"><ele>-80.744</ele><time>2026-09-25T13:13:27Z</time><speed>18.090</speed><sat>18</sat></trkpt>
  <trkpt lat="15.49557477" lon="73.85554819"><ele>-80.639</ele><time>2026-09-25T13:13:28Z</time><speed>18.160</speed><sat>18</sat></trkpt>
  <trkpt lat="15.49553635" lon="73.85538355"><ele>-80.624</ele><time>2026-09-25T13:13:29Z</time><speed>18.160</speed><sat>18</sat></trkpt>
  <trkpt lat="15.49549869" lon="73.85520952"><ele>-82.932</ele><time>2026-09-25T13:13:30Z</time><speed>18.080</speed><sat>12</sat></trkpt>
  <trkpt lat="15.49545975" lon="73.85504580"><ele>-83.198</ele><time>2026-09-25T13:13:31Z</time><speed>18.080</speed><sat>12</sat></trkpt>
  <trkpt lat="15.49543164" lon="73.85486508"><ele>-85.014</ele><time>2026-09-25T13:13:32Z</time><speed>18.500</speed><sat>16</sat></trkpt>
  <trkpt lat="15.49539887" lon="73.85468190"><ele>-86.112</ele><time>2026-09-25T13:13:33Z</time><speed>18.630</speed><sat>17</sat></trkpt>
  <trkpt lat="15.49536637" lon="73.85451794"><ele>-85.996</ele><time>2026-09-25T13:13:34Z</time><speed>18.660</speed><sat>15</sat></trkpt>
  <trkpt lat="15.49533337" lon="73.85434988"><ele>-85.586</ele><time>2026-09-25T13:13:35Z</time><speed>18.720</speed><sat>17</sat></trkpt>
  <trkpt lat="15.49528258" lon="73.85418473"><ele>-85.544</ele><time>2026-09-25T13:13:36Z</time><speed>18.330</speed><sat>16</sat></trkpt>
  <trkpt lat="15.49524259" lon="73.85401810"><ele>-85.461</ele><time>2026-09-25T13:13:37Z</time><speed>18.400</speed><sat>16</sat></trkpt>
  <trkpt lat="15.49520890" lon="73.85385568"><ele>-85.605</ele><time>2026-09-25T13:13:38Z</time><speed>18.080</speed><sat>15</sat></trkpt>
  <trkpt lat="15.49517093" lon="73.85369070"><ele>-85.468</ele><time>2026-09-25T13:13:39Z</time><speed>18.170</speed><sat>15</sat></trkpt>
  <trkpt lat="15.49512881" lon="73.85352903"><ele>-85.123</ele><time>2026-09-25T13:13:40Z</time><speed>18.260</speed><sat>14</sat></trkpt>
  <trkpt lat="15.49507836" lon="73.85335735"><ele>-85.369</ele><time>2026-09-25T13:13:41Z</time><speed>18.350</speed><sat>20</sat></trkpt>
  <trkpt lat="15.49503866" lon="73.85319774"><ele>-84.880</ele><time>2026-09-25T13:13:42Z</time><speed>17.720</speed><sat>19</sat></trkpt>
  <trkpt lat="15.49500457" lon="73.85303059"><ele>-83.917</ele><time>2026-09-25T13:13:43Z</time><speed>18.100</speed><sat>21</sat></trkpt>
  <trkpt lat="15.49496791" lon="73.85286643"><ele>-83.816</ele><time>2026-09-25T13:13:44Z</time><speed>18.070</speed><sat>21</sat></trkpt>
  <trkpt lat="15.49493115" lon="73.85269130"><ele>-84.365</ele><time>2026-09-25T13:13:45Z</time><speed>18.330</speed><sat>18</sat></trkpt>
  <trkpt lat="15.49488042" lon="73.85253302"><ele>-84.389</ele><time>2026-09-25T13:13:46Z</time><speed>17.910</speed><sat>17</sat></trkpt>
  <trkpt lat="15.49483113" lon="73.85236991"><ele>-84.326</ele><time>2026-09-25T13:13:47Z</time><speed>18.220</speed><sat>15</sat></trkpt>
  <trkpt lat="15.49477847" lon="73.85221617"><ele>-83.905</ele><time>2026-09-25T13:13:48Z</time><speed>17.430</speed><sat>15</sat></trkpt>
  <trkpt lat="15.49472364" lon="73.85206682"><ele>-82.834</ele><time>2026-09-25T13:13:49Z</time><speed>18.010</speed><sat>18</sat></trkpt>
  <trkpt lat="15.49465729" lon="73.85190781"><ele>-83.147</ele><time>2026-09-25T13:13:50Z</time><speed>17.650</speed><sat>17</sat></trkpt>
  <trkpt lat="15.49459820" lon="73.85175268"><ele>-83.025</ele><time>2026-09-25T13:13:51Z</time><speed>17.870</speed><sat>19</sat></trkpt>
  <trkpt lat="15.49453511" lon="73.85160097"><ele>-82.895</ele><time>2026-09-25T13:13:52Z</time><speed>17.750</speed><sat>16</sat></trkpt>
  <trkpt lat="15.49447227" lon="73.85145356"><ele>-82.593</ele><time>2026-09-25T13:13:53Z</time><speed>17.610</speed><sat>19</sat></trkpt>
  <trkpt lat="15.49440930" lon="73.85130238"><ele>-82.434</ele><time>2026-09-25T13:13:54Z</time><speed>17.640</speed><sat>19</sat></trkpt>
  <trkpt lat="15.49434585" lon="73.85114689"><ele>-81.848</ele><time>2026-09-25T13:13:55Z</time><speed>18.090</speed><sat>21</sat></trkpt>
  <trkpt lat="15.49427884" lon="73.85099163"><ele>-81.858</ele><time>2026-09-25T13:13:56Z</time><speed>18.040</speed><sat>16</sat></trkpt>
  <trkpt lat="15.49421388" lon="73.85083482"><ele>-81.581</ele><time>2026-09-25T13:13:57Z</time><speed>17.430</speed><sat>16</sat></trkpt>
  <trkpt lat="15.49413571" lon="73.85067692"><ele>-82.086</ele><time>2026-09-25T13:13:58Z</time><speed>18.250</speed><sat>14</sat></trkpt>
  <trkpt lat="15.49407273" lon="73.85052996"><ele>-82.235</ele><time>2026-09-25T13:13:59Z</time><speed>18.190</speed><sat>14</sat></trkpt>
  <trkpt lat="15.49400129" lon="73.85038041"><ele>-81.887</ele><time>2026-09-25T13:14:00Z</time><speed>18.170</speed><sat>15</sat></trkpt>
  <trkpt lat="15.49393545" lon="73.85022950"><ele>-81.495</ele><time>2026-09-25T13:14:01Z</time><speed>18.130</speed><sat>16</sat></trkpt>
  <trkpt lat="15.49386465" lon="73.85007617"><ele>-81.123</ele><time>2026-09-25T13:14:02Z</time><speed>17.980</speed><sat>17</sat></trkpt>
  <trkpt lat="15.49379341" lon="73.84992548"><ele>-81.103</ele><time>2026-09-25T13:14:03Z</time><speed>17.980</speed><sat>17</sat></trkpt>
  <trkpt lat="15.49370156" lon="73.84977304"><ele>-80.200</ele><time>2026-09-25T13:14:04Z</time><speed>18.040</speed><sat>16</sat></trkpt>
  <trkpt lat="15.49364387" lon="73.84962725"><ele>-81.290</ele><time>2026-09-25T13:14:05Z</time><speed>18.050</speed><sat>14</sat></trkpt>
  <trkpt lat="15.49357331" lon="73.84947483"><ele>-81.785</ele><time>2026-09-25T13:14:06Z</time><speed>18.130</speed><sat>16</sat></trkpt>
  <trkpt lat="15.49350194" lon="73.84933340"><ele>-81.918</ele><time>2026-09-25T13:14:07Z</time><speed>18.010</speed><sat>17</sat></trkpt>
  <trkpt lat="15.49343837" lon="73.84918085"><ele>-82.716</ele><time>2026-09-25T13:14:08Z</time><speed>17.850</speed><sat>14</sat></trkpt>
  <trkpt lat="15.49336368" lon="73.84903246"><ele>-81.686</ele><time>2026-09-25T13:14:09Z</time><speed>17.630</speed><sat>18</sat></trkpt>
  <trkpt lat="15.49329845" lon="73.84887333"><ele>-83.827</ele><time>2026-09-25T13:14:10Z</time><speed>17.240</speed><sat>15</sat></trkpt>
  <trkpt lat="15.49323707" lon="73.84873239"><ele>-83.418</ele><time>2026-09-25T13:14:11Z</time><speed>16.880</speed><sat>15</sat></trkpt>
  <trkpt lat="15.49317711" lon="73.84859284"><ele>-84.602</ele><time>2026-09-25T13:14:12Z</time><speed>16.360</speed><sat>13</sat></trkpt>
  <trkpt lat="15.49311681" lon="73.84845354"><ele>-84.816</ele><time>2026-09-25T13:14:13Z</time><speed>16.360</speed><sat>13</sat></trkpt>
  <trkpt lat="15.49304466" lon="73.84832471"><ele>-83.938</ele><time>2026-09-25T13:14:14Z</time><speed>16.270</speed><sat>14</sat></trkpt>
  <trkpt lat="15.49297961" lon="73.84818980"><ele>-84.115</ele><time>2026-09-25T13:14:15Z</time><speed>16.130</speed><sat>18</sat></trkpt>
  <trkpt lat="15.49290664" lon="73.84805560"><ele>-83.585</ele><time>2026-09-25T13:14:16Z</time><speed>16.040</speed><sat>18</sat></trkpt>
  <trkpt lat="15.49284750" lon="73.84792057"><ele>-84.766</ele><time>2026-09-25T13:14:17Z</time><speed>16.210</speed><sat>17</sat></trkpt>
  <trkpt lat="15.49278000" lon="73.84778843"><ele>-83.352</ele><time>2026-09-25T13:14:18Z</time><speed>16.190</speed><sat>16</sat></trkpt>
  <trkpt lat="15.49271611" lon="73.84765527"><ele>-83.845</ele><time>2026-09-25T13:14:19Z</time><speed>16.090</speed><sat>13</sat></trkpt>
  <trkpt lat="15.49266125" lon="73.84752535"><ele>-84.022</ele><time>2026-09-25T13:14:20Z</time><speed>15.910</speed><sat>17</sat></trkpt>
  <trkpt lat="15.49260457" lon="73.84739412"><ele>-84.449</ele><time>2026-09-25T13:14:21Z</time><speed>15.980</speed><sat>16</sat></trkpt>
  <trkpt lat="15.49253956" lon="73.84726240"><ele>-84.936</ele><time>2026-09-25T13:14:22Z</time><speed>15.790</speed><sat>19</sat></trkpt>
  <trkpt lat="15.49247959" lon="73.84712888"><ele>-84.692</ele><time>2026-09-25T13:14:23Z</time><speed>15.780</speed><sat>19</sat></trkpt>
  <trkpt lat="15.49242278" lon="73.84699749"><ele>-85.097</ele><time>2026-09-25T13:14:24Z</time><speed>15.730</speed><sat>19</sat></trkpt>
  <trkpt lat="15.49236360" lon="73.84686412"><ele>-84.884</ele><time>2026-09-25T13:14:25Z</time><speed>15.730</speed><sat>19</sat></trkpt>
  <trkpt lat="15.49230922" lon="73.84672841"><ele>-84.329</ele><time>2026-09-25T13:14:26Z</time><speed>15.650</speed><sat>19</sat></trkpt>
  <trkpt lat="15.49225735" lon="73.84659623"><ele>-83.543</ele><time>2026-09-25T13:14:27Z</time><speed>15.580</speed><sat>14</sat></trkpt>
  <trkpt lat="15.49220499" lon="73.84647618"><ele>-81.640</ele><time>2026-09-25T13:14:28Z</time><speed>15.390</speed><sat>15</sat></trkpt>
  <trkpt lat="15.49214971" lon="73.84634452"><ele>-81.366</ele><time>2026-09-25T13:14:29Z</time><speed>15.390</speed><sat>15</sat></trkpt>
  <trkpt lat="15.49209088" lon="73.84620949"><ele>-81.159</ele><time>2026-09-25T13:14:30Z</time><speed>14.980</speed><sat>17</sat></trkpt>
  <trkpt lat="15.49203121" lon="73.84607851"><ele>-81.685</ele><time>2026-09-25T13:14:31Z</time><speed>15.160</speed><sat>18</sat></trkpt>
  <trkpt lat="15.49197249" lon="73.84595094"><ele>-82.269</ele><time>2026-09-25T13:14:32Z</time><speed>14.990</speed><sat>20</sat></trkpt>
  <trkpt lat="15.49191415" lon="73.84582205"><ele>-81.854</ele><time>2026-09-25T13:14:33Z</time><speed>15.210</speed><sat>18</sat></trkpt>
  <trkpt lat="15.49185855" lon="73.84569075"><ele>-81.724</ele><time>2026-09-25T13:14:34Z</time><speed>15.180</speed><sat>21</sat></trkpt>
  <trkpt lat="15.49180301" lon="73.84554867"><ele>-82.041</ele><time>2026-09-25T13:14:35Z</time><speed>15.230</speed><sat>17</sat></trkpt>
  <trkpt lat="15.49174660" lon="73.84541915"><ele>-81.909</ele><time>2026-09-25T13:14:36Z</time><speed>15.230</speed><sat>17</sat></trkpt>
  <trkpt lat="15.49169087" lon="73.84530756"><ele>-81.067</ele><time>2026-09-25T13:14:37Z</time><speed>14.910</speed><sat>17</sat></trkpt>
  <trkpt lat="15.49163423" lon="73.84518153"><ele>-80.696</ele><time>2026-09-25T13:14:38Z</time><speed>14.900</speed><sat>17</sat></trkpt>
  <trkpt lat="15.49158246" lon="73.84504852"><ele>-80.850</ele><time>2026-09-25T13:14:39Z</time><speed>15.050</speed><sat>15</sat></trkpt>
  <trkpt lat="15.49152456" lon="73.84492143"><ele>-80.975</ele><time>2026-09-25T13:14:40Z</time><speed>14.760</speed><sat>18</sat></trkpt>
  <trkpt lat="15.49147528" lon="73.84479731"><ele>-80.368</ele><time>2026-09-25T13:14:41Z</time><speed>14.740</speed><sat>18</sat></trkpt>
  <trkpt lat="15.49142369" lon="73.84464651"><ele>-81.116</ele><time>2026-09-25T13:14:42Z</time><speed>14.860</speed><sat>21</sat></trkpt>
  <trkpt lat="15.49138841" lon="73.84451417"><ele>-81.525</ele><time>2026-09-25T13:14:43Z</time><speed>14.250</speed><sat>15</sat></trkpt>
  <trkpt lat="15.49136447" lon="73.84438442"><ele>-79.210</ele><time>2026-09-25T13:14:44Z</time><speed>14.220</speed><sat>17</sat></trkpt>
  <trkpt lat="15.49134571" lon="73.84425132"><ele>-78.420</ele><time>2026-09-25T13:14:45Z</time><speed>14.350</speed><sat>18</sat></trkpt>
  <trkpt lat="15.49134146" lon="73.84411493"><ele>-77.662</ele><time>2026-09-25T13:14:46Z</time><speed>14.360</speed><sat>18</sat></trkpt>
  <trkpt lat="15.49134356" lon="73.84397490"><ele>-77.045</ele><time>2026-09-25T13:14:47Z</time><speed>14.610</speed><sat>19</sat></trkpt>
  <trkpt lat="15.49136485" lon="73.84384229"><ele>-76.529</ele><time>2026-09-25T13:14:48Z</time><speed>14.100</speed><sat>19</sat></trkpt>
  <trkpt lat="15.49137902" lon="73.84370635"><ele>-74.693</ele><time>2026-09-25T13:14:49Z</time><speed>13.940</speed><sat>18</sat></trkpt>
  <trkpt lat="15.49141144" lon="73.84357955"><ele>-75.519</ele><time>2026-09-25T13:14:50Z</time><speed>13.710</speed><sat>22</sat></trkpt>
  <trkpt lat="15.49145070" lon="73.84346390"><ele>-74.804</ele><time>2026-09-25T13:14:51Z</time><speed>13.200</speed><sat>19</sat></trkpt>
  <trkpt lat="15.49150123" lon="73.84335060"><ele>-74.404</ele><time>2026-09-25T13:14:52Z</time><speed>12.550</speed><sat>20</sat></trkpt>
  <trkpt lat="15.49154032" lon="73.84324695"><ele>-74.938</ele><time>2026-09-25T13:14:53Z</time><speed>11.840</speed><sat>23</sat></trkpt>
  <trkpt lat="15.49159514" lon="73.84314403"><ele>-75.202</ele><time>2026-09-25T13:14:54Z</time><speed>11.860</speed><sat>19</sat></trkpt>
  <trkpt lat="15.49164930" lon="73.84305535"><ele>-75.675</ele><time>2026-09-25T13:14:55Z</time><speed>11.580</speed><sat>18</sat></trkpt>
  <trkpt lat="15.49171392" lon="73.84296588"><ele>-75.561</ele><time>2026-09-25T13:14:56Z</time><speed>11.560</speed><sat>18</sat></trkpt>
  <trkpt lat="15.49177886" lon="73.84288107"><ele>-75.471</ele><time>2026-09-25T13:14:57Z</time><speed>11.500</speed><sat>19</sat></trkpt>
  <trkpt lat="15.49184591" lon="73.84278759"><ele>-76.513</ele><time>2026-09-25T13:14:58Z</time><speed>11.350</speed><sat>15</sat></trkpt>
  <trkpt lat="15.49190818" lon="73.84268812"><ele>-76.472</ele><time>2026-09-25T13:14:59Z</time><speed>11.380</speed><sat>21</sat></trkpt>
  <trkpt lat="15.49197047" lon="73.84260121"><ele>-76.779</ele><time>2026-09-25T13:15:00Z</time><speed>11.540</speed><sat>18</sat></trkpt>
  <trkpt lat="15.49203463" lon="73.84251948"><ele>-76.666</ele><time>2026-09-25T13:15:01Z</time><speed>11.190</speed><sat>15</sat></trkpt>
  <trkpt lat="15.49209412" lon="73.84243467"><ele>-77.111</ele><time>2026-09-25T13:15:02Z</time><speed>11.380</speed><sat>20</sat></trkpt>
  <trkpt lat="15.49215273" lon="73.84235170"><ele>-77.080</ele><time>2026-09-25T13:15:03Z</time><speed>11.140</speed><sat>22</sat></trkpt>
  <trkpt lat="15.49220023" lon="73.84227494"><ele>-78.237</ele><time>2026-09-25T13:15:04Z</time><speed>11.410</speed><sat>18</sat></trkpt>
  <trkpt lat="15.49225154" lon="73.84218881"><ele>-78.671</ele><time>2026-09-25T13:15:05Z</time><speed>11.310</speed><sat>19</sat></trkpt>
  <trkpt lat="15.49230816" lon="73.84209645"><ele>-79.152</ele><time>2026-09-25T13:15:06Z</time><speed>11.420</speed><sat>20</sat></trkpt>
  <trkpt lat="15.49237483" lon="73.84200105"><ele>-80.233</ele><time>2026-09-25T13:15:07Z</time><speed>11.040</speed><sat>19</sat></trkpt>
  <trkpt lat="15.49243492" lon="73.84191765"><ele>-80.043</ele><time>2026-09-25T13:15:08Z</time><speed>11.090</speed><sat>18</sat></trkpt>
  <trkpt lat="15.49249358" lon="73.84183394"><ele>-79.710</ele><time>2026-09-25T13:15:09Z</time><speed>11.200</speed><sat>20</sat></trkpt>
  <trkpt lat="15.49255977" lon="73.84173556"><ele>-79.767</ele><time>2026-09-25T13:15:10Z</time><speed>11.530</speed><sat>20</sat></trkpt>
  <trkpt lat="15.49261917" lon="73.84165013"><ele>-79.907</ele><time>2026-09-25T13:15:11Z</time><speed>11.460</speed><sat>17</sat></trkpt>
  <trkpt lat="15.49268264" lon="73.84155089"><ele>-79.058</ele><time>2026-09-25T13:15:12Z</time><speed>12.660</speed><sat>19</sat></trkpt>
  <trkpt lat="15.49275146" lon="73.84144415"><ele>-78.672</ele><time>2026-09-25T13:15:13Z</time><speed>12.800</speed><sat>16</sat></trkpt>
  <trkpt lat="15.49281403" lon="73.84134450"><ele>-77.764</ele><time>2026-09-25T13:15:14Z</time><speed>12.930</speed><sat>18</sat></trkpt>
  <trkpt lat="15.49287936" lon="73.84124101"><ele>-78.447</ele><time>2026-09-25T13:15:15Z</time><speed>13.650</speed><sat>21</sat></trkpt>
  <trkpt lat="15.49295695" lon="73.84111827"><ele>-77.911</ele><time>2026-09-25T13:15:16Z</time><speed>14.240</speed><sat>20</sat></trkpt>
  <trkpt lat="15.49303817" lon="73.84100379"><ele>-77.559</ele><time>2026-09-25T13:15:17Z</time><speed>14.290</speed><sat>15</sat></trkpt>
  <trkpt lat="15.49310770" lon="73.84088431"><ele>-77.243</ele><time>2026-09-25T13:15:18Z</time><speed>14.270</speed><sat>19</sat></trkpt>
  <trkpt lat="15.49318123" lon="73.84077299"><ele>-76.708</ele><time>2026-09-25T13:15:19Z</time><speed>14.370</speed><sat>13</sat></trkpt>
  <trkpt lat="15.49325352" lon="73.84066031"><ele>-76.726</ele><time>2026-09-25T13:15:20Z</time><speed>14.440</speed><sat>17</sat></trkpt>
  <trkpt lat="15.49332259" lon="73.84055262"><ele>-75.831</ele><time>2026-09-25T13:15:21Z</time><speed>14.210</speed><sat>19</sat></trkpt>
  <trkpt lat="15.49339571" lon="73.84045053"><ele>-74.734</ele><time>2026-09-25T13:15:22Z</time><speed>14.480</speed><sat>20</sat></trkpt>
  <trkpt lat="15.49346706" lon="73.84034727"><ele>-74.078</ele><time>2026-09-25T13:15:23Z</time><speed>14.320</speed><sat>18</sat></trkpt>
  <trkpt lat="15.49353829" lon="73.84024777"><ele>-73.837</ele><time>2026-09-25T13:15:24Z</time><speed>14.290</speed><sat>19</sat></trkpt>
  <trkpt lat="15.49361088" lon="73.84014239"><ele>-73.819</ele><time>2026-09-25T13:15:25Z</time><speed>14.310</speed><sat>17</sat></trkpt>
  <trkpt lat="15.49368844" lon="73.84003729"><ele>-73.628</ele><time>2026-09-25T13:15:26Z</time><speed>14.340</speed><sat>17</sat></trkpt>
  <trkpt lat="15.49377224" lon="73.83993237"><ele>-71.599</ele><time>2026-09-25T13:15:27Z</time><speed>14.390</speed><sat>18</sat></trkpt>
  <trkpt lat="15.49384815" lon="73.83982679"><ele>-71.379</ele><time>2026-09-25T13:15:28Z</time><speed>14.690</speed><sat>14</sat></trkpt>
  <trkpt lat="15.49392187" lon="73.83971219"><ele>-71.114</ele><time>2026-09-25T13:15:29Z</time><speed>14.700</speed><sat>15</sat></trkpt>
  <trkpt lat="15.49399657" lon="73.83959899"><ele>-71.049</ele><time>2026-09-25T13:15:30Z</time><speed>14.680</speed><sat>15</sat></trkpt>
  <trkpt lat="15.49406587" lon="73.83950015"><ele>-70.915</ele><time>2026-09-25T13:15:31Z</time><speed>14.240</speed><sat>14</sat></trkpt>
  <trkpt lat="15.49413970" lon="73.83938677"><ele>-70.324</ele><time>2026-09-25T13:15:32Z</time><speed>14.310</speed><sat>11</sat></trkpt>
  <trkpt lat="15.49421301" lon="73.83927701"><ele>-70.254</ele><time>2026-09-25T13:15:33Z</time><speed>14.300</speed><sat>11</sat></trkpt>
  <trkpt lat="15.49427858" lon="73.83916639"><ele>-69.943</ele><time>2026-09-25T13:15:34Z</time><speed>14.030</speed><sat>12</sat></trkpt>
  <trkpt lat="15.49435210" lon="73.83905346"><ele>-70.271</ele><time>2026-09-25T13:15:35Z</time><speed>14.130</speed><sat>14</sat></trkpt>
  <trkpt lat="15.49442374" lon="73.83894461"><ele>-70.249</ele><time>2026-09-25T13:15:36Z</time><speed>14.110</speed><sat>14</sat></trkpt>
  <trkpt lat="15.49451036" lon="73.83884553"><ele>-69.195</ele><time>2026-09-25T13:15:37Z</time><speed>13.600</speed><sat>16</sat></trkpt>
  <trkpt lat="15.49459282" lon="73.83873469"><ele>-69.370</ele><time>2026-09-25T13:15:38Z</time><speed>14.420</speed><sat>24</sat></trkpt>
  <trkpt lat="15.49468301" lon="73.83863378"><ele>-67.519</ele><time>2026-09-25T13:15:39Z</time><speed>14.300</speed><sat>26</sat></trkpt>
  <trkpt lat="15.49477333" lon="73.83854405"><ele>-66.379</ele><time>2026-09-25T13:15:40Z</time><speed>14.190</speed><sat>26</sat></trkpt>
  <trkpt lat="15.49485988" lon="73.83847049"><ele>-65.673</ele><time>2026-09-25T13:15:41Z</time><speed>14.170</speed><sat>31</sat></trkpt>
  <trkpt lat="15.49495731" lon="73.83837156"><ele>-64.410</ele><time>2026-09-25T13:15:42Z</time><speed>14.490</speed><sat>33</sat></trkpt>
  <trkpt lat="15.49505901" lon="73.83827412"><ele>-65.123</ele><time>2026-09-25T13:15:43Z</time><speed>14.720</speed><sat>33</sat></trkpt>
  <trkpt lat="15.49516099" lon="73.83818822"><ele>-64.874</ele><time>2026-09-25T13:15:44Z</time><speed>15.150</speed><sat>33</sat></trkpt>
  <trkpt lat="15.49526306" lon="73.83810010"><ele>-64.467</ele><time>2026-09-25T13:15:45Z</time><speed>14.620</speed><sat>33</sat></trkpt>
  <trkpt lat="15.49536880" lon="73.83801955"><ele>-64.901</ele><time>2026-09-25T13:15:46Z</time><speed>14.870</speed><sat>32</sat></trkpt>
  <trkpt lat="15.49547507" lon="73.83794531"><ele>-65.051</ele><time>2026-09-25T13:15:47Z</time><speed>14.900</speed><sat>32</sat></trkpt>
  <trkpt lat="15.49558621" lon="73.83787105"><ele>-65.185</ele><time>2026-09-25T13:15:48Z</time><speed>14.740</speed><sat>32</sat></trkpt>
  <trkpt lat="15.49569386" lon="73.83779490"><ele>-66.263</ele><time>2026-09-25T13:15:49Z</time><speed>14.700</speed><sat>32</sat></trkpt>
  <trkpt lat="15.49580282" lon="73.83771622"><ele>-66.405</ele><time>2026-09-25T13:15:50Z</time><speed>14.840</speed><sat>33</sat></trkpt>
  <trkpt lat="15.49591503" lon="73.83763927"><ele>-66.732</ele><time>2026-09-25T13:15:51Z</time><speed>15.240</speed><sat>32</sat></trkpt>
  <trkpt lat="15.49603072" lon="73.83758878"><ele>-66.500</ele><time>2026-09-25T13:15:52Z</time><speed>14.680</speed><sat>32</sat></trkpt>
  <trkpt lat="15.49616367" lon="73.83753576"><ele>-67.148</ele><time>2026-09-25T13:15:53Z</time><speed>15.040</speed><sat>32</sat></trkpt>
  <trkpt lat="15.49629402" lon="73.83749267"><ele>-67.605</ele><time>2026-09-25T13:15:54Z</time><speed>14.770</speed><sat>32</sat></trkpt>
  <trkpt lat="15.49643129" lon="73.83744655"><ele>-69.467</ele><time>2026-09-25T13:15:55Z</time><speed>14.920</speed><sat>29</sat></trkpt>
  <trkpt lat="15.49654752" lon="73.83741223"><ele>-69.698</ele><time>2026-09-25T13:15:56Z</time><speed>14.130</speed><sat>29</sat></trkpt>
  <trkpt lat="15.49666927" lon="73.83738798"><ele>-70.639</ele><time>2026-09-25T13:15:57Z</time><speed>13.640</speed><sat>28</sat></trkpt>
  <trkpt lat="15.49679185" lon="73.83736873"><ele>-70.669</ele><time>2026-09-25T13:15:58Z</time><speed>14.040</speed><sat>30</sat></trkpt>
  <trkpt lat="15.49692189" lon="73.83734909"><ele>-70.927</ele><time>2026-09-25T13:15:59Z</time><speed>14.100</speed><sat>30</sat></trkpt>
  <trkpt lat="15.49704285" lon="73.83732988"><ele>-70.943</ele><time>2026-09-25T13:16:00Z</time><speed>13.960</speed><sat>32</sat></trkpt>
  <trkpt lat="15.49715261" lon="73.83732718"><ele>-71.659</ele><time>2026-09-25T13:16:01Z</time><speed>12.650</speed><sat>33</sat></trkpt>
  <trkpt lat="15.49727551" lon="73.83730525"><ele>-71.958</ele><time>2026-09-25T13:16:02Z</time><speed>13.410</speed><sat>32</sat></trkpt>
  <trkpt lat="15.49739729" lon="73.83730073"><ele>-73.034</ele><time>2026-09-25T13:16:03Z</time><speed>13.300</speed><sat>31</sat></trkpt>
  <trkpt lat="15.49749698" lon="73.83728251"><ele>-74.431</ele><time>2026-09-25T13:16:04Z</time><speed>13.050</speed><sat>29</sat></trkpt>
  <trkpt lat="15.49761539" lon="73.83727267"><ele>-74.951</ele><time>2026-09-25T13:16:05Z</time><speed>13.090</speed><sat>29</sat></trkpt>
  <trkpt lat="15.49772790" lon="73.83726660"><ele>-75.436</ele><time>2026-09-25T13:16:06Z</time><speed>12.950</speed><sat>29</sat></trkpt>
  <trkpt lat="15.49785918" lon="73.83725636"><ele>-75.274</ele><time>2026-09-25T13:16:07Z</time><speed>13.320</speed><sat>29</sat></trkpt>
  <trkpt lat="15.49797888" lon="73.83724981"><ele>-74.617</ele><time>2026-09-25T13:16:08Z</time><speed>13.030</speed><sat>26</sat></trkpt>
  <trkpt lat="15.49805240" lon="73.83724443"><ele>-74.244</ele><time>2026-09-25T13:16:09Z</time><speed>11.790</speed><sat>24</sat></trkpt>
  <trkpt lat="15.49814315" lon="73.83723746"><ele>-74.086</ele><time>2026-09-25T13:16:10Z</time><speed>10.440</speed><sat>23</sat></trkpt>
  <trkpt lat="15.49823714" lon="73.83722651"><ele>-73.457</ele><time>2026-09-25T13:16:11Z</time><speed>9.500</speed><sat>19</sat></trkpt>
  <trkpt lat="15.49832717" lon="73.83721754"><ele>-73.191</ele><time>2026-09-25T13:16:12Z</time><speed>9.420</speed><sat>18</sat></trkpt>
  <trkpt lat="15.49840463" lon="73.83721109"><ele>-74.265</ele><time>2026-09-25T13:16:13Z</time><speed>8.610</speed><sat>19</sat></trkpt>
  <trkpt lat="15.49842947" lon="73.83718052"><ele>-73.885</ele><time>2026-09-25T13:16:14Z</time><speed>5.300</speed><sat>23</sat></trkpt>
  <trkpt lat="15.49845746" lon="73.83717743"><ele>-74.927</ele><time>2026-09-25T13:16:15Z</time><speed>4.040</speed><sat>26</sat></trkpt>
  <trkpt lat="15.49847999" lon="73.83717219"><ele>-76.109</ele><time>2026-09-25T13:16:16Z</time><speed>3.150</speed><sat>27</sat></trkpt>
  <trkpt lat="15.49849871" lon="73.83716197"><ele>-76.733</ele><time>2026-09-25T13:16:17Z</time><speed>2.600</speed><sat>26</sat></trkpt>
  <trkpt lat="15.49852090" lon="73.83715254"><ele>-77.241</ele><time>2026-09-25T13:16:18Z</time><speed>2.460</speed><sat>26</sat></trkpt>
  <trkpt lat="15.49855025" lon="73.83714033"><ele>-76.374</ele><time>2026-09-25T13:16:19Z</time><speed>2.280</speed><sat>26</sat></trkpt>
  <trkpt lat="15.49855306" lon="73.83712446"><ele>-76.622</ele><time>2026-09-25T13:16:20Z</time><speed>1.730</speed><sat>24</sat></trkpt>
  <trkpt lat="15.49857249" lon="73.83711441"><ele>-76.560</ele><time>2026-09-25T13:16:21Z</time><speed>1.480</speed><sat>25</sat></trkpt>
  <trkpt lat="15.49858460" lon="73.83708248"><ele>-75.675</ele><time>2026-09-25T13:16:22Z</time><speed>2.750</speed><sat>25</sat></trkpt>
  <trkpt lat="15.49859806" lon="73.83705583"><ele>-74.732</ele><time>2026-09-25T13:16:23Z</time><speed>2.660</speed><sat>26</sat></trkpt>
  <trkpt lat="15.49859980" lon="73.83702926"><ele>-74.639</ele><time>2026-09-25T13:16:24Z</time><speed>2.700</speed><sat>27</sat></trkpt>
  <trkpt lat="15.49859202" lon="73.83697972"><ele>-74.753</ele><time>2026-09-25T13:16:25Z</time><speed>4.930</speed><sat>26</sat></trkpt>
  <trkpt lat="15.49858119" lon="73.83693048"><ele>-75.419</ele><time>2026-09-25T13:16:26Z</time><speed>4.960</speed><sat>28</sat></trkpt>
  <trkpt lat="15.49854402" lon="73.83687508"><ele>-75.043</ele><time>2026-09-25T13:16:27Z</time><speed>5.480</speed><sat>28</sat></trkpt>
  <trkpt lat="15.49852388" lon="73.83682518"><ele>-74.883</ele><time>2026-09-25T13:16:28Z</time><speed>5.910</speed><sat>26</sat></trkpt>
  <trkpt lat="15.49850114" lon="73.83676700"><ele>-74.545</ele><time>2026-09-25T13:16:29Z</time><speed>6.640</speed><sat>26</sat></trkpt>
  <trkpt lat="15.49846691" lon="73.83670457"><ele>-74.354</ele><time>2026-09-25T13:16:30Z</time><speed>7.520</speed><sat>26</sat></trkpt>
  <trkpt lat="15.49842798" lon="73.83663827"><ele>-74.060</ele><time>2026-09-25T13:16:31Z</time><speed>8.230</speed><sat>27</sat></trkpt>
  <trkpt lat="15.49839417" lon="73.83657373"><ele>-74.020</ele><time>2026-09-25T13:16:32Z</time><speed>8.310</speed><sat>27</sat></trkpt>
  <trkpt lat="15.49835568" lon="73.83651476"><ele>-72.990</ele><time>2026-09-25T13:16:33Z</time><speed>8.210</speed><sat>25</sat></trkpt>
  <trkpt lat="15.49832630" lon="73.83644451"><ele>-72.709</ele><time>2026-09-25T13:16:34Z</time><speed>8.020</speed><sat>28</sat></trkpt>
  <trkpt lat="15.49829086" lon="73.83638399"><ele>-72.208</ele><time>2026-09-25T13:16:35Z</time><speed>7.600</speed><sat>27</sat></trkpt>
  <trkpt lat="15.49825617" lon="73.83631530"><ele>-72.226</ele><time>2026-09-25T13:16:36Z</time><speed>7.650</speed><sat>28</sat></trkpt>
  <trkpt lat="15.49822175" lon="73.83625302"><ele>-72.370</ele><time>2026-09-25T13:16:37Z</time><speed>7.520</speed><sat>28</sat></trkpt>
  <trkpt lat="15.49819095" lon="73.83619325"><ele>-72.077</ele><time>2026-09-25T13:16:38Z</time><speed>7.580</speed><sat>28</sat></trkpt>
  <trkpt lat="15.49814662" lon="73.83613765"><ele>-72.475</ele><time>2026-09-25T13:16:39Z</time><speed>7.430</speed><sat>29</sat></trkpt>
  <trkpt lat="15.49807713" lon="73.83609598"><ele>-73.563</ele><time>2026-09-25T13:16:40Z</time><speed>7.560</speed><sat>28</sat></trkpt>
  <trkpt lat="15.49800254" lon="73.83606225"><ele>-73.974</ele><time>2026-09-25T13:16:41Z</time><speed>8.090</speed><sat>29</sat></trkpt>
  <trkpt lat="15.49790162" lon="73.83605615"><ele>-75.149</ele><time>2026-09-25T13:16:42Z</time><speed>8.410</speed><sat>30</sat></trkpt>
  <trkpt lat="15.49780525" lon="73.83606127"><ele>-75.743</ele><time>2026-09-25T13:16:43Z</time><speed>9.010</speed><sat>30</sat></trkpt>
  <trkpt lat="15.49770436" lon="73.83606941"><ele>-77.157</ele><time>2026-09-25T13:16:44Z</time><speed>9.310</speed><sat>30</sat></trkpt>
  <trkpt lat="15.49762151" lon="73.83605933"><ele>-78.022</ele><time>2026-09-25T13:16:45Z</time><speed>8.850</speed><sat>30</sat></trkpt>
  <trkpt lat="15.49751268" lon="73.83605772"><ele>-77.397</ele><time>2026-09-25T13:16:46Z</time><speed>10.320</speed><sat>30</sat></trkpt>
  <trkpt lat="15.49741243" lon="73.83605418"><ele>-76.793</ele><time>2026-09-25T13:16:47Z</time><speed>10.750</speed><sat>30</sat></trkpt>
  <trkpt lat="15.49730558" lon="73.83603690"><ele>-75.269</ele><time>2026-09-25T13:16:48Z</time><speed>11.110</speed><sat>30</sat></trkpt>
  <trkpt lat="15.49720281" lon="73.83604093"><ele>-75.480</ele><time>2026-09-25T13:16:49Z</time><speed>10.930</speed><sat>30</sat></trkpt>
  <trkpt lat="15.49709951" lon="73.83603494"><ele>-75.748</ele><time>2026-09-25T13:16:50Z</time><speed>10.930</speed><sat>30</sat></trkpt>
  <trkpt lat="15.49700176" lon="73.83604769"><ele>-74.910</ele><time>2026-09-25T13:16:51Z</time><speed>10.470</speed><sat>30</sat></trkpt>
  <trkpt lat="15.49690924" lon="73.83605183"><ele>-74.364</ele><time>2026-09-25T13:16:52Z</time><speed>9.860</speed><sat>30</sat></trkpt>
  <trkpt lat="15.49682540" lon="73.83606186"><ele>-73.565</ele><time>2026-09-25T13:16:53Z</time><speed>9.090</speed><sat>30</sat></trkpt>
  <trkpt lat="15.49673787" lon="73.83607206"><ele>-74.663</ele><time>2026-09-25T13:16:54Z</time><speed>8.990</speed><sat>31</sat></trkpt>
  <trkpt lat="15.49666920" lon="73.83611071"><ele>-74.500</ele><time>2026-09-25T13:16:55Z</time><speed>8.530</speed><sat>30</sat></trkpt>
  <trkpt lat="15.49661301" lon="73.83618929"><ele>-75.133</ele><time>2026-09-25T13:16:56Z</time><speed>8.790</speed><sat>30</sat></trkpt>
  <trkpt lat="15.49656160" lon="73.83625836"><ele>-75.617</ele><time>2026-09-25T13:16:57Z</time><speed>8.500</speed><sat>31</sat></trkpt>
  <trkpt lat="15.49652042" lon="73.83631821"><ele>-75.471</ele><time>2026-09-25T13:16:58Z</time><speed>7.920</speed><sat>31</sat></trkpt>
  <trkpt lat="15.49648100" lon="73.83638400"><ele>-74.938</ele><time>2026-09-25T13:16:59Z</time><speed>7.990</speed><sat>31</sat></trkpt>
  <trkpt lat="15.49643394" lon="73.83645399"><ele>-74.773</ele><time>2026-09-25T13:17:00Z</time><speed>8.190</speed><sat>31</sat></trkpt>
  <trkpt lat="15.49642410" lon="73.83653565"><ele>-75.708</ele><time>2026-09-25T13:17:01Z</time><speed>8.210</speed><sat>32</sat></trkpt>
  <trkpt lat="15.49642168" lon="73.83662482"><ele>-76.856</ele><time>2026-09-25T13:17:02Z</time><speed>8.400</speed><sat>31</sat></trkpt>
  <trkpt lat="15.49642827" lon="73.83670403"><ele>-76.196</ele><time>2026-09-25T13:17:03Z</time><speed>8.160</speed><sat>32</sat></trkpt>
  <trkpt lat="15.49644892" lon="73.83677946"><ele>-76.639</ele><time>2026-09-25T13:17:04Z</time><speed>7.750</speed><sat>32</sat></trkpt>
  <trkpt lat="15.49648434" lon="73.83684801"><ele>-76.218</ele><time>2026-09-25T13:17:05Z</time><speed>7.620</speed><sat>32</sat></trkpt>
  <trkpt lat="15.49650649" lon="73.83692206"><ele>-76.572</ele><time>2026-09-25T13:17:06Z</time><speed>7.290</speed><sat>32</sat></trkpt>
  <trkpt lat="15.49652951" lon="73.83698234"><ele>-77.148</ele><time>2026-09-25T13:17:07Z</time><speed>6.770</speed><sat>31</sat></trkpt>
  <trkpt lat="15.49653416" lon="73.83703636"><ele>-77.516</ele><time>2026-09-25T13:17:08Z</time><speed>5.760</speed><sat>29</sat></trkpt>
  <trkpt lat="15.49651588" lon="73.83707412"><ele>-77.233</ele><time>2026-09-25T13:17:09Z</time><speed>4.460</speed><sat>26</sat></trkpt>
  <trkpt lat="15.49649534" lon="73.83710258"><ele>-75.688</ele><time>2026-09-25T13:17:10Z</time><speed>3.110</speed><sat>26</sat></trkpt>
  <trkpt lat="15.49648268" lon="73.83713022"><ele>-75.666</ele><time>2026-09-25T13:17:11Z</time><speed>2.750</speed><sat>27</sat></trkpt>
  <trkpt lat="15.49643764" lon="73.83714992"><ele>-74.590</ele><time>2026-09-25T13:17:12Z</time><speed>4.600</speed><sat>27</sat></trkpt>
  <trkpt lat="15.49640733" lon="73.83716744"><ele>-74.046</ele><time>2026-09-25T13:17:13Z</time><speed>4.400</speed><sat>29</sat></trkpt>
  <trkpt lat="15.49637292" lon="73.83718074"><ele>-74.486</ele><time>2026-09-25T13:17:14Z</time><speed>4.640</speed><sat>29</sat></trkpt>
  <trkpt lat="15.49633177" lon="73.83718720"><ele>-74.262</ele><time>2026-09-25T13:17:15Z</time><speed>4.640</speed><sat>30</sat></trkpt>
  <trkpt lat="15.49628791" lon="73.83718930"><ele>-73.191</ele><time>2026-09-25T13:17:16Z</time><speed>4.730</speed><sat>30</sat></trkpt>
  <trkpt lat="15.49625046" lon="73.83718990"><ele>-74.074</ele><time>2026-09-25T13:17:17Z</time><speed>4.670</speed><sat>30</sat></trkpt>
  <trkpt lat="15.49621074" lon="73.83719330"><ele>-74.190</ele><time>2026-09-25T13:17:18Z</time><speed>4.590</speed><sat>29</sat></trkpt>
  <trkpt lat="15.49617307" lon="73.83719360"><ele>-74.393</ele><time>2026-09-25T13:17:19Z</time><speed>3.970</speed><sat>30</sat></trkpt>
  <trkpt lat="15.49614074" lon="73.83719325"><ele>-74.927</ele><time>2026-09-25T13:17:20Z</time><speed>3.610</speed><sat>29</sat></trkpt>
  <trkpt lat="15.49611376" lon="73.83719183"><ele>-75.110</ele><time>2026-09-25T13:17:21Z</time><speed>2.860</speed><sat>28</sat></trkpt>
  <trkpt lat="15.49609230" lon="73.83718771"><ele>-75.632</ele><time>2026-09-25T13:17:22Z</time><speed>2.400</speed><sat>22</sat></trkpt>
  <trkpt lat="15.49607846" lon="73.83718108"><ele>-75.822</ele><time>2026-09-25T13:17:23Z</time><speed>1.370</speed><sat>19</sat></trkpt>
  <trkpt lat="15.49607237" lon="73.83717463"><ele>-77.166</ele><time>2026-09-25T13:17:24Z</time><speed>0.960</speed><sat>19</sat></trkpt>
  <trkpt lat="15.49606658" lon="73.83716838"><ele>-77.815</ele><time>2026-09-25T13:17:25Z</time><speed>1.080</speed><sat>19</sat></trkpt>
  <trkpt lat="15.49606025" lon="73.83716185"><ele>-77.831</ele><time>2026-09-25T13:17:26Z</time><speed>1.060</speed><sat>19</sat></trkpt>
  <trkpt lat="15.49605649" lon="73.83715437"><ele>-78.590</ele><time>2026-09-25T13:17:27Z</time><speed>1.040</speed><sat>18</sat></trkpt>
  <trkpt lat="15.49605361" lon="73.83713989"><ele>-79.307</ele><time>2026-09-25T13:17:28Z</time><speed>2.320</speed><sat>18</sat></trkpt>
  <trkpt lat="15.49605312" lon="73.83711725"><ele>-79.717</ele><time>2026-09-25T13:17:29Z</time><speed>2.430</speed><sat>17</sat></trkpt>
  <trkpt lat="15.49605744" lon="73.83708519"><ele>-80.121</ele><time>2026-09-25T13:17:30Z</time><speed>3.560</speed><sat>11</sat></trkpt>
  <trkpt lat="15.49606783" lon="73.83705127"><ele>-79.937</ele><time>2026-09-25T13:17:31Z</time><speed>3.320</speed><sat>11</sat></trkpt>
  <trkpt lat="15.49608338" lon="73.83701785"><ele>-78.901</ele><time>2026-09-25T13:17:32Z</time><speed>3.690</speed><sat>15</sat></trkpt>
  <trkpt lat="15.49610427" lon="73.83698999"><ele>-79.683</ele><time>2026-09-25T13:17:33Z</time><speed>3.510</speed><sat>17</sat></trkpt>
  <trkpt lat="15.49612645" lon="73.83696268"><ele>-79.564</ele><time>2026-09-25T13:17:34Z</time><speed>3.850</speed><sat>21</sat></trkpt>
  <trkpt lat="15.49617789" lon="73.83691777"><ele>-80.509</ele><time>2026-09-25T13:17:35Z</time><speed>5.380</speed><sat>26</sat></trkpt>
  <trkpt lat="15.49620635" lon="73.83687052"><ele>-80.474</ele><time>2026-09-25T13:17:36Z</time><speed>6.070</speed><sat>25</sat></trkpt>
  <trkpt lat="15.49622681" lon="73.83681990"><ele>-79.307</ele><time>2026-09-25T13:17:37Z</time><speed>6.160</speed><sat>28</sat></trkpt>
  <trkpt lat="15.49624938" lon="73.83676495"><ele>-79.516</ele><time>2026-09-25T13:17:38Z</time><speed>5.480</speed><sat>30</sat></trkpt>
  <trkpt lat="15.49626064" lon="73.83670953"><ele>-79.967</ele><time>2026-09-25T13:17:39Z</time><speed>5.660</speed><sat>31</sat></trkpt>
  <trkpt lat="15.49625906" lon="73.83666595"><ele>-80.390</ele><time>2026-09-25T13:17:40Z</time><speed>4.800</speed><sat>31</sat></trkpt>
  <trkpt lat="15.49624018" lon="73.83662457"><ele>-80.396</ele><time>2026-09-25T13:17:41Z</time><speed>4.590</speed><sat>32</sat></trkpt>
  <trkpt lat="15.49623380" lon="73.83657472"><ele>-81.030</ele><time>2026-09-25T13:17:42Z</time><speed>5.310</speed><sat>32</sat></trkpt>
  <trkpt lat="15.49620462" lon="73.83653440"><ele>-81.117</ele><time>2026-09-25T13:17:43Z</time><speed>5.470</speed><sat>31</sat></trkpt>
  <trkpt lat="15.49617893" lon="73.83648492"><ele>-81.366</ele><time>2026-09-25T13:17:44Z</time><speed>5.530</speed><sat>30</sat></trkpt>
  <trkpt lat="15.49614676" lon="73.83646353"><ele>-80.094</ele><time>2026-09-25T13:17:45Z</time><speed>4.200</speed><sat>30</sat></trkpt>
  <trkpt lat="15.49612496" lon="73.83644313"><ele>-80.147</ele><time>2026-09-25T13:17:46Z</time><speed>3.220</speed><sat>31</sat></trkpt>
  <trkpt lat="15.49610963" lon="73.83642996"><ele>-79.924</ele><time>2026-09-25T13:17:47Z</time><speed>2.080</speed><sat>31</sat></trkpt>
  <trkpt lat="15.49609583" lon="73.83641768"><ele>-80.491</ele><time>2026-09-25T13:17:48Z</time><speed>1.900</speed><sat>31</sat></trkpt>
  <trkpt lat="15.49608216" lon="73.83640698"><ele>-80.289</ele><time>2026-09-25T13:17:49Z</time><speed>1.750</speed><sat>25</sat></trkpt>
  <trkpt lat="15.49605911" lon="73.83638654"><ele>-80.851</ele><time>2026-09-25T13:17:50Z</time><speed>2.060</speed><sat>23</sat></trkpt>
  <trkpt lat="15.49604000" lon="73.83637088"><ele>-81.229</ele><time>2026-09-25T13:17:51Z</time><speed>2.040</speed><sat>25</sat></trkpt>
  <trkpt lat="15.49602442" lon="73.83636158"><ele>-80.702</ele><time>2026-09-25T13:17:52Z</time><speed>1.890</speed><sat>21</sat></trkpt>
  <trkpt lat="15.49601072" lon="73.83635093"><ele>-80.647</ele><time>2026-09-25T13:17:53Z</time><speed>1.890</speed><sat>21</sat></trkpt>
  <trkpt lat="15.49600176" lon="73.83634693"><ele>-81.128</ele><time>2026-09-25T13:17:54Z</time><speed>1.110</speed><sat>21</sat></trkpt>
  <trkpt lat="15.49600164" lon="73.83634283"><ele>-80.932</ele><time>2026-09-25T13:17:55Z</time><speed>0.510</speed><sat>21</sat></trkpt>
  <trkpt lat="15.49600313" lon="73.83634078"><ele>-81.833</ele><time>2026-09-25T13:17:56Z</time><speed>0.260</speed><sat>23</sat></trkpt>
  <trkpt lat="15.49600531" lon="73.83634082"><ele>-83.099</ele><time>2026-09-25T13:17:57Z</time><speed>0.000</speed><sat>29</sat></trkpt>
  <trkpt lat="15.49601039" lon="73.83634072"><ele>-84.449</ele><time>2026-09-25T13:17:58Z</time><speed>0.260</speed><sat>29</sat></trkpt>
  <trkpt lat="15.49602053" lon="73.83634144"><ele>-85.137</ele><time>2026-09-25T13:17:59Z</time><speed>0.000</speed><sat>30</sat></trkpt>
  <trkpt lat="15.49602707" lon="73.83634249"><ele>-85.087</ele><time>2026-09-25T13:18:00Z</time><speed>0.000</speed><sat>30</sat></trkpt>
  <trkpt lat="15.49603150" lon="73.83634363"><ele>-85.913</ele><time>2026-09-25T13:18:01Z</time><speed>0.000</speed><sat>31</sat></trkpt>
  <trkpt lat="15.49603433" lon="73.83634335"><ele>-87.168</ele><time>2026-09-25T13:18:02Z</time><speed>0.150</speed><sat>32</sat></trkpt>
  <trkpt lat="15.49603350" lon="73.83634447"><ele>-86.900</ele><time>2026-09-25T13:18:03Z</time><speed>0.350</speed><sat>32</sat></trkpt>
  <trkpt lat="15.49603242" lon="73.83634727"><ele>-88.038</ele><time>2026-09-25T13:18:04Z</time><speed>0.000</speed><sat>32</sat></trkpt>
  <trkpt lat="15.49603022" lon="73.83634758"><ele>-88.080</ele><time>2026-09-25T13:18:05Z</time><speed>0.230</speed><sat>32</sat></trkpt>
  <trkpt lat="15.49602345" lon="73.83634235"><ele>-87.432</ele><time>2026-09-25T13:18:06Z</time><speed>1.370</speed><sat>32</sat></trkpt>
  <trkpt lat="15.49601097" lon="73.83632980"><ele>-87.250</ele><time>2026-09-25T13:18:07Z</time><speed>2.050</speed><sat>32</sat></trkpt>
  <trkpt lat="15.49599587" lon="73.83630943"><ele>-87.011</ele><time>2026-09-25T13:18:08Z</time><speed>2.840</speed><sat>32</sat></trkpt>
  <trkpt lat="15.49596720" lon="73.83627953"><ele>-85.787</ele><time>2026-09-25T13:18:09Z</time><speed>4.980</speed><sat>32</sat></trkpt>
  <trkpt lat="15.49593797" lon="73.83625333"><ele>-86.966</ele><time>2026-09-25T13:18:10Z</time><speed>2.750</speed><sat>33</sat></trkpt>
  <trkpt lat="15.49591202" lon="73.83622760"><ele>-86.504</ele><time>2026-09-25T13:18:11Z</time><speed>4.110</speed><sat>33</sat></trkpt>
  <trkpt lat="15.49588490" lon="73.83620185"><ele>-86.548</ele><time>2026-09-25T13:18:12Z</time><speed>3.140</speed><sat>33</sat></trkpt>
  <trkpt lat="15.49586206" lon="73.83617931"><ele>-86.332</ele><time>2026-09-25T13:18:13Z</time><speed>3.050</speed><sat>32</sat></trkpt>
  <trkpt lat="15.49584434" lon="73.83616191"><ele>-84.982</ele><time>2026-09-25T13:18:14Z</time><speed>1.780</speed><sat>32</sat></trkpt>
  <trkpt lat="15.49583139" lon="73.83614911"><ele>-83.563</ele><time>2026-09-25T13:18:15Z</time><speed>1.660</speed><sat>32</sat></trkpt>
  <trkpt lat="15.49581897" lon="73.83613715"><ele>-83.019</ele><time>2026-09-25T13:18:16Z</time><speed>1.570</speed><sat>31</sat></trkpt>
  <trkpt lat="15.49580709" lon="73.83612690"><ele>-83.193</ele><time>2026-09-25T13:18:17Z</time><speed>1.320</speed><sat>31</sat></trkpt>
  <trkpt lat="15.49579329" lon="73.83611723"><ele>-83.155</ele><time>2026-09-25T13:18:18Z</time><speed>1.600</speed><sat>32</sat></trkpt>
  <trkpt lat="15.49577873" lon="73.83610701"><ele>-83.000</ele><time>2026-09-25T13:18:19Z</time><speed>1.610</speed><sat>32</sat></trkpt>
  <trkpt lat="15.49575591" lon="73.83609745"><ele>-81.811</ele><time>2026-09-25T13:18:20Z</time><speed>2.440</speed><sat>32</sat></trkpt>
  <trkpt lat="15.49572043" lon="73.83609439"><ele>-81.528</ele><time>2026-09-25T13:18:21Z</time><speed>3.570</speed><sat>32</sat></trkpt>
  <trkpt lat="15.49568377" lon="73.83610152"><ele>-80.649</ele><time>2026-09-25T13:18:22Z</time><speed>3.220</speed><sat>31</sat></trkpt>
  <trkpt lat="15.49565139" lon="73.83611755"><ele>-80.554</ele><time>2026-09-25T13:18:23Z</time><speed>3.640</speed><sat>25</sat></trkpt>
  <trkpt lat="15.49562152" lon="73.83613851"><ele>-80.477</ele><time>2026-09-25T13:18:24Z</time><speed>3.640</speed><sat>25</sat></trkpt>
  <trkpt lat="15.49558202" lon="73.83616004"><ele>-80.938</ele><time>2026-09-25T13:18:25Z</time><speed>4.890</speed><sat>22</sat></trkpt>
  <trkpt lat="15.49553978" lon="73.83617786"><ele>-79.274</ele><time>2026-09-25T13:18:26Z</time><speed>3.560</speed><sat>23</sat></trkpt>
  <trkpt lat="15.49550741" lon="73.83618947"><ele>-78.934</ele><time>2026-09-25T13:18:27Z</time><speed>2.490</speed><sat>21</sat></trkpt>
  <trkpt lat="15.49548624" lon="73.83619991"><ele>-78.725</ele><time>2026-09-25T13:18:28Z</time><speed>1.900</speed><sat>19</sat></trkpt>
  <trkpt lat="15.49547228" lon="73.83620556"><ele>-78.867</ele><time>2026-09-25T13:18:29Z</time><speed>0.910</speed><sat>23</sat></trkpt>
  <trkpt lat="15.49545616" lon="73.83620836"><ele>-78.380</ele><time>2026-09-25T13:18:30Z</time><speed>1.620</speed><sat>19</sat></trkpt>
  <trkpt lat="15.49543763" lon="73.83621536"><ele>-76.794</ele><time>2026-09-25T13:18:31Z</time><speed>1.930</speed><sat>18</sat></trkpt>
  <trkpt lat="15.49541528" lon="73.83622837"><ele>-77.609</ele><time>2026-09-25T13:18:32Z</time><speed>2.960</speed><sat>21</sat></trkpt>
  <trkpt lat="15.49538823" lon="73.83624123"><ele>-77.637</ele><time>2026-09-25T13:18:33Z</time><speed>2.990</speed><sat>21</sat></trkpt>
  <trkpt lat="15.49535236" lon="73.83625139"><ele>-77.485</ele><time>2026-09-25T13:18:34Z</time><speed>4.390</speed><sat>14</sat></trkpt>
  <trkpt lat="15.49531165" lon="73.83626245"><ele>-77.528</ele><time>2026-09-25T13:18:35Z</time><speed>4.280</speed><sat>15</sat></trkpt>
  <trkpt lat="15.49527245" lon="73.83627443"><ele>-77.586</ele><time>2026-09-25T13:18:36Z</time><speed>4.260</speed><sat>15</sat></trkpt>
  <trkpt lat="15.49519705" lon="73.83629868"><ele>-77.648</ele><time>2026-09-25T13:18:37Z</time><speed>6.080</speed><sat>17</sat></trkpt>
  <trkpt lat="15.49510750" lon="73.83634233"><ele>-77.204</ele><time>2026-09-25T13:18:38Z</time><speed>6.920</speed><sat>19</sat></trkpt>
  <trkpt lat="15.49506024" lon="73.83638501"><ele>-76.579</ele><time>2026-09-25T13:18:39Z</time><speed>6.580</speed><sat>17</sat></trkpt>
  <trkpt lat="15.49501853" lon="73.83641408"><ele>-77.563</ele><time>2026-09-25T13:18:40Z</time><speed>5.990</speed><sat>16</sat></trkpt>
  <trkpt lat="15.49497609" lon="73.83644994"><ele>-74.497</ele><time>2026-09-25T13:18:41Z</time><speed>5.040</speed><sat>18</sat></trkpt>
  <trkpt lat="15.49494501" lon="73.83647540"><ele>-74.450</ele><time>2026-09-25T13:18:42Z</time><speed>3.910</speed><sat>19</sat></trkpt>
  <trkpt lat="15.49491526" lon="73.83649983"><ele>-74.417</ele><time>2026-09-25T13:18:43Z</time><speed>4.170</speed><sat>19</sat></trkpt>
  <trkpt lat="15.49492365" lon="73.83648731"><ele>-73.947</ele><time>2026-09-25T13:18:44Z</time><speed>1.420</speed><sat>16</sat></trkpt>
  <trkpt lat="15.49490125" lon="73.83648924"><ele>-72.025</ele><time>2026-09-25T13:18:45Z</time><speed>2.300</speed><sat>19</sat></trkpt>
  <trkpt lat="15.49488347" lon="73.83650013"><ele>-72.325</ele><time>2026-09-25T13:18:46Z</time><speed>3.320</speed><sat>12</sat></trkpt>
  <trkpt lat="15.49484040" lon="73.83652397"><ele>-71.665</ele><time>2026-09-25T13:18:47Z</time><speed>4.110</speed><sat>16</sat></trkpt>
  <trkpt lat="15.49481318" lon="73.83654289"><ele>-71.313</ele><time>2026-09-25T13:18:48Z</time><speed>3.680</speed><sat>16</sat></trkpt>
  <trkpt lat="15.49478701" lon="73.83656477"><ele>-71.258</ele><time>2026-09-25T13:18:49Z</time><speed>3.720</speed><sat>16</sat></trkpt>
  <trkpt lat="15.49474243" lon="73.83657047"><ele>-67.892</ele><time>2026-09-25T13:18:50Z</time><speed>3.320</speed><sat>18</sat></trkpt>
  <trkpt lat="15.49473103" lon="73.83659382"><ele>-68.188</ele><time>2026-09-25T13:18:51Z</time><speed>2.800</speed><sat>16</sat></trkpt>
  <trkpt lat="15.49471838" lon="73.83661683"><ele>-67.801</ele><time>2026-09-25T13:18:52Z</time><speed>2.840</speed><sat>15</sat></trkpt>
  <trkpt lat="15.49471213" lon="73.83663726"><ele>-68.882</ele><time>2026-09-25T13:18:53Z</time><speed>2.430</speed><sat>19</sat></trkpt>
  <trkpt lat="15.49471060" lon="73.83665360"><ele>-67.762</ele><time>2026-09-25T13:18:54Z</time><speed>1.990</speed><sat>16</sat></trkpt>
  <trkpt lat="15.49470640" lon="73.83667522"><ele>-68.283</ele><time>2026-09-25T13:18:55Z</time><speed>2.670</speed><sat>18</sat></trkpt>
  <trkpt lat="15.49471223" lon="73.83670164"><ele>-69.742</ele><time>2026-09-25T13:18:56Z</time><speed>2.730</speed><sat>15</sat></trkpt>
  <trkpt lat="15.49473346" lon="73.83672448"><ele>-69.713</ele><time>2026-09-25T13:18:57Z</time><speed>2.840</speed><sat>19</sat></trkpt>
  <trkpt lat="15.49475628" lon="73.83674522"><ele>-69.758</ele><time>2026-09-25T13:18:58Z</time><speed>2.840</speed><sat>19</sat></trkpt>
  <trkpt lat="15.49478128" lon="73.83677358"><ele>-68.419</ele><time>2026-09-25T13:18:59Z</time><speed>3.080</speed><sat>16</sat></trkpt>
  <trkpt lat="15.49480196" lon="73.83680396"><ele>-68.381</ele><time>2026-09-25T13:19:00Z</time><speed>3.070</speed><sat>16</sat></trkpt>
  <trkpt lat="15.49482021" lon="73.83683873"><ele>-69.719</ele><time>2026-09-25T13:19:01Z</time><speed>3.410</speed><sat>16</sat></trkpt>
  <trkpt lat="15.49483087" lon="73.83687461"><ele>-69.606</ele><time>2026-09-25T13:19:02Z</time><speed>3.370</speed><sat>16</sat></trkpt>
  <trkpt lat="15.49483207" lon="73.83691034"><ele>-68.843</ele><time>2026-09-25T13:19:03Z</time><speed>3.330</speed><sat>18</sat></trkpt>
  <trkpt lat="15.49482904" lon="73.83694559"><ele>-67.448</ele><time>2026-09-25T13:19:04Z</time><speed>3.150</speed><sat>20</sat></trkpt>
  <trkpt lat="15.49482609" lon="73.83698084"><ele>-70.807</ele><time>2026-09-25T13:19:05Z</time><speed>3.260</speed><sat>17</sat></trkpt>
  <trkpt lat="15.49482739" lon="73.83701829"><ele>-70.551</ele><time>2026-09-25T13:19:06Z</time><speed>3.270</speed><sat>19</sat></trkpt>
  <trkpt lat="15.49483279" lon="73.83705542"><ele>-70.536</ele><time>2026-09-25T13:19:07Z</time><speed>3.270</speed><sat>19</sat></trkpt>
  <trkpt lat="15.49484073" lon="73.83708914"><ele>-72.803</ele><time>2026-09-25T13:19:08Z</time><speed>3.240</speed><sat>19</sat></trkpt>
  <trkpt lat="15.49485591" lon="73.83711787"><ele>-73.415</ele><time>2026-09-25T13:19:09Z</time><speed>2.970</speed><sat>17</sat></trkpt>
  <trkpt lat="15.49487057" lon="73.83714122"><ele>-73.568</ele><time>2026-09-25T13:19:10Z</time><speed>2.360</speed><sat>18</sat></trkpt>
  <trkpt lat="15.49488244" lon="73.83716275"><ele>-74.940</ele><time>2026-09-25T13:19:11Z</time><speed>2.360</speed><sat>15</sat></trkpt>
  <trkpt lat="15.49489093" lon="73.83718498"><ele>-75.054</ele><time>2026-09-25T13:19:12Z</time><speed>2.200</speed><sat>20</sat></trkpt>
  <trkpt lat="15.49489573" lon="73.83720726"><ele>-74.759</ele><time>2026-09-25T13:19:13Z</time><speed>2.240</speed><sat>19</sat></trkpt>
  <trkpt lat="15.49489763" lon="73.83722581"><ele>-74.430</ele><time>2026-09-25T13:19:14Z</time><speed>1.600</speed><sat>16</sat></trkpt>
  <trkpt lat="15.49489763" lon="73.83724111"><ele>-74.339</ele><time>2026-09-25T13:19:15Z</time><speed>1.600</speed><sat>16</sat></trkpt>
  <trkpt lat="15.49489479" lon="73.83725555"><ele>-74.992</ele><time>2026-09-25T13:19:16Z</time><speed>1.600</speed><sat>15</sat></trkpt>
  <trkpt lat="15.49488862" lon="73.83726548"><ele>-73.533</ele><time>2026-09-25T13:19:17Z</time><speed>1.310</speed><sat>17</sat></trkpt>
  <trkpt lat="15.49488225" lon="73.83727219"><ele>-73.758</ele><time>2026-09-25T13:19:18Z</time><speed>1.250</speed><sat>14</sat></trkpt>
  <trkpt lat="15.49488105" lon="73.83727471"><ele>-74.429</ele><time>2026-09-25T13:19:19Z</time><speed>0.000</speed><sat>14</sat></trkpt>
  <trkpt lat="15.49488937" lon="73.83727142"><ele>-74.629</ele><time>2026-09-25T13:19:20Z</time><speed>0.000</speed><sat>14</sat></trkpt>
  <trkpt lat="15.49489382" lon="73.83726963"><ele>-74.629</ele><time>2026-09-25T13:19:21Z</time><speed>0.000</speed><sat>14</sat></trkpt>
  <trkpt lat="15.49489730" lon="73.83726861"><ele>-74.877</ele><time>2026-09-25T13:19:22Z</time><speed>0.000</speed><sat>17</sat></trkpt>
  <trkpt lat="15.49490391" lon="73.83725887"><ele>-74.329</ele><time>2026-09-25T13:19:23Z</time><speed>1.800</speed><sat>16</sat></trkpt>
  <trkpt lat="15.49491321" lon="73.83724479"><ele>-74.995</ele><time>2026-09-25T13:19:24Z</time><speed>1.470</speed><sat>15</sat></trkpt>
  <trkpt lat="15.49491984" lon="73.83723583"><ele>-76.820</ele><time>2026-09-25T13:19:25Z</time><speed>1.200</speed><sat>12</sat></trkpt>
  <trkpt lat="15.49492471" lon="73.83723049"><ele>-76.346</ele><time>2026-09-25T13:19:26Z</time><speed>0.890</speed><sat>15</sat></trkpt>
  <trkpt lat="15.49492962" lon="73.83722627"><ele>-76.087</ele><time>2026-09-25T13:19:27Z</time><speed>0.900</speed><sat>15</sat></trkpt>
  <trkpt lat="15.49493471" lon="73.83722084"><ele>-75.959</ele><time>2026-09-25T13:19:28Z</time><speed>0.790</speed><sat>16</sat></trkpt>
  <trkpt lat="15.49493781" lon="73.83721497"><ele>-76.032</ele><time>2026-09-25T13:19:29Z</time><speed>0.730</speed><sat>16</sat></trkpt>
  <trkpt lat="15.49494104" lon="73.83721050"><ele>-75.520</ele><time>2026-09-25T13:19:30Z</time><speed>0.570</speed><sat>12</sat></trkpt>
  <trkpt lat="15.49494648" lon="73.83720568"><ele>-75.533</ele><time>2026-09-25T13:19:31Z</time><speed>1.210</speed><sat>14</sat></trkpt>
  <trkpt lat="15.49495342" lon="73.83719881"><ele>-75.442</ele><time>2026-09-25T13:19:32Z</time><speed>1.100</speed><sat>14</sat></trkpt>
  <trkpt lat="15.49495911" lon="73.83719209"><ele>-73.827</ele><time>2026-09-25T13:19:33Z</time><speed>0.880</speed><sat>8</sat></trkpt>
  <trkpt lat="15.49496292" lon="73.83718592"><ele>-73.324</ele><time>2026-09-25T13:19:34Z</time><speed>0.630</speed><sat>11</sat></trkpt>
  <trkpt lat="15.49496662" lon="73.83717944"><ele>-73.855</ele><time>2026-09-25T13:19:35Z</time><speed>0.720</speed><sat>7</sat></trkpt>
  <trkpt lat="15.49497036" lon="73.83717272"><ele>-73.854</ele><time>2026-09-25T13:19:36Z</time><speed>0.720</speed><sat>7</sat></trkpt>
  <trkpt lat="15.49496911" lon="73.83716904"><ele>-72.941</ele><time>2026-09-25T13:19:37Z</time><speed>0.000</speed><sat>14</sat></trkpt>
  <trkpt lat="15.49496529" lon="73.83716628"><ele>-72.342</ele><time>2026-09-25T13:19:38Z</time><speed>0.000</speed><sat>18</sat></trkpt>
  <trkpt lat="15.49496231" lon="73.83716279"><ele>-71.771</ele><time>2026-09-25T13:19:39Z</time><speed>0.230</speed><sat>19</sat></trkpt>
  <trkpt lat="15.49496012" lon="73.83715934"><ele>-72.025</ele><time>2026-09-25T13:19:40Z</time><speed>0.250</speed><sat>18</sat></trkpt>
  <trkpt lat="15.49495948" lon="73.83715623"><ele>-72.026</ele><time>2026-09-25T13:19:41Z</time><speed>0.280</speed><sat>19</sat></trkpt>
  <trkpt lat="15.49496042" lon="73.83715345"><ele>-72.025</ele><time>2026-09-25T13:19:42Z</time><speed>0.220</speed><sat>20</sat></trkpt>
  <trkpt lat="15.49495943" lon="73.83715052"><ele>-72.216</ele><time>2026-09-25T13:19:43Z</time><speed>0.000</speed><sat>20</sat></trkpt>
  <trkpt lat="15.49495816" lon="73.83714876"><ele>-72.289</ele><time>2026-09-25T13:19:44Z</time><speed>0.000</speed><sat>20</sat></trkpt>
  <trkpt lat="15.49495715" lon="73.83714723"><ele>-72.266</ele><time>2026-09-25T13:19:45Z</time><speed>0.000</speed><sat>19</sat></trkpt>
  <trkpt lat="15.49495722" lon="73.83714564"><ele>-72.017</ele><time>2026-09-25T13:19:46Z</time><speed>0.000</speed><sat>19</sat></trkpt>
  <trkpt lat="15.49495784" lon="73.83714529"><ele>-72.080</ele><time>2026-09-25T13:19:47Z</time><speed>0.000</speed><sat>17</sat></trkpt>
  <trkpt lat="15.49495825" lon="73.83714556"><ele>-72.065</ele><time>2026-09-25T13:19:48Z</time><speed>0.000</speed><sat>14</sat></trkpt>
  <trkpt lat="15.49495916" lon="73.83714494"><ele>-72.228</ele><time>2026-09-25T13:19:49Z</time><speed>0.000</speed><sat>14</sat></trkpt>
  <trkpt lat="15.49496023" lon="73.83714433"><ele>-72.161</ele><time>2026-09-25T13:19:50Z</time><speed>0.000</speed><sat>14</sat></trkpt>
  <trkpt lat="15.49496105" lon="73.83714360"><ele>-72.046</ele><time>2026-09-25T13:19:51Z</time><speed>0.000</speed><sat>14</sat></trkpt>
  <trkpt lat="15.49496220" lon="73.83714237"><ele>-72.346</ele><time>2026-09-25T13:19:52Z</time><speed>0.000</speed><sat>15</sat></trkpt>
  <trkpt lat="15.49496327" lon="73.83714137"><ele>-72.485</ele><time>2026-09-25T13:19:53Z</time><speed>0.000</speed><sat>14</sat></trkpt>
  <trkpt lat="15.49496327" lon="73.83714107"><ele>-72.571</ele><time>2026-09-25T13:19:54Z</time><speed>0.000</speed><sat>15</sat></trkpt>
  <trkpt lat="15.49496330" lon="73.83714088"><ele>-72.583</ele><time>2026-09-25T13:19:55Z</time><speed>0.000</speed><sat>15</sat></trkpt>
  <trkpt lat="15.49496337" lon="73.83714077"><ele>-72.589</ele><time>2026-09-25T13:19:56Z</time><speed>0.000</speed><sat>15</sat></trkpt>
  <trkpt lat="15.49496338" lon="73.83714071"><ele>-72.590</ele><time>2026-09-25T13:19:57Z</time><speed>0.000</speed><sat>15</sat></trkpt>
  <trkpt lat="15.49496340" lon="73.83714077"><ele>-72.517</ele><time>2026-09-25T13:19:58Z</time><speed>0.000</speed><sat>15</sat></trkpt>
  <trkpt lat="15.49496341" lon="73.83714080"><ele>-72.519</ele><time>2026-09-25T13:19:59Z</time><speed>0.000</speed><sat>14</sat></trkpt>
  <trkpt lat="15.49496342" lon="73.83714081"><ele>-72.517</ele><time>2026-09-25T13:20:00Z</time><speed>0.000</speed><sat>13</sat></trkpt>
  <trkpt lat="15.49496378" lon="73.83714190"><ele>-72.882</ele><time>2026-09-25T13:20:01Z</time><speed>0.000</speed><sat>11</sat></trkpt>
  <trkpt lat="15.49496396" lon="73.83714244"><ele>-72.883</ele><time>2026-09-25T13:20:02Z</time><speed>0.000</speed><sat>12</sat></trkpt>
  <trkpt lat="15.49496404" lon="73.83714271"><ele>-72.869</ele><time>2026-09-25T13:20:03Z</time><speed>0.000</speed><sat>11</sat></trkpt>
  <trkpt lat="15.49496408" lon="73.83714285"><ele>-72.865</ele><time>2026-09-25T13:20:04Z</time><speed>0.000</speed><sat>12</sat></trkpt>
  <trkpt lat="15.49496411" lon="73.83714293"><ele>-72.864</ele><time>2026-09-25T13:20:05Z</time><speed>0.000</speed><sat>12</sat></trkpt>
  <trkpt lat="15.49496412" lon="73.83714297"><ele>-72.865</ele><time>2026-09-25T13:20:06Z</time><speed>0.000</speed><sat>12</sat></trkpt>
  <trkpt lat="15.49496412" lon="73.83714299"><ele>-72.864</ele><time>2026-09-25T13:20:07Z</time><speed>0.000</speed><sat>12</sat></trkpt>
  <trkpt lat="15.49496412" lon="73.83714301"><ele>-72.862</ele><time>2026-09-25T13:20:08Z</time><speed>0.000</speed><sat>11</sat></trkpt>
  <trkpt lat="15.49496412" lon="73.83714303"><ele>-72.863</ele><time>2026-09-25T13:20:09Z</time><speed>0.000</speed><sat>11</sat></trkpt>
  <trkpt lat="15.49496399" lon="73.83714311"><ele>-72.906</ele><time>2026-09-25T13:20:10Z</time><speed>0.000</speed><sat>11</sat></trkpt>
  <trkpt lat="15.49496371" lon="73.83714357"><ele>-73.087</ele><time>2026-09-25T13:20:11Z</time><speed>0.000</speed><sat>13</sat></trkpt>
  <trkpt lat="15.49496349" lon="73.83714397"><ele>-73.150</ele><time>2026-09-25T13:20:12Z</time><speed>0.000</speed><sat>15</sat></trkpt>
  <trkpt lat="15.49496329" lon="73.83714422"><ele>-73.188</ele><time>2026-09-25T13:20:13Z</time><speed>0.000</speed><sat>15</sat></trkpt>
  <trkpt lat="15.49496310" lon="73.83714424"><ele>-73.126</ele><time>2026-09-25T13:20:14Z</time><speed>0.000</speed><sat>17</sat></trkpt>
  <trkpt lat="15.49496319" lon="73.83714422"><ele>-73.043</ele><time>2026-09-25T13:20:15Z</time><speed>0.000</speed><sat>19</sat></trkpt>
  <trkpt lat="15.49496329" lon="73.83714418"><ele>-73.032</ele><time>2026-09-25T13:20:16Z</time><speed>0.000</speed><sat>19</sat></trkpt>
  <trkpt lat="15.49496336" lon="73.83714418"><ele>-73.031</ele><time>2026-09-25T13:20:17Z</time><speed>0.000</speed><sat>21</sat></trkpt>
  <trkpt lat="15.49496358" lon="73.83714412"><ele>-72.925</ele><time>2026-09-25T13:20:18Z</time><speed>0.000</speed><sat>21</sat></trkpt>
  <trkpt lat="15.49496370" lon="73.83714411"><ele>-72.930</ele><time>2026-09-25T13:20:19Z</time><speed>0.000</speed><sat>22</sat></trkpt>
  <trkpt lat="15.49496379" lon="73.83714410"><ele>-72.922</ele><time>2026-09-25T13:20:20Z</time><speed>0.000</speed><sat>22</sat></trkpt>
  <trkpt lat="15.49496391" lon="73.83714409"><ele>-72.892</ele><time>2026-09-25T13:20:21Z</time><speed>0.000</speed><sat>22</sat></trkpt>
  <trkpt lat="15.49496384" lon="73.83714414"><ele>-72.909</ele><time>2026-09-25T13:20:22Z</time><speed>0.000</speed><sat>22</sat></trkpt>
  <trkpt lat="15.49496398" lon="73.83714414"><ele>-72.845</ele><time>2026-09-25T13:20:23Z</time><speed>0.000</speed><sat>20</sat></trkpt>
  <trkpt lat="15.49496387" lon="73.83714411"><ele>-72.849</ele><time>2026-09-25T13:20:24Z</time><speed>0.000</speed><sat>20</sat></trkpt>
  <trkpt lat="15.49496389" lon="73.83714407"><ele>-72.834</ele><time>2026-09-25T13:20:25Z</time><speed>0.000</speed><sat>20</sat></trkpt>
  <trkpt lat="15.49496365" lon="73.83714406"><ele>-72.832</ele><time>2026-09-25T13:20:26Z</time><speed>0.000</speed><sat>22</sat></trkpt>
  <trkpt lat="15.49496358" lon="73.83714406"><ele>-72.833</ele><time>2026-09-25T13:20:27Z</time><speed>0.000</speed><sat>21</sat></trkpt>
  <trkpt lat="15.49496358" lon="73.83714405"><ele>-72.829</ele><time>2026-09-25T13:20:28Z</time><speed>0.000</speed><sat>22</sat></trkpt>
  <trkpt lat="15.49496357" lon="73.83714405"><ele>-72.833</ele><time>2026-09-25T13:20:29Z</time><speed>0.000</speed><sat>23</sat></trkpt>
  <trkpt lat="15.49496340" lon="73.83714406"><ele>-72.844</ele><time>2026-09-25T13:20:30Z</time><speed>0.000</speed><sat>22</sat></trkpt>
  <trkpt lat="15.49496331" lon="73.83714405"><ele>-72.849</ele><time>2026-09-25T13:20:31Z</time><speed>0.000</speed><sat>21</sat></trkpt>
  <trkpt lat="15.49496332" lon="73.83714403"><ele>-72.827</ele><time>2026-09-25T13:20:32Z</time><speed>0.000</speed><sat>19</sat></trkpt>
  <trkpt lat="15.49496324" lon="73.83714403"><ele>-72.843</ele><time>2026-09-25T13:20:33Z</time><speed>0.000</speed><sat>21</sat></trkpt>
  <trkpt lat="15.49496301" lon="73.83714402"><ele>-72.823</ele><time>2026-09-25T13:20:34Z</time><speed>0.000</speed><sat>20</sat></trkpt>
  <trkpt lat="15.49496302" lon="73.83714409"><ele>-72.818</ele><time>2026-09-25T13:20:35Z</time><speed>0.000</speed><sat>20</sat></trkpt>
  <trkpt lat="15.49496230" lon="73.83714410"><ele>-72.794</ele><time>2026-09-25T13:20:36Z</time><speed>0.000</speed><sat>23</sat></trkpt>
  <trkpt lat="15.49496153" lon="73.83714389"><ele>-72.735</ele><time>2026-09-25T13:20:37Z</time><speed>0.000</speed><sat>23</sat></trkpt>
  <trkpt lat="15.49496082" lon="73.83714361"><ele>-72.648</ele><time>2026-09-25T13:20:38Z</time><speed>0.000</speed><sat>24</sat></trkpt>
  <trkpt lat="15.49496038" lon="73.83714350"><ele>-72.639</ele><time>2026-09-25T13:20:39Z</time><speed>0.000</speed><sat>22</sat></trkpt>
  <trkpt lat="15.49496025" lon="73.83714338"><ele>-72.641</ele><time>2026-09-25T13:20:40Z</time><speed>0.000</speed><sat>22</sat></trkpt>
  <trkpt lat="15.49496005" lon="73.83714321"><ele>-72.595</ele><time>2026-09-25T13:20:41Z</time><speed>0.000</speed><sat>22</sat></trkpt>
  <trkpt lat="15.49495988" lon="73.83714311"><ele>-72.592</ele><time>2026-09-25T13:20:42Z</time><speed>0.000</speed><sat>20</sat></trkpt>
  <trkpt lat="15.49495974" lon="73.83714305"><ele>-72.577</ele><time>2026-09-25T13:20:43Z</time><speed>0.000</speed><sat>18</sat></trkpt>
  <trkpt lat="15.49495967" lon="73.83714299"><ele>-72.562</ele><time>2026-09-25T13:20:44Z</time><speed>0.000</speed><sat>19</sat></trkpt>
  <trkpt lat="15.49495955" lon="73.83714300"><ele>-72.547</ele><time>2026-09-25T13:20:45Z</time><speed>0.000</speed><sat>19</sat></trkpt>
  <trkpt lat="15.49495938" lon="73.83714305"><ele>-72.537</ele><time>2026-09-25T13:20:46Z</time><speed>0.000</speed><sat>18</sat></trkpt>
  <trkpt lat="15.49495919" lon="73.83714315"><ele>-72.536</ele><time>2026-09-25T13:20:47Z</time><speed>0.000</speed><sat>18</sat></trkpt>
  <trkpt lat="15.49495881" lon="73.83714326"><ele>-72.513</ele><time>2026-09-25T13:20:48Z</time><speed>0.000</speed><sat>21</sat></trkpt>
  <trkpt lat="15.49495877" lon="73.83714359"><ele>-72.600</ele><time>2026-09-25T13:20:49Z</time><speed>0.000</speed><sat>21</sat></trkpt>
  <trkpt lat="15.49495873" lon="73.83714374"><ele>-72.591</ele><time>2026-09-25T13:20:50Z</time><speed>0.000</speed><sat>21</sat></trkpt>
  <trkpt lat="15.49495864" lon="73.83714377"><ele>-72.576</ele><time>2026-09-25T13:20:51Z</time><speed>0.000</speed><sat>21</sat></trkpt>
  <trkpt lat="15.49495847" lon="73.83714386"><ele>-72.597</ele><time>2026-09-25T13:20:52Z</time><speed>0.000</speed><sat>22</sat></trkpt>
  <trkpt lat="15.49495810" lon="73.83714399"><ele>-72.646</ele><time>2026-09-25T13:20:53Z</time><speed>0.000</speed><sat>23</sat></trkpt>
  <trkpt lat="15.49495793" lon="73.83714401"><ele>-72.634</ele><time>2026-09-25T13:20:54Z</time><speed>0.000</speed><sat>20</sat></trkpt>
  <trkpt lat="15.49495780" lon="73.83714403"><ele>-72.642</ele><time>2026-09-25T13:20:55Z</time><speed>0.000</speed><sat>19</sat></trkpt>
  <trkpt lat="15.49495780" lon="73.83714403"><ele>-72.623</ele><time>2026-09-25T13:20:56Z</time><speed>0.000</speed><sat>18</sat></trkpt>
  <trkpt lat="15.49495777" lon="73.83714402"><ele>-72.617</ele><time>2026-09-25T13:20:57Z</time><speed>0.000</speed><sat>21</sat></trkpt>
  <trkpt lat="15.49495843" lon="73.83714533"><ele>-72.830</ele><time>2026-09-25T13:20:58Z</time><speed>0.880</speed><sat>21</sat></trkpt>
  <trkpt lat="15.49495959" lon="73.83714417"><ele>-72.893</ele><time>2026-09-25T13:20:59Z</time><speed>1.750</speed><sat>21</sat></trkpt>
  <trkpt lat="15.49495110" lon="73.83715348"><ele>-73.882</ele><time>2026-09-25T13:21:00Z</time><speed>2.110</speed><sat>24</sat></trkpt>
  <trkpt lat="15.49493429" lon="73.83717554"><ele>-74.568</ele><time>2026-09-25T13:21:01Z</time><speed>2.280</speed><sat>26</sat></trkpt>
  <trkpt lat="15.49491788" lon="73.83719734"><ele>-74.280</ele><time>2026-09-25T13:21:02Z</time><speed>2.390</speed><sat>27</sat></trkpt>
  <trkpt lat="15.49490512" lon="73.83721736"><ele>-74.041</ele><time>2026-09-25T13:21:03Z</time><speed>1.930</speed><sat>27</sat></trkpt>
  <trkpt lat="15.49489527" lon="73.83723163"><ele>-73.468</ele><time>2026-09-25T13:21:04Z</time><speed>1.250</speed><sat>29</sat></trkpt>
  <trkpt lat="15.49488910" lon="73.83723887"><ele>-72.731</ele><time>2026-09-25T13:21:05Z</time><speed>0.420</speed><sat>29</sat></trkpt>
  <trkpt lat="15.49488621" lon="73.83724065"><ele>-72.895</ele><time>2026-09-25T13:21:06Z</time><speed>0.000</speed><sat>29</sat></trkpt>
  <trkpt lat="15.49488240" lon="73.83724096"><ele>-72.818</ele><time>2026-09-25T13:21:07Z</time><speed>0.000</speed><sat>29</sat></trkpt>
  <trkpt lat="15.49488303" lon="73.83724178"><ele>-72.855</ele><time>2026-09-25T13:21:08Z</time><speed>0.910</speed><sat>30</sat></trkpt>
  <trkpt lat="15.49488422" lon="73.83724565"><ele>-72.945</ele><time>2026-09-25T13:21:09Z</time><speed>1.260</speed><sat>30</sat></trkpt>
  <trkpt lat="15.49488737" lon="73.83724985"><ele>-72.892</ele><time>2026-09-25T13:21:10Z</time><speed>1.190</speed><sat>29</sat></trkpt>
  <trkpt lat="15.49489175" lon="73.83725111"><ele>-73.107</ele><time>2026-09-25T13:21:11Z</time><speed>1.220</speed><sat>23</sat></trkpt>
  <trkpt lat="15.49489703" lon="73.83725026"><ele>-73.102</ele><time>2026-09-25T13:21:12Z</time><speed>1.220</speed><sat>23</sat></trkpt>
  <trkpt lat="15.49490222" lon="73.83724749"><ele>-72.358</ele><time>2026-09-25T13:21:13Z</time><speed>1.220</speed><sat>22</sat></trkpt>
  <trkpt lat="15.49490762" lon="73.83724218"><ele>-72.051</ele><time>2026-09-25T13:21:14Z</time><speed>1.080</speed><sat>20</sat></trkpt>
  <trkpt lat="15.49491107" lon="73.83723468"><ele>-72.802</ele><time>2026-09-25T13:21:15Z</time><speed>0.740</speed><sat>20</sat></trkpt>
  <trkpt lat="15.49491366" lon="73.83722588"><ele>-72.752</ele><time>2026-09-25T13:21:16Z</time><speed>0.710</speed><sat>20</sat></trkpt>
  <trkpt lat="15.49491989" lon="73.83720982"><ele>-72.420</ele><time>2026-09-25T13:21:17Z</time><speed>1.280</speed><sat>18</sat></trkpt>
  <trkpt lat="15.49492683" lon="73.83718753"><ele>-72.783</ele><time>2026-09-25T13:21:18Z</time><speed>1.240</speed><sat>12</sat></trkpt>
  <trkpt lat="15.49493148" lon="73.83716847"><ele>-72.574</ele><time>2026-09-25T13:21:19Z</time><speed>1.070</speed><sat>11</sat></trkpt>
  <trkpt lat="15.49493468" lon="73.83715167"><ele>-72.492</ele><time>2026-09-25T13:21:20Z</time><speed>1.070</speed><sat>11</sat></trkpt>
  <trkpt lat="15.49493749" lon="73.83714047"><ele>-72.935</ele><time>2026-09-25T13:21:21Z</time><speed>0.670</speed><sat>12</sat></trkpt>
  <trkpt lat="15.49493987" lon="73.83713298"><ele>-72.688</ele><time>2026-09-25T13:21:22Z</time><speed>0.450</speed><sat>13</sat></trkpt>
  <trkpt lat="15.49494199" lon="73.83712725"><ele>-72.653</ele><time>2026-09-25T13:21:23Z</time><speed>0.450</speed><sat>13</sat></trkpt>
  <trkpt lat="15.49494349" lon="73.83712145"><ele>-72.991</ele><time>2026-09-25T13:21:24Z</time><speed>0.600</speed><sat>14</sat></trkpt>
  <trkpt lat="15.49494466" lon="73.83711621"><ele>-72.939</ele><time>2026-09-25T13:21:25Z</time><speed>0.520</speed><sat>11</sat></trkpt>
  <trkpt lat="15.49494589" lon="73.83711172"><ele>-72.923</ele><time>2026-09-25T13:21:26Z</time><speed>0.520</speed><sat>11</sat></trkpt>
  <trkpt lat="15.49494648" lon="73.83710874"><ele>-73.455</ele><time>2026-09-25T13:21:27Z</time><speed>0.320</speed><sat>13</sat></trkpt>
  <trkpt lat="15.49494761" lon="73.83710656"><ele>-73.312</ele><time>2026-09-25T13:21:28Z</time><speed>0.170</speed><sat>16</sat></trkpt>
  <trkpt lat="15.49494954" lon="73.83710508"><ele>-72.934</ele><time>2026-09-25T13:21:29Z</time><speed>0.240</speed><sat>18</sat></trkpt>
  <trkpt lat="15.49495031" lon="73.83710276"><ele>-73.045</ele><time>2026-09-25T13:21:30Z</time><speed>0.360</speed><sat>18</sat></trkpt>
  <trkpt lat="15.49495092" lon="73.83709990"><ele>-72.484</ele><time>2026-09-25T13:21:31Z</time><speed>0.430</speed><sat>18</sat></trkpt>
  <trkpt lat="15.49495059" lon="73.83709880"><ele>-73.504</ele><time>2026-09-25T13:21:32Z</time><speed>0.280</speed><sat>19</sat></trkpt>
  <trkpt lat="15.49494981" lon="73.83709935"><ele>-73.676</ele><time>2026-09-25T13:21:33Z</time><speed>0.260</speed><sat>20</sat></trkpt>
  <trkpt lat="15.49494678" lon="73.83710289"><ele>-74.825</ele><time>2026-09-25T13:21:34Z</time><speed>0.000</speed><sat>21</sat></trkpt>
  <trkpt lat="15.49494608" lon="73.83710376"><ele>-74.518</ele><time>2026-09-25T13:21:35Z</time><speed>0.000</speed><sat>25</sat></trkpt>
  <trkpt lat="15.49494368" lon="73.83710391"><ele>-74.658</ele><time>2026-09-25T13:21:36Z</time><speed>0.000</speed><sat>25</sat></trkpt>
  <trkpt lat="15.49494301" lon="73.83710391"><ele>-74.740</ele><time>2026-09-25T13:21:37Z</time><speed>0.000</speed><sat>26</sat></trkpt>
  <trkpt lat="15.49494128" lon="73.83710347"><ele>-74.948</ele><time>2026-09-25T13:21:38Z</time><speed>0.000</speed><sat>26</sat></trkpt>
  <trkpt lat="15.49494130" lon="73.83710248"><ele>-74.958</ele><time>2026-09-25T13:21:39Z</time><speed>0.000</speed><sat>26</sat></trkpt>
  <trkpt lat="15.49494112" lon="73.83710177"><ele>-74.814</ele><time>2026-09-25T13:21:40Z</time><speed>0.000</speed><sat>26</sat></trkpt>
  <trkpt lat="15.49494009" lon="73.83710177"><ele>-74.790</ele><time>2026-09-25T13:21:41Z</time><speed>0.000</speed><sat>27</sat></trkpt>
  <trkpt lat="15.49493867" lon="73.83710203"><ele>-74.910</ele><time>2026-09-25T13:21:42Z</time><speed>0.000</speed><sat>27</sat></trkpt>
  <trkpt lat="15.49493920" lon="73.83710141"><ele>-74.714</ele><time>2026-09-25T13:21:43Z</time><speed>0.000</speed><sat>25</sat></trkpt>
  <trkpt lat="15.49493812" lon="73.83710060"><ele>-74.428</ele><time>2026-09-25T13:21:44Z</time><speed>0.000</speed><sat>25</sat></trkpt>
  <trkpt lat="15.49493696" lon="73.83710016"><ele>-74.393</ele><time>2026-09-25T13:21:45Z</time><speed>0.000</speed><sat>24</sat></trkpt>
  <trkpt lat="15.49493629" lon="73.83709989"><ele>-74.445</ele><time>2026-09-25T13:21:46Z</time><speed>0.000</speed><sat>24</sat></trkpt>
  <trkpt lat="15.49493601" lon="73.83709971"><ele>-74.378</ele><time>2026-09-25T13:21:47Z</time><speed>0.000</speed><sat>23</sat></trkpt>
  <trkpt lat="15.49493557" lon="73.83709968"><ele>-74.336</ele><time>2026-09-25T13:21:48Z</time><speed>0.000</speed><sat>23</sat></trkpt>
  <trkpt lat="15.49493560" lon="73.83709973"><ele>-74.273</ele><time>2026-09-25T13:21:49Z</time><speed>0.000</speed><sat>24</sat></trkpt>
  <trkpt lat="15.49493559" lon="73.83709995"><ele>-74.323</ele><time>2026-09-25T13:21:50Z</time><speed>0.000</speed><sat>24</sat></trkpt>
  <trkpt lat="15.49493537" lon="73.83710008"><ele>-74.320</ele><time>2026-09-25T13:21:51Z</time><speed>0.000</speed><sat>24</sat></trkpt>
  <trkpt lat="15.49493520" lon="73.83710022"><ele>-74.388</ele><time>2026-09-25T13:21:52Z</time><speed>0.000</speed><sat>23</sat></trkpt>
  <trkpt lat="15.49493510" lon="73.83710027"><ele>-74.364</ele><time>2026-09-25T13:21:53Z</time><speed>0.000</speed><sat>23</sat></trkpt>
  <trkpt lat="15.49493484" lon="73.83710031"><ele>-74.403</ele><time>2026-09-25T13:21:54Z</time><speed>0.000</speed><sat>25</sat></trkpt>
  <trkpt lat="15.49493467" lon="73.83710014"><ele>-74.339</ele><time>2026-09-25T13:21:55Z</time><speed>0.000</speed><sat>25</sat></trkpt>
  <trkpt lat="15.49493443" lon="73.83710006"><ele>-74.410</ele><time>2026-09-25T13:21:56Z</time><speed>0.000</speed><sat>26</sat></trkpt>
  <trkpt lat="15.49493440" lon="73.83710000"><ele>-74.398</ele><time>2026-09-25T13:21:57Z</time><speed>0.000</speed><sat>27</sat></trkpt>
  <trkpt lat="15.49493475" lon="73.83709991"><ele>-74.262</ele><time>2026-09-25T13:21:58Z</time><speed>0.000</speed><sat>26</sat></trkpt>
  <trkpt lat="15.49493468" lon="73.83709997"><ele>-74.400</ele><time>2026-09-25T13:21:59Z</time><speed>0.000</speed><sat>25</sat></trkpt>
  <trkpt lat="15.49493456" lon="73.83710008"><ele>-74.424</ele><time>2026-09-25T13:22:00Z</time><speed>0.000</speed><sat>24</sat></trkpt>
  <trkpt lat="15.49493476" lon="73.83710007"><ele>-74.360</ele><time>2026-09-25T13:22:01Z</time><speed>0.000</speed><sat>23</sat></trkpt>
  <trkpt lat="15.49493466" lon="73.83710008"><ele>-74.383</ele><time>2026-09-25T13:22:02Z</time><speed>0.000</speed><sat>22</sat></trkpt>
  <trkpt lat="15.49493457" lon="73.83710013"><ele>-74.340</ele><time>2026-09-25T13:22:03Z</time><speed>0.000</speed><sat>22</sat></trkpt>
  <trkpt lat="15.49493432" lon="73.83710023"><ele>-74.334</ele><time>2026-09-25T13:22:04Z</time><speed>0.000</speed><sat>23</sat></trkpt>
  <trkpt lat="15.49493399" lon="73.83710025"><ele>-74.337</ele><time>2026-09-25T13:22:05Z</time><speed>0.000</speed><sat>24</sat></trkpt>
  <trkpt lat="15.49493388" lon="73.83710023"><ele>-74.324</ele><time>2026-09-25T13:22:06Z</time><speed>0.000</speed><sat>25</sat></trkpt>
  <trkpt lat="15.49493385" lon="73.83710021"><ele>-74.322</ele><time>2026-09-25T13:22:07Z</time><speed>0.000</speed><sat>25</sat></trkpt>
  <trkpt lat="15.49493383" lon="73.83710021"><ele>-74.325</ele><time>2026-09-25T13:22:08Z</time><speed>0.000</speed><sat>25</sat></trkpt>
  <trkpt lat="15.49493381" lon="73.83710021"><ele>-74.320</ele><time>2026-09-25T13:22:09Z</time><speed>0.000</speed><sat>25</sat></trkpt>
  <trkpt lat="15.49493376" lon="73.83710020"><ele>-74.313</ele><time>2026-09-25T13:22:10Z</time><speed>0.000</speed><sat>24</sat></trkpt>
  <trkpt lat="15.49493366" lon="73.83710024"><ele>-74.312</ele><time>2026-09-25T13:22:11Z</time><speed>0.000</speed><sat>23</sat></trkpt>
  <trkpt lat="15.49493361" lon="73.83710024"><ele>-74.306</ele><time>2026-09-25T13:22:12Z</time><speed>0.000</speed><sat>21</sat></trkpt>
  <trkpt lat="15.49493359" lon="73.83710023"><ele>-74.299</ele><time>2026-09-25T13:22:13Z</time><speed>0.000</speed><sat>21</sat></trkpt>
  <trkpt lat="15.49493358" lon="73.83710021"><ele>-74.297</ele><time>2026-09-25T13:22:14Z</time><speed>0.000</speed><sat>21</sat></trkpt>
  <trkpt lat="15.49493336" lon="73.83710016"><ele>-74.287</ele><time>2026-09-25T13:22:15Z</time><speed>0.000</speed><sat>21</sat></trkpt>
  <trkpt lat="15.49493322" lon="73.83710014"><ele>-74.285</ele><time>2026-09-25T13:22:16Z</time><speed>0.000</speed><sat>21</sat></trkpt>
  <trkpt lat="15.49493315" lon="73.83710011"><ele>-74.281</ele><time>2026-09-25T13:22:17Z</time><speed>0.000</speed><sat>21</sat></trkpt>
  <trkpt lat="15.49493312" lon="73.83710010"><ele>-74.278</ele><time>2026-09-25T13:22:18Z</time><speed>0.000</speed><sat>21</sat></trkpt>
  <trkpt lat="15.49493311" lon="73.83710006"><ele>-74.278</ele><time>2026-09-25T13:22:19Z</time><speed>0.000</speed><sat>21</sat></trkpt>
  <trkpt lat="15.49493312" lon="73.83710004"><ele>-74.274</ele><time>2026-09-25T13:22:20Z</time><speed>0.000</speed><sat>21</sat></trkpt>
  <trkpt lat="15.49493313" lon="73.83710001"><ele>-74.270</ele><time>2026-09-25T13:22:21Z</time><speed>0.000</speed><sat>21</sat></trkpt>
  <trkpt lat="15.49493314" lon="73.83710000"><ele>-74.271</ele><time>2026-09-25T13:22:22Z</time><speed>0.000</speed><sat>19</sat></trkpt>
  <trkpt lat="15.49493318" lon="73.83709997"><ele>-74.263</ele><time>2026-09-25T13:22:23Z</time><speed>0.000</speed><sat>19</sat></trkpt>
  <trkpt lat="15.49493320" lon="73.83709994"><ele>-74.260</ele><time>2026-09-25T13:22:24Z</time><speed>0.000</speed><sat>19</sat></trkpt>
  <trkpt lat="15.49493298" lon="73.83709988"><ele>-74.235</ele><time>2026-09-25T13:22:25Z</time><speed>0.000</speed><sat>19</sat></trkpt>
  <trkpt lat="15.49493286" lon="73.83709983"><ele>-74.234</ele><time>2026-09-25T13:22:26Z</time><speed>0.000</speed><sat>20</sat></trkpt>
  <trkpt lat="15.49493265" lon="73.83709979"><ele>-74.218</ele><time>2026-09-25T13:22:27Z</time><speed>0.000</speed><sat>20</sat></trkpt>
  <trkpt lat="15.49493255" lon="73.83709976"><ele>-74.218</ele><time>2026-09-25T13:22:28Z</time><speed>0.000</speed><sat>20</sat></trkpt>
  <trkpt lat="15.49493248" lon="73.83709974"><ele>-74.217</ele><time>2026-09-25T13:22:29Z</time><speed>0.000</speed><sat>19</sat></trkpt>
  <trkpt lat="15.49493246" lon="73.83709972"><ele>-74.215</ele><time>2026-09-25T13:22:30Z</time><speed>0.000</speed><sat>19</sat></trkpt>
  <trkpt lat="15.49493238" lon="73.83709969"><ele>-74.216</ele><time>2026-09-25T13:22:31Z</time><speed>0.000</speed><sat>19</sat></trkpt>
  <trkpt lat="15.49493234" lon="73.83709967"><ele>-74.214</ele><time>2026-09-25T13:22:32Z</time><speed>0.000</speed><sat>19</sat></trkpt>
  <trkpt lat="15.49493230" lon="73.83709966"><ele>-74.213</ele><time>2026-09-25T13:22:33Z</time><speed>0.000</speed><sat>20</sat></trkpt>
  <trkpt lat="15.49493228" lon="73.83709966"><ele>-74.212</ele><time>2026-09-25T13:22:34Z</time><speed>0.000</speed><sat>19</sat></trkpt>
  <trkpt lat="15.49493226" lon="73.83709966"><ele>-74.208</ele><time>2026-09-25T13:22:35Z</time><speed>0.000</speed><sat>19</sat></trkpt>
  <trkpt lat="15.49493217" lon="73.83709963"><ele>-74.209</ele><time>2026-09-25T13:22:36Z</time><speed>0.000</speed><sat>19</sat></trkpt>
  <trkpt lat="15.49493213" lon="73.83709963"><ele>-74.208</ele><time>2026-09-25T13:22:37Z</time><speed>0.000</speed><sat>19</sat></trkpt>
  <trkpt lat="15.49493201" lon="73.83709957"><ele>-74.212</ele><time>2026-09-25T13:22:38Z</time><speed>0.000</speed><sat>19</sat></trkpt>
  <trkpt lat="15.49493195" lon="73.83709953"><ele>-74.211</ele><time>2026-09-25T13:22:39Z</time><speed>0.000</speed><sat>20</sat></trkpt>
  <trkpt lat="15.49493175" lon="73.83709952"><ele>-74.224</ele><time>2026-09-25T13:22:40Z</time><speed>0.000</speed><sat>20</sat></trkpt>
  <trkpt lat="15.49493165" lon="73.83709949"><ele>-74.221</ele><time>2026-09-25T13:22:41Z</time><speed>0.000</speed><sat>21</sat></trkpt>
  <trkpt lat="15.49493133" lon="73.83709948"><ele>-74.238</ele><time>2026-09-25T13:22:42Z</time><speed>0.000</speed><sat>21</sat></trkpt>
  <trkpt lat="15.49493084" lon="73.83709949"><ele>-74.251</ele><time>2026-09-25T13:22:43Z</time><speed>0.000</speed><sat>20</sat></trkpt>
  <trkpt lat="15.49493058" lon="73.83709949"><ele>-74.248</ele><time>2026-09-25T13:22:44Z</time><speed>0.000</speed><sat>22</sat></trkpt>
  <trkpt lat="15.49493044" lon="73.83709948"><ele>-74.247</ele><time>2026-09-25T13:22:45Z</time><speed>0.000</speed><sat>20</sat></trkpt>
  <trkpt lat="15.49493012" lon="73.83709947"><ele>-74.252</ele><time>2026-09-25T13:22:46Z</time><speed>0.000</speed><sat>20</sat></trkpt>
  <trkpt lat="15.49492994" lon="73.83709945"><ele>-74.249</ele><time>2026-09-25T13:22:47Z</time><speed>0.000</speed><sat>20</sat></trkpt>
  <trkpt lat="15.49492965" lon="73.83709944"><ele>-74.255</ele><time>2026-09-25T13:22:48Z</time><speed>0.000</speed><sat>20</sat></trkpt>
  <trkpt lat="15.49492950" lon="73.83709942"><ele>-74.252</ele><time>2026-09-25T13:22:49Z</time><speed>0.000</speed><sat>20</sat></trkpt>
  <trkpt lat="15.49492935" lon="73.83709940"><ele>-74.257</ele><time>2026-09-25T13:22:50Z</time><speed>0.000</speed><sat>18</sat></trkpt>
  <trkpt lat="15.49492927" lon="73.83709938"><ele>-74.261</ele><time>2026-09-25T13:22:51Z</time><speed>0.000</speed><sat>20</sat></trkpt>
  <trkpt lat="15.49492921" lon="73.83709935"><ele>-74.262</ele><time>2026-09-25T13:22:52Z</time><speed>0.000</speed><sat>21</sat></trkpt>
  <trkpt lat="15.49492917" lon="73.83709933"><ele>-74.266</ele><time>2026-09-25T13:22:53Z</time><speed>0.000</speed><sat>21</sat></trkpt>
  <trkpt lat="15.49492914" lon="73.83709930"><ele>-74.267</ele><time>2026-09-25T13:22:54Z</time><speed>0.000</speed><sat>21</sat></trkpt>
  <trkpt lat="15.49492907" lon="73.83709919"><ele>-74.242</ele><time>2026-09-25T13:22:55Z</time><speed>0.000</speed><sat>21</sat></trkpt>
  <trkpt lat="15.49492884" lon="73.83709919"><ele>-74.221</ele><time>2026-09-25T13:22:56Z</time><speed>0.000</speed><sat>22</sat></trkpt>
  <trkpt lat="15.49492872" lon="73.83709916"><ele>-74.218</ele><time>2026-09-25T13:22:57Z</time><speed>0.000</speed><sat>22</sat></trkpt>
  <trkpt lat="15.49492864" lon="73.83709912"><ele>-74.212</ele><time>2026-09-25T13:22:58Z</time><speed>0.000</speed><sat>21</sat></trkpt>
  <trkpt lat="15.49492837" lon="73.83709915"><ele>-74.188</ele><time>2026-09-25T13:22:59Z</time><speed>0.000</speed><sat>21</sat></trkpt>
  <trkpt lat="15.49492820" lon="73.83709915"><ele>-74.188</ele><time>2026-09-25T13:23:00Z</time><speed>0.000</speed><sat>21</sat></trkpt>
  <trkpt lat="15.49492810" lon="73.83709913"><ele>-74.181</ele><time>2026-09-25T13:23:01Z</time><speed>0.000</speed><sat>21</sat></trkpt>
  <trkpt lat="15.49492805" lon="73.83709910"><ele>-74.182</ele><time>2026-09-25T13:23:02Z</time><speed>0.000</speed><sat>20</sat></trkpt>
  <trkpt lat="15.49492802" lon="73.83709908"><ele>-74.180</ele><time>2026-09-25T13:23:03Z</time><speed>0.000</speed><sat>20</sat></trkpt>
  <trkpt lat="15.49492800" lon="73.83709905"><ele>-74.178</ele><time>2026-09-25T13:23:04Z</time><speed>0.000</speed><sat>20</sat></trkpt>
  <trkpt lat="15.49492797" lon="73.83709901"><ele>-74.174</ele><time>2026-09-25T13:23:05Z</time><speed>0.000</speed><sat>20</sat></trkpt>
  <trkpt lat="15.49492793" lon="73.83709898"><ele>-74.176</ele><time>2026-09-25T13:23:06Z</time><speed>0.000</speed><sat>19</sat></trkpt>
  <trkpt lat="15.49492791" lon="73.83709896"><ele>-74.175</ele><time>2026-09-25T13:23:07Z</time><speed>0.000</speed><sat>20</sat></trkpt>
  <trkpt lat="15.49492789" lon="73.83709893"><ele>-74.174</ele><time>2026-09-25T13:23:08Z</time><speed>0.000</speed><sat>19</sat></trkpt>
  <trkpt lat="15.49492786" lon="73.83709890"><ele>-74.170</ele><time>2026-09-25T13:23:09Z</time><speed>0.000</speed><sat>20</sat></trkpt>
  <trkpt lat="15.49492786" lon="73.83709886"><ele>-74.172</ele><time>2026-09-25T13:23:10Z</time><speed>0.000</speed><sat>20</sat></trkpt>
  <trkpt lat="15.49492756" lon="73.83709885"><ele>-74.133</ele><time>2026-09-25T13:23:11Z</time><speed>0.000</speed><sat>20</sat></trkpt>
  <trkpt lat="15.49492740" lon="73.83709883"><ele>-74.129</ele><time>2026-09-25T13:23:12Z</time><speed>0.000</speed><sat>23</sat></trkpt>
  <trkpt lat="15.49492732" lon="73.83709881"><ele>-74.130</ele><time>2026-09-25T13:23:13Z</time><speed>0.000</speed><sat>22</sat></trkpt>
  <trkpt lat="15.49492726" lon="73.83709879"><ele>-74.131</ele><time>2026-09-25T13:23:14Z</time><speed>0.000</speed><sat>21</sat></trkpt>
  <trkpt lat="15.49492721" lon="73.83709876"><ele>-74.133</ele><time>2026-09-25T13:23:15Z</time><speed>0.000</speed><sat>20</sat></trkpt>
  <trkpt lat="15.49492716" lon="73.83709873"><ele>-74.133</ele><time>2026-09-25T13:23:16Z</time><speed>0.000</speed><sat>19</sat></trkpt>
  <trkpt lat="15.49492715" lon="73.83709871"><ele>-74.138</ele><time>2026-09-25T13:23:17Z</time><speed>0.000</speed><sat>19</sat></trkpt>
  <trkpt lat="15.49492713" lon="73.83709869"><ele>-74.140</ele><time>2026-09-25T13:23:18Z</time><speed>0.000</speed><sat>17</sat></trkpt>
  <trkpt lat="15.49492714" lon="73.83709866"><ele>-74.139</ele><time>2026-09-25T13:23:19Z</time><speed>0.000</speed><sat>17</sat></trkpt>
  <trkpt lat="15.49492714" lon="73.83709864"><ele>-74.137</ele><time>2026-09-25T13:23:20Z</time><speed>0.000</speed><sat>16</sat></trkpt>
  <trkpt lat="15.49492714" lon="73.83709862"><ele>-74.143</ele><time>2026-09-25T13:23:21Z</time><speed>0.000</speed><sat>18</sat></trkpt>
  <trkpt lat="15.49492714" lon="73.83709860"><ele>-74.143</ele><time>2026-09-25T13:23:22Z</time><speed>0.000</speed><sat>19</sat></trkpt>
  <trkpt lat="15.49492694" lon="73.83709864"><ele>-74.120</ele><time>2026-09-25T13:23:23Z</time><speed>0.000</speed><sat>19</sat></trkpt>
  <trkpt lat="15.49492683" lon="73.83709864"><ele>-74.123</ele><time>2026-09-25T13:23:24Z</time><speed>0.000</speed><sat>21</sat></trkpt>
  <trkpt lat="15.49492677" lon="73.83709864"><ele>-74.119</ele><time>2026-09-25T13:23:25Z</time><speed>0.000</speed><sat>20</sat></trkpt>
  <trkpt lat="15.49492674" lon="73.83709862"><ele>-74.120</ele><time>2026-09-25T13:23:26Z</time><speed>0.000</speed><sat>20</sat></trkpt>
  <trkpt lat="15.49492672" lon="73.83709861"><ele>-74.123</ele><time>2026-09-25T13:23:27Z</time><speed>0.000</speed><sat>20</sat></trkpt>
  <trkpt lat="15.49492669" lon="73.83709859"><ele>-74.129</ele><time>2026-09-25T13:23:28Z</time><speed>0.000</speed><sat>20</sat></trkpt>
  <trkpt lat="15.49492666" lon="73.83709859"><ele>-74.135</ele><time>2026-09-25T13:23:29Z</time><speed>0.000</speed><sat>19</sat></trkpt>
  <trkpt lat="15.49492664" lon="73.83709858"><ele>-74.138</ele><time>2026-09-25T13:23:30Z</time><speed>0.000</speed><sat>18</sat></trkpt>
  <trkpt lat="15.49492662" lon="73.83709858"><ele>-74.137</ele><time>2026-09-25T13:23:31Z</time><speed>0.000</speed><sat>20</sat></trkpt>
  <trkpt lat="15.49492660" lon="73.83709856"><ele>-74.144</ele><time>2026-09-25T13:23:32Z</time><speed>0.000</speed><sat>18</sat></trkpt>
  <trkpt lat="15.49492659" lon="73.83709855"><ele>-74.145</ele><time>2026-09-25T13:23:33Z</time><speed>0.000</speed><sat>18</sat></trkpt>
  <trkpt lat="15.49492658" lon="73.83709853"><ele>-74.148</ele><time>2026-09-25T13:23:34Z</time><speed>0.000</speed><sat>18</sat></trkpt>
  <trkpt lat="15.49492657" lon="73.83709852"><ele>-74.147</ele><time>2026-09-25T13:23:35Z</time><speed>0.000</speed><sat>16</sat></trkpt>
  <trkpt lat="15.49492657" lon="73.83709851"><ele>-74.147</ele><time>2026-09-25T13:23:36Z</time><speed>0.000</speed><sat>17</sat></trkpt>
  <trkpt lat="15.49492657" lon="73.83709849"><ele>-74.149</ele><time>2026-09-25T13:23:37Z</time><speed>0.000</speed><sat>16</sat></trkpt>
  <trkpt lat="15.49492658" lon="73.83709848"><ele>-74.152</ele><time>2026-09-25T13:23:38Z</time><speed>0.000</speed><sat>18</sat></trkpt>
  <trkpt lat="15.49492658" lon="73.83709847"><ele>-74.158</ele><time>2026-09-25T13:23:39Z</time><speed>0.000</speed><sat>18</sat></trkpt>
  <trkpt lat="15.49492658" lon="73.83709846"><ele>-74.163</ele><time>2026-09-25T13:23:40Z</time><speed>0.000</speed><sat>18</sat></trkpt>
  <trkpt lat="15.49492657" lon="73.83709846"><ele>-74.165</ele><time>2026-09-25T13:23:41Z</time><speed>0.000</speed><sat>20</sat></trkpt>
  <trkpt lat="15.49492658" lon="73.83709844"><ele>-74.164</ele><time>2026-09-25T13:23:42Z</time><speed>0.000</speed><sat>19</sat></trkpt>
  <trkpt lat="15.49492658" lon="73.83709843"><ele>-74.164</ele><time>2026-09-25T13:23:43Z</time><speed>0.000</speed><sat>19</sat></trkpt>
  <trkpt lat="15.49492659" lon="73.83709842"><ele>-74.170</ele><time>2026-09-25T13:23:44Z</time><speed>0.000</speed><sat>18</sat></trkpt>
  <trkpt lat="15.49492660" lon="73.83709840"><ele>-74.174</ele><time>2026-09-25T13:23:45Z</time><speed>0.000</speed><sat>17</sat></trkpt>
  <trkpt lat="15.49492660" lon="73.83709839"><ele>-74.177</ele><time>2026-09-25T13:23:46Z</time><speed>0.000</speed><sat>17</sat></trkpt>
  <trkpt lat="15.49492659" lon="73.83709838"><ele>-74.180</ele><time>2026-09-25T13:23:47Z</time><speed>0.000</speed><sat>15</sat></trkpt>
  <trkpt lat="15.49492659" lon="73.83709837"><ele>-74.183</ele><time>2026-09-25T13:23:48Z</time><speed>0.000</speed><sat>16</sat></trkpt>
  <trkpt lat="15.49492658" lon="73.83709836"><ele>-74.192</ele><time>2026-09-25T13:23:49Z</time><speed>0.000</speed><sat>17</sat></trkpt>
  <trkpt lat="15.49492655" lon="73.83709836"><ele>-74.197</ele><time>2026-09-25T13:23:50Z</time><speed>0.000</speed><sat>19</sat></trkpt>
  <trkpt lat="15.49492654" lon="73.83709836"><ele>-74.199</ele><time>2026-09-25T13:23:51Z</time><speed>0.000</speed><sat>20</sat></trkpt>
  <trkpt lat="15.49492652" lon="73.83709835"><ele>-74.205</ele><time>2026-09-25T13:23:52Z</time><speed>0.000</speed><sat>19</sat></trkpt>
  <trkpt lat="15.49492651" lon="73.83709834"><ele>-74.210</ele><time>2026-09-25T13:23:53Z</time><speed>0.000</speed><sat>20</sat></trkpt>
  <trkpt lat="15.49492649" lon="73.83709834"><ele>-74.213</ele><time>2026-09-25T13:23:54Z</time><speed>0.000</speed><sat>19</sat></trkpt>
  <trkpt lat="15.49492648" lon="73.83709833"><ele>-74.218</ele><time>2026-09-25T13:23:55Z</time><speed>0.000</speed><sat>20</sat></trkpt>
  <trkpt lat="15.49492647" lon="73.83709832"><ele>-74.223</ele><time>2026-09-25T13:23:56Z</time><speed>0.000</speed><sat>18</sat></trkpt>
  <trkpt lat="15.49492646" lon="73.83709830"><ele>-74.229</ele><time>2026-09-25T13:23:57Z</time><speed>0.000</speed><sat>17</sat></trkpt>
  <trkpt lat="15.49492645" lon="73.83709829"><ele>-74.233</ele><time>2026-09-25T13:23:58Z</time><speed>0.000</speed><sat>18</sat></trkpt>
  <trkpt lat="15.49492644" lon="73.83709828"><ele>-74.238</ele><time>2026-09-25T13:23:59Z</time><speed>0.000</speed><sat>17</sat></trkpt>
  <trkpt lat="15.49492642" lon="73.83709826"><ele>-74.243</ele><time>2026-09-25T13:24:00Z</time><speed>0.000</speed><sat>18</sat></trkpt>
  <trkpt lat="15.49492640" lon="73.83709826"><ele>-74.247</ele><time>2026-09-25T13:24:01Z</time><speed>0.000</speed><sat>18</sat></trkpt>
  <trkpt lat="15.49492639" lon="73.83709826"><ele>-74.249</ele><time>2026-09-25T13:24:02Z</time><speed>0.000</speed><sat>21</sat></trkpt>
  <trkpt lat="15.49492638" lon="73.83709825"><ele>-74.255</ele><time>2026-09-25T13:24:03Z</time><speed>0.000</speed><sat>21</sat></trkpt>
  <trkpt lat="15.49492634" lon="73.83709824"><ele>-74.262</ele><time>2026-09-25T13:24:04Z</time><speed>0.000</speed><sat>20</sat></trkpt>
  <trkpt lat="15.49492632" lon="73.83709823"><ele>-74.261</ele><time>2026-09-25T13:24:05Z</time><speed>0.000</speed><sat>21</sat></trkpt>
  <trkpt lat="15.49492631" lon="73.83709823"><ele>-74.263</ele><time>2026-09-25T13:24:06Z</time><speed>0.000</speed><sat>20</sat></trkpt>
  <trkpt lat="15.49492630" lon="73.83709822"><ele>-74.265</ele><time>2026-09-25T13:24:07Z</time><speed>0.000</speed><sat>20</sat></trkpt>
  <trkpt lat="15.49492630" lon="73.83709821"><ele>-74.269</ele><time>2026-09-25T13:24:08Z</time><speed>0.000</speed><sat>18</sat></trkpt>
  <trkpt lat="15.49492628" lon="73.83709821"><ele>-74.273</ele><time>2026-09-25T13:24:09Z</time><speed>0.000</speed><sat>18</sat></trkpt>
  <trkpt lat="15.49492626" lon="73.83709820"><ele>-74.275</ele><time>2026-09-25T13:24:10Z</time><speed>0.000</speed><sat>18</sat></trkpt>
 </trkseg>
</trk>

</gpx>
 