stop_id,stop_code,stop_name,stop_desc,stop_lat,stop_lon,zone_id,location_type,parent_station
1,,Panaji KTC Bus Stand,,15.4953203201294,73.8370971679688,1,0,
2,,Teen Building,,15.520299911499,73.8283004760742,2,0,
3,,Teen Building,,15.5206003189087,73.8292007446289,3,0,
4,,Training College,,15.524299621582,73.8270034790039,4,0,
5,,Training College,,15.5243997573853,73.8277969360352,5,0,
6,,Gulyakade,,15.5314512252808,73.8246994018555,6,0,
7,,Gulyakade,,15.5312004089355,73.8249969482422,7,0,
8,,Porvorim Copel,,15.5338970274,73.8238661289,8,0,
9,,Porvorim Copel,,15.5343999862671,73.8238983154297,9,0,
10,,Vadakade,,15.5413999557495,73.8215026855469,10,0,
11,,Vadakade,,15.541600227356,73.8216018676758,11,0,
12,,Porvorim Tisk,,15.5523462295532,73.8176879882813,12,0,
13,,Porvorim Tisk,,15.5522003173828,73.817497253418,13,0,
14,,Guirim Cross,,15.5653826706,73.8085317612,14,0,
15,,Guirim Cross,,15.5656003952026,73.8086318969727,15,0,
16,,Green Park Junction,,15.573860168457,73.8065032958984,16,0,
17,,Green Park Junction,,15.5738458633423,73.8069381713867,17,0,
18,,Guirim Copel,,15.5790996551514,73.8060989379883,18,0,
19,,Guirim Copel,,15.5788078308105,73.8061752319336,19,0,
20,,Mapusa  KTC Bus Stand,,15.5892000198364,73.8098983764648,20,0,
21,,Dhuler,,15.6018943786621,73.8157119750977,21,0,
22,,Dhuler,,15.6020002365112,73.8156967163086,22,0,
23,,Karaswada Char Rasta,,15.6087789535522,73.8240585327148,23,0,
24,,Karaswada Char Rasta,,15.6088352203369,73.8239898681641,24,0,
25,,Madel,,15.618800163269,73.8373031616211,25,0,
26,,Madel,,15.6189893421,73.8372735977,26,0,
27,,Thivim Ground,,15.6225004196167,73.8552017211914,27,0,
28,,Thivim Ground,,15.6224002838135,73.8554000854492,28,0,
29,,Cansa Bodiem,,15.6263999938965,73.867301940918,29,0,
30,,Cansa Bodiem,,15.6262998580933,73.8672027587891,30,0,
31,,Tivim Railway Stn.,,15.6267995834351,73.8755035400391,31,0,
32,,Tivim Railway Stn.,,15.6267004013062,73.8755035400391,32,0,
33,,Zarapkar Petrol Pump,,15.6223001480103,73.8853988647461,33,0,
34,,Zarapkar Petrol Pump,,15.622300148,73.8852005005,34,0,
35,,Assnoda KTC Bus Stand,,15.6189002990723,73.9013977050781,35,0,
36,,Assnoda Paar,,15.6201000213623,73.9066009521484,36,0,
37,,Assnoda Paar,,15.6199998855591,73.9066009521484,37,0,
38,,Tamda Rasta,,15.6180000305176,73.9210968017578,38,0,
39,,Tamda Rasta,,15.6178998947144,73.9209976196289,39,0,
40,,Mulgao,,15.6146001815796,73.9268035888672,40,0,
41,,Mulgao,,15.6145000457764,73.9266967773438,41,0,
42,,Vaalshi,,15.6057307521,73.9342260361,42,0,
43,,Vaalshi,,15.6054000854492,73.9339981079102,43,0,
44,,ITI Bicholim,,15.6034002304077,73.9357986450195,44,0,
45,,ITI Bicholim,,15.6033000946045,73.9356994628906,45,0,
46,,Bordem,,15.5931997299194,73.9449996948242,46,0,
47,,Bordem,,15.5931997299,73.9449005127,47,0,
48,,Shantadurga Highschool,,15.5911998748779,73.9467010498047,48,0,
49,,Shantadurga Highschool,,15.5909996033,73.9466018677,49,0,
50,,Bicholim KTC Bus Stand,,15.5886001586914,73.9496994018555,50,0,
51,,Bicholim Hospital,,15.5846004486084,73.959701538086,51,0,
52,,Bicholim Hospital,,15.5845003128052,73.959701538086,52,0,
53,,Sarvan Cross,,15.5789003372,73.9738006592,53,0,
54,,Sarvan Cross,,15.5789003372192,73.9736022949219,54,0,
55,,"Karapur Tisk, Bank",,15.5680308454,74.0029501915,55,0,
56,,"Karapur Tisk, Bank",,15.5678583631,74.0028107166,56,0,
57,,"Datt Mandir, Below Bridge",,15.5656995773315,74.0084991455078,57,0,
58,,"Datt Mandir, Below Bridge",,15.5656995773315,74.0083999633789,58,0,
59,,Sankhali KTC Bus Stand,,15.5614433288574,74.0100173950195,59,0,
60,,Sankhali Hospital Junction,,15.5573635746,74.0159372091,60,0,
61,,Sankhali Hospital Junction,,15.5574998855591,74.015998840332,61,0,
62,,Housing Board,,15.5569934844971,74.0227279663086,62,0,
63,,Housing Board,,15.5568102244,74.0227966309,63,0,
64,,Harvale,,15.5550003051758,74.0269012451172,64,0,
65,,Harvale,,15.5549001693726,74.0270004272461,65,0,
66,,Honda Market,,15.5484247207642,74.0448989868164,66,0,
67,,Honda Market,,15.5482894532,74.0446281433,67,0,
68,,Honda KTC Bus Stand,,15.5460996627808,74.0522003173828,68,0,
69,,Vadakade Honda,,15.5419225692749,74.0593109130859,69,0,
70,,Vadakade Honda,,15.5418996810913,74.0594024658203,70,0,
71,,ACGL Honda,,15.5430002212524,74.0626983642578,71,0,
72,,ACGL Honda,,15.5429000854492,74.0626983642578,72,0,
73,,Saleli Cross,,15.5446996688843,74.0688018798828,73,0,
74,,Saleli Cross,,15.5445995330811,74.0687026977539,74,0,
75,,ACGL Bhuipal,,15.5424003601074,74.0776977539063,75,0,
77,,Kumarkhan,,15.5368995666504,74.0912017822266,77,0,
78,,Kumarkhan,,15.5368003845215,74.0912017822266,78,0,
79,,Nanus Cross,,15.5268001556396,74.1286010742188,79,0,
80,,Nanus Cross,,15.5269002914429,74.1287002563477,80,0,
81,,Valpoi Bazaar,,15.5309000015259,74.1371002197266,81,0,
82,,Valpoi Bazaar,,15.5310001373291,74.1370010375977,82,0,
83,,Valpoi KTC Bus Stand,,15.5327997207642,74.1414031982422,83,0,
84,,Pundalik Nagar,,15.5157279968262,73.8342819213867,84,0,
85,,Pundalik Nagar,,15.5159997940063,73.834602355957,85,0,
86,,Mapusa Court,,15.5937995910645,73.8142013549805,86,0,
87,,Mapusa Court,,15.5934659319,73.8142549992,87,0,
88,,Karaswada IDC,,15.6150398254395,73.8225555419922,88,0,
89,,Karaswada IDC,,15.6150484085083,73.8228225708008,89,0,
90,,Colvale Housing Board,,15.6280002593994,73.8255996704102,90,0,
91,,Colvale Housing Board,,15.627799987793,73.8255996704102,91,0,
92,,Binani,,15.6358003616333,73.8302993774414,92,0,
93,,Binani,,15.6358003616333,73.8303985595703,93,0,
94,,Colvale Char Rasta,,15.6450996398926,73.8347015380859,94,0,
95,,Colvale Char Rasta,,15.6450996398926,73.8348999023438,95,0,
96,,Don Khamb Dhargalim,,15.6658000946045,73.8386001586914,96,0,
97,,Don Khamb RTO Check post,,15.6654996871948,73.8386001586914,97,0,
98,,Suke Kulan,,15.6823253631592,73.8337631225586,98,0,
99,,Suke Kulan,,15.6825571060181,73.8340835571289,99,0,
100,,Valpe Cross,,15.6992895595,73.8229255676,100,0,
101,,Valpe Cross,,15.6990995407105,73.8230972290039,101,0,
102,,Govt. College Pernem,,15.7027465167,73.8199052811,102,0,
103,,Govt. College Pernem,,15.7031049728394,73.8198394775391,103,0,
104,,Malpe,,15.711009979248,73.8122177124023,104,0,
105,,Malpe,,15.7113134267,73.8123681545,105,0,
106,,Pedne  KTC Bus Stand,,15.7164739048,73.7989473343,106,0,
107,,St. Cruz,,15.4786624908447,73.848876953125,107,0,
108,,St. Cruz,,15.4785928726196,73.8483581542969,108,0,
109,,GMC Bambolim,,15.4652833938599,73.8582077026367,109,0,
110,,GMC Bambolim,,15.4647436141968,73.8579330444336,110,0,
111,,Military Camp,,15.4650001525879,73.8656997680664,111,0,
112,,Military Camp,,15.4648809432983,73.8653259277344,112,0,
113,,Curca,,15.4614515304565,73.8664321899414,113,0,
114,,Workshop Bambolim,,15.4538555145264,73.8651657104492,114,0,
115,,Workshop Bambolim,,15.4542179107666,73.8647842407227,115,0,
116,,C.P.W.D,,15.4504995346069,73.8626022338867,116,0,
117,,C.P.W.D,,15.4506568908691,73.8622894287109,117,0,
118,,Shirdao,,15.4445238113403,73.8649978637695,118,0,
119,,Shirdao,,15.4441995620728,73.8647994995117,119,0,
120,,Goa Velha,,15.4418745040894,73.8801116943359,120,0,
121,,Goa Velha,,15.4419260025024,73.880485534668,121,0,
122,,Sojikade,,15.4413280487061,73.8858032226563,122,0,
123,,Sojikade,,15.441614151001,73.8857955932617,123,0,
124,,Pillar,,15.439499855,73.8907012939,124,0,
125,,Pillar,,15.4393768310547,73.8910522460938,125,0,
126,,Chichekade,,15.432728767395,73.8967895507813,126,0,
127,,Chichekade,,15.4326343536377,73.8970260620117,127,0,
128,,Agacaim Mkt,,15.4277973175049,73.8983612060547,128,0,
129,,Agacaim Mkt,,15.4279108047485,73.8984680175781,129,0,
130,,Agacaim Police Station,,15.4190315468,73.9033946991,130,0,
131,,Agacaim Police Station,,15.4188566207886,73.9039154052734,131,0,
132,,Hanuman Mandir Cortalim,,15.4083662033081,73.9067535400391,132,0,
133,,Hanuman Mandir Cortalim,,15.4084100723267,73.9068450927734,133,0,
134,,Cortalim Bridge Junction,,15.4022998809814,73.9076995849609,134,0,
135,,Cortalim Bridge Junction,,15.4025001525879,73.9076995849609,135,0,
136,,Sankvale,,15.4019966125488,73.8992004394531,136,0,
137,,Sankvale,,15.4021711349487,73.8993148803711,137,0,
138,,Jacinto Island,,15.4015798568726,73.8646545410156,138,0,
139,,Jacinto Island,,15.401707649231,73.8648376464844,139,0,
140,,Dabolim,,15.398099899292,73.8598022460938,140,0,
141,,Dabolim,,15.3982000350952,73.8597030639648,141,0,
142,,Chikalim post,,15.3982000350952,73.848503112793,142,0,
143,,Chikalim post,,15.3982849121094,73.8483657836914,143,0,
144,,Chikalim Panchayat,,15.3976001739502,73.8455963134766,144,0,
145,,Chikalim Panchayat,,15.3978338241577,73.8457641601563,145,0,
146,,Chikalim Junction,,15.3990173339844,73.8324356079102,146,0,
147,,Chikalim Junction,,15.3992004394531,73.8324966430664,147,0,
148,,Vaddem Lake,,15.3987741470337,73.8280258178711,148,0,
149,,Vaddem Lake,,15.3989000320435,73.8281021118164,149,0,
150,,Goa Shipyard,,15.4001721596,73.824972868,150,0,
151,,Goa Shipyard,,15.3999944467,73.824980855,151,0,
152,,Vasco KTC Bus Stand,,15.4003000259399,73.8207015991211,152,0,
153,,Vasco Church,,15.3992004394531,73.8168029785156,153,0,
154,,Vasco Church,,15.3991003036499,73.8171997070313,154,0,
155,,El Monte,,15.4000997543335,73.8044967651367,155,0,
156,,El Monte,,15.4000997543335,73.8046035766602,156,0,
157,,Sada Vasco,,15.4095001220703,73.7948989868164,157,0,
158,,Sada Vasco,,15.4095001220703,73.7949981689453,158,0,
159,,Harbour Vasco,,15.4128999710083,73.7898025512695,159,0,
160,,Harbour Vasco,,15.4127998352051,73.7898025512695,160,0,
161,,Vasco I.O.C.,,15.3968000411987,73.8067016601563,161,0,
162,,Vasco I.O.C.,,15.3970003128052,73.8066024780273,162,0,
163,,Vasco Market,,15.3979997634888,73.8109970092773,163,0,
164,,Vasco Market,,15.398099899292,73.8107986450195,164,0,
165,,Vasco Chicalim Church,,15.399284362793,73.8409271240234,165,0,
166,,Vasco Chicalim Church,,15.399453163147,73.8409957885742,166,0,
167,,Pillar,,15.4394578933716,73.8911056518555,167,0,
168,,Agacaim Bypass,,15.4233074188232,73.9006423950195,168,0,
169,,Agacaim Bypass,,15.4233016967773,73.900520324707,169,0,
170,,Sankvale Convent,,15.4008378982544,73.8886413574219,170,0,
171,,Sankvale Convent,,15.4010314941406,73.8886032104492,171,0,
172,,Sankvale Bakery,,15.4033002853394,73.8928985595703,172,0,
173,,Sankvale Bakery,,15.4034004211426,73.8927993774414,173,0,
174,,Cortalim Junction,,15.4021997451782,73.908203125,174,0,
175,,Kesarval Garden Cortalim,,15.3808917999268,73.925910949707,175,0,
176,,Kesarval Garden Cortalim,,15.381199836731,73.9255981445313,176,0,
177,,Verna Birla Bypass,,15.3759002685547,73.9260025024414,177,0,
178,,Verna Birla Bypass,,15.3761997223,73.9256973267,178,0,
179,,Verna Titan,,15.3713998795,73.926902771,179,0,
180,,Verna Titan,,15.3710590455,73.9265787601,180,0,
181,,Verna Hotel Maharaja,,15.3641996383667,73.9262008666992,181,0,
182,,Verna Hotel Maharaja,,15.3642997742,73.9259872437,182,0,
183,,Verna Pirni,,15.3577995300293,73.9273986816406,183,0,
184,,Verna Pirni Jn.,,15.3561000823975,73.9280014038086,184,0,
185,,Verna Panchayat,,15.3542995452881,73.9306030273438,185,0,
186,,Verna Panchayat,,15.3536987304687,73.9306945800781,186,0,
187,,Verna Holy Church,,15.3499002456665,73.9310989379883,187,0,
188,,Verna Holy Church,,15.3496294022,73.9311294556,188,0,
189,,Verna Agnel Ashram,,15.3278999328613,73.9343032836914,189,0,
190,,Verna Agnel Ashram,,15.3273334503174,73.9343795776367,190,0,
191,,Carmel College,,15.3115816116333,73.9441528320313,191,0,
192,,Carmel College,,15.3115997314453,73.9442977905273,192,0,
193,,Nuvem Church,,15.3079996109009,73.9468994140625,193,0,
194,,Nuvem Church,,15.3073997497559,73.9468994140625,194,0,
195,,Margao KTC Bus Stand,,15.2877521514893,73.9555206298828,195,0,
196,,Margao KTC Bus Stand,,15.2878503799438,73.9553680419922,196,0,
197,,Ribandar Patto,,15.5038995742798,73.8622970581055,197,0,
198,,Ribandar Patto,,15.5035881945,73.8624182855,198,0,
199,,Chodna Ferry,,15.5057001113892,73.8641967773438,199,0,
200,,Divar Ferry,,15.5003995895386,73.8774032592773,200,0,
201,,Divar Ferry,,15.5004243850708,73.8774642944336,201,0,
202,,Baingini,,15.5004415512085,73.9015045166016,202,0,
203,,Baingini,,15.500340461731,73.9017105102539,203,0,
204,,Old Goa Gandhi Circle,,15.50119972229,73.9139022827148,204,0,
205,,Old Goa Gandhi Circle,,15.5010995864868,73.9139022827148,205,0,
206,,Corlim Industrial Estate,,15.4963932037354,73.9315795898438,206,0,
207,,Corlim Industrial Estate,,15.4965486526489,73.9317092895508,207,0,
208,,Old Goa Ferry,,15.5090999603271,73.9124984741211,208,0,
209,,Old Goa Ferry,,15.5089998245239,73.9123001098633,209,0,
210,,Syngenta,,15.4934358065,73.9408361912,210,0,
211,,Syngenta,,15.493200302124,73.9406967163086,211,0,
212,,Banastari,,15.4898996353149,73.9577026367188,212,0,
213,,Banastari,,15.4901866913,73.9574279785,213,0,
214,,Banastari,,15.4897365570068,73.9573135375977,214,0,
215,,Boma,,15.4750995635986,73.9638977050781,215,0,
216,,Boma,,15.4752588556,73.9641790702,216,0,
217,,Kundaim Industrial Estate,,15.4554968813,73.9646365643,217,0,
218,,Kundaim Industrial Estate,,15.4575211393,73.9645218849,218,0,
220,,Mangeshi Temple,,15.4465999603271,73.970100402832,220,0,
222,,Mardol,,15.4413995742798,73.9742965698242,222,0,
223,,Farmagudi,,15.4131002426147,73.9887008666992,223,0,
224,,Farmagudi,,15.4127998352,73.9887008667,224,0,
225,,Ponda KTC Bus Stand,,15.4061479568481,73.9972686767578,225,0,
226,,Ponda Market,,15.4031621354,74.0102729797,226,0,
227,,Xelpem Duler,,15.6078996658325,73.8124008178711,227,0,
228,,Xelpem Duler,,15.6079998016357,73.8125991821289,228,0,
229,,Kucheli Charrasta,,15.6157512664795,73.814094543457,229,0,
230,,Kucheli,,15.6107997894287,73.8128967285156,230,0,
231,,Tin Mad,,15.6232995986938,73.8123016357422,231,0,
232,,Tin Mad,,15.6232995986938,73.8124008178711,232,0,
233,,Garage Bypass Camurlim,,15.6282997131348,73.8134002685547,233,0,
234,,Garage Bypass Camurlim,,15.6282997131348,73.8135986328125,234,0,
235,,Power Grid Corporation Kucheli,,15.6416997909546,73.8164978027344,235,0,
236,,Power Grid Corporation Kucheli,,15.6415996551514,73.8165969848633,236,0,
237,,Charasta Kucheli,,15.643500328064,73.8167037963867,237,0,
238,,Charasta kucheli,,15.643500328064,73.8169021606445,238,0,
239,,Chicalim Bardez,,15.6477003097534,73.8169021606445,239,0,
240,,Chicalim Bardez,,15.6478004455566,73.8170013427734,240,0,
241,,Kucheli,,15.6107997894287,73.8130035400391,241,0,
242,,Gaonkarwada Camurlim,,15.641900062561,73.8109970092773,242,0,
243,,Gaonkarwada Camurlim,,15.6420001983643,73.8110961914063,243,0,
244,,Panjim Ferry,,15.4989995956421,73.8383026123047,244,0,
245,,Panjim Ferry,,15.49880027771,73.8384017944336,245,0,
246,,Ribandar Police Sation,,15.5021553039551,73.8720016479492,246,0,
247,,Tivrem,,15.5025997161865,73.9629974365234,247,0,
248,,Tivrem,,15.502799987793,73.9630966186523,248,0,
249,,Marcel KTC Bus Stand,,15.5158996582031,73.9614028930664,249,0,
250,,Marcel KTC Bus Stand,,15.5157759479,73.9613518715,250,0,
251,,Old Goa,,15.5017795562744,73.90966796875,251,0,
252,,Old Goa,,15.502158164978,73.9096908569336,252,0,
253,,Khandola,,15.5241003036499,73.9655990600586,253,0,
254,,Khandola,,15.5241003036499,73.9656982421875,254,0,
255,,Amona,,15.5292997360229,73.9739990234375,255,0,
256,,Amona,,15.5291996002197,73.9740982055664,256,0,
257,,Amona Junction,,15.5292997360229,73.9831008911133,257,0,
258,,Amona Junction,,15.5291996002197,73.9832000732422,258,0,
259,,Naveli Junction,,15.5300569534302,74.0085906982422,259,0,
260,,Naveli Junction,,15.529899597168,74.0083999633789,260,0,
261,,Kudne,,15.543999671936,74.0127029418945,261,0,
262,,Kudne,,15.543999671936,74.0129013061523,262,0,
263,,Nagargaon,,15.5572272636,74.1593687534,263,0,
264,,Nagargaon,,15.5571135702,74.1595108509,264,0,
265,,Posrare,,15.569299697876,73.806999206543,265,0,
266,,Posrare,,15.5597911329643,73.8117065429688,266,0,
267,,Devsu,,15.7341995239258,73.7451019287109,267,0,
268,,Devsu,,15.7341995239258,73.7452011108398,268,0,
269,,Konadi,,15.7304000854492,73.7580032348633,269,0,
270,,Konadi,,15.7303380966187,73.7580642700195,270,0,
271,,Paraste,,15.726900100708,73.7779006958008,271,0,
272,,Paraste,,15.7266998291016,73.7779006958008,272,0,
273,,Korgao,,15.7098999023438,73.7515029907227,273,0,
274,,Korgao,,15.709843098,73.7515298128,274,0,
275,,Marna,,15.6160936355591,73.7907638549805,275,0,
276,,Marna,,15.6162004470825,73.7906036376953,276,0,
277,,Siolim Church,,15.6141996383667,73.7699966430664,277,0,
278,,Siolim Church,,15.6142740249634,73.7700347900391,278,0,
279,,S.F.X. High School,,15.6218004226685,73.7684020996094,279,0,
280,,SFX High School,,15.6218996047974,73.7685012817383,280,0,
281,,Siolim,,15.6265001296997,73.7660980224609,281,0,
282,,Siolim,,15.6267004013062,73.7661972045898,282,0,
283,,Chopdem,,15.6408004760742,73.7591018676758,283,0,
284,,Chopdem,,15.6409997940063,73.7590026855469,284,0,
285,,Agarwada Jn.,,15.6497001647949,73.7645034790039,285,0,
286,,Agarwada Jn.,,15.6498003005981,73.7647018432617,286,0,
287,,Chonsai,,15.6563997268677,73.7652969360352,287,0,
288,,Chonsai,,15.6564998626709,73.7654037475586,288,0,
289,,Parcem,,15.6710996627808,73.7809982299805,289,0,
290,,Parcem,,15.671199798584,73.7807998657227,290,0,
291,,Dhandoswada,,15.6667003631592,73.734001159668,291,0,
292,,Dhandoswada,,15.6667995452881,73.7341003417969,292,0,
293,,Junaswada / Mandrem Beach,,15.6702003479,73.7133026123,293,0,
294,,Junaswada / Mandrem Beach,,15.6703100204468,73.71337890625,294,0,
295,,Mandrem,,15.6588001251221,73.7170028686523,295,0,
296,,Mandrem,,15.6588001251221,73.7171020507813,296,0,
298,,Agarwada Titha,,15.6443004608154,73.7609024047852,298,0,
299,,Siolim Fish Market,,15.6316995620728,73.7642974853515,299,0,
300,,Askawada,,15.661997795105,73.7339096069336,300,0,
301,,Askawada,,15.6618204116821,73.7339019775391,301,0,
302,,Deulwada,,15.6660842895508,73.7222061157227,302,0,
303,,Harmal Tisk,,15.6885995864868,73.7125015258789,303,0,
304,,Harmal Tisk,,15.6885130809,73.7124912143,304,0,
305,,Madlamaz,,15.6710996627808,73.714599609375,305,0,
306,,Madlamaz,,15.6710996627808,73.7144012451172,306,0,
307,,Paliyem,,15.7081098556519,73.7209320068359,307,0,
308,,Paliyem,,15.707986831665,73.7208709716797,308,0,
309,,Kiran Pani,,15.7229870205,73.7196974754,309,0,
310,,Kiran Pani,,15.7232937043,73.719794035,310,0,
311,,"Keri, Pernem",,15.7181997299194,73.6921005249023,311,0,
312,,"Keri, Pernem",,15.7180995941162,73.6921997070313,312,0,
313,,Shirgalim,,15.6590003967285,73.8253021240234,313,0,
314,,Shirgalim,,15.6590003967285,73.8252029418945,314,0,
315,,Arabo,,15.6579866409302,73.8196487426758,315,0,
316,,Arabo,,15.657995223999,73.8195343017578,316,0,
317,,Camurlim Ferry Titha,,15.6584997177124,73.8062973022461,317,0,
318,,Camurlim Ferry Titha,,15.6585998535156,73.8062973022461,318,0,
319,,Palyem,,15.6590995788574,73.813102722168,319,0,
320,,Palyem,,15.6591997146606,73.8132019042969,320,0,
321,,Nanoda,,15.6381998062134,73.9235000610352,321,0,
322,,Nanoda,,15.6379995346069,73.9235000610352,322,0,
325,,Kasarpal,,15.6457996368408,73.9404983520508,325,0,
326,,Kasarpal,,15.6457004547119,73.9405975341797,326,0,
327,,Goa Border,,15.6753997802734,73.9636993408203,327,0,
328,,Goa Border,,15.6752996444702,73.9637985229492,328,0,
329,,Sawantwadi Bus Stand MSRTC,,15.9103002548218,73.8216018676758,329,0,
330,,Mazgao Nala,,15.8861999511719,73.8304977416992,330,0,
331,,Mazgao Nala,,15.8863000869751,73.8305969238281,331,0,
332,,Old Insuli Check Post,,15.8290004730225,73.8491973876953,332,0,
333,,Old Insuli Check Post,,15.8289003372192,73.8492965698242,333,0,
336,,Banda,,15.8182434383,73.863280654,336,0,
337,,Banda,,15.8178997039795,73.8629989624023,337,0,
338,,Panval,,15.8233995437622,73.8825988769531,338,0,
339,,Panval,,15.8234996795654,73.882698059082,339,0,
340,,Morgao,,15.7940998077393,73.9169006347656,340,0,
341,,Morgao,,15.7940998077393,73.9169998168945,341,0,
342,,Adali,,15.7840995788574,73.9197006225586,342,0,
343,,Adali,,15.7840003967285,73.9198989868164,343,0,
344,,Maneri,,15.7003002166748,73.9591979980469,344,0,
345,,Maneri,,15.700400352478,73.9593963623047,345,0,
346,,Dadachiwadi,,15.6987428665161,73.8482360839844,346,0,
347,,Dadachiwadi,,15.6983127593994,73.8482818603516,347,0,
348,,Nagzer Warkhand Junction,,15.706298828125,73.8526382446289,348,0,
349,,Nagzer Warkhand Junction,,15.7062454223633,73.8528137207031,349,0,
350,,Purva,,15.7110996246338,73.8628005981445,350,0,
351,,Purva,,15.7110004425049,73.8628997802734,351,0,
352,,Casarvarnem,,15.7181997299194,73.8880233764648,352,0,
353,,Casarvarnem,,15.7180004119873,73.8884963989258,353,0,
354,,Bailpar,,15.7214212417603,73.8945846557617,354,0,
355,,Bailpar,,15.7215900421143,73.8944473266602,355,0,
356,,Chandel Junction,,15.7299003601,73.8977966309,356,0,
357,,Chandel Junction,,15.7298974991,73.8982009888,357,0,
358,,Hasapur Farm,,15.7436418533325,73.9162750244141,358,0,
359,,Hasapur Farm,,15.7433881759644,73.9164962768555,359,0,
360,,Hankhane,,15.7317514965,73.9398692846,360,0,
361,,Hankhane,,15.7315537173,73.939851284,361,0,
362,,Ibrampur,,15.707799911499,73.9363021850586,362,0,
363,,Ibrampur,,15.7076997756958,73.9365005493164,363,0,
364,,Dhulaper,,15.4927396774292,73.9472122192383,364,0,
365,,Dhulaper,,15.4929237365723,73.9473037719727,365,0,
366,,Sonyam,,15.6597900390625,73.818244934082,366,0,
367,,Sonyam,,15.6599283218384,73.8182525634766,367,0,
368,,Manshi,,15.6738004684448,73.818603515625,368,0,
369,,Manshi,,15.6738004684448,73.8187026977539,369,0,
370,,Virnora,,15.6861057281494,73.8200302124023,370,0,
371,,Virnora,,15.6860494613647,73.819938659668,371,0,
372,,Tuyem Hospital,,15.690092086792,73.7942962646484,372,0,
373,,Tuyem Hospital,,15.6900997161865,73.7940979003906,373,0,
374,,Ashwem,,15.6410999298096,73.7221984863281,374,0,
375,,Ashwem,,15.6409997940063,73.7221984863281,375,0,
376,,Parra Tinto/ Panchayat,,15.5735998153687,73.7932968139648,376,0,
377,,Parra Tinto/ Panchayat,,15.5736999511719,73.7931976318359,377,0,
378,,Arpora,,15.5631999969482,73.7647018432617,378,0,
379,,Arpora,,15.563099861145,73.7646026611328,379,0,
384,,Candolim Market,,15.5207004547119,73.7674026489258,384,0,
385,,Candolim Market,,15.5207004547119,73.7671966552734,385,0,
386,,Candolim Beach,,15.5237998962402,73.7665023803711,386,0,
387,,Calangute,,15.5454998016357,73.7646026611328,387,0,
388,,Calangute,,15.545599937439,73.7647018432617,388,0,
391,,Mapusa Khorlim,,15.5937156677246,73.8034973144531,391,0,
392,,Mapusa Khorlim,,15.59388256073,73.8033981323242,392,0,
393,,Mapusa DMC College,,15.5951995849609,73.7973022460938,393,0,
394,,Mapusa DMC College,,15.5952997207642,73.7973022460938,394,0,
395,,Assagao Panchayat,,15.5995998382568,73.7683029174805,395,0,
396,,Assagao Panchayat,,15.5996999740601,73.7682037353516,396,0,
397,,Anjuna Charrasta,,15.601185798645,73.7614059448242,397,0,
398,,Anjuna Charrasta,,15.6009836196899,73.7613754272461,398,0,
399,,Badem Piplakade,,15.6039257049561,73.7546768188477,399,0,
400,,Khubharjua,,15.515700340271,73.94580078125,400,0,
401,,Khubharjua,,15.5158004760742,73.94580078125,401,0,
405,,Patyekade,,15.4350996017456,73.9824981689453,405,0,
406,,Patyekade,,15.4350004196167,73.9823989868164,406,0,
407,,Ponda Tisk,,15.3944997787,74.0021972656,407,0,
408,,Ponda Tisk,,15.394700050354,74.0020980834961,408,0,
409,,Borim,,15.354700088501,74.0028991699219,409,0,
410,,Borim,,15.3545999527,74.0027999878,410,0,
411,,Top Cola,,15.3689346313477,74.009407043457,411,0,
412,,Top Cola,,15.3690004348755,74.0092010498047,412,0,
413,,Bori Sanquar,,15.3647956848145,73.9999084472656,413,0,
414,,Bori Sanquar,,15.3648691177368,73.9996719360352,414,0,
415,,Rassaim Ferry,,15.3676996231079,73.9638977050781,415,0,
416,,Rassaim Ferry,,15.367600440979,73.9637985229492,416,0,
417,,Angdi,,15.3503999710083,73.9789962768555,417,0,
418,,Angdi,,15.3503999710083,73.9788970947266,418,0,
419,,Quelossim,,15.3865003585815,73.9409027099609,419,0,
420,,Quelossim,,15.3863000869751,73.9409027099609,420,0,
421,,Thana Market,,15.3959255218506,73.9165802001953,421,0,
422,,Thana Market,,15.3963394165039,73.9165802001953,422,0,
423,,Cortalim Pajentar,,15.3895998001099,73.9192962646484,423,0,
424,,Cortalim Pajentar,,15.3895998001099,73.9191970825195,424,0,
425,,Verna Cipla,,15.3655004501343,73.9508972167969,425,0,
426,,Verna Cipla,,15.3652000427246,73.950798034668,426,0,
429,,"Patradevi, Border, Check Post",,15.7982997894287,73.8638000488281,429,0,
430,,Kudal Bus Stand,,16.0132007598877,73.6947021484375,430,0,
431,,Oras Paata,,16.1168994903564,73.706901550293,431,0,
432,,Oras Paata,,16.1168003082275,73.7070999145508,432,0,
433,,Kasal,,16.1574001312256,73.6831970214844,433,0,
434,,Kasal,,16.1573009490967,73.6832962036133,434,0,
435,,Kankavali Bus Stand MSRTC,,16.2628049955,73.7084803581,435,0,
436,,Kankavali Bus Stand MSRTC,,16.2626405736,73.7084525824,436,0,
437,,Vaibhavwadi,,16.4972991943359,73.7460021972656,437,0,
438,,Gaganbawda,,16.546244323,73.8319927454,438,0,
439,,Kolhapur Bus Stand MSRTC,,16.7033996582031,74.2433013916016,439,0,
440,,Sangli Bus Stand MSRTC,,16.853099822998,74.563102722168,440,0,
441,,Dabolim Airport,,15.3860998153687,73.838996887207,441,0,
442,,Dabolim Airport,,15.3861999512,73.8386001587,442,0,
443,,"Paz, Bicholim",,15.5881004333496,73.9443969726563,443,0,
444,,Mayem Lake,,15.5769996643066,73.9389038085938,444,0,
445,,Mayem Lake,,15.5769996643066,73.9386978149414,445,0,
446,,Mayem,,15.579400062561,73.9209976196289,446,0,
447,,Mayem,,15.5796003341675,73.9208984375,447,0,
448,,Sonal cross,,15.5441999435425,74.1529006958008,448,0,
449,,Sonal cross,,15.5441999435425,74.1529998779297,449,0,
450,,Postar,,15.5713996887207,74.1859970092773,450,0,
451,,Postar,,15.5712995529175,74.1859970092773,451,0,
452,,Maloli,,15.5763998031616,74.1961975097656,452,0,
453,,Maloli,,15.5763998031616,74.1962966918945,453,0,
454,,Nanora,,15.5787000656128,74.2030029296875,454,0,
455,,Nanora,,15.5786225555,74.2030029297,455,0,
456,,Redegathi,,15.5267000198364,74.1053009033203,456,0,
457,,Redegathi,,15.5268001556396,74.1053009033203,457,0,
458,,Zarme,,15.5729999542236,74.1041030883789,458,0,
459,,Zarme,,15.5729276094,74.104097724,459,0,
460,,Dabem,,15.5454998016357,74.1167984008789,460,0,
461,,Mauxi,,15.5429000854492,74.1187973022461,461,0,
462,,Velguem,,15.5206003189087,74.1539993286133,462,0,
463,,Khadki,,15.503379172,74.1400985718,463,0,
464,,Savarshe,,15.5029001235962,74.1356964111328,464,0,
465,,Ambedem,,15.555100440979,74.1622009277344,465,0,
466,,Dhavem,,15.5521001815796,74.1779022216797,466,0,
468,,Codal,,15.5945997238159,74.2067031860352,468,0,
469,,Satre,,15.6169004440308,74.2163009643555,469,0,
470,,Ustem,,15.5611000061035,74.1880035400391,470,0,
471,,Usap,,15.6753997802734,74.0572967529297,471,0,
472,,Pissurlem,,15.5341997146606,74.0652008056641,472,0,
473,,Advoi,,15.4961996078491,74.0975036621094,473,0,
475,,Padeli,,15.4843006134033,74.1145248413086,475,0,
477,,Khotodem,,15.4843997955322,74.1410980224609,477,0,
478,,Guleli,,15.4533996582031,74.131103515625,478,0,
479,,Cudcem,,15.5328998565674,74.1650009155273,479,0,
480,,Naneli,,15.5826997756958,74.1356964111328,480,0,
482,,Arvalem,,15.5578002929687,74.0585021972656,482,0,
483,,Poriem,,15.5874996185303,74.0286026000977,483,0,
484,,Kudchire,,15.6035003662109,74.0045013427734,484,0,
485,,Koparde,,15.567099571228,74.136100769043,485,0,
486,,Pali,,15.5935001373291,74.1378021240234,486,0,
487,,Navelim,,15.2567686457,73.96636796,487,0,
488,,Navelim,,15.2567728553,73.966476798,488,0,
489,,"Dramapur, Navelim",,15.2369287967,73.9760782719,489,0,
490,,"Dramapur, Navelim",,15.2369387497,73.9762459397,490,0,
492,,Assolna,,15.1803998947144,73.9712982177734,492,0,
493,,Velim,,15.1571998596191,73.9649963378906,493,0,
494,,Velim Church,,15.1660003662109,73.9737014770508,494,0,
495,,Betul Cross,,15.1386995315552,73.9573974609375,495,0,
496,,Morlem,,15.5763998031616,74.0466995239258,496,0,
497,,Morlem,,15.5764999389648,74.0467987060547,497,0,
498,,Gaonkarwada,,15.5522830055,74.0566185713,498,0,
500,,Nachinola,,15.5922002792358,73.8551025390625,500,0,
501,,Nachinola,,15.5920066833496,73.8550872802734,501,0,
502,,Aldona,,15.5899000167847,73.8731994628906,502,0,
503,,Aldona,,15.5895654014,73.87327981,503,0,
504,,Carona,,15.5783996582031,73.875602722168,504,0,
505,,Calvi,,15.5682001113892,73.8883972167969,505,0,
506,,Britona Market,,15.5204381942749,73.8475112915039,506,0,
507,,Salvador,,15.5327205657959,73.858039855957,507,0,
508,,Pomburpa,,15.5655002593994,73.8613967895508,508,0,
509,,Quitla Aldona,,15.6020002365112,73.8740997314453,509,0,
510,,Goljuem,,15.5977001190186,73.8892974853516,510,0,
511,,"Boron, Nachinola",,15.5848999023438,73.8498992919922,511,0,
513,,Varpal,,15.5628995895386,73.9207992553711,513,0,
514,,Varpal,,15.5628995895386,73.9207000732422,514,0,
515,,Tikhane,,15.5572996139526,73.9113006591797,515,0,
516,,Vainguinim,,15.5675001144409,73.9088973999023,516,0,
517,,Betim,,15.5055999755859,73.8336029052734,517,0,
518,,Betim,,15.5057001113892,73.8337020874023,518,0,
519,,Verem Market,,15.5080003738403,73.809700012207,519,0,
522,,Ozari,,15.6944999694824,73.8684005737305,522,0,
523,,Menkurem,,15.6958061316,73.8970031738,523,0,
524,,Pirna,,15.6621999740601,73.8824996948242,524,0,
525,,Pirna,,15.6620998382568,73.8825988769531,525,0,
526,,Nadora,,15.6711590604,73.8630123734,526,0,
527,,Nadora,,15.6710983715,73.8629520237,527,0,
528,,Colvale Tar,,15.646900177002,73.8406982421875,528,0,
529,,Colvale Tar,,15.646900177002,73.8407974243164,529,0,
530,,Revora,,15.6557998657227,73.8470001220703,530,0,
531,,Revora,,15.6556997299194,73.8471984863281,531,0,
532,,Miramar Beach Circle B,,15.4835305453505,73.8090436458588,532,0,
533,,Miramar Beach Circle A,,15.4832536814324,73.8093837499618,533,0,
534,,Taleigao,,15.4815998077393,73.8223037719727,534,0,
535,,Panjim Post Office B,,15.4999884085454,73.8328286409378,535,0,
536,,Althino Circle,,15.4874000549316,73.8262023925781,536,0,
537,,Vazem,,15.3362411593,74.0171592236,537,0,
538,,Vazem,,15.3360414505005,74.0166549682617,538,0,
539,,Shiroda Market,,15.3196001052856,74.0296020507813,539,0,
540,,Panchawadi,,15.28564453125,74.076789855957,540,0,
541,,Panchawadi,,15.2860240936279,74.0770263671875,541,0,
542,,Mapa,,15.2790002822876,74.0959014892578,542,0,
543,,Mapa,,15.2789001464844,74.0958023071289,543,0,
546,,Costi,,15.2592000961304,74.1733016967773,546,0,
547,,Costi,,15.2590999603271,74.1734008789063,547,0,
548,,Kalne Cross,,15.756679925,73.9214632511,548,0,
549,,Kalne Cross,,15.7569141388,73.9209823608,549,0,
550,,Uguem,,15.7517995834351,73.8347015380859,550,0,
551,,Uguem,,15.7517995834351,73.8348999023438,551,0,
553,,Tamboxem,,15.7582998275757,73.8354034423828,553,0,
554,,Tamboxem,,15.7581996917725,73.8354034423828,554,0,
555,,Torxem,,15.7767181396484,73.8517532348633,555,0,
556,,Torxem,,15.7764654159546,73.8518142700195,556,0,
557,,"Patradevi Border, Check Post",,15.7981996536255,73.8640975952148,557,0,
559,,Poroscodem,,15.7397003173828,73.8125,559,0,
560,,Poroscodem,,15.7396001815796,73.8125,560,0,
561,,Varcond,,15.7260999679565,73.8373031616211,561,0,
562,,Varcond,,15.7259998321533,73.8373031616211,562,0,
563,,Harmal Beach,,15.687801361084,73.7115707397461,563,0,
564,,Harmal Beach,,15.687689781189,73.7116241455078,564,0,
565,,Ashwem Beach,,15.6487998962402,73.7170028686523,565,0,
568,,Sodiem,,15.6211996078491,73.7960968017578,568,0,
569,,Sodiem,,15.6212997436523,73.7960968017578,569,0,
570,,Sodiem Holycross High School,,15.6217002868652,73.7857971191406,570,0,
571,,Sodiem Holycross High School,,15.6217002868652,73.786003112793,571,0,
578,,Panaji Old Secretariat,,15.5008001327515,73.8293991088867,578,0,
579,,Panaji Cruises,,15.4995002746582,73.8364028930664,579,0,
580,,Dona Paula Circle,,15.457200050354,73.8032989501953,580,0,
581,,Goa University Library B,,15.4583299728252,73.829942882061,581,0,
582,,Goa University Library A,,15.4586207256538,73.8299347758293,582,0,
583,,St. Cruz Church B,,15.476300239563,73.8454971313477,583,0,
584,,Panjim Community Centre,,15.4871997833252,73.8320007324219,584,0,
586,,Panjim People High School,,15.4944000244141,73.831901550293,586,0,
587,,"Keri, Ponda",,15.4639148712158,73.995475769043,587,0,
588,,Birla Bits Pilani,,15.3870000839233,73.8758010864258,588,0,
589,,Bhatwadi,,15.6930999755859,73.7334976196289,589,0,
590,,Bhatwadi,,15.6928997039795,73.7335968017578,590,0,
591,,Camurlim Tuem Ferry,,15.6483001708984,73.7939987182617,591,0,
592,,Camurlim Tuem Ferry,,15.6484003067017,73.7940979003906,592,0,
593,,Camurlim Darbarwada,,15.6478004455566,73.7926025390625,593,0,
594,,Camurlim Darbarwada,,15.6478996276855,73.7926025390625,594,0,
595,,Camurlim Khairat,,15.6380996704102,73.7846984863281,595,0,
596,,Camurlim Khairat,,15.6380480119,73.7846287489,596,0,
610,,Saligao Junction,,15.5462999343872,73.7890014648438,610,0,
611,,Saligao Junction,,15.5459756269,73.7889342308,611,0,
612,,Pilerne IDC,,15.5334997177124,73.7968978881836,612,0,
613,,Pilerne IDC,,15.5331854232,73.7969890833,613,0,
614,,Madani/V.P. Pilerne,,15.519700050354,73.8052978515625,614,0,
615,,Madani/V.P. Pilerne,,15.5194997787476,73.8052978515625,615,0,
616,,Candolim Church,,15.5174999237061,73.7771987915039,616,0,
617,,Candolim Church,,15.5179479644,73.7772363737,617,0,
619,,"Keri,Vijaydurga",,15.4664001464844,73.9952011108398,619,0,
620,,Arle,,15.4574003219604,74.0009002685547,620,0,
621,,Apewal,,15.4371995925903,74.0086975097656,621,0,
622,,Karmane,,15.4540004730225,74.0046005249023,622,0,
623,,Curti,,15.4112175178,74.0258733034,623,0,
624,,Karmali Railway Station,,15.4903001785278,73.9231414794922,624,0,
625,,Karmali Railway Station,,15.4901428222656,73.9230880737305,625,0,
626,,Hotel Wilsha,,15.4854154586792,73.9231414794922,626,0,
627,,Hotel Wilsha,,15.4854307174683,73.9230117797852,627,0,
628,,Azossim,,15.4682874679565,73.92431640625,628,0,
629,,Azossim,,15.4682998657227,73.9243011474609,629,0,
630,,Dongri Mandur,,15.4518003463745,73.9231033325195,630,0,
631,,Dongri Mandur,,15.4516944885254,73.9231872558594,631,0,
632,,Neura,,15.4448003768921,73.9216003417969,632,0,
633,,Neura,,15.4448003768921,73.9216995239258,633,0,
634,,Moira Club,,15.5944995880127,73.8393020629883,634,0,
635,,Moira Club,,15.5944004058838,73.8393020629883,635,0,
636,,Amadi,,15.568699836731,73.8780975341797,636,0,
637,,Cuncolim,,15.1798000335693,73.9981002807617,637,0,
638,,Cuncolim,,15.1797618865967,73.9982376098633,638,0,
639,,Canacona KTC Bus Stand,,15.0082998275757,74.0439987182617,639,0,
640,,Cancona Market,,15.0075311660767,74.0468139648438,640,0,
641,,Cancona Market,,15.0072589049,74.0466617346,641,0,
642,,Poinguinim,,14.9673185348511,74.0865859985352,642,0,
643,,Poinguinim,,14.9672002792358,74.0865020751953,643,0,
644,,Polem Goa-Karnataka Border,,14.9092443008,74.0929046869,644,0,
645,,Polem Goa-Karnataka Border,,14.9094196552,74.0929332972,645,0,
646,,Loliem,,14.9415998458862,74.0703964233398,646,0,
647,,Mashem,,14.9587783813477,74.0547714233398,647,0,
648,,Mashem,,14.9592580795288,74.0551834106445,648,0,
649,,Poigunim,,14.9738998413086,74.0922012329102,649,0,
650,,Poigunim,,14.9736995697021,74.0922012329102,650,0,
651,,Katebag,,14.9912350392,74.0992188454,651,0,
652,,Katebag,,14.9913283124,74.0990900993,652,0,
653,,Galgibag,,14.9652868856,74.0491523743,653,0,
654,,Galgibag,,14.965346737,74.0498607865,654,0,
655,,Talpon,,14.9800594861,74.0421495438,655,0,
656,,Talpon,,14.9799663402,74.0417847633,656,0,
657,,Sadolxem,,14.9922569545,74.0650898218,657,0,
658,,Sadolxem,,14.9920479976,74.0647814274,658,0,
659,,Batpal,,15.0017995834351,74.081901550293,659,0,
660,,Batpal,,15.0017004013062,74.0818023681641,660,0,
661,,Sristhal,,15.0063361945697,74.0623397827148,661,0,
662,,Sristhal,,15.0056987561434,74.0624194145202,662,0,
663,,Gullem,,15.024627295782,74.033591747284,663,0,
664,,Gullem,,15.024805519105,74.0328860283691,664,0,
665,,Balli,,15.1567211151123,74.0143661499023,665,0,
666,,Balli,,15.1568641662598,74.0143890380859,666,0,
667,,Cuncolim KTC Bus Stand,,15.1822986602783,73.997543334961,667,0,
668,,Pazorkoni,,15.2014999389648,73.9959030151367,668,0,
669,,Pazorkoni,,15.2017002105713,73.9956970214844,669,0,
670,,Danewadi,,15.2148170471191,73.9841232299805,670,0,
671,,Danewadi,,15.2149448394775,73.9844131469727,671,0,
672,,Pazorkoni Workhardt Hospital,,15.1975002288818,73.9968032836914,672,0,
673,,Pazorkoni Workhardt Hospital,,15.1975002288818,73.9970016479492,673,0,
674,,"Chinchinim, Cuncolim Junction",,15.2189054489,73.9785385132,674,0,
675,,Assolda,,15.2572002410889,74.059700012207,675,0,
676,,Curchorem - Savordem KTC Bus Stand,,15.2611999511719,74.1066970825195,676,0,
678,,Dr. Ambedkar Circle,,15.2582130432129,74.1052474975586,678,0,
679,,Sanvordem Petrol Pump,,15.2690896987915,74.112678527832,679,0,
680,,Sanvordem Petrol Pump,,15.2688331604004,74.1125564575195,680,0,
681,,Tanki,,15.2327003479004,74.0955963134766,681,0,
682,,Tanki,,15.2327003479004,74.0954971313477,682,0,
683,,Kakumaddi,,15.25119972229,74.1020965576172,683,0,
684,,Kakumaddi,,15.25119972229,74.1022033691406,684,0,
685,,Tilamol,,15.2208003997803,74.0869979858398,685,0,
686,,Tilamol,,15.2207002639771,74.0870971679688,686,0,
687,,Quepem Court,,15.2181997299194,74.0817031860352,687,0,
688,,Quepem Court,,15.2180995941162,74.081901550293,688,0,
689,,Quepem,,15.2142000198364,74.0702972412109,689,0,
690,,Quepem,,15.2144002914429,74.0705032348633,690,0,
693,,Chinchinim  Market,,15.2103004455566,73.9768981933594,693,0,
694,,Chinchinim  Market,,15.2102383276,73.9769411087,694,0,
695,,Cancnamoddi,,15.1928052902222,73.997314453125,695,0,
696,,Cancnamoddi,,15.1928625106812,73.9975204467773,696,0,
697,,Barcem Market,,15.0783004760742,74.0324020385742,697,0,
698,,Barcem Market,,15.0786104202271,74.0325164794922,698,0,
699,,Khandepar,,15.4251034356,74.0453212261,699,0,
700,,Khandepar,,15.4246086433,74.0453138351,700,0,
701,,M.R.F.,,15.4164653048,74.0698986053,701,0,
702,,M.R.F.,,15.4165964126587,74.0693435668945,702,0,
703,,Usgao Tisk,,15.4189451516,74.081564188,703,0,
704,,Usgao Tisk,,15.4188882668,74.0813872814,704,0,
705,,Chowgule Workshop,,15.4212608337402,74.0520248413086,705,0,
706,,Chowgule Workshop,,15.421527286,74.0522015095,706,0,
707,,Dharbandora,,15.3915996551514,74.1219024658203,707,0,
708,,Dharbandora,,15.3914003372192,74.1219024658203,708,0,
709,,Ganje,,15.4663000106812,74.0893020629883,709,0,
710,,Ganje,,15.4661998748779,74.0893020629883,710,0,
711,,Guleli,,15.476900100708,74.1110000610352,711,0,
712,,Guleli,,15.4766998291,74.1110992432,712,0,
713,,Barazan Titha,,15.5026998519897,74.1399993896484,713,0,
714,,Barazan Titha,,15.5025997161865,74.1401977539063,714,0,
719,,Fradilem,,15.2440004348755,73.9727020263672,719,0,
720,,Fradilem,,15.2440004348755,73.972900390625,720,0,
721,,Jacknibandh,,15.2406997680664,73.9753036499023,721,0,
722,,Jacknibandh,,15.2406997680664,73.9755020141602,722,0,
723,,Sirlim Dramapur,,15.2339000701904,73.9760971069336,723,0,
724,,Sirlim Dramapur,,15.2339000701904,73.9761962890625,724,0,
725,,Sirlim,,15.2248001098633,73.9773025512695,725,0,
726,,Sirlim,,15.2246999740601,73.9775009155273,726,0,
727,,Paddi,,15.0925998687744,74.0313034057617,727,0,
728,,Paddi,,15.0927000045776,74.0310974121094,728,0,
729,,Pisornem,,15.0819997787476,74.0300979614258,729,0,
730,,Pisornem,,15.0818996429443,74.0302963256836,730,0,
731,,Colva Circle,,15.2838106155396,73.9569244384766,731,0,
732,,Colva Circle,,15.2832115337,73.9567942619,732,0,
733,,Margao Session Court,,15.2807309458,73.9576945305,733,0,
734,,Margao Session Court,,15.2814874649,73.9576568604,734,0,
735,,Assolda,,15.1828339414,73.9703979492,735,0,
736,,Assolna,,15.180317059,73.9706840515,736,0,
737,,Balli Railway Station,,15.1515998840332,74.018798828125,737,0,
738,,Balli Railway Station,,15.1516618728638,74.018913269043,738,0,
739,,Sateli,,15.7620000839233,73.7778015136719,739,0,
740,,Sateli,,15.7616996765137,73.7776031494141,740,0,
741,,Malewad Naka,,15.7859001159668,73.7397003173828,741,0,
742,,Malewad Naka,,15.78600025177,73.7397994995117,742,0,
743,,Kundura,,15.7757997512817,73.7565002441406,743,0,
744,,Kundura,,15.7760000228882,73.7564010620117,744,0,
745,,Pernem Railway Station,,15.7081003189087,73.8150024414063,745,0,
746,,Pernem Railway Station,,15.7081003189087,73.8152008056641,746,0,
747,,Colvale Naka,,15.6451997756958,73.8376998901367,747,0,
748,,Colvale Naka,,15.6450996398926,73.8377990722656,748,0,
749,,Mapusa Distict Hospital,,15.5961999893188,73.8202972412109,749,0,
750,,Mapusa Distict Hospital,,15.5965003967285,73.8202972412109,750,0,
751,,Ravindra Bhavan,,15.28600025177,73.9634017944336,751,0,
752,,Ravindra Bhavan,,15.2859591751,73.9637451172,752,0,
753,,Arlem,,15.2981109619141,73.971305847168,753,0,
754,,Arlem,,15.2979469299316,73.9715118408203,754,0,
755,,Raia,,15.31369972229,73.9836578369141,755,0,
756,,Raia,,15.31369972229,73.984146118164,756,0,
757,,Tembyer,,15.3237791061401,73.9891128540039,757,0,
758,,Tembyer,,15.3240900039673,73.9890518188477,758,0,
759,,Borim Bridge,,15.3515996932983,74.0035018920898,759,0,
760,,Borim Bridge,,15.3515996932983,74.0034027099609,760,0,
761,,Old Borim Bridge,,15.3454725349,74.0089979172,761,0,
762,,Old Borim Bridge,,15.3451377058,74.0090193748,762,0,
763,,Tarvale,,15.3430995941162,74.0142974853516,763,0,
764,,Tarvale,,15.3430004119873,74.0142974853516,764,0,
765,,Ayuvedic College,,15.3305997848511,74.0199966430664,765,0,
766,,Ayuvedic College,,15.3304996490479,74.0198974609375,766,0,
767,,Shiroda KTC Bus Stand,,15.3212003707886,74.0273971557617,767,0,
768,,Shiroda Shivnathi Temple,,15.31614112854,74.0284194946289,768,0,
769,,Shiroda Shivnathi Temple,,15.31614112854,74.0290679931641,769,0,
770,,Dabolim-Shiroda,,15.3080997467041,74.0420989990234,770,0,
771,,Dabolim-Shiroda,,15.3079996109009,74.0420989990234,771,0,
772,,Church Ponchwadi,,15.3002004623413,74.0664978027344,772,0,
773,,Church Ponchwadi,,15.3002996444702,74.0663986206055,773,0,
774,,Gorvootti,,15.3020076751709,73.949104309082,774,0,
775,,Gorvootti,,15.3018999099731,73.9493026733398,775,0,
776,,Cortalim Sancoale Junction,,15.3977003097534,73.9107971191406,776,0,
777,,Cortalim Sancoale Junction,,15.3977308273315,73.910530090332,777,0,
778,,Cortalim Ferry,,15.4083003997803,73.908203125,778,0,
779,,Cortalim Ferry,,15.4081640627,73.9081821442,779,0,
780,,Rassai Dock,,15.3826999664307,73.9535980224609,780,0,
781,,Rassai Dock,,15.3825998306274,73.953498840332,781,0,
782,,Loutolim,,15.3406000137329,73.9841995239258,782,0,
783,,Loutolim,,15.3402347564697,73.9842987060547,783,0,
784,,Cuncoliem,,15.4615001678467,73.9786987304688,784,0,
785,,Cuncoliem,,15.4615001678467,73.9787979125977,785,0,
788,,Bamado,,15.2046003341675,73.9773025512695,788,0,
789,,Bamado,,15.2046003341675,73.9770965576172,789,0,
790,,Sucaldem,,15.1977996826172,73.9759979248047,790,0,
791,,Sucaldem,,15.1978998184204,73.9758987426758,791,0,
792,,Nusi Academy,,15.1862001419067,73.970703125,792,0,
793,,Nusi Academy,,15.1862001419067,73.9705963134765,793,0,
794,,Ambelim,,15.1715002059937,73.9739990234375,794,0,
795,,Ambelim,,15.1714000701904,73.9740982055664,795,0,
796,,Velim Church,,15.1660003662109,73.9736022949219,796,0,
797,,Velim Market,,15.1653995513916,73.9737014770508,797,0,
798,,Velim Market,,15.1653995513916,73.9736022949219,798,0,
799,,Verna IDC,,15.3734481456,73.9278324842,799,0,
800,,Verna IDC,,15.3734635773,73.9276932478,800,0,
802,,Rawanfond,,15.2650194168091,73.9780044555664,802,0,
803,,Rawanfond,,15.2645038083,73.9777216911,803,0,
804,,Margoa Holy Spirit Church & School,,15.2815826586,73.9592722655,804,0,
805,,Margao Hospicio,,15.2792852011,73.959758997,805,0,
806,,Margao Kamat,,15.2729583639,73.9585599899,806,0,
807,,Railway Foot Overbridge,,15.2698240280151,73.9587631225586,807,0,
808,,Lakaki,,15.2547016143799,73.9941024780273,808,0,
809,,Lakaki,,15.2545003890991,73.993896484375,809,0,
810,,Don Khuris,,15.24880027771,74.0024032592773,810,0,
811,,Don Khuris,,15.2487001419067,74.002197265625,811,0,
812,,Gudi,,15.2398996353149,74.0217971801758,812,0,
813,,Bhootnath Temple,,15.230299949646,74.0414962768555,813,0,
814,,Bhootnath Temple,,15.2301912535,74.0414909124,814,0,
815,,Paroda,,15.2285003662109,74.0504989624023,815,0,
816,,Paroda,,15.2281999588013,74.0504989624023,816,0,
817,,Kavrem,,15.1674003601074,74.0683975219727,817,0,
818,,Kavrem,,15.1674003601074,74.0681991577148,818,0,
819,,Ambaulim,,15.1885995864868,74.0556030273438,819,0,
820,,Ambaulim,,15.1885004043579,74.0553970336914,820,0,
821,,Takar,,15.1805000305176,74.0647964477539,821,0,
822,,Takar,,15.1803998947144,74.064697265625,822,0,
823,,Maina,,15.1290998458862,74.0855026245117,823,0,
824,,Maina,,15.1285681504,74.08476305,824,0,
825,,Pirla,,15.101300239563,74.1242980957031,825,0,
826,,Devbag,,15.0171003341675,74.0294036865235,826,0,
827,,Devbag,,15.0171003341675,74.0291976928711,827,0,
828,,Dumane,,15.0326995849609,74.0211029052734,828,0,
829,,Dumane,,15.0326995849609,74.0210037231445,829,0,
832,,Betul,,15.1359996795654,73.9555969238281,832,0,
833,,Betul,,15.1358995437622,73.9557037353516,833,0,
834,,Neturlim,,15.0914001465,74.2248001099,834,0,
835,,Neturlim,,15.0913828812,74.2241859436,835,0,
836,,Vichundrem,,15.0939998626709,74.190299987793,836,0,
837,,Vichundrem,,15.0938997268677,74.1905975341797,837,0,
838,,Vade Colony,,15.1396999359131,74.2048034667969,838,0,
839,,Vade Colony,,15.1393003463745,74.2045974731445,839,0,
840,,Viliena,,15.1667003631592,74.2425003051758,840,0,
841,,Viliena,,15.166600227356,74.2426986694336,841,0,
842,,Bhati,,15.1916999816895,74.2282028198242,842,0,
843,,Bhati,,15.1916999816895,74.2279968261719,843,0,
844,,Valkini,,15.2054004669189,74.2213973999023,844,0,
845,,Valkini,,15.2054004669189,74.2212982177734,845,0,
846,,Uguem,,15.2301998138428,74.1824035644531,846,0,
847,,Uguem,,15.2301998138428,74.1827011108398,847,0,
848,,Pajimol,,15.2236003876,74.1691970825,848,0,
849,,Pajimol,,15.2234001159668,74.1694030761719,849,0,
850,,Sanguem KTC Bus Stand,,15.2279996871948,74.1518020629883,850,0,
851,,Sanguem Dando/ Court,,15.2264003753662,74.1401977539063,851,0,
852,,Sanguem Dando/ Court,,15.226300239563,74.1401977539063,852,0,
853,,Cacoda,,15.2309999465942,74.1323013305664,853,0,
854,,Cacoda,,15.230799675,74.1322236061,854,0,
857,,Sanvordem Tisk,,15.2689237594604,74.1128463745117,857,0,
858,,Sanvordem Tisk,,15.2688291332,74.1127872467,858,0,
859,,Aquem,,15.272500038147,73.9637985229492,859,0,
860,,Aquem,,15.2725763320923,73.9638595581055,860,0,
861,,Pandava Chapel/ PWD,,15.293065071106,73.966194152832,861,0,
862,,Pandava Chapel/  PWD,,15.2929134369,73.9661774635,862,0,
863,,Costa Factory,,15.2723999023438,73.9741973876953,863,0,
864,,Costa Factory,,15.2722997665405,73.9741973876953,864,0,
865,,Aquem Power House,,15.2728004456,73.9777984619,865,0,
866,,Aquem Power House,,15.2728004455566,73.977897644043,866,0,
867,,Kalay,,15.2920999526978,74.1849975585938,867,0,
868,,Kalay,,15.2918996810913,74.1852035522461,868,0,
869,,Maina,,15.2923002243042,74.0072021484375,869,0,
870,,Maina,,15.292200088501,74.0072021484375,870,0,
871,,Gogol,,15.285834312439,73.9785308837891,871,0,
872,,Gogol,,15.285816192627,73.9789657592773,872,0,
873,,Digas Ponchavadi,,15.2740077972412,74.0989761352539,873,0,
874,,Digas Ponchavadi,,15.2741003036499,74.0989990234375,874,0,
877,,Mollem,,15.3758001327515,74.2268981933594,877,0,
878,,Mollem,,15.3758001327515,74.2270965576172,878,0,
879,,Collem,,15.336199760437,74.2435989379883,879,0,
880,,Collem,,15.3362998962402,74.2437973022461,880,0,
881,,Navavada,,15.3622999191284,74.2334976196289,881,0,
882,,Navavada,,15.3619003295898,74.2339019775391,882,0,
883,,Shigao,,15.3299999237061,74.2053985595703,883,0,
884,,Shigao,,15.329400062561,74.2058029174805,884,0,
885,,Karmane,,15.3257999420166,74.1528015136719,885,0,
886,,Karmane,,15.3255996704102,74.152702331543,886,0,
887,,Savargal,,15.3141002655029,74.1402969360352,887,0,
888,,Savargal,,15.3141002655029,74.1404037475586,888,0,
889,,Bandoli Petrol Pump,,15.3024997711182,74.1365966796875,889,0,
890,,Bandoli Petrol Pump,,15.3024997711182,74.1367034912109,890,0,
893,,Guddimol,,15.2807998657227,74.1261978149414,893,0,
894,,Guddimol,,15.2805451698,74.1266021729,894,0,
897,,Sadashivgad Fort,,14.8462581634521,74.1312561035156,897,0,
898,,Sadashivgad Fort,,14.8464241027832,74.1320571899414,898,0,
899,,Sadashivgad KSRTC,,14.8545999526978,74.130500793457,899,0,
900,,Sadashivgad KSRTC,,14.8546829223633,74.130989074707,900,0,
901,,Mazali,,14.8954000473022,74.1042022705078,901,0,
902,,Mazali,,14.8954248428345,74.1044998168945,902,0,
903,,Shelin,,14.9260186388,74.0713372231,903,0,
904,,Shelin,,14.9261677963,74.0714589357,904,0,
905,,Verna Pirni,,15.3577899932861,73.9272918701172,905,0,
906,,Metastrip,,15.375599861145,73.9039993286133,906,0,
907,,Metastrip,,15.3753995895386,73.9040985107422,907,0,
908,,Upasnagar,,15.3725004196167,73.8927001953125,908,0,
909,,Upasnagar,,15.3723001480103,73.8927993774414,909,0,
910,,Zuarinager,,15.3807743857,73.8742927313,910,0,
911,,Zuarinager,,15.3806175793,73.8742288351,911,0,
912,,MES College,,15.3874998092651,73.863899230957,912,0,
913,,MES College,,15.3872943655,73.8635132313,913,0,
914,,Kadamba Shuttle Service Vasco,,15.3997001647949,73.8108978271484,914,0,
916,,Pandharpur Bus Stand MSRTC,,17.6786994934082,75.3264999389648,916,0,
917,,Savoi Verem,,15.4807996749878,74.0198974609375,917,0,
918,,Savoi Verem,,15.480899810791,74.0195007324219,918,0,
919,,Volvoi,,15.4941997528076,74.0130996704102,919,0,
920,,Verem,,15.4829998016357,74.0184020996094,920,0,
921,,Curchorem Market,,15.2638998031616,74.1112976074219,921,0,
922,,Curchorem Market,,15.2638998031616,74.1113967895508,922,0,
923,,Sulcorna,,15.1022996902466,74.1596984863281,923,0,
924,,Sulcorna,,15.1022996902466,74.159797668457,924,0,
925,,Colomba,,15.1498003005981,74.1307983398438,925,0,
926,,Colomba,,15.1497001647949,74.1306991577148,926,0,
927,,Rivona,,15.164999961853,74.1080017089844,927,0,
928,,Rivona,,15.1647996902466,74.1079025268555,928,0,
929,,Zambavlim,,15.1870002746582,74.0963973999023,929,0,
930,,Zambavlim,,15.1870106288,74.0966441035,930,0,
931,,Shirvoi,,15.2032311948,74.097468853,931,0,
932,,Shirvoi,,15.20361783,74.0977230072,932,0,
935,,Dabhal,,15.3599004745483,74.1039962768555,935,0,
936,,Dabhal,,15.3597002029419,74.1039962768555,936,0,
937,,Nirankal,,15.3695001602173,74.068603515625,937,0,
938,,Nirankal,,15.3694000244141,74.068603515625,938,0,
939,,Codli Tisk,,15.3563995361328,74.1237030029297,939,0,
940,,Codli Tisk,,15.3563003540039,74.1239013671875,940,0,
941,,Kamorcond,,15.3325996398926,74.090202331543,941,0,
942,,Kamorcond,,15.3325996398926,74.0904006958008,942,0,
950,,Uzro Junction,,15.319863319397,73.984016418457,950,0,
951,,Uzro Junction,,15.3200187683105,73.9838180541992,951,0,
952,,Surla Junction,,15.4977998733521,74.0220031738281,952,0,
953,,Surla Junction,,15.4975004196167,74.021598815918,953,0,
954,,Forest Check Post,,15.6128625869751,73.9623870849609,954,0,
955,,Forest Check Post,,15.6135311126709,73.9619140625,955,0,
956,,Fatorpa,,15.145299911499,73.9956970214844,956,0,
957,,Majorda,,15.313099861145,73.9120025634766,957,0,
958,,Majorda,,15.3131999969482,73.9120025634766,958,0,
959,,Canacona IDC,,15.0077758405347,74.0707283020037,959,0,
960,,Canacona IDC,,15.0086050033569,74.0706253051758,960,0,
961,,Velguem,,15.5,74.053596496582,961,0,
962,,Velguem,,15.5,74.0532989501953,962,0,
963,,Surla,,15.4880393599,74.0446363091,963,0,
964,,Surla,,15.4878997802734,74.0447006225586,964,0,
967,,Don Khamb Kavalem,,15.391300201416,73.9884033203125,967,0,
968,,Don Khamb Kavalem,,15.3687696329,74.0811004639,968,0,
969,,Old Bus Stand Ponda,,15.4005002975464,74.0038986206055,969,0,
970,,Murida,,15.1814002990723,73.9884033203125,970,0,
971,,Murida,,15.1812000274658,73.9884033203125,971,0,
972,,Baradi,,15.1507997512817,73.9627990722656,972,0,
973,,Baradi,,15.1504001617432,73.9628982543945,973,0,
974,,Devrem,,15.0892201689,74.1841206551,974,0,
975,,Devrem,,15.0889759678,74.1843781471,975,0,
976,,Donbosco Cavre Tisk,,15.1245002747,74.1404037476,976,0,
977,,Donbosco Cavre Tisk,,15.1246004105,74.1405029297,977,0,
986,,Cotta,,15.1500997543335,74.0046005249023,986,0,
987,,Cotta,,15.1500997543335,74.0045013427734,987,0,
988,,Naquerim,,15.1226997375488,73.9573974609375,988,0,
989,,Naquerim,,15.1224002838135,73.9573974609375,989,0,
990,,Quitla Khanaguinim,,15.1266002655029,73.9699020385742,990,0,
991,,Quitla Khanaguinim,,15.12619972229,73.9699020385742,991,0,
992,,Canaguinim,,15.1206998825073,73.9445037841797,992,0,
993,,Canaguinim,,15.1205997467041,73.9446029663086,993,0,
994,,Nuem,,15.1124000549316,73.9425964355469,994,0,
995,,Nuem,,15.1124000549,73.942199707,995,0,
996,,Val,,15.0352001190186,73.9941024780273,996,0,
997,,Val,,15.0353002548218,73.9941024780273,997,0,
998,,Val,,15.0347995758057,73.9942016601563,998,0,
999,,Karashumol,,15.0464525014,73.9977798462,999,0,
1000,,Karashumol,,15.0464811201,73.997241497,1000,0,
1001,,Mollorem,,15.1073999404907,73.9437026977539,1001,0,
1002,,Mollorem,,15.1075000762939,73.9433975219727,1002,0,
1003,,Matimol,,15.072423991,73.9679843187,1003,0,
1004,,Matimol,,15.072954058,73.9678610563,1004,0,
1005,,Shirotti,,15.0878000259399,73.9585037231445,1005,0,
1006,,Shirotti,,15.0873003005981,73.9581985473633,1006,0,
1007,,Vagon,,15.0714967658,73.9803123474,1007,0,
1008,,Vagon,,15.0712619749,73.979467392,1008,0,
1009,,Cajumol,,15.0630277561,73.9820604324,1009,0,
1010,,Cajumol,,15.0627860347,73.9811725616,1010,0,
1011,,Saleri,,15.0569817804,73.9830589294,1011,0,
1012,,Saleri,,15.0568298612,73.9823026657,1012,0,
1013,,Parvem,,15.051793857,73.9862775803,1013,0,
1014,,Parvem,,15.052225197,73.9867362976,1014,0,
1015,,Karashumol Agond Beach,,15.0411996841431,73.9886016845703,1015,0,
1019,,Goval,,15.0986003875732,73.9375991821289,1019,0,
1020,,Goval,,15.0982999801636,73.9375991821289,1020,0,
1021,,Varchi Malewad School No. 2,,15.8067998886108,73.7391967773438,1021,0,
1022,,Varchi Malewad School No. 2,,15.8067998886108,73.7393035888672,1022,0,
1023,,Malvan Bus Stand MSRTC,,16.0561008453369,73.4748992919922,1023,0,
1024,,Narayan Mandir,,16.0576992034912,73.4824981689453,1024,0,
1025,,Narayan Mandir,,16.0576000213623,73.4824981689453,1025,0,
1026,,Kumbharmath Teetha,,16.0606994628906,73.4890975952148,1026,0,
1027,,Kumbharmath Teetha,,16.0606002807617,73.4890975952148,1027,0,
1028,,Chauke,,16.0580005645752,73.5447998046875,1028,0,
1029,,Chauke,,16.0578002929688,73.5447006225586,1029,0,
1030,,Kalse,,16.0247993469238,73.6018981933594,1030,0,
1031,,Kalse,,16.0247001647949,73.6017990112305,1031,0,
1032,,Dhamapur,,16.0312995910645,73.5939025878906,1032,0,
1033,,Dhamapur,,16.0312004089355,73.5941009521484,1033,0,
1034,,Nhaichiad,,15.8030996322632,73.6669006347656,1034,0,
1035,,Nhaichiad,,15.8030996322632,73.6671981811523,1035,0,
1036,,Vengurla Bus Stand MSRTC,,15.8570144351,73.6327838898,1036,0,
1037,,Korjai,,16.005500793457,73.5012969970703,1037,0,
1038,,Malgoan Bazar,,15.8729000091553,73.7981033325195,1038,0,
1039,,Malgoan Bazar,,15.8729000091553,73.7982025146484,1039,0,
1040,,Akeri,,15.9289999008179,73.7799987792969,1040,0,
1041,,Akeri,,15.9287996292114,73.7799987792969,1041,0,
1042,,Zarap,,15.9394998550415,73.7505035400391,1042,0,
1043,,Zarap,,15.9397001266479,73.750602722168,1043,0,
1044,,Dhapot,,14.951000213623,74.0551986694336,1044,0,
1045,,Dhapot,,14.951024055481,74.0555267333984,1045,0,
1046,,Bendordem,,15.1280794143677,74.033805847168,1046,0,
1047,,Bendordem,,15.1281652450562,74.0340347290039,1047,0,
1048,,Godeval,,15.1057996749878,74.0315017700195,1048,0,
1049,,Godeval,,15.1056995391846,74.0308990478516,1049,0,
1050,,Dicarpale,,15.2589998245239,73.9935989379883,1050,0,
1051,,Holy Cross,,15.418924331665,74.0574417114258,1051,0,
1052,,Holy Cross,,15.4183692932,74.0571727753,1052,0,
1053,,Nestle,,15.4184033301,74.0599701405,1053,0,
1054,,Nestle,,15.4186410903931,74.0600738525391,1054,0,
1055,,Piliem,,15.3996000289917,74.1018981933594,1055,0,
1056,,Piliem,,15.3994998931885,74.1017990112305,1056,0,
1057,,Gaodongri,,15.0335998535156,74.1194000244141,1057,0,
1058,,Gaodongri,,15.0334997177124,74.1193008422852,1058,0,
1059,,Karvem,,15.018027305603,74.100830078125,1059,0,
1060,,Karvem,,15.0185317993164,74.100471496582,1060,0,
1061,,Indrawado,,15.0450000762939,74.1156997680664,1061,0,
1062,,Indrawado,,15.0446996688843,74.1153030395508,1062,0,
1063,,Chiplem,,14.9650001525879,74.0960006713867,1063,0,
1064,,Chiplem,,14.9650001525879,74.0959014892578,1064,0,
1065,,Khargal,,14.961199760437,74.1187973022461,1065,0,
1066,,Malpon,,15.4489002227783,74.1846008300781,1066,0,
1067,,"Camorlim, Ambora",,15.3317003250122,73.9907989501953,1067,0,
1068,,"Camorlim, Ambora",,15.3315753936768,73.9910736083984,1068,0,
1069,,Saibaba Temple,,15.359824180603,74.0006561279297,1069,0,
1070,,Saibaba Temple,,15.3595933914185,74.0005416870117,1070,0,
1071,,Curti,,15.4114047266,74.0256038904,1071,0,
1072,,Betki,,15.5078001022339,73.9934997558594,1072,0,
1073,,Betki,,15.5078001022339,73.9935989379883,1073,0,
1074,,Arla Keri,,15.4490995407105,74.0093994140625,1074,0,
1075,,Arla Keri,,15.4491996765137,74.0094985961914,1075,0,
1076,,Velkasi,,15.4702327992,74.0135135651,1076,0,
1083,,Utorda,,15.3224000930786,73.9063034057617,1083,0,
1084,,Utorda,,15.3222999572754,73.9064025878906,1084,0,
1085,,Curtorim,,15.2902927398682,74.0225830078125,1085,0,
1086,,Curtorim,,15.2900838851929,74.0226058959961,1086,0,
1087,,Carmel Chapel,,15.291600227356,74.0345001220703,1087,0,
1088,,Carmel Chapel,,15.2915000915527,74.0345001220703,1088,0,
1089,,Macasana,,15.2895708084106,74.0588150024414,1089,0,
1090,,Macasana,,15.2898349761963,74.0586929321289,1090,0,
1091,,Molcornem,,15.1877002716064,74.1174011230469,1091,0,
1092,,Molcornem,,15.1875,74.1171035766602,1092,0,
1093,,Kelvona,,15.1360998153687,74.1325988769531,1093,0,
1094,,Kelvona,,15.1360998153687,74.1324996948242,1094,0,
1101,,Gudi,,15.2397003173828,74.021598815918,1101,0,
1102,,Chandor,,15.2615003585815,74.0441970825195,1102,0,
1103,,Chandor,,15.2615003585815,74.0442962646484,1103,0,
1104,,Alma Khuris,,15.2512998580933,74.0351028442383,1104,0,
1105,,Alma Khuris,,15.25119972229,74.0352020263672,1105,0,
1106,,Cotta,,15.2576999664307,74.0550994873047,1106,0,
1107,,Cotta,,15.2576689144,74.0551638603,1107,0,
1108,,Assolda,,15.2573003768921,74.0597991943359,1108,0,
1109,,Xelvona,,15.2654256538,74.0675288439,1109,0,
1110,,Xelvona,,15.2653306958,74.0683871508,1110,0,
1111,,Odar,,15.2629995346069,74.092399597168,1111,0,
1112,,Odar,,15.2629995346069,74.0923004150391,1112,0,
1113,,St Sebastian Chapel Oddar,,15.2608003616333,74.0953979492188,1113,0,
1114,,St Sebastian Chapel Oddar,,15.2608995437622,74.0953979492188,1114,0,
1115,,Dr. Ambedkar Circle,,15.2583389282227,74.1051177978516,1115,0,
1116,,Shivaji Chowk,,15.2576999664307,74.1104965209961,1116,0,
1117,,Shivaji Chowk,,15.2580003738403,74.1104965209961,1117,0,
1118,,Vagurme,,15.4616003036499,74.0314025878906,1118,0,
1119,,Vagurme,,15.4615486009,74.0313060284,1119,0,
1122,,Betora,,15.395299911499,74.0245971679688,1122,0,
1123,,Betora,,15.395299911499,74.02490234375,1123,0,
1124,,Betora IDC,,15.3877000808716,74.0297012329102,1124,0,
1125,,Betora IDC,,15.3874998092651,74.0294036865235,1125,0,
1127,,Ramnathi,,15.3993997573853,73.9816970825195,1127,0,
1128,,Ramnathi,,15.399299621582,73.9816970825195,1128,0,
1129,,Undir,,15.4054002761841,73.9568023681641,1129,0,
1130,,Undir,,15.4048004150391,73.956901550293,1130,0,
1131,,Kharvode,,15.4057998657227,73.9613037109375,1131,0,
1132,,Kharvode,,15.4055004119873,73.9613037109375,1132,0,
1133,,Taluale,,15.4005002975464,73.973503112793,1133,0,
1134,,Taluale,,15.4004001617432,73.973503112793,1134,0,
1139,,Cortalim Pajent,,15.39112579,73.9164239168,1139,0,
1140,,Cortalim Pajent,,15.3914774878,73.9166004062,1140,0,
1145,,St Marys,,15.4011001586914,74.0129013061523,1145,0,
1146,,St Marys,,15.400899887085,74.0130004882813,1146,0,
1152,,Arossim,,15.3278999328613,73.9023971557617,1152,0,
1153,,Arossim,,15.3278999328613,73.9024963378906,1153,0,
1154,,Cansaulim,,15.3445997238159,73.8990020751953,1154,0,
1155,,Cansaulim,,15.3446998596191,73.8988037109375,1155,0,
1156,,Velsao,,15.3487558364868,73.8945846557617,1156,0,
1157,,Velsao,,15.3488922119141,73.8946304321289,1157,0,
1158,,Calata,,15.3078451156616,73.9346542358398,1158,0,
1159,,Calata,,15.3076696395874,73.9346008300781,1159,0,
1160,,Suktalem,,15.3636999130249,74.1752014160156,1160,0,
1161,,Suktalem,,15.3634996414,74.1753005981,1161,0,
1162,,Anmod,,15.440299987793,74.3037033081055,1162,0,
1163,,Anmod,,15.4401998519897,74.3038024902344,1163,0,
1164,,Anmod 1st Gate,,15.4294996261597,74.2822036743164,1164,0,
1165,,Anmod 1st Gate,,15.4293003082275,74.2822036743164,1165,0,
1166,,Tinai Ghat,,15.4460000991821,74.4022979736328,1166,0,
1167,,Tinai Ghat,,15.4462003707886,74.4022979736328,1167,0,
1168,,Ramnager,,15.4232997894287,74.4916000366211,1168,0,
1169,,Ramnager,,15.4230003356934,74.491096496582,1169,0,
1170,,Londa,,15.4453311263,74.4858016968,1170,0,
1171,,Londa,,15.4455003738403,74.4859008789063,1171,0,
1172,,Gunji,,15.5376996994019,74.4912033081055,1172,0,
1173,,Gunji,,15.5375995635986,74.4913024902344,1173,0,
1174,,Khanapur Bus Stand,,15.6436004638672,74.5044021606445,1174,0,
1175,,Belgaum Railway Station Road,,15.8493003845215,74.5066986083984,1175,0,
1176,,Belgaum Railway Station Road,,15.8493003845215,74.5067977905273,1176,0,
1177,,Bogarves City,,15.8604001998901,74.5075988769531,1177,0,
1178,,Bogarves,,15.8587999343872,74.5073013305664,1178,0,
1179,,Rls College,,15.8640003204346,74.5080032348633,1179,0,
1180,,Rani Channamma Circle,,15.8669004440308,74.5099029541016,1180,0,
1182,,Court,,15.8673000335693,74.5130996704102,1182,0,
1183,,R.T.O.,,15.8664274891,74.518851757,1183,0,
1184,,Belgaum Bus Stand,,15.8628997802734,74.5255966186523,1184,0,
1189,,Tirvan,,14.9511003494263,74.1166000366211,1189,0,
1190,,Tirvan,,14.9511003494263,74.11669921875,1190,0,
1191,,Iddar,,14.9601001739502,74.0959014892578,1191,0,
1192,,Iddar,,14.9598999023438,74.0960006713867,1192,0,
1193,,Bours,,14.956600189209,74.1069030761719,1193,0,
1194,,Bours,,14.9565000534058,74.1069030761719,1194,0,
1195,,Karwar Bus Stand KSRTC,,14.8056001663208,74.1279983520508,1195,0,
1196,,Aversa Bus Stand,,14.727499961853,74.2838973999023,1196,0,
1197,,Ankola Bus Stand,,14.6602001190186,74.3067016601563,1197,0,
1198,,Gokarna Bus Stand KSRTC,,14.5459003448486,74.3193969726563,1198,0,
1199,,Gokarna Bus Stand KSRTC,,14.5459003448486,74.3192977905273,1199,0,
1200,,Chandel,,15.7323620053,73.8991270065,1200,0,
1201,,Dhumashe,,15.6884002685547,73.91259765625,1201,0,
1202,,Advalpale,,15.6386995315552,73.8992004394531,1202,0,
1203,,Advalpale,,15.6387996673584,73.8992004394531,1203,0,
1204,,Poira,,15.5966997146606,73.8958969116211,1204,0,
1205,,Poira,,15.5965995788574,73.8960189819336,1205,0,
1206,,Paliem,,15.5819272994995,73.8256072998047,1206,0,
1207,,Bastora,,15.5818996429443,73.8254013061523,1207,0,
1208,,Bastora,,15.5818789739,73.8253691196,1208,0,
1211,,Gaganbawda,,16.5461006164551,73.8320999145508,1211,0,
1214,,Virdi,,15.5473003387451,73.9887008666992,1214,0,
1215,,Virdi,,15.5471000671387,73.9886016845703,1215,0,
1219,,Palolem,,15.0064001083374,74.0333023071289,1219,0,
1220,,Palolem,,15.0062999725342,74.0333023071289,1220,0,
1221,,Palolem Beach,,15.0131998062134,74.0223007202148,1221,0,
1222,,Palolem Beach,,15.0130996704102,74.0223007202148,1222,0,
1223,,Zaino,,15.1646003723145,73.9677963256836,1223,0,
1224,,Zaino,,15.1645002365112,73.9677963256836,1224,0,
1225,,Paricotto Savorcotto,,15.1842002869,74.0084991455,1225,0,
1226,,Paricotto Savorcotto,,15.1838998795,74.0085983276,1226,0,
1227,,Agstipura,,15.3872167836,73.9611749649,1227,0,
1228,,Dhurbat,,15.3731450312,73.9761101007,1228,0,
1229,,Dhurbat,,15.3730810952,73.9759196043,1229,0,
1230,,Dhargalim,,15.6705455780029,73.8436126708984,1230,0,
1231,,Dhargalim,,15.6708965301514,73.8439102172852,1231,0,
1232,,Sacorda,,15.4055995941162,74.1753005981445,1232,0,
1233,,Sacorda,,15.4055004119873,74.1751022338867,1233,0,
1234,,Curpawada,,15.3950004577637,73.9268035888672,1234,0,
1235,,Curpawada,,15.3950958251953,73.9268493652344,1235,0,
1236,,Narve Ferry,,15.5412103277,73.922867775,1236,0,
1237,,Narve Ferry,,15.5410673236,73.9234713468,1237,0,
1238,,Pomburfa Aldona Quitla Church,,15.554874420166,73.868293762207,1238,0,
1239,,Pomburfa Aldona Quitla Church,,15.5548963546753,73.8685150146485,1239,0,
1242,,Bhatlem,,15.4825000762939,73.8287963867188,1242,0,
1243,,Bhatlem,,15.4825000762939,73.8290023803711,1243,0,
1244,,Chinchocem,,15.4827995300293,73.8299026489258,1244,0,
1245,,Chinchocem,,15.4827003479004,73.8299026489258,1245,0,
1248,,Ucassaim,,15.582200050354,73.8411026000977,1248,0,
1249,,Ucassaim,,15.5820999145508,73.8412017822266,1249,0,
1250,,Dhempe College,,15.4822998046875,73.8102035522461,1250,0,
1251,,Dhempe College,,15.4821996688843,73.8102035522461,1251,0,
1255,,Porvorim Housing board,,15.5239000320435,73.8336029052734,1255,0,
1256,,Porvorim Housing board,,15.5228004455566,73.833999633789,1256,0,
1257,,Aldona Ferry Jetty,,15.5888004302979,73.875,1257,0,
1258,,Aldona Ferry Jetty,,15.5888004302979,73.8749008178711,1258,0,
1260,,Don Khamb RTO Check post,,15.6653003692627,73.8387985229492,1260,0,
1261,,Bhutwadi,,15.707799911499,73.8289031982422,1261,0,
1262,,Bhutwadi,,15.7076997756958,73.8289031982422,1262,0,
1264,,Khadpakade,,15.6757001876831,73.7825012207031,1264,0,
1265,,Khadpakade,,15.6757653286,73.7825145721,1265,0,
1272,,Morlem Colony,,15.6023998260498,74.0549011230469,1272,0,
1273,,Morlem Colony,,15.6020002365112,74.0550003051758,1273,0,
1274,,Ghoteli,,15.6091003417969,74.0641021728516,1274,0,
1275,,Ghoteli,,15.6090002059937,74.0642013549805,1275,0,
1276,,Charavane,,15.6279001235962,74.129898071289,1276,0,
1277,,Charavane,,15.6281003952026,74.129898071289,1277,0,
1282,,Bhironda,,15.4883003234863,74.1334991455078,1282,0,
1284,,Hivrem,,15.6309995651245,74.1457977294922,1284,0,
1285,,Hivrem,,15.6309995651245,74.1461029052735,1285,0,
1286,,Dhamshem,,15.4816999435425,74.127799987793,1286,0,
1287,,Dhamshem,,15.4812655743,74.1279287338,1287,0,
1289,,Ambadgaon,,15.6347999572754,73.9877014160156,1289,0,
1290,,Ambadgaon,,15.6347999572754,73.9878005981445,1290,0,
1293,,Tikhane,,15.5572996139526,73.9113998413086,1293,0,
1294,,"Valshi, Mahatme Hospital",,15.6082000732422,73.9324035644531,1294,0,
1295,,"Valshi, Mahatme Hospital",,15.6082000732422,73.9321975708008,1295,0,
1296,,Madel Ferry,,15.5466003417969,73.9002990722656,1296,0,
1297,,Madel Ferry,,15.5465002059937,73.9002990722656,1297,0,
1298,,Devgini,,15.5487003326416,73.8929977416992,1298,0,
1299,,Devgini,,15.5486001968384,73.8927993774414,1299,0,
1300,,Carambolim,,15.5116996765137,74.1754989624023,1300,0,
1301,,Carambolim,,15.5115995407105,74.1755981445313,1301,0,
1302,,Kumthal,,15.5167999267578,74.2016983032227,1302,0,
1303,,Kumthal,,15.5166997909546,74.2016983032227,1303,0,
1304,,Caranzol,,15.506799697876,74.2188034057617,1304,0,
1305,,Caranzol,,15.5067428373,74.2188087702,1305,0,
1306,,Carambolim,,15.5687999725342,74.16259765625,1306,0,
1307,,Carambolim,,15.5687999725342,74.1626968383789,1307,0,
1308,,Shelpem,,15.5921001434326,74.1619033813477,1308,0,
1309,,Shelpem,,15.5920484734,74.1618711948,1309,0,
1310,,Shigne,,15.6001996994019,74.1699981689453,1310,0,
1311,,Shigne,,15.6001996994019,74.1700973510742,1311,0,
1312,,Hedode,,15.5638999938965,74.1452026367188,1312,0,
1313,,Hedode,,15.5629822734,74.1454409361,1313,0,
1314,,Maulinguem,,15.6171998977661,73.9758987426758,1314,0,
1315,,Maulinguem,,15.6170997619629,73.9758987426758,1315,0,
1322,,Rivem,,15.6223001480103,74.161003112793,1322,0,
1323,,Rivem,,15.6223001480103,74.1611022949219,1323,0,
1325,,Chorla Titha,,15.6545071657,74.1479034424,1325,0,
1326,,Chorla Titha,,15.6547002792358,74.1479034423828,1326,0,
1327,,Surla,,15.6695003509521,74.1728973388672,1327,0,
1328,,Kalane,,15.7602806091309,73.925178527832,1328,0,
1329,,Kalane,,15.760082244873,73.9250793457031,1329,0,
1330,,Morgaon,,15.7923002243042,73.9181976318359,1330,0,
1331,,Morgaon,,15.7924003601074,73.9182968139648,1331,0,
1332,,Kumyamal,,15.6881999969482,73.9558029174805,1332,0,
1333,,Sal,,15.6927003860474,73.9284973144531,1333,0,
1334,,Sal,,15.6927003860474,73.928596496582,1334,0,
1335,,Satarda,,15.7468996047974,73.7960968017578,1335,0,
1336,,Satarda,,15.7468996047974,73.7964019775391,1336,0,
1337,,Rekwadi,,15.7679996490479,73.823600769043,1337,0,
1338,,Rekwadi,,15.7679004669,73.8237428665,1338,0,
1339,,Madura,,15.7846002578735,73.8248977661133,1339,0,
1340,,Madura,,15.7847003936768,73.8249969482422,1340,0,
1341,,Mandura Titha,,15.8030004501343,73.82080078125,1341,0,
1342,,Mandura Titha,,15.8029003143311,73.8208999633789,1342,0,
1343,,Sherle,,15.819299697876,73.8482971191406,1343,0,
1344,,Sherle,,15.8191995620728,73.8483963012695,1344,0,
1345,,Poriem,,15.5875997543335,74.0283966064453,1345,0,
1346,,Kankumbi,,15.6983995437622,74.2200012207031,1346,0,
1347,,Kankumbi,,15.6982002258301,74.2198028564453,1347,0,
1348,,Betne,,15.6909999847412,74.2639007568359,1348,0,
1349,,Betne,,15.6906003952026,74.2637023925781,1349,0,
1350,,Amate,,15.6872275173797,74.2989392280579,1350,0,
1351,,Amate,,15.6867785796957,74.2991805076599,1351,0,
1352,,Jamboti,,15.6929998397827,74.3657989501953,1352,0,
1353,,Jamboti,,15.6925001144409,74.3662033081055,1353,0,
1354,,Piranwadi,,15.7953996658325,74.4763031005859,1354,0,
1355,,Piranwadi,,15.794721401,74.4765605927,1355,0,
1356,,Nandgaon Titha,,16.3826999664307,73.6885986328125,1356,0,
1357,,Nandgaon Titha,,16.3827991485596,73.6887969970703,1357,0,
1358,,Talere,,16.4473991394043,73.6607971191406,1358,0,
1359,,Talere,,16.4473925656,73.6611747742,1359,0,
1360,,Vaibhavwadi,,16.4971008300781,73.7462005615234,1360,0,
1361,,Salwan,,16.6872997283936,73.9899978637695,1361,0,
1362,,Salwan,,16.6872393388,73.9901659489,1362,0,
1363,,Kale,,16.7108993530273,74.0539016723633,1363,0,
1364,,Kale,,16.7108001708984,74.0539016723633,1364,0,
1365,,Hedus,,15.7159996032715,73.9543991088867,1365,0,
1366,,Hedus,,15.7160997390747,73.9546966552734,1366,0,
1367,,Degve,,15.819899559021,73.8947982788086,1367,0,
1368,,Degve,,15.8201999664307,73.8948974609375,1368,0,
1369,,Ambeli,,15.6977996826172,73.9964981079102,1369,0,
1370,,Ambeli,,15.6976003646851,73.9964981079102,1370,0,
1371,,Zare Bambarr,,15.704400062561,74.0100021362305,1371,0,
1372,,Zare Bambarr,,15.7042999267578,74.0100021362305,1372,0,
1373,,Kudase,,15.7177000045776,74.0224990844727,1373,0,
1374,,Kudase,,15.7175998687744,74.0225982666016,1374,0,
1375,,Bhedshi,,15.7248001098633,74.0306015014648,1375,0,
1376,,Bhedshi,,15.7246999740601,74.0307998657227,1376,0,
1377,,Usap Titha,,15.7179002761841,74.0251998901367,1377,0,
1378,,Usap Titha,,15.7173004150391,74.0254974365234,1378,0,
1379,,Awade,,15.7377004623413,74.0362014770508,1379,0,
1380,,Awade,,15.7376003265381,74.0363006591797,1380,0,
1381,,Konalkatta,,15.7588996887207,74.0650024414063,1381,0,
1382,,Konalkatta,,15.7586002349854,74.0651016235352,1382,0,
1383,,St. Cruz 2nd,,15.4717311859131,73.8506469726563,1383,0,
1384,,St. Cruz 2nd,,15.4717998504639,73.8501968383789,1384,0,
1390,,Sancoale Zareer,,15.396900177002,73.8704986572266,1390,0,
1391,,Sancoale Zareer,,15.3970003128052,73.8705978393555,1391,0,
1392,,Sancoale 5Star,,15.3993997573853,73.8844985961914,1392,0,
1393,,Sancoale 5Star,,15.399299621582,73.8845977783203,1393,0,
1394,,Mardol,,15.4413003921509,73.9741973876953,1394,0,
1395,,Mangeshi Temple,,15.4465999603271,73.9701995849609,1395,0,
1396,,St. Estevam,,15.534029006958,73.9523696899414,1396,0,
1397,,St. Estevam,,15.5336828232,73.9525756836,1397,0,
1398,,Akhada,,15.5295593663,73.9397068024,1398,0,
1399,,Akhada,,15.5293319489,73.9397711754,1399,0,
1400,,Cortalim Junction,,15.4029655456543,73.9077987670898,1400,0,
1401,,Agarwada Titha,,15.6442003250122,73.7610015869141,1401,0,
1402,,Bhaitwada,,15.6934003829956,73.7863998413086,1402,0,
1403,,Bhaitwada,,15.6934003829956,73.7864990234375,1403,0,
1404,,Pethecha Wada,,15.6996002197266,73.7741012573242,1404,0,
1405,,Pethecha Wada,,15.6997003555298,73.7740020751953,1405,0,
1406,,Marcela Theatre,,15.5120000839233,73.9601974487305,1406,0,
1407,,Marcela Theatre,,15.5121002197266,73.9602966308594,1407,0,
1408,,Savorde Taar,,15.5338001251221,74.1720962524414,1408,0,
1409,,Savorde Taar,,15.5336999893188,74.1719970703125,1409,0,
1410,,Sonal,,15.5475997924805,74.1949005126953,1410,0,
1411,,Airport Residency,,15.3963416911,73.8328902721,1411,0,
1412,,Airport Residency,,15.3963003159,73.8327026367,1412,0,
1413,,Dabolim Bogmalo Cross,,15.3886995315552,73.8475036621094,1413,0,
1414,,Dabolim Bogmalo Cross,,15.3884000778198,73.8477020263672,1414,0,
1415,,Zareer,,15.3824996948242,73.8707962036133,1415,0,
1416,,Zareer,,15.3824157715,73.8706817627,1416,0,
1417,,"Upasnaga, Queeny Nagar",,15.3716659373,73.8912715912,1417,0,
1418,,Margao Hospicio,,15.2793887765,73.9600718021,1418,0,
1419,,Pajifond,,15.2727003097534,73.9608993530273,1419,0,
1420,,Pajifond,,15.2726001739502,73.9608001708984,1420,0,
1421,,Agramad,,15.2335996627808,74.0313034057617,1421,0,
1422,,Agramad,,15.2335996627808,74.0311965942383,1422,0,
1423,,Xeldem,,15.2328996658325,74.0843963623047,1423,0,
1424,,Gonvoll,,15.2463998794556,74.0736999511719,1424,0,
1425,,Gonvoll,,15.2465000152588,74.073600769043,1425,0,
1426,,Curca,,15.4619159698486,73.8666839599609,1426,0,
1427,,Ram Temple,,15.5403995513916,73.8690032958984,1427,0,
1428,,Ram Temple,,15.5404996871948,73.8691024780273,1428,0,
1429,,Olaulim Chapel,,15.5689382553101,73.8630599975586,1429,0,
1430,,Carona,,15.5783996582031,73.8757019042969,1430,0,
1431,,Olaulim,,15.5757741928101,73.8639221191406,1431,0,
1432,,Olaulim,,15.5758152008057,73.8638381958008,1432,0,
1433,,Pomburpa,,15.5655002593994,73.8615036010742,1433,0,
1434,,Beach Cross,,15.6262998580933,73.7418975830078,1434,0,
1435,,Beach Cross,,15.6263999938965,73.74169921875,1435,0,
1436,,Pissurlem,,15.5343999862671,74.0652008056641,1436,0,
1437,,Panaji Old Secretariat,,15.5010995864868,73.8294982910156,1437,0,
1442,,Campal,,15.4874000549316,73.8128967285156,1442,0,
1443,,Campal,,15.4875001907349,73.8127975463867,1443,0,
1448,,Ribander Copel,,15.5045003890991,73.8675994873047,1448,0,
1449,,Bogarves,,15.858699798584,74.5074005126953,1449,0,
1450,,Bogarves City,,15.8605003356934,74.507698059082,1450,0,
1451,,Rls College,,15.8639001846313,74.5081024169922,1451,0,
1452,,Rani Channamma Circle,,15.8668003082275,74.5100021362305,1452,0,
1454,,Court,,15.8670997619629,74.5130996704102,1454,0,
1455,,R.T.O,,15.8656668665,74.5185809135,1455,0,
1456,,Vathadev,,15.5899000167847,73.9646987915039,1456,0,
1457,,Vathadev,,15.5900001525879,73.964599609375,1457,0,
1472,,Tillari,,15.7608995437622,74.0681991577148,1472,0,
1473,,Ker,,15.7889003753662,74.0236968994141,1473,0,
1474,,Vaigantad,,15.7524003982544,74.0554962158203,1474,0,
1475,,Morle,,15.7805004119873,74.0406036376953,1475,0,
1476,,Ghotgewadi,,15.7641000747681,74.0494995117188,1476,0,
1479,,Ribander Church,,15.5052995681763,73.8659973144531,1479,0,
1480,,Old Goa Police Station,,15.5010004043579,73.9148025512695,1480,0,
1481,,Old Goa Police Station,,15.5011081695557,73.9150848388672,1481,0,
1482,,Corlim Petrol Pump,,15.4969758987427,73.9280014038086,1482,0,
1483,,Corlim Petrol Pump,,15.4973926544189,73.9280776977539,1483,0,
1484,,St. Pedro,,15.4996004104614,73.8926010131836,1484,0,
1485,,St. Pedro,,15.4995002746582,73.8927993774414,1485,0,
1486,,Kundaim,,15.4616003036499,73.9599990844727,1486,0,
1487,,Kundaim,,15.4605216137,73.9627323151,1487,0,
1488,,Mardol Masjid,,15.4392004013062,73.9758987426758,1488,0,
1489,,Mardol Masjid,,15.4392051696777,73.9757919311523,1489,0,
1490,,Konem,,15.4336004257202,73.9858016967773,1490,0,
1491,,Konem,,15.4336159386,73.9856595993,1491,0,
1492,,Dhavli,,15.3869104385376,74.0036697387695,1492,0,
1493,,Dhavli,,15.3869209289551,74.0035095214844,1493,0,
1494,,Borim Bridge,,15.3520002365112,74.0039978027344,1494,0,
1495,,Borim Bridge,,15.3520002365112,74.0037994384766,1495,0,
1496,,Chowgule Dock,,15.3432998657227,74.0009994506836,1496,0,
1497,,Chowgule Dock,,15.3432998657227,74.0009002685547,1497,0,
1498,,Fatorda Stadium,,15.290599822998,73.9635009765625,1498,0,
1499,,Fatorda Stadium,,15.290599822998,73.9637985229492,1499,0,
1500,,Colva Circle,,15.2839660644531,73.9579086303711,1500,0,
1501,,ACGL Bhuipal,,15.5423002243042,74.0775985717773,1501,0,
1502,,Karaswada Char Rasta,,15.60888671875,73.8239593505859,1502,0,
1503,,Karaswada Char Rasta,,15.6086711884,73.8236541748,1503,0,
1504,,Madel Housing Board,,15.6187000274658,73.8355026245117,1504,0,
1505,,Madel Housing Board,,15.6184997558594,73.8356018066406,1505,0,
1506,,Sirsaim Copel,,15.6232004165649,73.8825988769531,1506,0,
1507,,Sirsaim Copel,,15.6231002807617,73.8824005126953,1507,0,
1508,,St.Clara H.S. Asnoda,,15.6194000244141,73.8979034423828,1508,0,
1509,,St.Clara H.S. Asnoda,,15.6192998886108,73.8979034423828,1509,0,
1510,,"Karaswada, Taaki",,15.6115999221802,73.8273010253906,1510,0,
1511,,"Karaswada, Taaki",,15.6111929897,73.8277435303,1511,0,
1512,,Manguirish Colony,,15.6160828379,73.8309020996,1512,0,
1513,,Manguirish Colony,,15.6161003112793,73.8311996459961,1513,0,
1514,,"Omkar Colony, Madel",,15.6187000275,73.8406982422,1514,0,
1515,,"Omkar Colony, Madel",,15.6190004348755,73.8404998779297,1515,0,
1516,,Tivim Banglyakade,,15.6211004257202,73.8508987426758,1516,0,
1517,,Tivim Banglyakade,,15.621000289917,73.8509979248047,1517,0,
1518,,"SBI, Cansa Bodiem",,15.6270999908447,73.8638000488281,1518,0,
1519,,"SBI, Cansa Bodiem",,15.627041184,73.8637008667,1519,0,
1520,,"Blooming Bud, Cansa",,15.6260995864868,73.8691024780273,1520,0,
1521,,"Blooming Bud, Cansa",,15.6259590751,73.869515419,1521,0,
1522,,"Assnora, Bainkade",,15.6192998886108,73.8962020874023,1522,0,
1523,,"Assnora, Bainkade",,15.6194000244141,73.8963012695313,1523,0,
1524,,Bicholim Housing Board,,15.6009998321533,73.938102722168,1524,0,
1525,,Bicholim Housing Board,,15.6008996963501,73.938102722168,1525,0,
1526,,Bicholim Muslim Wada,,15.5867128372192,73.9543991088867,1526,0,
1527,,Bicholim Muslim Wada,,15.5866003036499,73.9544982910156,1527,0,
1528,,Zantye College,,15.582799911499,73.9649963378906,1528,0,
1529,,Zantye College,,15.5826997756958,73.9649963378906,1529,0,
1530,,"Adhar Hospital, Sarvan",,15.5769996643066,73.9794998168945,1530,0,
1531,,"Adhar Hospital, Sarvan",,15.5768995285,73.979598999,1531,0,
1532,,Tivim-Colvale Rasta,,15.6245002746582,73.8578033447266,1532,0,
1533,,Tivim-Colvale Rasta,,15.624400138855,73.8579025268555,1533,0,
1534,,Zuarer,,15.4403257369995,73.8697509765625,1534,0,
1535,,Zuarer,,15.4405202865601,73.8699264526367,1535,0,
1537,,Vasco KTC Bus Stop,,15.3994674682617,73.8202133178711,1537,0,
1538,,Vasco KTC Bus Stop,,15.3993712939,73.8203749657,1538,0,
1539,,Auto Service,,15.3993997573853,73.8140029907227,1539,0,
1540,,Auto Service,,15.399299621582,73.8141021728516,1540,0,
1541,,Thana,,15.3978187483,73.9170854687,1541,0,
1542,,Thana,,15.3979978561401,73.9171981811523,1542,0,
1543,,Ponda RTO Office,,15.4049310684204,74.0028533935547,1543,0,
1544,,Ponda RTO Office,,15.4054918114,74.0034213066,1544,0,
1547,,Kaloji Wines,,15.6699743270874,73.8375091552734,1547,0,
1548,,Kaloji Wines,,15.6698999404907,73.8373031616211,1548,0,
1549,,Dhargal High School,,15.6737003326416,73.8368988037109,1549,0,
1550,,Dhargal High School,,15.6735000610352,73.8369979858398,1550,0,
1551,,Pedne Bazaar,,15.7177000045776,73.7973022460938,1551,0,
1552,,Pedne Bazaar,,15.7177000045776,73.7976989746094,1552,0,
1553,,Harambol Tisk,,15.68869972229,73.71240234375,1553,0,
1554,,Railway Foot Overbridge,,15.2697620392,73.9589614868,1554,0,
1555,,Vainguinim,,15.5676002502441,73.9088973999023,1555,0,
1556,,Tulshimal,,15.5693998336792,74.0100021362305,1556,0,
1557,,Tulshimal,,15.569299697876,74.0100021362305,1557,0,
1558,,Sai Service,,15.5138101577759,73.8349533081055,1558,0,
1559,,Sai Service,,15.5136995315552,73.8355026245117,1559,0,
1560,,Banastari Bazaar,,15.492099762,73.9570007324,1560,0,
1561,,Banastari Bazaar,,15.4919004440308,73.9570007324219,1561,0,
1562,,Gavthan,,15.546799659729,74.0149002075195,1562,0,
1563,,Gavthan,,15.5466995239258,74.0149993896484,1563,0,
1564,,Chodna Ferry,,15.5054998397827,73.8641967773438,1564,0,
1565,,Ribander Copel,,15.5046768188477,73.8676223754883,1565,0,
1567,,Veling Cross,,15.4406003952026,73.9749984741211,1567,0,
1568,,Veling Cross,,15.4406003952026,73.9748992919922,1568,0,
1569,,Old Bus Stand Ponda,,15.4003000259399,74.0037994384766,1569,0,
1575,,Ribander Church,,15.5054998397827,73.8659973144531,1575,0,
1576,,Colva Circle,,15.2834730148,73.9571914673,1576,0,
1577,,Curti-Savitri Hall,,15.4075002670288,74.0092010498047,1577,0,
1578,,Curti-Savitri Hall,,15.4074001312256,74.0094985961914,1578,0,
1579,,Apewal,,15.4371995925903,74.0085983276367,1579,0,
1580,,Karmane,,15.4540996551514,74.0046997070313,1580,0,
1581,,Arle,,15.4573001861572,74.0008010864258,1581,0,
1582,,"Keri, Ponda",,15.46399974823,73.9955520629883,1582,0,
1583,,"Keri,Vijaydurga",,15.4664001464844,73.9954986572266,1583,0,
1584,,Margoa Holy Spirit Church & School,,15.2812032699585,73.9567184448242,1584,0,
1586,,Ashwem Beach,,15.6489000320435,73.7170028686523,1586,0,
1588,,Vaigantad,,15.7530002593994,74.054801940918,1588,0,
1589,,Tillari,,15.7608995437622,74.0682983398438,1589,0,
1590,,Ghotgewadi,,15.7638998031616,74.0494995117188,1590,0,
1591,,Morle,,15.7805004119873,74.0404968261719,1591,0,
1592,,Ker,,15.788800239563,74.0235977172852,1592,0,
1593,,Codal,,15.5944004058838,74.2067031860352,1593,0,
1594,,Mauxi,,15.5429000854492,74.1190032958985,1594,0,
1595,,Dabem,,15.5454998016357,74.11669921875,1595,0,
1596,,Cudcem,,15.5327997207642,74.1651992797852,1596,0,
1597,,Altinho,,15.4874000549316,73.8259963989258,1597,0,
1598,,Taleigao,,15.4815584495,73.8222608566,1598,0,
1600,,Koparde,,15.5670585632324,74.1358032226563,1600,0,
1601,,Naneli,,15.5826997757,74.1354980469,1601,0,
1602,,Pali,,15.5936002731323,74.1376037597656,1602,0,
1603,,Savarshe,,15.5026998519897,74.1355972290039,1603,0,
1604,,Khadki,,15.5033378182,74.139932394,1604,0,
1605,,Bhironda,,15.4882001876831,74.1334991455078,1605,0,
1606,,Sakhali Hospital,,15.5574998855591,74.0157012939453,1606,0,
1607,,Sakhali Hospital,,15.5577001571655,74.0156021118164,1607,0,
1608,,Panjim Post Office A,,15.4998139045457,73.8327159881836,1608,0,
1609,,Nanus Cross,,15.5270004272461,74.1285018920898,1609,0,
1610,,Nanus Cross,,15.5268001556396,74.1284027099609,1610,0,
1611,,Dhuler,,15.6020278930664,73.815673828125,1611,0,
1612,,Dhuler,,15.6020002365112,73.8155975341797,1612,0,
1614,,"Patradevi, Dairy",,15.7959031125,73.8629236221,1614,0,
1615,,"Patradevi, Dairy",,15.7935627685,73.8635802269,1615,0,
1616,,Xetrafal,,15.8663997650146,73.8385009765625,1616,0,
1617,,Xetrafal,,15.8663997650146,73.8386001586914,1617,0,
1618,,Kudvache Temb,,15.8329000473022,73.8486022949219,1618,0,
1619,,Kudvache Temb,,15.8334780672,73.8486639261,1619,0,
1620,,Insuli Factory,,15.8399000167847,73.8459014892578,1620,0,
1621,,Insuli Factory,,15.8399000167847,73.8460006713867,1621,0,
1622,,Konwada,,15.8634004592896,73.8386993408203,1622,0,
1623,,Konwada,,15.8634004592896,73.8385009765625,1623,0,
1624,,Wadakade,,15.8768997192383,73.8336029052734,1624,0,
1625,,Wadakade,,15.8768997192383,73.8337020874023,1625,0,
1626,,Gardi,,15.8924999237061,73.8242034912109,1626,0,
1627,,Gardi,,15.8924999237061,73.8243026733398,1627,0,
1628,,I.T.I./Police Station,,15.8962001800537,73.8230972290039,1628,0,
1629,,I.T.I./Police Station,,15.8962001800537,73.8231964111328,1629,0,
1630,,Talyar,,15.9024000167847,73.8227005004883,1630,0,
1631,,Talyar,,15.9024000168,73.8226013184,1631,0,
1632,,Sawantwadi Court,,15.9079999924,73.8226013184,1632,0,
1633,,Haldanwadi,,15.5839004516602,73.8964004516602,1633,0,
1634,,Haldanwadi,,15.5839004516602,73.8964996337891,1634,0,
1635,,Sinquirem,,15.5834999084473,73.8968963623047,1635,0,
1636,,Birla,,15.3763999938965,73.8813018798828,1636,0,
1637,,Birla,,15.3763999938965,73.8815002441406,1637,0,
1638,,Keri Toll Naka,,15.6133642196655,74.0744018554688,1638,0,
1639,,Keri Toll Naka,,15.6135158538818,74.0744400024414,1639,0,
1640,,Anjune Dam,,15.6157836914063,74.0886383056641,1640,0,
1641,,Anjune Dam,,15.6155624389648,74.0886535644531,1641,0,
1642,,Chauki,,15.6805000305176,74.1764984130859,1642,0,
1643,,Chauki,,15.6803998947144,74.1766967773438,1643,0,
1644,,Pinguli Titha,,15.9767961922,73.7058172226,1644,0,
1645,,Pinguli Titha,,15.9769662851,73.7061350346,1645,0,
1647,,Vijaydurg,,16.5512008666992,73.3386993408203,1647,0,
1648,,Thane,,15.59850025177,74.1383972167969,1648,0,
1649,,Charavne Titha,,15.6150999069214,74.1406021118164,1649,0,
1650,,Charavne Titha,,15.6152000427246,74.1407012939453,1650,0,
1651,,Thane,,15.59850025177,74.1386032104492,1651,0,
1652,,Hedode Titha,,15.5704002380371,74.1355972290039,1652,0,
1653,,Hedode Titha,,15.5704002380371,74.1356964111328,1653,0,
1654,,Bambar Cross,,15.5795001983643,74.19580078125,1654,0,
1655,,Bambar Cross,,15.5795001983643,74.1958999633789,1655,0,
1656,,Pilgaon,,15.5525999069214,73.9505004882813,1656,0,
1657,,Pilgaon,,15.5525999069214,73.9505996704102,1657,0,
1658,,Barazanwada,,15.5778999328613,73.9503021240234,1658,0,
1659,,Barazanwada,,15.5781002044678,73.9503021240234,1659,0,
1660,,Katarwada,,15.5710000991821,73.9536972045898,1660,0,
1661,,Katarwada,,15.5710000991821,73.9537963867188,1661,0,
1662,,Sarmanus Titha,,15.5663003921509,73.9570007324219,1662,0,
1665,,Mapusa Taar,,15.5873069763184,73.8203582763672,1665,0,
1666,,Mapusa Taar,,15.5872430801392,73.8202743530273,1666,0,
1667,,Saw Mill,,15.5893001556396,73.8254013061523,1667,0,
1668,,Saw Mill,,15.5892000198364,73.8255004882813,1668,0,
1671,,Green Park,,15.5742883682251,73.8070831298828,1671,0,
1672,,Green Park,,15.5741472244263,73.8074951171875,1672,0,
1673,,Moira Bridge,,15.5956001281738,73.8322982788086,1673,0,
1674,,Moira Bridge,,15.5954999923706,73.8323974609375,1674,0,
1675,,Aldona Talyaar,,15.5904998779297,73.8631973266602,1675,0,
1676,,Aldona Talyaar,,15.5903997421265,73.8631973266602,1676,0,
1677,,Church,,15.6442003250122,73.8066024780273,1677,0,
1678,,Church,,15.644100189209,73.8067016601563,1678,0,
1679,,Camurli Panchayat,,15.643500328064,73.80419921875,1679,0,
1680,,Camurli Panchayat,,15.6434001922607,73.80419921875,1680,0,
1681,,Wagali,,15.6511001586914,73.7866973876953,1681,0,
1682,,Wagali,,15.651147832,73.7866678238,1682,0,
1704,,Goljuem,,15.5977259533,73.8893940449,1704,0,
1705,,"Paz, Bicholim",,15.5880002975464,73.9445037841797,1705,0,
1706,,Mayem Lake Titha,,15.5839996337891,73.9405975341797,1706,0,
1707,,Mayem Lake Titha,,15.5838003158569,73.940803527832,1707,0,
1708,,Kelbai Wada,,15.5825996398926,73.9303970336914,1708,0,
1709,,Kelbai Wada,,15.5826997756958,73.9302978515625,1709,0,
1710,,Kumbhar Wada,,15.5769996643066,73.9189987182617,1710,0,
1711,,Kumbhar Wada,,15.5770998001099,73.9188995361328,1711,0,
1712,,Savan Wada,,15.5741996765137,73.9067993164063,1712,0,
1713,,Savan Wada,,15.5740995407104,73.9068984985352,1713,0,
1714,,Chorao,,15.5483999252319,73.8961029052734,1714,0,
1715,,Chorao,,15.5485000610352,73.8962020874023,1715,0,
1716,,Bhavkai,,15.5697002410889,73.9066009521484,1716,0,
1717,,Bhavkai,,15.5696001052856,73.9065017700195,1717,0,
1718,,Murdi/Mudder,,15.5557468134,73.910588026,1718,0,
1719,,Murdi/Mudder,,15.55570547,73.9106577635,1719,0,
1720,,Saud,,15.5522003173828,73.8914031982422,1720,0,
1721,,Saud,,15.5525999069214,73.8916015625,1721,0,
1722,,Dhudsager,,15.4083003997803,74.2713012695313,1722,0,
1723,,Dhudsager,,15.4081001281738,74.2712020874023,1723,0,
1724,,Goa Border,,15.4188995361328,74.2695007324219,1724,0,
1725,,Goa Border,,15.4188003540039,74.2695007324219,1725,0,
1726,,Tuyem Panchayat,,15.6665000915527,73.7962036132813,1726,0,
1727,,Tuyem Panchayat,,15.6665000915527,73.7963027954102,1727,0,
1728,,Bhagvati Mandir,,15.671799659729,73.7966995239258,1728,0,
1729,,Bhagvati Mandir,,15.671799659729,73.7967987060547,1729,0,
1730,,Babucha Gadyar,,15.6648998260498,73.77490234375,1730,0,
1731,,Babucha Gadyar,,15.6647996902466,73.77490234375,1731,0,
1732,,Khenir,,15.6300001144409,73.7460021972656,1732,0,
1733,,Khenir,,15.6301002502441,73.7461013793945,1733,0,
1734,,Morjai Mandir,,15.6344995498657,73.7387008666992,1734,0,
1735,,Morjai Mandir,,15.6345996856689,73.7386016845703,1735,0,
1736,,Morjim School,,15.6305999755859,73.7365036010742,1736,0,
1737,,Morjim School,,15.6304998397827,73.7360992431641,1737,0,
1738,,Morjim Church,,15.6270999908447,73.7405014038086,1738,0,
1739,,Morjim Church,,15.6269998550415,73.7405014038086,1739,0,
1740,,Quitla Jnt.,,15.5943177347,73.8742685318,1740,0,
1741,,Quitla Jnt.,,15.5941587987,73.8744026422,1741,0,
1742,,Corjuve Club,,15.5902004241943,73.882698059082,1742,0,
1743,,Corjuve Club,,15.5900840759277,73.8827896118164,1743,0,
1744,,Podwal,,15.5971002578735,73.8912963867188,1744,0,
1745,,Podwal,,15.5970001220703,73.8912963867188,1745,0,
1746,,Corjuve Fort,,15.5959997177124,73.8916015625,1746,0,
1747,,Corjuve Fort,,15.5958995819092,73.8915023803711,1747,0,
1748,,Chimul Wada,,15.5960998535156,73.9007034301758,1748,0,
1749,,Chimul Wada,,15.5958309173584,73.9006805419922,1749,0,
1750,,Gaonkar Wada,,15.5839996337891,73.9113998413086,1750,0,
1751,,Gaonkar Wada,,15.5837659835815,73.9113082885742,1751,0,
1752,,Haturli,,15.5586996078491,73.9163970947266,1752,0,
1753,,Haturli,,15.5586004257202,73.9164962768555,1753,0,
1754,,Haturli Math,,15.5616998672485,73.9203033447266,1754,0,
1755,,Haturli Math,,15.5616998672485,73.9204025268555,1755,0,
1759,,Curchorem Railway Station,,15.2639999389648,74.1084976196289,1759,0,
1762,,Bandoli,,15.2957000732422,74.1352996826172,1762,0,
1763,,Bandoli,,15.2960996627808,74.1352005004883,1763,0,
1765,,Periudak,,15.2887001037598,74.1320037841797,1765,0,
1766,,Periudak,,15.2885999679565,74.1322021484375,1766,0,
1769,,"Shivaji Chowk, Kakoda",,15.2579002380371,74.1107025146484,1769,0,
1770,,"Shivaji Chowk, Kakoda",,15.2580003738403,74.1106033325195,1770,0,
1773,,Curchorem Railway Station,,15.2639999389648,74.1085968017578,1773,0,
1776,,Guddemol,,15.2794878777,74.1265878677,1776,0,
1777,,Guddemol,,15.2796361305,74.1259336472,1777,0,
1778,,Ambeudak,,15.289999961853,74.1490020751953,1778,0,
1779,,Ambeudak,,15.2898998260498,74.1490020751953,1779,0,
1780,,Kalay,,15.2934999465942,74.184196472168,1780,0,
1781,,Kalay,,15.2934904098511,74.1842727661133,1781,0,
1782,,Ambedkar Chowk,,15.2587451934814,74.1053924560547,1782,0,
1783,,Ambedkar Chowk,,15.2586069107056,74.1054992675781,1783,0,
1785,,Kucheli Charrasta,,15.6155996322632,73.8143005371094,1785,0,
1786,,Vhavti,,15.5975999832153,73.9786987304688,1786,0,
1787,,Vhavti,,15.5974998474121,73.9787979125977,1787,0,
1788,,Dhandar wada,,15.59850025177,73.9931030273438,1788,0,
1789,,Dhandar Wada,,15.5986003875732,73.9931030273438,1789,0,
1790,,Old Goa Bypass Juction,,15.4993619918823,73.9136581420898,1790,0,
1791,,Old Goa Bypass Juction,,15.4991160143,73.9138104916,1791,0,
1792,,Safa Masjid,,15.4058175491,73.9996461868,1792,0,
1793,,Naga Masjid,,15.4064998626709,74.0070037841797,1793,0,
1794,,Naga Masjid,,15.4060349158,74.0071083308,1794,0,
1795,,Sanjivani Sugar Factory,,15.4028997421265,74.0970993041992,1795,0,
1796,,Sanjivani Sugar Factory,,15.4026002883911,74.0966033935547,1796,0,
1798,,Khanapur Market,,15.6384000778198,74.5058975219727,1798,0,
1799,,Khanapur Market,,15.638500213623,74.506103515625,1799,0,
1800,,Belgavi CBT KSRTC,,15.8615999221802,74.5202026367188,1800,0,
1801,,Belgavi Railway Bus Stand,,15.8496999740601,74.5085983276367,1801,0,
1802,,Piranwadi Junction,,15.8044004440308,74.4832000732422,1802,0,
1803,,Piranwadi Junction,,15.8044004440308,74.4835968017578,1803,0,
1804,,Udyambag,,15.8159999847412,74.4909973144531,1804,0,
1805,,Udyambag,,15.8157997131348,74.4913024902344,1805,0,
1806,,Tilakwadi 3rd Gate,,15.8274002075195,74.4991989135742,1806,0,
1807,,Tilakwadi 3rd Gate,,15.8271999359131,74.4994964599609,1807,0,
1808,,Tilakwadi 2nd Gate,,15.832200050354,74.5,1808,0,
1809,,Tilakwadi 2nd Gate,,15.832200050354,74.5002975463867,1809,0,
1810,,Tilakwadi 1st Gate,,15.8374996185303,74.5011978149414,1810,0,
1811,,Tilakwadi 1st Gate,,15.8374004364014,74.5015029907227,1811,0,
1812,,Dhat Farm,,15.3704996109009,74.2121963500977,1812,0,
1813,,Dhat Farm,,15.370400428772,74.2126998901367,1813,0,
1814,,Danoli,,15.9348001480103,73.9589996337891,1814,0,
1815,,Danoli,,15.9345998764038,73.9589004516602,1815,0,
1816,,Amboli S T Bus Stand,,15.96399974823,73.9998016357422,1816,0,
1817,,Azra Phata,,16.0030002593994,74.043701171875,1817,0,
1818,,Azra Phata,,16.0027008056641,74.0436019897461,1818,0,
1819,,Kanur Khurd,,15.9646997451782,74.1104965209961,1819,0,
1820,,Kanur Khurd,,15.9643001556396,74.1106033325195,1820,0,
1821,,Chandgad Phata,,15.9708003997803,74.1812973022461,1821,0,
1822,,Chandgad Phata,,15.9708995819092,74.1808013916016,1822,0,
1823,,Naganwadi,,15.9337854941,74.2301614285,1823,0,
1824,,Naganwadi,,15.9336380697,74.2300584316,1824,0,
1825,,Patne Phata,,15.9073297639,74.3140921593,1825,0,
1826,,Patne Phata,,15.9070997238159,74.313102722168,1826,0,
1827,,Halkarni Phata,,15.9095001220703,74.3074035644531,1827,0,
1828,,Halkarni Phata,,15.9095001220703,74.3070983886719,1828,0,
1829,,Shinoli,,15.8719997406006,74.3951034545898,1829,0,
1830,,Shinoli,,15.8718996047974,74.3947982788086,1830,0,
1835,,Church Square A,,15.4982004165649,73.8291015625,1835,0,
1836,,Church Square B,,15.4982004165649,73.8289031982422,1836,0,
1837,,Portuguese Consulate B,,15.4951620546229,73.8273304700851,1837,0,
1839,,All India Radio B,,15.492600440979,73.8242034912109,1839,0,
1840,,Doordarshan Goa A,,15.4905820172802,73.8242802620123,1840,0,
1841,,Polytechnic,,15.485032081604,73.8241424560547,1841,0,
1842,,Polytechnic,,15.4867506027222,73.8241348266602,1842,0,
1845,,Betim Ferry,,15.5059003829956,73.8262023925781,1845,0,
1846,,Verem Market,,15.5080003738403,73.8097991943359,1846,0,
1849,,Saipem,,15.5181999206543,73.7993011474609,1849,0,
1850,,Saipem,,15.5179004669189,73.7993011474609,1850,0,
1851,,Orda Candolim,,15.5173997879028,73.7957000732422,1851,0,
1852,,Orda Candolim,,15.5172004699707,73.7954025268555,1852,0,
1853,,Chauranganath Mandir,,15.5770998001099,73.7606964111328,1853,0,
1854,,Chauranganath Mandir,,15.5770998001099,73.7609024047852,1854,0,
1855,,Ajgao,,15.7749004364014,73.6925964355469,1855,0,
1856,,Ajgao,,15.7749004364014,73.6923980712891,1856,0,
1857,,Shiroda Bus Stand MSRTC,,15.7712001800537,73.6837997436523,1857,0,
1858,,Shiroda Bus Stand MSRTC,,15.7712001800537,73.6837005615234,1858,0,
1859,,Arawli,,15.7836999893188,73.6629028320313,1859,0,
1860,,Arawli,,15.7838001251221,73.6630020141602,1860,0,
1861,,Mochemad,,15.8051996231079,73.6555023193359,1861,0,
1862,,Mochemad,,15.8052997589111,73.6552963256836,1862,0,
1863,,Shala No. 3,,15.8249998092651,73.6411972045898,1863,0,
1864,,Shala No.3,,15.8253002166748,73.6411972045898,1864,0,
1865,,Malewad,,15.7856998443604,73.739501953125,1865,0,
1866,,Malewad,,15.7859476252,73.7391586304,1866,0,
1867,,Vanan,,15.6103193194,73.9595503807,1867,0,
1868,,Maulinguen Cross,,15.6149997711182,73.9732971191406,1868,0,
1869,,Lakhere,,15.6063995361328,73.956298828125,1869,0,
1870,,Lakhere,,15.6065654754639,73.9561462402344,1870,0,
1871,,Vanan,,15.6104466794,73.9592312574,1871,0,
1874,,Golauli,,15.6245002746582,74.1592025756836,1874,0,
1875,,Aronda Titha,,15.7482995986938,73.6854019165039,1875,0,
1876,,Aronda Titha,,15.7486000061035,73.685302734375,1876,0,
1879,,"Garudi Mandir, Aronda",,15.7407999038696,73.6857986450195,1879,0,
1880,,"Garudi Mandir, Aronda",,15.7406997680664,73.6856002807617,1880,0,
1881,,Tiracol,,15.7232999801636,73.6897964477539,1881,0,
1882,,Tiracol,,15.7232999801636,73.6900024414063,1882,0,
1883,,Sangolda,,15.5373001098633,73.8188018798828,1883,0,
1884,,Malar,,15.5288000106812,73.9136962890625,1884,0,
1885,,Malar,,15.5283002853394,73.9136962890625,1885,0,
1886,,Ghodemukh,,15.8261003494263,73.7464981079102,1886,0,
1887,,Ghodemukh,,15.8261995315552,73.747200012207,1887,0,
1888,,Nhaveli,,15.8336000442505,73.7642974853515,1888,0,
1889,,Nhaveli,,15.8336000442505,73.7645034790039,1889,0,
1890,,Nirawade,,15.870970641,73.7821667194,1890,0,
1891,,Nirawade,,15.8705839258,73.782235384,1891,0,
1892,,Vetal Bambarde,,16.0485000610352,73.7054977416992,1892,0,
1893,,Vetal Bambarde,,16.0485992431641,73.7057037353516,1893,0,
1894,,Naibag,,15.729100227356,73.7938003540039,1894,0,
1895,,Naibag,,15.7287998199463,73.793701171875,1895,0,
1896,,Naguem,,15.5262002944946,74.1167984008789,1896,0,
1897,,Naguem,,15.5261001586914,74.1169967651367,1897,0,
1898,,Udalshe,,15.4154996871948,74.1539993286133,1898,0,
1899,,Udalshe,,15.4153003692627,74.1539993286133,1899,0,
1900,,Amthane,,15.663800239563,73.9078979492188,1900,0,
1901,,Amthane,,15.6637227616,73.9078872204,1901,0,
1903,,Bimbal,,15.4821996688843,74.1511001586914,1903,0,
1904,,Gawane,,15.4636001586914,74.1760025024414,1904,0,
1905,,Xelape,,15.4789263859,74.1631088257,1905,0,
1906,,Aradi,,15.5537004470825,73.8299026489258,1906,0,
1907,,Canca,,15.5837001800537,73.8028030395508,1907,0,
1908,,Canca,,15.5838003158569,73.8032989501953,1908,0,
1909,,Korgao Wada,,15.7003002166748,73.779899597168,1909,0,
1910,,Korgao Wada,,15.7002000808716,73.779899597168,1910,0,
1911,,Kapileshwar,,15.3916997909546,73.9894027709961,1911,0,
1912,,Kapileshwar,,15.3915996551514,73.9894027709961,1912,0,
1913,,Adpai,,15.3732004165649,73.9676971435547,1913,0,
1914,,Adpai,,15.3730001449585,73.9677963256836,1914,0,
1915,,"Keri, Don Maad",,15.6134004592896,74.0703964233398,1915,0,
1916,,"Keri, Don Maad",,15.6133003234863,74.0705032348633,1916,0,
1917,,Jamblikade,,15.6056003570557,74.1027984619141,1917,0,
1918,,Jamblikade,,15.6057140237,74.1028735638,1918,0,
1919,,Charavne Wadyar,,15.6274995803833,74.1191024780273,1919,0,
1920,,Charavne Wadyar,,15.6274003982544,74.1194000244141,1920,0,
1921,,Shirshire,,15.3681001663208,74.0044021606445,1921,0,
1922,,Tamsule,,15.5125570297241,73.9717025756836,1922,0,
1923,,Tamsule,,15.512375831604,73.9718246459961,1923,0,
1924,,Gimone,,15.5096998214722,73.9738006591797,1924,0,
1925,,Gimone,,15.5094995498657,73.9737014770508,1925,0,
1926,,Dhamsare,,15.507399559021,73.9766998291016,1926,0,
1927,,Dhamsare,,15.5071001052856,73.9766006469727,1927,0,
1928,,Palsare,,15.5008001327515,73.9831008911133,1928,0,
1929,,Palsare,,15.5003995895386,73.9829025268555,1929,0,
1930,,Amadi,,15.4751996994019,73.9898986816406,1930,0,
1931,,Amadi,,15.4749029585,73.9895503521,1931,0,
1932,,Betora Gram Panchayay,,15.3864002227783,74.0431976318359,1932,0,
1933,,Betora Gram Panchayay,,15.3868999481201,74.0438003540039,1933,0,
1934,,Chafegal,,15.3828001022339,74.0531005859375,1934,0,
1935,,Chafegal,,15.3823003768921,74.0525970458984,1935,0,
1936,,Gaular,,15.3775997161865,74.0561981201172,1936,0,
1937,,Gaular,,15.377200126648,74.0559005737305,1937,0,
1938,,Raj Bhavan,,15.4626998901367,73.7883987426758,1938,0,
1939,,Usgao,,15.4436206817627,74.064437866211,1939,0,
1940,,Usgao,,15.4432001113892,74.0643997192383,1940,0,
1941,,Shirsode,,15.4697854575,74.1714248657,1941,0,
1942,,Betki Hospital,,15.5142002105713,73.9787979125977,1942,0,
1943,,Betki Hospital,,15.5141000747681,73.9787979125977,1943,0,
1944,,Savoi,,15.4877004623413,74.0094985961914,1944,0,
1945,,Savoi,,15.4875001907349,74.0094985961914,1945,0,
1946,,Kalmamal,,15.3683004379272,74.00830078125,1946,0,
1947,,Kalmamal,,15.3683004379272,74.0084991455078,1947,0,
1948,,Sarvan,,15.5701999664307,73.9676971435547,1948,0,
1949,,Sarvan,,15.5698003768921,73.9675979614258,1949,0,
1950,,Karapur,,15.5569000244141,73.9769973754883,1950,0,
1951,,Karapur,,15.5567998886108,73.9768981933594,1951,0,
1952,,Kharekhajan,,15.5564002990723,73.9989013671875,1952,0,
1953,,Kharekhajan,,15.556300163269,73.9989013671875,1953,0,
1954,,"Sesa Goa, Amona",,15.5298004150391,73.9916000366211,1954,0,
1955,,"Sesa Goa, Amona",,15.5295000076294,73.9914016723633,1955,0,
1956,,WALPE,,15.692530632019,73.827766418457,1956,0,
1957,,WALPE,,15.6923017501831,73.8274536132813,1957,0,
1958,,"Ambeshwar Temple,Sangolda",,15.5355997085571,73.8206024169922,1958,0,
1959,,"Ambeshwar Temple,Sangolda",,15.5354704979,73.8205326796,1959,0,
1960,,"Aradi, Saligao",,15.5414590835571,73.7694702148438,1960,0,
1961,,Malem,,15.5058088302612,73.8359909057617,1961,0,
1962,,Malem,,15.5057001113892,73.8357009887695,1962,0,
1963,,Gulyakade,,15.5312004089,73.8246994019,1963,0,
1964,,Mahakhazan,,15.6536998748779,73.8380966186523,1964,0,
1965,,Mahakhazan,,15.6536998748779,73.8384017944336,1965,0,
1966,,Moitem,,15.6248998641968,73.9049987792969,1966,0,
1967,,Moitem,,15.6247997283936,73.9050979614258,1967,0,
1968,,Marico,,15.4370002746582,74.0406036376953,1968,0,
1969,,Marico,,15.436900138855,74.0407028198242,1969,0,
1970,,Talaulim,,15.3806019739,73.9797335863,1970,0,
1971,,Talaulim,,15.3806692137,73.9799455404,1971,0,
1972,,Agastipur Shimer,,15.3899002075195,73.9609985351563,1972,0,
1973,,Agastipur Shimer,,15.3899002075195,73.9610977172852,1973,0,
1974,,Kavlem,,15.3964004516602,73.9860000610352,1974,0,
1975,,Sateribhat,,15.4875001907349,74.0110015869141,1975,0,
1976,,Sateribhat,,15.4874000549316,74.0110015869141,1976,0,
1977,,Koner,,15.4856996536255,74.013801574707,1977,0,
1978,,Koner,,15.4856004714966,74.013801574707,1978,0,
1979,,Siolim Bridge,,15.631217956543,73.7599945068359,1979,0,
1980,,Siolim Bridge,,15.6311101913452,73.7598114013672,1980,0,
1981,,Cacoda (ITI College),,15.2498998641968,74.1140975952148,1981,0,
1982,,Cacoda (ITI College),,15.2496995926,74.1140198708,1982,0,
1983,,Solye,,15.3773760012,74.1493961811,1983,0,
1984,,Bambolim Cross,,15.4527082443237,73.863899230957,1984,0,
1985,,Bambolim Cross,,15.4520721435547,73.864273071289,1985,0,
1987,,Oshalbag,,15.6881999969482,73.8291015625,1987,0,
1988,,Oshalbag,,15.6881999969482,73.8292999267578,1988,0,
1989,,"Shantadurga Temple, Khandepar",,15.4327001571655,74.0398025512695,1989,0,
1990,,"Murdi, Khandepar",,15.442099571228,74.0352020263672,1990,0,
1991,,Aros Titha,,15.7713003158569,73.7626037597656,1991,0,
1992,,Aros Titha,,15.7712001800537,73.7631988525391,1992,0,
1993,,Pandur,,16.0685997009277,73.7092971801758,1993,0,
1994,,Pandur,,16.0685005187988,73.7093963623047,1994,0,
1995,,Humarmala,,16.0872993469238,73.7083969116211,1995,0,
1996,,Humarmala,,16.0870990753174,73.7086029052734,1996,0,
1997,,Pawashi,,16.0277996063232,73.6995010375977,1997,0,
1998,,Humarmala College,,16.0956001281738,73.7063980102539,1998,0,
1999,,"Jijamata, Oras",,16.1039009094238,73.7089004516602,1999,0,
2000,,Jaitapkar Colony,,16.1249008178711,73.7048034667969,2000,0,
2001,,Kasal School,,16.152099609375,73.690299987793,2001,0,
2002,,Kharyewadi,,16.1299991607666,73.7048034667969,2002,0,
2003,,Padve,,16.1319007873535,73.677001953125,2003,0,
2004,,Ranbambuli,,16.1201992034912,73.6753997802734,2004,0,
2005,,Sukalwad,,16.1100006103516,73.6668014526367,2005,0,
2006,,Gawrai,,16.1042003631592,73.6598968505859,2006,0,
2007,,Sawarwad,,16.0916004180908,73.6448974609375,2007,0,
2008,,Katta,,16.0858993530273,73.6211013793945,2008,0,
2009,,Kunkavle,,16.0897998809814,73.5811004638672,2009,0,
2010,,Nangarbhat,,16.0786991119385,73.5659027099609,2010,0,
2011,,Anandvhal/Govekar Dukan,,16.0597991943359,73.5008010864258,2011,0,
2012,,"Goa Dairy, Curti",,15.4141263961792,74.0163726806641,2012,0,
2013,,Osargaon,,16.1851997375488,73.7005996704102,2013,0,
2014,,Humarat,,16.292014984,73.7318191528,2014,0,
2015,,Girye,,16.5002002716064,73.3460998535156,2015,0,
2016,,Rameshwar,,16.5296001434326,73.3367004394531,2016,0,
2017,,Tambdi Surla,,15.4395999908447,74.252197265625,2017,0,
2018,,Usap,,15.6519002914429,73.9244995117188,2018,0,
2019,,Nanachipani,,15.7271003723145,73.8397979736328,2019,0,
2020,,Priol,,15.4368000030518,73.9963989257813,2020,0,
2021,,Priol,,15.4364004135132,73.9964981079102,2021,0,
2022,,"Vaddem, Socorre",,15.5636415481567,73.8298263549805,2022,0,
2024,,Carrem,,15.5601997375488,73.8274993896485,2024,0,
2025,,Carrem,,15.5600996017456,73.8277969360352,2025,0,
2026,,Jaisingpur,,16.779899597168,74.5571975708008,2026,0,
2027,,Hatkanangal,,16.7514991760254,74.4218978881836,2027,0,
2028,,Miraj Bus Stand MSRTC,,16.8173999786377,74.6424026489258,2028,0,
2030,,Solapur Bus Stand MSRTC,,17.6604995728,75.9073028564,2030,0,
2033,,Yargatti,,15.9686002731323,75.0203018188477,2033,0,
2034,,Lokapur,,16.1616992950439,75.3682022094727,2034,0,
2035,,Bagalkot Bus Stand KSRTC,,16.1833992004395,75.7024002075195,2035,0,
2036,,Mudgal,,16.0133991241455,76.4410018920898,2036,0,
2037,,Hungund,,16.0587005615234,76.0597991943359,2037,0,
2038,,Lingsugur,,16.1557998657227,76.5213012695313,2038,0,
2039,,Raichur Bus Stand KSRTC,,16.2017002105713,77.3464965820313,2039,0,
2040,,Sirwal,,16.1721992492676,77.0186004638672,2040,0,
2041,,Kavital,,16.1063995361328,76.7982025146484,2041,0,
2042,,Kumta,,14.4298389719,74.416015625,2042,0,
2043,,Honnavar,,14.2793998718262,74.4440002441406,2043,0,
2044,,Rayeshwar College of Engineering,,15.3219003677368,74.0212020874023,2044,0,
2045,,Fatorpa,,15.1450004577637,73.9953002929688,2045,0,
2046,,Ganapati Mandir,,15.1056788229,73.9441208839,2046,0,
2047,,Ganapati Mandir,,15.105681442,73.9439000938,2047,0,
2048,,Talsai,,15.4043806099,74.1332768202,2048,0,
2049,,Talsai,,15.4044741491,74.1335037947,2049,0,
2050,,Shivde,,15.4072999954224,74.1353988647461,2050,0,
2051,,Shivde,,15.4072999954224,74.136100769043,2051,0,
2052,,Satpal,,15.4071998596191,74.2002029418945,2052,0,
2053,,Bolkarne,,15.4287996292114,74.1941986083984,2053,0,
2054,,Dharge,,15.4412002563477,74.2301025390625,2054,0,
2055,,Dharge,,15.4409999847412,74.2303009033203,2055,0,
2056,,Bolkarne,,15.4287996292114,74.1946029663086,2056,0,
2057,,Satpal,,15.4071998596191,74.2005004882813,2057,0,
2058,,MES (Mrg),,15.2600002288818,73.9829025268555,2058,0,
2059,,MES (Mrg),,15.2601003646851,73.9830017089844,2059,0,
2060,,Polakade,,15.0727723263,74.0274267197,2060,0,
2061,,Polakade,,15.072711625,74.0272657275,2061,0,
2062,,Baga,,15.1652002334595,73.9705963134765,2062,0,
2063,,Baga,,15.1651717566,73.9706258178,2063,0,
2064,,Bivsa,,15.1806001663208,73.9934005737305,2064,0,
2065,,Bivsa,,15.180413786,73.9933362007,2065,0,
2066,,Cab de Ram,,15.08899974823,73.9219970703125,2066,0,
2067,,Panna,,15.0432039687111,73.9974250793457,2067,0,
2068,,Panna,,15.0431659999547,73.997974395752,2068,0,
2069,,Partagal,,14.9907922744751,74.0987243652344,2069,0,
2070,,Partagal,,14.9909828032,74.0993020535,2070,0,
2071,,Valshe,,15.1514997482,74.2271475792,2071,0,
2072,,Valshe,,15.1511062244,74.2269330025,2072,0,
2073,,Barajan Tisk,,15.1978998184204,74.2269973754883,2073,0,
2074,,Barajan Tisk,,15.1979999542236,74.2269973754883,2074,0,
2075,,Sanguem Court,,15.2281999588013,74.1371002197266,2075,0,
2076,,Sanguem Court,,15.2284002304077,74.1370010375977,2076,0,
2077,,Bansai,,15.2549152374268,74.1037902832031,2077,0,
2078,,Bansai,,15.2548999786377,74.1041030883789,2078,0,
2079,,Urdfond,,14.9960060414,74.0919685364,2079,0,
2080,,Urdfond,,14.9964884819,74.0921487808,2080,0,
2081,,Voldeon,,15.3253002166748,74.1729965209961,2081,0,
2082,,Voldeon,,15.325400352478,74.1732025146484,2082,0,
2083,,Dhade,,15.26904296875,74.1157073974609,2083,0,
2084,,Dhade,,15.269112587,74.1155471802,2084,0,
2085,,Tudol Gaodongri,,15.0445995330811,74.1365966796875,2085,0,
2086,,Tudol Gaodongri,,15.0447998046875,74.1365966796875,2086,0,
2087,,Bupor,,15.0431995391846,74.1331024169922,2087,0,
2088,,Bupor,,15.0432996749878,74.1330032348633,2088,0,
2089,,Vaagon,,15.3354997634888,74.1191024780273,2089,0,
2090,,Vaagon,,15.3353996276855,74.1192016601563,2090,0,
2091,,Sateri Mol,,15.3692998886108,74.0906982421875,2091,0,
2092,,Sateri Mol,,15.3694000244141,74.0905990600586,2092,0,
2093,,Konoshe,,15.3528003692627,74.0742034912109,2093,0,
2094,,Konoshe,,15.3528003692627,74.0740966796875,2094,0,
2095,,Paz,,15.3334999084473,74.0702972412109,2095,0,
2096,,Sakharwal,,15.3336000442505,74.0662002563477,2096,0,
2097,,Paz,,15.3318996429443,74.0740966796875,2097,0,
2098,,Torla,,15.3330001831055,74.0609970092773,2098,0,
2099,,Sakharwal,,15.3336000442505,74.0661010742188,2099,0,
2100,,Torla,,15.3331528005,74.0609862804,2100,0,
2101,,Anandwadi,,15.325400352478,74.0381011962891,2101,0,
2102,,Anandwadi,,15.325400352478,74.0380020141602,2102,0,
2103,,Demani,,15.1709995269775,74.0071029663086,2103,0,
2104,,Demani,,15.1709995269775,74.0066986083985,2104,0,
2105,,Gudi Chadav,,15.2413997650146,74.0190963745117,2105,0,
2106,,Gudi Chadav,,15.2416000366211,74.0190963745117,2106,0,
2107,,Sonaulim,,15.3486210799,73.931594491,2107,0,
2108,,Sonaulim,,15.34850025177,73.931396484375,2108,0,
2109,,Rumdi,,15.3170003890991,73.942497253418,2109,0,
2110,,Rumdi,,15.3170604705811,73.9423446655273,2110,0,
2111,,Borda,,15.2843999862671,73.9747009277344,2111,0,
2112,,Borda,,15.2842998504639,73.9746017456055,2112,0,
2113,,Chowgule College,,15.2881002426147,73.9819030761719,2113,0,
2114,,Chowgule College,,15.2881526947021,73.9821395874023,2114,0,
2115,,Sonsoddo,,15.2959003448486,73.9904022216797,2115,0,
2116,,Sonsoddo,,15.2958002090454,73.9904022216797,2116,0,
2117,,Tembi(Macazana),,15.2906560897827,74.0443649291992,2117,0,
2118,,Tembi(Macazana),,15.2907543182373,74.0443572998047,2118,0,
2119,,Rohini Bhat,,15.283200263977,74.0551986694336,2119,0,
2121,,Rohini Bhat,,15.2826995849609,74.0553970336914,2121,0,
2122,,Guirdolim,,15.2655000686646,74.0447006225586,2122,0,
2124,,Guirdolim,,15.2653999328613,74.0447006225586,2124,0,
2125,,Deunamol,,15.2952995300293,74.1718978881836,2125,0,
2126,,Deunamol,,15.2952995300293,74.1717987060547,2126,0,
2127,,Padri Bhat,,15.2467002868652,74.0071029663086,2127,0,
2128,,Padri Bhat,,15.2467002868652,74.0074005126953,2128,0,
2129,,Pali (Don Khuris),,15.2495002746582,74.0009994506836,2129,0,
2130,,Pali (Don Khuris),,15.2495002747,74.0013828278,2130,0,
2131,,Ganapati Mandir,,15.2575429019,73.9870986938,2131,0,
2132,,Ganapati Mandir,,15.2575998306274,73.9872970581055,2132,0,
2133,,Murida,,15.3072004318237,73.9425964355469,2133,0,
2134,,Murida,,15.3070001602173,73.9428024291992,2134,0,
2135,,Mudder,,15.3544998168945,73.8900985717773,2135,0,
2136,,Mudder,,15.3544998168945,73.8902969360352,2136,0,
2137,,"Govt School,Birla",,15.3726997375488,73.8900985717773,2137,0,
2138,,"Govt School,Birla",,15.3725996017456,73.8904037475586,2138,0,
2139,,Vidya Mandir School,,15.3976001739502,73.8326034545898,2139,0,
2140,,Vidya Mandir School,,15.397600174,73.8328018188,2140,0,
2142,,Molkopon,,15.1999998092651,74.1250991821289,2142,0,
2143,,Molkopon,,15.1999998092651,74.125503540039,2143,0,
2144,,Bansi,,15.1883001327515,74.1131973266602,2144,0,
2145,,Bansi,,15.1885995864868,74.1131973266602,2145,0,
2146,,Kumegal,,14.9818735122681,74.1168975830078,2146,0,
2147,,Kumegal,,14.9815998077393,74.1167984008789,2147,0,
2148,,Shisheval,,14.978099822998,74.1231994628906,2148,0,
2149,,Amona,,14.9783000946045,74.1372985839844,2149,0,
2150,,Amona,,14.9774780273438,74.1372985839844,2150,0,
2151,,Dabel,,14.9889665008,74.1469364166,2151,0,
2152,,Avem,,15.0067985154,74.1618728638,2152,0,
2153,,Kuskem,,15.016300201416,74.2089996337891,2153,0,
2154,,Nansa,,15.4624137878418,74.0798263549805,2154,0,
2155,,Devtimol,,15.1693954467773,74.0508193969727,2155,0,
2156,,Devtimol,,15.1693124771118,74.0510711669922,2156,0,
2157,,"Deuolwada, Adne",,15.1591053009033,74.0255584716797,2157,0,
2158,,"Forest Chk.Post, Bhatpal",,14.9980542219,74.0866430998,2158,0,
2159,,"Forest Chk.Post, Bhatpal",,14.9981424307,74.0869197845,2159,0,
2160,,Satran,,15.3842401504517,73.9215393066406,2160,0,
2161,,Satran,,15.3846206665039,73.9219589233398,2161,0,
2162,,Fire Brigade Junction(Curcho),,15.2596861010604,74.1037364006043,2162,0,
2163,,Fire Brigade Junction(Curcho),,15.25985171008,74.1038782596588,2163,0,
2164,,Kupar,,15.1732997894287,74.0664978027344,2164,0,
2165,,Kupar,,15.1731996536255,74.0665969848633,2165,0,
2166,,Manke,,15.3056001663208,74.0473022460938,2166,0,
2167,,Manke,,15.3055000305176,74.0473022460938,2167,0,
2168,,Vajangal,,15.3025999069214,74.0556030273438,2168,0,
2169,,Vajangal,,15.3028001785278,74.0561981201172,2169,0,
2170,,Amlai,,15.3004999160767,74.065299987793,2170,0,
2171,,Amlai,,15.3002004623413,74.0653991699219,2171,0,
2172,,Musher,,15.3021001815796,74.0691986083984,2172,0,
2173,,Musher,,15.3020000457764,74.0695037841797,2173,0,
2174,,Capxem,,15.2735004425049,74.1014022827148,2174,0,
2175,,Capxem,,15.2729997634888,74.1013031005859,2175,0,
2176,,Torla,,15.333159067,74.0608844161,2176,0,
2177,,Torla,,15.3330977322,74.0610210896,2177,0,
2178,,Insuli R.T.O.,,15.8283004760742,73.8491973876953,2178,0,
2179,,Insuli R.T.O.,,15.8278999328613,73.8491973876953,2179,0,
2180,,Yeda,,14.9974318035,74.1962051392,2180,0,
2181,,Tirval,,14.9839000701904,74.1389999389648,2181,0,
2182,,Satoshe Junction,,15.7592000961304,73.8175964355469,2182,0,
2183,,"New Eng.Sch.,Madura",,15.8038997650146,73.8248977661133,2183,0,
2184,,Ghano,,15.4943027496338,74.0036087036133,2184,0,
2185,,"Murdi, Ponda",,15.4456996917725,74.0327987670898,2185,0,
2186,,Chichuleni,,15.6730003356934,73.848503112793,2186,0,
2187,,Palya,,15.680700302124,73.8543014526367,2187,0,
2188,,Voile Dhave,,15.5594997406006,74.1846008300781,2188,0,
2189,,Chichuleni,,15.6731004714966,73.8483963012695,2189,0,
2190,,Palya,,15.680700302124,73.8542022705078,2190,0,
2191,,Sirsaim Vadakade,,15.6247997283936,73.8794021606445,2191,0,
2194,,Badem,,15.6082000732422,73.7500991821289,2194,0,
2195,,Tuem  IDC,,15.684700012207,73.7974014282227,2195,0,
2196,,Khutwal,,15.7194137573242,73.8969268798828,2196,0,
2197,,Halarna,,15.6960973739624,73.9168014526367,2197,0,
2198,,Talarna,,15.706000328064,73.8915023803711,2198,0,
2199,,Boralwada,,15.7015466690063,73.9065628051758,2199,0,
2200,,Khutwal,,15.7194414138794,73.8965530395508,2200,0,
2201,,Talarna,,15.706000328064,73.8916015625,2201,0,
2202,,Boralwada,,15.701548576355,73.906623840332,2202,0,
2203,,Jamblikade,,15.5598515467,74.1806564331,2203,0,
2204,,Sirsaim Vadakade,,15.6248998641968,73.8795013427734,2204,0,
2205,,Sawantwada,,15.6787004470825,73.7485961914063,2205,0,
2206,,Sawantwada,,15.6787004470825,73.7484970092773,2206,0,
2208,,Marathwada,,15.6688995361328,73.7176971435547,2208,0,
2209,,Tuem  IDC,,15.684700012207,73.7975006103516,2209,0,
2210,,Dodamarg Bazar,,15.6881999969482,73.9648971557617,2210,0,
2211,,Sasoli,,15.7463998794556,73.9395980834961,2211,0,
2212,,Sasoli,,15.7462997436523,73.9397964477539,2212,0,
2213,,Olaulim Chapel,,15.5689487457275,73.8631973266602,2213,0,
2214,,Kalne High School,,15.7547544524,73.9283437729,2214,0,
2215,,Kalne High School,,15.7541586784,73.9282445908,2215,0,
2216,,Pomburfa Ferry,,15.5583000183105,73.8684005737305,2216,0,
2217,,Padchayat Complex,,15.5569413675,73.9436035156,2217,0,
2218,,Padchayat Complex,,15.5571002960205,73.943603515625,2218,0,
2219,,Dabdhaba,,15.5840997695923,73.9477996826172,2219,0,
2220,,Dabdhaba,,15.5840711593628,73.9480133056641,2220,0,
2221,,Nerurpar,,16.0202007293701,73.618896484375,2221,0,
2222,,Nerurpar,,16.0202007293701,73.6194000244141,2222,0,
2223,,Fonda Ghat,,16.3731002807617,73.7926025390625,2223,0,
2224,,Fonda Ghat,,16.3733005523682,73.7926025390625,2224,0,
2225,,Dajipur,,16.3836994171143,73.8638000488281,2225,0,
2226,,Dajipur,,16.3838996887207,73.8638000488281,2226,0,
2227,,Radhanagari,,16.4113998413086,74.0019989013672,2227,0,
2228,,Radhanagari,,16.4113006591797,74.0020980834961,2228,0,
2229,,Vahshi Naka,,16.638500213623,74.1761016845703,2229,0,
2230,,Vahshi Naka,,16.6383991241455,74.1762008666992,2230,0,
2231,,Bogavati,,16.5333995819092,74.1115036010742,2231,0,
2232,,Bogavati,,16.5333003997803,74.1115036010742,2232,0,
2233,,Rankala,,16.6959995342,74.2182998657,2233,0,
2234,,Rankala,,16.6956829926,74.2184124589,2234,0,
2235,,Hubballi New Bus Stand KSRTC,,15.3487997055054,75.1168975830078,2235,0,
2236,,Hubballi New Bus Stand KSRTC,,15.3498001098633,75.1202011108398,2236,0,
2237,,Dharwad New CBT,,15.4693002700806,74.9936981201172,2237,0,
2238,,Dharwad New CBT,,15.4693623111,74.9939126968,2238,0,
2239,,Nagargali,,15.4156999588013,74.6197967529297,2239,0,
2240,,Nagargali,,15.4162998199463,74.6202011108398,2240,0,
2241,,Tavargatti,,15.4099998474121,74.6644973754883,2241,0,
2242,,Tavargatti,,15.4100999832153,74.6644973754883,2242,0,
2243,,Godhali,,15.4285001755,74.6975128651,2243,0,
2244,,Godhali,,15.4286003112793,74.6974029541015,2244,0,
2245,,Alnawar,,15.4458999633789,74.7404022216797,2245,0,
2246,,Alnawar,,15.4460000991821,74.7406005859375,2246,0,
2247,,Kaladgi,,16.2000999450684,75.4931030273438,2247,0,
2248,,Kaladgi,,16.1996002197266,75.4932022094727,2248,0,
2249,,Gaddanakeri,,16.1861991882324,75.6123962402344,2249,0,
2250,,Gaddanakeri,,16.1863530901,75.6126137972,2250,0,
2251,,Amingad,,16.0559997558594,75.94580078125,2251,0,
2252,,Amingad,,16.0557994842529,75.9459991455078,2252,0,
2253,,Mudhol,,16.3369998931885,75.2813034057617,2253,0,
2254,,Jamkhandi,,16.5079002380371,75.2846984863281,2254,0,
2255,,Dessaiwada,,15.2270201817,74.1869857311,2255,0,
2256,,Dessaiwada,,15.2272996902,74.1870715618,2256,0,
2257,,Tudav,,15.0576000213623,74.2558975219727,2257,0,
2258,,Tudav,,15.0587997437,74.256146431,2258,0,
2259,,Verlem,,15.0465002059937,74.2482986450195,2259,0,
2260,,Verlem,,15.0462999343872,74.2483978271484,2260,0,
2261,,Saljini,,15.0234003067017,74.2711029052734,2261,0,
2262,,Saljini,,15.0228004455566,74.2713012695313,2262,0,
2263,,Yeda,,14.9977555728,74.1952476501,2263,0,
2264,,Avem,,15.0061865587,74.1634426117,2264,0,
2265,,Shisheval,,14.9786996841431,74.1234970092773,2265,0,
2266,,Kinnakato,,15.042200088501,74.1295013427734,2266,0,
2267,,Kinnakato,,15.0424003601074,74.1296997070313,2267,0,
2269,,"Police Station, Canacona",,15.0065432995,74.0581411123,2269,0,
2270,,"Police Station, Canacona",,15.006731227,74.0582001209,2270,0,
2271,,Madangeri,,14.576000213623,74.3833999633789,2271,0,
2272,,Madangeri,,14.5759000778198,74.3834991455078,2272,0,
2273,,Mirjan Fort Stop,,14.4927997589111,74.4243011474609,2273,0,
2274,,Mirjan Fort Stop,,14.4927997589,74.4246230125,2274,0,
2275,,Kudal Bus Stand MSRTC,,16.0116996765137,73.6856994628906,2275,0,
2276,,Kudal Bus Stand MSRTC,,16.0118007659912,73.6857986450195,2276,0,
2277,,Jakat Naka,,16.0084991455078,73.6555023193359,2277,0,
2278,,Jakat Naka,,16.0088996887207,73.6555023193359,2278,0,
2279,,Godhanwadi,,16.048999786377,73.570198059082,2279,0,
2281,,Godhanwadi,,16.0491008758545,73.570198059082,2281,0,
2282,,Padeli,,15.4844369888306,74.114990234375,2282,0,
2283,,Advoi,,15.4958000183105,74.0968017578125,2283,0,
2284,,Mhadai River Stop,,15.4871997833252,74.1076965332031,2284,0,
2285,,Mhadai River Stop,,15.4872999191284,74.1079025268555,2285,0,
2286,,Vorra,,15.2600002288818,74.0970993041992,2286,0,
2287,,Vorra,,15.2601003646851,74.0971984863281,2287,0,
2288,,Ilkal,,15.9659004211426,76.1127014160156,2288,0,
2289,,Torke,,14.558500289917,74.3529968261719,2289,0,
2290,,Devna,,14.5515003204346,74.3486022949219,2290,0,
2291,,Gudi Peddar,,15.2295479947,74.0473403931,2291,0,
2292,,Bordem,,15.5984048843384,73.9534606933594,2292,0,
2293,,Rajbag,,14.9912004470825,74.0431976318359,2293,0,
2294,,Housing Board - Upasnagar,,15.3780002593994,73.9128036499023,2294,0,
2295,,Housing Board - Upasnagar,,15.3782997131348,73.9128036499023,2295,0,
2300,,Bane Chappel,,15.1800003051758,73.9797973632813,2300,0,
2301,,Bane Chappel,,15.1796998977661,73.9797973632813,2301,0,
2302,,Corporation Bank Murida,,15.1728000640869,73.9841995239258,2302,0,
2307,,Corporation Bank Murida,,15.1728000640869,73.9842987060547,2307,0,
2312,,Mohol Bus Stand MSRTC,,17.8096008300781,75.6376037597656,2312,0,
2313,,Mohol Bus Stand MSRTC,,17.80935057,75.6376627684,2313,0,
2315,,Forest Cheak Post,,15.7932996749878,73.7387008666992,2315,0,
2316,,Forest Cheak Post,,15.7932996749878,73.7388000488281,2316,0,
2318,,Mry Immaculate Girls H.S.,,15.4967002868652,73.831901550293,2318,0,
2319,,Ezekial Methodist School,,15.4663858413696,73.8634490966797,2319,0,
2322,,Lolye Jn.,,14.9399003982544,74.0602035522461,2322,0,
2324,,Guledgudd Bus Stand,,16.047399520874,75.7890014648438,2324,0,
2325,,Shirur,,16.1002998352051,75.7855987548828,2325,0,
2326,,Shirur,,16.1005001068115,75.7855987548828,2326,0,
2327,,Navanagar Bus Stand,,16.1585998535156,75.6722030639648,2327,0,
2328,,Navanagar Bus Stand,,16.158899307251,75.6723022460938,2328,0,
2329,,Vidyagiri Stop,,16.1818008422852,75.6606979370117,2329,0,
2330,,Vidyagiri Stop,,16.181999206543,75.6606979370117,2330,0,
2331,,Salahalli,,16.0743007659912,75.2272033691406,2331,0,
2332,,Salahalli,,16.074499130249,75.2269973754883,2332,0,
2333,,"MSRTC Bus Stand, Dodamarg",,15.6784610748291,73.9661483764648,2333,0,
2335,,Kalmani,,15.6872997283936,74.3308029174805,2335,0,
2336,,Koparde Village Stop,,15.561900138855,74.1247024536133,2336,0,
2337,,"Goa Engineering College, Ponda",,15.4228000640869,73.9802017211914,2337,0,
2338,,Mulgao Gaonkarwada,,15.6098003387451,73.9196014404297,2338,0,
2339,,"Shantadurga Hall, Pirna",,15.6774997711182,73.8824005126953,2339,0,
2340,,"Shantadurga Hall, Pirna",,15.6777000427246,73.8824996948242,2340,0,
2341,,Ozrim Bridge Circle,,15.6812000274658,73.8843994140625,2341,0,
2342,,Ozrim Bridge Circle,,15.6810998916626,73.8843994140625,2342,0,
2343,,Tiroda Titha,,15.7743997573853,73.7135009765625,2343,0,
2344,,Chikla,,15.6858997344971,74.2735977172852,2344,0,
2364,,Kumbharda,,15.4231996536255,74.5774002075195,2364,0,
2365,,Kumbharda,,15.4232997894287,74.5774002075195,2365,0,
2366,,Hospet Bus Stand KSRTC,,15.2749996185303,76.3890991210938,2366,0,
2367,,Annigeri,,15.4259996414185,75.4440002441406,2367,0,
2368,,Annigeri,,15.4259004592896,75.443603515625,2368,0,
2369,,Gadak,,15.4221000671387,75.622802734375,2369,0,
2370,,Gadak,,15.4223003387451,75.6227035522461,2370,0,
2371,,Bennikoppa,,15.390700340271,75.9400024414063,2371,0,
2372,,Bennikoppa,,15.3908004760742,75.9401016235352,2372,0,
2373,,Talakal,,15.3847999572754,76.0186004638672,2373,0,
2374,,Talakal,,15.3850002288818,76.0185012817383,2374,0,
2375,,Banapur,,15.3837995529175,76.0394973754883,2375,0,
2376,,Banapur,,15.3837003707886,76.0395965576172,2376,0,
2377,,Koppal,,15.3520002365112,76.1489028930664,2377,0,
2378,,Gingeri,,15.3465003967285,76.2471008300781,2378,0,
2379,,Gingeri,,15.3465995788574,76.2470016479492,2379,0,
2380,,T. B. Dam Junction,,15.2644996643066,76.348503112793,2380,0,
2381,,T. B. Dam Junction,,15.2643003463745,76.347900390625,2381,0,
2400,,Malar,,15.459400177002,73.9974975585938,2400,0,
2401,,Malar,,15.4590997695923,73.9979019165039,2401,0,
2402,,Vijaydurga Temple Village Stop,,15.4674997329712,73.9979019165039,2402,0,
2403,,Sagar,,14.1695003509521,75.0210037231445,2403,0,
2404,,Talaguppa,,14.2150001525879,74.9119033813477,2404,0,
2405,,Talaguppa,,14.2152004241943,74.9117965698242,2405,0,
2406,,Mavingudi,,14.2522417702,74.8032788336,2406,0,
2407,,Mavingudi,,14.2523002624512,74.8033981323242,2407,0,
2408,,Gersoppa Cross,,14.2487756282,74.6527504921,2408,0,
2409,,Gersoppa Cross,,14.2489995956421,74.6530990600586,2409,0,
2410,,Shivamogga/ Shimoga Bus Stand,,13.9288997650146,75.5678024291992,2410,0,
2411,,Bhadravati,,13.8430995941162,75.6961975097656,2411,0,
2412,,Bhadravati,,13.8432998657227,75.6962966918945,2412,0,
2415,,Tarikere,,13.7101001739502,75.8125,2415,0,
2416,,Tarikere,,13.7102003097534,75.8125,2416,0,
2418,,Mysore Bus Stand KSRTC,,12.3126001358032,76.6583023071289,2418,0,
2419,,Srirangapattana,,12.4210996627808,76.6922988891602,2419,0,
2420,,Srirangapattana,,12.4209003448486,76.6919021606445,2420,0,
2423,,Pandavpura,,12.4984998703003,76.6751022338867,2423,0,
2424,,Pandavpura,,12.4984998703003,76.6753997802734,2424,0,
2425,,Birur,,13.5965995788574,75.9746017456055,2425,0,
2426,,Kadur Stand,,13.5488996505737,76.0095977783203,2426,0,
2427,,Channarayapattana,,12.8978996276855,76.3910980224609,2427,0,
2428,,Channarayapattana,,12.8985004425049,76.3911972045898,2428,0,
2429,,Arsikere,,13.3157997131348,76.2542037963867,2429,0,
2430,,Arsikere,,13.3159999847412,76.2547988891602,2430,0,
2431,,Ghanasi,,13.1665000915527,76.3015975952148,2431,0,
2432,,Ghanasi,,13.1665000915527,76.3016967773438,2432,0,
2433,,Kikkeri,,12.7614002227783,76.425796508789,2433,0,
2434,,Kikkeri,,12.7615003585815,76.4260025024414,2434,0,
2435,,Krishnarajpete Cross,,12.6576995849609,76.4875030517578,2435,0,
2436,,Krishnarajpete Cross,,12.6577997207642,76.4876022338867,2436,0,
2437,,Vijayapura / Bijapur Bus Stand,,16.8248996734619,75.7151031494141,2437,0,
2438,,Babaleshwar,,16.6678009033203,75.5804977416992,2438,0,
2439,,Babaleshwar,,16.6676998138428,75.5802001953125,2439,0,
2440,,Devar Hipparagi,,16.8169994354,76.0656967163,2440,0,
2441,,Devar Hipparagi,,16.8171005249023,76.0656967163086,2441,0,
2442,,Sindagi Bus Stand KSRTC,,16.9221992492676,76.2334976196289,2442,0,
2443,,Almel Bus Stop,,17.082223258,76.2205734253,2443,0,
2444,,Devangaon,,17.1646995544434,76.3261032104492,2444,0,
2445,,Devangaon,,17.1646995544434,76.326301574707,2445,0,
2446,,Afzalpur,,17.201000213623,76.3576965332031,2446,0,
2447,,Chowdapur Bus Stand,,17.2362003326416,76.5542984008789,2447,0,
2448,,Chowdapur Bus Stand,,17.2362995147705,76.5538024902344,2448,0,
2449,,Gangapur Temple Bus Stand KSRTC,,17.1811008453369,76.5354995727539,2449,0,
2450,,Saundatti Bus Stand KSRTC,,15.772500038147,75.1123962402344,2450,0,
2451,,Belawadi,,15.7147998809814,74.9166030883789,2451,0,
2452,,Bagewadi,,15.7737998962402,74.6432037353516,2452,0,
2453,,Bagewadi,,15.7735996246338,74.6429977416992,2453,0,
2454,,Sampagaon,,15.7948999404907,74.7580032348633,2454,0,
2456,,Sampagaon,,15.7952003479004,74.7578964233398,2456,0,
2457,,Bailhongal Bus Stand,,15.8184995651,74.8564987183,2457,0,
2458,,Karlakatti,,15.7349004745483,75.0250015258789,2458,0,
2459,,Karlakatti,,15.7350997924805,75.0248031616211,2459,0,
2462,,"Signe - Advoi, Sonus",,15.5138998031616,74.1016006469727,2462,0,
2463,,Goghali / Godhgiri,,15.4148998260498,74.6784973144531,2463,0,
2464,,Bhatji Dukan,,15.8156995773315,73.6524963378906,2464,0,
2465,,Bhatji Dukan,,15.8156169959,73.65252316,2465,0,
2466,,Takar,,15.7925996780396,73.6619033813477,2466,0,
2467,,Takar,,15.7926998138428,73.6621017456055,2467,0,
2468,,Ganesh Temple,,15.8864002227783,73.6230010986328,2468,0,
2469,,Ganesh Temple,,15.8865995407104,73.6231994628906,2469,0,
2470,,Daboli Beach Junction,,15.8725996017456,73.6295013427734,2470,0,
2471,,Ubadanda / Daboli,,15.872799873352,73.6298980712891,2471,0,
2472,,Kalvi Tita,,15.8942003250122,73.6171035766602,2472,0,
2473,,Kalvi Tita,,15.8940000534058,73.6168975830078,2473,0,
2474,,Parula,,15.9879999160767,73.5290985107422,2474,0,
2475,,Parula,,15.9882001876831,73.5291976928711,2475,0,
2476,,Chipi,,15.9979640484,73.5147179365,2476,0,
2477,,Chipi,,15.9981002807617,73.5148010253906,2477,0,
2478,,Vetoba Temple,,15.9822998046875,73.5456008911133,2478,0,
2479,,Vetoba Temple,,15.9823999404907,73.5456008911133,2479,0,
2480,,Mhapan,,15.9547004699707,73.5743026733398,2480,0,
2481,,Mhapan,,15.9547996520996,73.5744018554688,2481,0,
2482,,Kelus,,15.9291000366211,73.6031036376953,2482,0,
2483,,Kelus,,15.9293003082275,73.6031036376953,2483,0,
2484,,Kelus Vishnu Mandir,,15.9057998657227,73.6115036010742,2484,0,
2485,,Kelus Vishnu Mandir,,15.9057998657227,73.6116027832031,2485,0,
2486,,Awera Pull,,15.8889999389648,73.620002746582,2486,0,
2487,,Awera Pull,,15.8889999389648,73.6201019287109,2487,0,
2488,,Baikade,,15.3271999359131,74.0220031738281,2488,0,
2489,,Baikade,,15.3273000717163,74.0220031738281,2489,0,
2490,,"Bibal, Camorconda",,15.3305997848511,74.0864028930664,2490,0,
2491,,Muddebihal Bus Stand KSRTC,,16.3367004394531,76.1304016113281,2491,0,
2492,,Nidagundi,,16.3549003601074,75.9364013671875,2492,0,
2493,,Nidagundi,,16.3551998138428,75.9356994628906,2493,0,
2494,,Rampur,,16.2971000671387,75.8919982910156,2494,0,
2495,,Rampur,,16.2971000671387,75.8921966552734,2495,0,
2496,,Akamol,,15.1930999755859,74.0476989746094,2496,0,
2497,,Akamol,,15.1929998397827,74.0476989746094,2497,0,
2498,,Power House G1,,15.1862001419067,74.022102355957,2498,0,
2499,,Power House G1,,15.18630027771,74.0218963623047,2499,0,
2500,,Ambaulim Panchayat,,15.194299697876,74.0553970336914,2500,0,
2501,,Ambaulim Panchayat,,15.194299697876,74.0556030273438,2501,0,
2502,,Curchorem Govt. Polytechnic. College,,15.2357997894287,74.1246032714844,2502,0,
2503,,Kirlpal,,15.3246002197266,74.1181030273438,2503,0,
2504,,Kirlpal,,15.3243999481201,74.1178970336914,2504,0,
2505,,Surla Pale School,,15.4841995239258,74.0350036621094,2505,0,
2506,,Surla Pale School,,15.4837999343872,74.0348968505859,2506,0,
2507,,Amulyani,,15.4603996276855,74.0476989746094,2507,0,
2508,,Amona Quepem,,15.2270002365112,74.0642013549805,2508,0,
2509,,Amona Quepem,,15.2271995544434,74.0643997192383,2509,0,
2510,,Zalarem,,15.1555995941162,74.0628967285156,2510,0,
2511,,Zalarem,,15.1554002761841,74.0625991821289,2511,0,
2512,,Hattargi,,16.1343002319336,74.5158004760742,2512,0,
2513,,Sankeshwar Bus Stand,,16.2591991424561,74.4852981567383,2513,0,
2514,,Nipani,,16.404899597168,74.3788986206055,2514,0,
2515,,Kagal,,16.5792999267578,74.3123016357422,2515,0,
2516,,Kagal,,16.5790996551514,74.3121032714844,2516,0,
2517,,Digne Sesa Junction,,15.5215997695923,74.0336990356445,2517,0,
2518,,Digne Sesa Junction,,15.5216999053955,74.0342025756836,2518,0,
2520,,Pale Panchayat,,15.4778003692627,74.0607986450195,2520,0,
2521,,Pale Panchayat,,15.4778003692627,74.0609970092773,2521,0,
2522,,Surla - Velguem Junction,,15.4920868382,74.054895699,2522,0,
2523,,Surla - Velguem Junction,,15.4919531005,74.054957509,2523,0,
2524,,Thakurwadi,,16.0137996673584,73.6352996826172,2524,0,
2525,,Thakurwadi,,16.0139007568359,73.6353988647461,2525,0,
2526,,Gavaldev / Kasarkatta,,16.0445995330811,73.5746994018555,2526,0,
2527,,Gavaldev / Kasarkatta,,16.0445995330811,73.5746002197266,2527,0,
2528,,Azgaonkar Wada,,16.0597991943359,73.518798828125,2528,0,
2529,,ETDC B,,15.4554004669189,73.8460998535156,2529,0,
2530,,ETDC A,,15.4554996490479,73.8460006713867,2530,0,
2531,,Goa University Post Office A,,15.4568996429443,73.8358001708984,2531,0,
2532,,Goa University Post Office B,,15.4568004608154,73.8352966308594,2532,0,
2535,,Manipal Hospital A,,15.4593000411987,73.8130035400391,2535,0,
2536,,Manipal Hospital B,,15.4590997695923,73.813102722168,2536,0,
2537,,Indoor Stadium A,,15.457200050354,73.8392028808594,2537,0,
2538,,Indoor Stadium B,,15.456600189209,73.8395004272461,2538,0,
2541,,Satarda Bridge / Naibag,,15.7348404211,73.8041427136,2541,0,
2542,,Satarda Bridge / Naibag,,15.7357035865,73.8040560484,2542,0,
2544,,Bagan / Matyet Juction,,15.5700998306274,73.9548034667969,2544,0,
2547,,Sirsat / Shisodem,,15.5457000732422,73.8899993896484,2547,0,
2548,,Sirsat / Shisodem,,15.5459995269775,73.8902969360352,2548,0,
2549,,Pandaw Wada / Murdi / School,,15.5534000396729,73.8886032104492,2549,0,
2550,,"Kerem , Devki Krishna Piso Rawalnath Temple Stop",,15.5572996139526,73.8832015991211,2550,0,
2551,,Pandaw Wada / Murdi / School,,15.5535001754761,73.888801574707,2551,0,
2552,,"Kerem , Devki Krishna Piso Rawalnath Temple Stop",,15.5573997497559,73.8831024169922,2552,0,
2553,,Belabhat,,15.5465134706,73.8782820702,2553,0,
2554,,Belabhat,,15.546799659729,73.8784027099609,2554,0,
2555,,Karabhat,,15.5528001785278,73.8776016235352,2555,0,
2556,,"Panchayat, Narva",,15.5435522793,73.9234571457,2556,0,
2557,,"Panchayat, Narva",,15.5437590082,73.9241304398,2557,0,
2558,,Sade Tir,,15.5553998947144,73.9058990478516,2558,0,
2559,,Afzalpur,,17.2012996673584,76.3575973510742,2559,0,
2560,,Matve,,15.0775003433228,73.9648971557617,2560,0,
2561,,"Soliem, Canacona",,15.0836388719,73.9874366522,2561,0,
2562,,"Soliem, Canacona",,15.0828572595,73.9871566296,2562,0,
2563,,Popaidando,,15.0884352613,73.9968757629,2563,0,
2564,,Gulbarga Central Bus Stand K.S.R.T.C.,,17.3262004852295,76.8172988891602,2564,0,
2565,,Bande,,16.4874000549316,73.3556976318359,2565,0,
2566,,Bande,,16.4874000549316,73.3557968139648,2566,0,
2567,,Hursh,,16.4727993011475,73.3663024902344,2567,0,
2568,,Hursh,,16.4729995727539,73.3662033081055,2568,0,
2569,,Padel Canteen,,16.4703998565674,73.3906021118164,2569,0,
2570,,Padel Canteen,,16.4706001281738,73.3904037475586,2570,0,
2571,,Mond Titha,,16.4605007171631,73.4515991210938,2571,0,
2572,,Mond Titha,,16.4603004455566,73.4516983032227,2572,0,
2573,,Pokarbao,,16.4661998748779,73.4166030883789,2573,0,
2574,,Datta Mandir,,16.4911994934082,73.5470962524414,2574,0,
2575,,Datta Mandir,,16.4913005828857,73.5473022460938,2575,0,
2576,,Pendhari,,16.4776992797852,73.5043029785156,2576,0,
2577,,Pendhari,,16.4776000976563,73.5044021606445,2577,0,
2578,,Malpe Phomburle Mahalaxmi,,16.4950008392334,73.5364990234375,2578,0,
2579,,Malpe Phomburle Mahalaxmi,,16.494800567627,73.5367965698242,2579,0,
2580,,Manche,,16.4867992401123,73.52490234375,2580,0,
2582,,Manche,,16.486499786377,73.5251007080078,2582,0,
2583,,Phanasgaon,,16.468599319458,73.5896987915039,2583,0,
2584,,Uttargavthan,,16.4384994506836,73.6640014648438,2584,0,
2585,,Uttargavthan,,16.4382991790772,73.6641006469727,2585,0,
2586,,Burabavade,,16.4619007110596,73.6165008544922,2586,0,
2587,,Burabavade,,16.4620990753174,73.6166000366211,2587,0,
2588,,Baparde,,16.4708003997803,73.4772033691406,2588,0,
2589,,Mutat / Bauddhvadi,,16.4750995635986,73.4691009521484,2589,0,
2592,,Waghotan,,16.484899520874,73.4540023803711,2592,0,
2593,,Waghotan,,16.4848003387451,73.4542999267578,2593,0,
2594,,Sadevaghota,,16.4675998687744,73.4544982910156,2594,0,
2595,,Mutat / Bauddhvadi,,16.4750003814697,73.4691009521484,2595,0,
2601,,Ganga Tiles,,15.6010999679565,73.7837982177734,2601,0,
2602,,Ganga Tiles,,15.6009998321533,73.7838973999023,2602,0,
2603,,Chepel,,15.5242004394531,73.9049987792969,2603,0,
2604,,Chepel,,15.5242004394531,73.9050979614258,2604,0,
2605,,Divar Centre,,15.5278997421265,73.9047012329102,2605,0,
2606,,Divar Centre,,15.5277004241943,73.9047012329102,2606,0,
2607,,Hospital Casarvane / Purva,,15.7123823165894,73.8746109008789,2607,0,
2644,,Sodiem Temple,,15.6232004165649,73.7751007080078,2644,0,
2645,,Sodiem Temple,,15.6233997344971,73.7751998901367,2645,0,
2646,,Gaune,,15.418999671936,73.9644012451172,2646,0,
2647,,Santoshi Temple Stop,,15.4097995758057,73.9608993530273,2647,0,
2648,,Santoshi Temple Stop,,15.4097995758057,73.9609985351563,2648,0,
2649,,Vithoba Temple Gaune,,15.4074001312256,73.9656982421875,2649,0,
2650,,Vithoba Temple Gaune,,15.4074001312256,73.9660034179688,2650,0,
2653,,Agapur / Agastipur,,15.3821001052856,73.9617004394531,2653,0,
2654,,St. Pedro Ribandar Ferry,,15.5052995681763,73.8788986206055,2654,0,
2655,,Madant,,15.5201997756958,73.8963012695313,2655,0,
2656,,Madant,,15.5200996398926,73.8964004516602,2656,0,
2657,,Our Lady School,,15.527099609375,73.9031982421875,2657,0,
2658,,Naroa Island Ferry,,15.5388002396,73.9231033325,2658,0,
2659,,Vanxim Island Ferry,,15.5391998291016,73.907600402832,2659,0,
2660,,St. Aloysius School,,15.5300998687744,73.9039001464844,2660,0,
2661,,St. Aloysius School,,15.5300998687744,73.9040985107422,2661,0,
2662,,Goltim Navelim Pch,,15.5250997543335,73.9023971557617,2662,0,
2663,,Goltim Navelim Pch,,15.5248384475708,73.9026489257813,2663,0,
2664,,Tonca,,15.5357999801636,73.9608993530273,2664,0,
2665,,Tonca Ferry,,15.5348997116089,73.9580993652344,2665,0,
2666,,Tonca Ferry,,15.5349998474121,73.9582977294922,2666,0,
2667,,Cumbarjua Bridge,,15.5321727169,73.9574215412,2667,0,
2668,,Cumbarjua Bridge,,15.5324001312256,73.9577026367188,2668,0,
2669,,Ameywada,,15.5274000167847,73.9563980102539,2669,0,
2670,,Ameywada,,15.5275001525879,73.9565963745117,2670,0,
2671,,Khandola College,,15.5222845078,73.957862854,2671,0,
2672,,Khandola College,,15.522500038147,73.9579010009766,2672,0,
2673,,Maina Sesa Mines,,15.522075305,74.0108167777,2673,0,
2674,,Maina Sesa Mines,,15.5222997665405,74.0108032226563,2674,0,
2675,,Power House Navelim,,15.5181999206543,74.013198852539,2675,0,
2676,,Power House Navelim,,15.5181999206543,74.0133972167969,2676,0,
2679,,Surla Village,,15.5043001174927,74.0297012329102,2679,0,
2680,,Surla Society,,15.4990997314453,74.0299987792969,2680,0,
2681,,Surla Society,,15.4989004135132,74.0302963256836,2681,0,
2682,,Surla Narayan Temple,,15.5110998153687,74.029899597168,2682,0,
2683,,Surla Village,,15.5044002532959,74.0295028686523,2683,0,
2684,,Siya Petrol Pump,,15.5544004440308,74.0149993896484,2684,0,
2685,,Siya Petrol Pump,,15.5544004440308,74.0150985717773,2685,0,
2686,,City Market Stop,,15.4979000091553,73.8223037719727,2686,0,
2687,,SBI,,15.5003004074097,73.8303985595703,2687,0,
2688,,SBI,,15.500792456465,73.8307498693466,2688,0,
2693,,Peddem,,15.6054000854492,73.8225021362305,2693,0,
2694,,Peddem,,15.6049951157,73.822550416,2694,0,
2695,,Sai Baba Temple,,15.6934995651245,73.8550033569336,2695,0,
2696,,Sai Baba Temple,,15.6935997009277,73.8551025390625,2696,0,
2697,,Madkai Ozrim,,15.6890001296997,73.8738021850586,2697,0,
2698,,Fatorpa Post Office,,15.1437997817993,73.9983978271484,2698,0,
2699,,Fatorpa Post Office,,15.1437997817993,73.9985961914063,2699,0,
2700,,Pansulem,,15.0023002624512,74.0456008911133,2700,0,
2701,,Pansulem,,15.0023002624101,74.0459494590279,2701,0,
2703,,Nadora Temple,,15.6716003417969,73.861198425293,2703,0,
2704,,Nadora Temple,,15.6715002059937,73.8612976074219,2704,0,
2705,,Waadi,,15.6689970894,73.8550033569,2705,0,
2706,,Waadi,,15.6690998077393,73.8550033569336,2706,0,
2707,,Maadani,,15.671799659729,73.8587036132813,2707,0,
2708,,Maadani,,15.6716995239258,73.8587036132813,2708,0,
2709,,School Revoda,,15.6665000916,73.855796814,2709,0,
2710,,Taar,,15.6638965015,73.8555984497,2710,0,
2711,,Taar,,15.663800239563,73.855598449707,2711,0,
2712,,Victory Church,,15.6603454357,73.855512619,2712,0,
2713,,Corp Bank,,15.6591997146606,73.8466033935547,2713,0,
2714,,Corp Bank,,15.6591635575,73.8465497494,2714,0,
2715,,Revora Bar,,15.6520827157,73.8461813927,2715,0,
2716,,Revora Bar,,15.6521435161,73.846314311,2716,0,
2717,,Maansher,,15.6507997512817,73.8447036743164,2717,0,
2718,,Maansher,,15.6506996154785,73.8447036743164,2718,0,
2720,,Menkurem,,15.6961002349854,73.8970031738281,2720,0,
2740,,Voltar,,15.521900177002,73.8975982666016,2740,0,
2741,,Voltar,,15.5220003128052,73.8974990844727,2741,0,
2742,,Khursakade Divade,,15.5228996276855,73.8989028930664,2742,0,
2743,,Khursakade Divade,,15.523099899292,73.8988037109375,2743,0,
2744,,Our Lady School,,15.5271997451782,73.9029998779297,2744,0,
2745,,Marita Bakery,,15.5307998657227,73.9039001464844,2745,0,
2746,,Sinqueri Chapel,,15.5353002548218,73.904296875,2746,0,
2747,,Sinqueri Chapel,,15.535400390625,73.9041976928711,2747,0,
2753,,Kamat Classic,,15.4758996963501,73.8121032714844,2753,0,
2754,,Kamat Classic,,15.4758996963501,73.8119964599609,2754,0,
2755,,Kerant,,15.4739999771118,73.8121032714844,2755,0,
2756,,Kerant,,15.474100112915,73.8119964599609,2756,0,
2759,,Panaji Bus Stand,,15.4963245391846,73.83642578125,2759,0,
2761,,Manohar International Airport,,15.7305390754,73.8678398132,2761,0,
2766,,St. Anne's Chapel,,15.5461359024048,73.7933502197266,2766,0,
2767,,St. Anne's Chapel,,15.546236038208,73.7933883666992,2767,0,
2770,,Calangute Football Ground,,15.5408554077148,73.762336730957,2770,0,
2773,,New Mapusa Bus Stand,,15.5880498886108,73.8094177246094,2773,0,
2774,,Cortalim Junction Stop,,15.4037504196167,73.9081268310547,2774,0,
2775,,Cortalim junction,,15.4037418365479,73.9078903198242,2775,0,
2776,,Ravrikade,,15.440357208252,73.8735275268555,2776,0,
2777,,Ravrikade,,15.4401874542236,73.8736953735352,2777,0,
2778,,Gandhi Road Maina,,15.2938537597656,73.9980850219727,2778,0,
2779,,Gandhi Road Maina,,15.293628692627,73.9980773925781,2779,0,
2780,,St. Xavier School,,15.2912302017212,74.016975402832,2780,0,
2781,,St. Xavier School,,15.2911138534546,74.0168075561523,2781,0,
2782,,St. Francis Xavier Chapel,,15.2872476577759,74.062614440918,2782,0,
2783,,St. Francis Xavier Chapel,,15.2869997024536,74.0624313354492,2783,0,
2784,,Health Centre Loutolim,,15.3390550613403,73.9908065795898,2784,0,
2785,,Health Centre Loutolim,,15.3392515182495,73.990837097168,2785,0,
2786,,Hasapur,,15.7392222283,73.903219223,2786,0,
2787,,Hasapur,,15.7392988204956,73.9033660888672,2787,0,
2788,,Near St Claras School,,15.6196222305298,73.8945846557617,2788,0,
2789,,Near St Claras School,,15.6194925308228,73.8945922851563,2789,0,
2790,,Ribandar Police Sation,,15.5018930435181,73.8719482421875,2790,0,
2791,,Mall De Goa,,15.5256109237671,73.826530456543,2791,0,
2792,,"Chinchinim, Cuncolim Junction",,15.2189798355103,73.9786529541016,2792,0,
2793,,Querim Panchayat,,15.7158622741699,73.6970520019531,2793,0,
2794,,Querim Panchayat,,15.7158460617065,73.6970367431641,2794,0,
2795,,Akhada Fry,,15.533987999,73.9311752319,2795,0,
2796,,Querim Temple,,15.7177457809448,73.7053375244141,2796,0,
2797,,Querim Temple,,15.7177610397339,73.7053070068359,2797,0,
2798,,Querim Church,,15.7139301300049,73.7017288208008,2798,0,
2799,,Querim Church,,15.7139844894409,73.7017288208008,2799,0,
2800,,Cona Stop,,15.3810396194458,74.0065460205078,2800,0,
2801,,Cona Stop,,15.3810319900513,74.0063629150391,2801,0,
2802,,Maternity Hospital Stop,,15.3483410441,74.0077724457,2802,0,
2803,,Maternity Hospital Stop,,15.3481068728,74.0075383186,2803,0,
2804,,Burye Shop,,15.6241989135742,73.7670745849609,2804,0,
2805,,Burye Shop,,15.6240530014038,73.767204284668,2805,0,
2806,,RIT College Stop,,15.3245439529419,74.0255508422852,2806,0,
2807,,RIT College Stop,,15.3245906829834,74.0258255004883,2807,0,
2808,,Pratapnagar,,15.5545902252197,74.0304183959961,2808,0,
2809,,Supachi Pud,,15.553014755249,74.0344009399414,2809,0,
2810,,Supachi Pud,,15.5529069900513,74.0342178344727,2810,0,
2811,,Pratapnagar,,15.5544121706,74.0304124355,2811,0,
2812,,Vijaynagar,,15.5722856521606,73.9981536865234,2812,0,
2813,,Vijaynagar,,15.572075843811,73.9977569580078,2813,0,
2814,,TUEM CROSS,,15.6613445281982,73.8173370361328,2814,0,
2815,,TUEM CROSS,,15.6613054275513,73.8173675537109,2815,0,
2816,,VIRNODA TEMPLE,,15.6902503967285,73.8195037841797,2816,0,
2817,,VIRNODA TEMPLE,,15.6902627944946,73.8195648193359,2817,0,
2818,,Tivre Building,,15.4995403289795,73.9582061767578,2818,0,
2819,,Tivre Building,,15.499342918396,73.9583358764648,2819,0,
2820,,Walpe,,15.6991701126099,73.8230133056641,2820,0,
2821,,Valpe Cross,,15.6991996765137,73.8229827880859,2821,0,
2822,,Sawalwada,,15.7159813943,73.803853035,2822,0,
2823,,Sawalwada,,15.7153204171,73.8034858703,2823,0,
2824,,Vadaval,,15.6682538986206,73.9322509765625,2824,0,
2825,,Vadaval,,15.667763710022,73.9325256347656,2825,0,
2826,,Virlosa,,15.512059211731,73.8422775268555,2826,0,
2827,,Virlosa,,15.512059211731,73.8424606323242,2827,0,
2828,,Britona Market,,15.5203504562378,73.8476333618164,2828,0,
2829,,Salvador,,15.5327053070068,73.8582611083984,2829,0,
2830,,GOYNA,,15.5675067901611,73.8622283935547,2830,0,
2831,,GOYNA,,15.5676431655884,73.8625411987305,2831,0,
2832,,GALVAR,,15.5777139663696,73.8652038574219,2832,0,
2833,,GALVAR,,15.5775804519653,73.8654174804688,2833,0,
2834,,BAGWATI TEMPLE,,15.5851669311523,73.874626159668,2834,0,
2835,,BAGWATI TEMPLE,,15.5851669311523,73.8748168945313,2835,0,
2836,,"Nachnola, Nr. Ganpati Temple",,15.5935001373291,73.8517990112305,2836,0,
2837,,"Nachnola, Nr. Ganpati Temple",,15.5935688018799,73.8518981933594,2837,0,
2838,,"Boron, Nachinola",,15.584680557251,73.8496704101563,2838,0,
2839,,Char rasta,,15.0108057978,74.036523819,2839,0,
2840,,Parshuram temple,,14.9769420623779,74.0991363525391,2840,0,
2841,,karay,,14.96644115448,74.0751190185547,2841,0,
2842,,Godown shop,,15.4057359695435,73.910026550293,2842,0,
2843,,Godown shop,,15.4058132171631,73.9101715087891,2843,0,
2844,,Sancoale temple junction,,15.3815650939941,73.9015197753906,2844,0,
2845,,Sancoale temple junction,,15.3817310333252,73.9018325805664,2845,0,
2846,,Sancoale Bank,,15.3910722732544,73.9034194946289,2846,0,
2847,,Rai Amyakde,,15.3079175949097,73.9773483276367,2847,0,
2848,,Upper Bazar,,15.4086275100708,74.0150833129883,2848,0,
2849,,Quelossim Shantadurga temple,,15.3881759643555,73.9389343261719,2849,0,
2850,,Quelossim Shantadurga temple,,15.3882484436035,73.9391403198242,2850,0,
2851,,Kelini,,15.4270277023,74.0792312622,2851,0,
2852,,Near Pernem Court,,15.714015007019,73.7980575561523,2852,0,
2853,,Near Pernem Court,,15.7140111923218,73.7979736328125,2853,0,
2854,,Kumyakade,,15.4345273972,74.0757827759,2854,0,
2855,,Kothambi,,15.4898242950439,74.0306549072266,2855,0,
2856,,Satayakade,,15.4944562911987,74.0259323120117,2856,0,
2857,,Navli P.Hos,,15.5002870559692,74.0209121704102,2857,0,
2858,,Tuyem Hospital,,15.6901445388794,73.7941589355469,2858,0,
2859,,Tuyem Hospital,,15.6901636123657,73.794189453125,2859,0,
2860,,Main Seza,,15.5027275085449,74.0213394165039,2860,0,
2861,,Ladfe,,15.6269073486328,73.9562225341797,2861,0,
2862,,Goa Dodamarg,,15.6521682739258,73.9458465576172,2862,0,
2863,,Sacchebhat,,15.6738901138306,73.7549896240234,2863,0,
2864,,Sacchebhat,,15.6738996505737,73.7548828125,2864,0,
2865,,Naikwada,,15.6704301834106,73.7457504272461,2865,0,
2866,,Naikwada,,15.6704759597778,73.7457046508789,2866,0,
2867,,Petter,,15.4885606765747,73.9229354858398,2867,0,
2868,,Rasai Chowgule dock,,15.3708696365356,73.9569778442383,2868,0,
2869,,Rasai Chowgule dock,,15.3709573745728,73.9570922851563,2869,0,
2870,,Vodle Nuera,,15.4487314224243,73.922607421875,2870,0,
2871,,Nhaveli,,15.5372270495,74.0109577179,2871,0,
2872,,Karvat Church,,15.3564968109131,73.9727401733398,2872,0,
2873,,Karvat Church,,15.3565692901611,73.9728088378906,2873,0,
2874,,Junaswada/ Mandrem Beac,,15.6702108383179,73.7133636474609,2874,0,
2875,,Junaswada/ Mandrem Beac,,15.6702184677124,73.7132873535156,2875,0,
2876,,Taleban cross,,15.3432703018188,73.9792633056641,2876,0,
2877,,Taleban cross,,15.3433771133423,73.979362487793,2877,0,
2878,,Loutolim Ramnath temple,,15.3418922424316,73.9809036254883,2878,0,
2879,,Loutolim Ramnath temple,,15.3419437408447,73.9810409545898,2879,0,
2880,,Crystal Rock,,15.3402090072632,73.9963836669922,2880,0,
2881,,Crystal Rock,,15.3403253555298,73.996337890625,2881,0,
2882,,SOARES WADO,,15.6130571365356,73.803825378418,2882,0,
2883,,SOARES WADO,,15.6131505966187,73.8038558959961,2883,0,
2884,,Amyakade Stop,,15.3440237045288,73.99658203125,2884,0,
2885,,Amyakade Stop,,15.3439302444458,73.9967422485352,2885,0,
2886,,Siolim Chapel,,15.6120014190674,73.7747650146484,2886,0,
2887,,Siolim Chapel,,15.6121025085449,73.7747573852539,2887,0,
2888,,Shree Ghanesh Temple,,15.1824083328247,74.0553970336914,2888,0,
2889,,Kepkarwada,,15.6705951690674,73.7111892700195,2889,0,
2890,,Kepkarwada,,15.6706886291504,73.7113418579102,2890,0,
2891,,Pillar,,15.4395713806152,73.8910369873047,2891,0,
2892,,Fr. Agnel Collage,,15.4392175674438,73.8936614990234,2892,0,
2893,,Fr. Agnel Collage,,15.4392538070679,73.8936233520508,2893,0,
2894,,Fr. Agnel Collage,,15.4390830993652,73.8936386108398,2894,0,
2895,,Neura Holy Cross,,15.4414520263672,73.9064712524414,2895,0,
2896,,Neura Holy Cross,,15.4412450790405,73.9064865112305,2896,0,
2897,,Carambolim Chrch,,15.4798631668091,73.9230270385742,2897,0,
2898,,Carambolim Church,,15.4798889160156,73.9232559204102,2898,0,
2899,,Petter,,15.4886226654053,73.9231567382813,2899,0,
2900,,Ella,,15.4934549331665,73.919548034668,2900,0,
2901,,Ella,,15.4936714172363,73.9195556640625,2901,0,
2902,,Old Goa Bypass Junction,,15.498948097229,73.913688659668,2902,0,
2903,,Old Goa Bypass Junction,,15.4989795684814,73.9138488769531,2903,0,
2904,,Banastari,,15.4899272918701,73.957405090332,2904,0,
2905,,Tivre Pump,,15.5085935592651,73.9616622924805,2905,0,
2906,,Tivre Pump,,15.5085115432739,73.9619750976563,2906,0,
2907,,Orgao,,15.5137977600098,73.961181640625,2907,0,
2908,,Orgao,,15.513653755188,73.9612884521484,2908,0,
2909,,Ezekial Methodist School,,15.4669189453125,73.8634414672852,2909,0,
2910,,Malwar,,15.4354438781738,73.8948593139648,2910,0,
2911,,Malwar,,15.4355716705322,73.8948211669922,2911,0,
2912,,Durigwada,,15.526611328125,74.0032272338867,2912,0,
2913,,Durigwada,,15.5267028808594,74.0032348632813,2913,0,
2914,,Dessai Nagar,,15.5652408599854,74.0088882446289,2914,0,
2915,,Dessai Nagar,,15.5653294433,74.0090191364,2915,0,
2916,,Poriem Pump,,15.5716981887817,74.0162811279297,2916,0,
2917,,Poriem Pump,,15.5716485977173,74.0164489746094,2917,0,
2918,,Ghodemol Bagwada Junction,,15.5946435928345,74.0461883544922,2918,0,
2919,,Ghodemol Bagwada Junction,,15.5945558547974,74.0462951660156,2919,0,
2920,,Rai Amyakde,,15.3078346252441,73.9775772094727,2920,0,
2921,,Aryaman Sai Maruti Arena,,15.3361539840698,73.9968719482422,2921,0,
2922,,Aryaman Sai Maruti Arena,,15.3359308242798,73.9969863891602,2922,0,
2923,,Ponda Fire Station,,15.4027481079102,74.0030136108398,2923,0,
2924,,Ponda Fire Station,,15.4027061462402,74.0031051635742,2924,0,
2925,,GVM's Collage Ponda,,15.4085083007813,73.9923782348633,2925,0,
2926,,GVM's Collage Ponda,,15.4086961746216,73.9925537109375,2926,0,
2927,,Upper Bazar,,15.4080381393433,74.0154800415039,2927,0,
2928,,Paludi School,,15.4397449493408,74.0711975097656,2928,0,
2929,,Paludi School,,15.4399003982544,74.0713806152344,2929,0,
2930,,usgao Velguem Bridge,,15.4446935653687,74.0567169189453,2930,0,
2931,,usgao Velguem Bridge,,15.4449415206909,74.0568161010742,2931,0,
2932,,Bhamai,,15.4492282867432,74.0500335693359,2932,0,
2933,,Bhamai,,15.4492959976196,74.0501708984375,2933,0,
2934,,Kothambi Temple,,15.4774503707886,74.0354156494141,2934,0,
2935,,Kothambi Temple,,15.477518081665,74.0354461669922,2935,0,
2936,,Satayakade,,15.4946136474609,74.0261535644531,2936,0,
2937,,Main Seza,,15.5027418136597,74.0214538574219,2937,0,
2938,,Naveli Junction,,15.5298738479614,74.0085296630859,2938,0,
2939,,Naveli Junction,,15.5299129486084,74.0086898803711,2939,0,
2940,,Vithallapur,,15.5678243637085,74.0049133300781,2940,0,
2941,,Vithallapur,,15.5678443908691,74.005012512207,2941,0,
2942,,Karapur Tisk,,15.569239616394,74.0008087158203,2942,0,
2943,,Karapur Tisk,,15.5693788528442,74.0009002685547,2943,0,
2944,,Ladfe,,15.626974105835,73.9567413330078,2944,0,
2945,,Bordem,,15.5984621047974,73.9535903930664,2945,0,
2946,,RTO Office,,14.8184947967529,74.1274185180664,2946,0,
2947,,RTO Office,,14.8185157775879,74.1278457641602,2947,0,
2948,,Karwar Beach,,14.8312730789185,74.1266250610352,2948,0,
2949,,Karwar Beach,,14.8311586380005,74.1269302368164,2949,0,
2950,,Chaudi,,15.0076560974121,74.0507888793945,2950,0,
2951,,Chaudi,,15.0068273544312,74.0506439208984,2951,0,
2952,,Mastimol juction,,15.0064344406128,74.0537033081055,2952,0,
2953,,Mastimol juction,,15.0071973800659,74.0540161132813,2953,0,
2954,,Gulem School,,15.0403089523315,74.0276031494141,2954,0,
2955,,Gulem School,,15.040340423584,74.0278701782227,2955,0,
2956,,Pandava Chapel,,15.2721770163,73.9703083038,2956,0,
2957,,Pandava Chapel,,15.2720680236816,73.9703750610352,2957,0,
2958,,Rawanfond Bridge,,15.2629346847534,73.9794235229492,2958,0,
2959,,Rawanfond Bridge,,15.263053894043,73.9795303344727,2959,0,
2960,,Garage,,15.2210474014282,74.0715026855469,2960,0,
2961,,Garage,,15.2210836410522,74.0717010498047,2961,0,
2962,,Shirvodem Junction,,15.2654666900635,73.9607543945313,2962,0,
2963,,Shirvodem Junction,,15.2655639648438,73.9607162475586,2963,0,
2964,,"Deuolwada, Adne",,15.1593332290649,74.0255279541016,2964,0,
2965,,Adnem,,15.1682348251343,74.0428085327148,2965,0,
2966,,Adnem,,15.1683740615845,74.042854309082,2966,0,
2967,,Igramoll,,15.2063484191895,74.0663070678711,2967,0,
2968,,Igramoll,,15.2062864303589,74.0664825439453,2968,0,
2969,,Railway Cross. Majorda,,15.3160772323608,73.9201736450195,2969,0,
2970,,Railway Cross. Majorda,,15.3162040710449,73.9202499389648,2970,0,
2971,,Velsao Bus Stand/Takirwaddo,,15.3522825241089,73.8921737670898,2971,0,
2972,,Velsao Bus Stand/Takirwaddo,,15.352334022522,73.8923110961914,2972,0,
2973,,Sancoale,,15.387056350708,73.900764465332,2973,0,
2974,,Sancoale Bank,,15.3909788131714,73.9037322998047,2974,0,
2975,,Near Old TATA Showroom,,15.3251457214355,73.9369583129883,2975,0,
2976,,Near Old TATA Showroom,,15.3251209259033,73.9371490478515,2976,0,
2977,,Hadkant/Bamborde,,15.3429155349731,73.931510925293,2977,0,
2978,,Hadkant/Bamborde,,15.3429327011108,73.9315948486328,2978,0,
2979,,Verna Birla Bypass,,15.3759336471558,73.9252471923828,2979,0,
2980,,Verna Birla Bypass,,15.3757727346,73.9259771109,2980,0,
2981,,"Near Petro Pump, Birla",,15.3745164871216,73.884147644043,2981,0,
2982,,"Near Petro Pump, Birla",,15.374623298645,73.8842086791992,2982,0,
2983,,"Sai Service, Curti",,15.4143047332764,74.0105056762695,2983,0,
2984,,"Sai Service, Curti",,15.4142808914185,74.010627746582,2984,0,
2985,,"Near Ganapati Temple, Kanolya",,15.513352394104,73.9633255004883,2985,0,
2986,,"Near Ganapati Temple, Kanolya",,15.5132761001587,73.9632873535156,2986,0,
2987,,Secretariat,,15.5096815929,73.8364152908,2987,0,
2988,,Dam Road,,15.2790832519531,74.0895385742188,2988,0,
2989,,Dam Road,,15.2786483764648,74.0896224975586,2989,0,
2990,,Vodlemol Gandhinagar,,15.2775297164917,74.120849609375,2990,0,
2991,,Vodlemol Gandhinagar,,15.2774724960327,74.1210327148438,2991,0,
2993,,Near Colvale Office,,15.6181573867798,73.822639465332,2993,0,
2994,,Near Colvale Office,,15.6181602478027,73.8228149414063,2994,0,
2995,,Dr. Ambedkar College,,15.6410150527954,73.8322525024414,2995,0,
2996,,Dr. Ambedkar College,,15.6409921646118,73.8325881958008,2996,0,
2997,,Colvale Dhargal Bridge,,15.647837638855,73.8356552124023,2997,0,
2998,,Colvale Dhargal Bridge,,15.6477813720703,73.8359069824219,2998,0,
2999,,Dando Road,,15.6768999099731,73.7108917236328,2999,0,
3000,,Dando Road,,15.6769104003906,73.711051940918,3000,0,
3002,,Askawada Nr. Rawalnath Temple,,15.6576557159424,73.745849609375,3002,0,
3003,,Askawada Nr. Rawalnath Temple,,15.6577177047729,73.7459335327148,3003,0,
3004,,Harmal Panhkroshi/ Ganpat Parsekar College Stop,,15.6984796524048,73.7177886962891,3004,0,
3005,,Harmal Panhkroshi/ Ganpat Parsekar College Stop,,15.6985054016113,73.7179718017578,3005,0,
3006,,Kaloba Temple,,15.7283306121826,73.7705612182617,3006,0,
3007,,Kaloba Temple,,15.7283897399902,73.7706680297852,3007,0,
3008,,Goliba Temple,,15.7325210571289,73.7611083984375,3008,0,
3009,,Goliba Temple,,15.732590675354,73.7611694335938,3009,0,
3010,,"Mainawda, Korgao",,15.7181234359741,73.7499771118164,3010,0,
3011,,"Mainawda, Korgao",,15.7183198928833,73.750228881836,3011,0,
3012,,Gawdewada,,15.7023029327393,73.745231628418,3012,0,
3013,,Gawdewada,,15.7027368545532,73.7453994750977,3013,0,
3014,,"Major Bakery, Thivim",,15.6184873580933,73.8452758789063,3014,0,
3015,,"Major Bakery, Thivim",,15.6183376312256,73.8453979492188,3015,0,
3016,,Mulgao Junction,,15.6191692352295,73.9111022949219,3016,0,
3017,,Mulgao Junction,,15.6189889907837,73.9111862182617,3017,0,
3018,,Pistewada,,15.6403493881226,73.9324188232422,3018,0,
3019,,Pistewada,,15.6402206420898,73.9326171875,3019,0,
3020,,Goa Dodamarg,,15.6522817582,73.9460418224,3020,0,
3021,,Dodamarg,,15.6801815032959,73.9685363769531,3021,0,
3022,,Dodamarg,,15.680230140686,73.9685974121094,3022,0,
3023,,"RTO Check Post, Banda",,15.8266626811,73.8507919312,3023,0,
3024,,"RTO Check Post, Banda",,15.8271684646606,73.8506164550781,3024,0,
3025,,"Railway Overbridge, Ugve Satose",,15.7391166687012,73.8202819824219,3025,0,
3026,,"Railway Overbridge, Ugve Satose",,15.7389615475,73.8202772141,3026,0,
3027,,Torshe Village,,15.7727537155151,73.8456268310547,3027,0,
3028,,Torshe Village,,15.7720251083374,73.8455963134766,3028,0,
3029,,Dhuski,,15.7806015014648,73.8611907958984,3029,0,
3030,,Dhuski,,15.7805387649,73.861289978,3030,0,
3031,,"Chimulawada, Near bar",,15.5874176025391,73.9065170288086,3031,0,
3032,,"Chimulawada, Near bar",,15.5874843597412,73.9067459106445,3032,0,
3033,,"PHC Aldona , Galwar",,15.5780620574951,73.8626174926758,3033,0,
3034,,"PHC Aldona , Galwar",,15.5781707763672,73.8627090454102,3034,0,
3035,,Punola,,15.5803480148315,73.8315277099609,3035,0,
3036,,Punola,,15.5803842544556,73.8316192626953,3036,0,
3037,,Kumyakade,,15.4346256256104,74.0759201049805,3037,0,
3038,,Nansa,,15.4622383117676,74.0801086425781,3038,0,
3039,,Ganje Ambeshi Bridge,,15.4658041000366,74.0838394165039,3039,0,
3040,,Ganje Ambeshi Bridge,,15.4656496047974,74.0840301513672,3040,0,
3041,,Kankeri,,15.4731569290161,74.1052932739258,3041,0,
3042,,Kankeri,,15.4731521606445,74.10546875,3042,0,
3043,,Guleli Bridge,,15.4762353897095,74.1175231933594,3043,0,
3044,,Guleli Bridge,,15.4765253067017,74.1174774169922,3044,0,
3045,,Ansolem Road,,15.5112266540527,74.1266403198242,3045,0,
3046,,Ansolem Road,,15.511474609375,74.1273422241211,3046,0,
3047,,Suke Kulan,,15.6825771331787,73.8342819213867,3047,0,
3048,,Suke Kulan,,15.682638168335,73.8341751098633,3048,0,
3049,,Palyawada,,15.6897430419922,73.8400955200195,3049,0,
3050,,Palyawada,,15.6897592544556,73.8402709960938,3050,0,
3051,,"Hanathi Wado, Dadachiwadi",,15.6946306228638,73.8437728881836,3051,0,
3052,,"Hanathi Wado, Dadachiwadi",,15.6946105957031,73.8440246582031,3052,0,
3053,,"Nagzor/ Manohar Arirport, Mopa, Main Juction",,15.7087306976318,73.8539733886719,3053,0,
3054,,"Nagzor/ Manohar Arirport, Mopa, Main Juction",,15.7086944580078,73.854133605957,3054,0,
3055,,Heduswadi,,15.7287893295288,73.9396286010742,3055,0,
3056,,Heduswadi,,15.7288303375244,73.9397888183594,3056,0,
3057,,Ibrampur Hedus Road,,15.7134447097778,73.9388732910156,3057,0,
3058,,Ibrampur Hedus Road,,15.7134447097778,73.9390640258789,3058,0,
3059,,Sateri Vidya Mandir School,,15.7113676071167,73.9379806518555,3059,0,
3061,,Agonda CHRC,,15.0408886114,73.989033699,3061,0,
3062,,CAB.DE.RAM Beach,,15.097900390625,73.9281005859375,3062,0,
3063,,Vagure,,15.5088596343994,74.0815353393555,3063,0,
3064,,AGONDA CHRC,,15.0416894358,73.989233017,3064,0,
3065,,Shelin,,15.5722770690918,73.8148651123047,3065,0,
3066,,Shelin,,15.5722511857,73.8151167631,3066,0,
3067,,Palye Cross,,15.5769853591919,73.8297119140625,3067,0,
3068,,Palye Cross,,15.5769853591919,73.8298950195313,3068,0,
3069,,NEW WADA,,15.0119352340698,74.0940475463867,3069,0,
3070,,Succoro,,15.5493640899658,73.8314208984375,3070,0,
3071,,Succoro,,15.5493335723877,73.8312683105469,3071,0,
3072,,Donwado,,15.545352935791,73.842155456543,3072,0,
3073,,Donwado,,15.5450429916382,73.8419952392578,3073,0,
3074,,Quitla U,,15.5373420715332,73.8542175292969,3074,0,
3075,,Quitla U,,15.537239074707,73.8541259765625,3075,0,
3076,,"Vaddem, Socorre",,15.5636720657349,73.8295211791992,3076,0,
3077,,Nanus,,15.5248823165894,74.1280746459961,3077,0,
3078,,Nanus,,15.5248622894287,74.1282730102539,3078,0,
3079,,"Aradi, Saligao",,15.5417528152466,73.7693099975586,3079,0,
3080,,P.TEMPLE,,15.2854099273682,74.0792617797852,3080,0,
3081,,Panas Mala,,15.5157289505005,74.1623992919922,3081,0,
3082,,Panas Mala,,15.515645980835,74.1623229980469,3082,0,
3083,,Calangute Circle,,15.5441398620605,73.7650146484375,3083,0,
3084,,Calangute Circle,,15.5442457199097,73.7651443481445,3084,0,
3085,,Aradi,,15.5404739379883,73.7866744995117,3085,0,
3086,,Aradi,,15.5405464172363,73.7864837646485,3086,0,
3087,,Parra,,15.5788631439209,73.7974548339844,3087,0,
3088,,Parra,,15.5788831710815,73.7972869873047,3088,0,
3089,,Khodye,,15.5312623977661,74.0977935791016,3089,0,
3090,,Khodye,,15.5305595397949,74.0973815917969,3090,0,
3091,,Velus,,15.5448741912842,74.1367263793945,3091,0,
3092,,Velus,,15.5448789596558,74.1368408203125,3092,0,
3093,,Giri Chapel,,15.5786685943604,73.8062133789063,3093,0,
3094,,Giri Chapel,,15.5790920257568,73.8059921264648,3094,0,
3095,,Cinchmala,,15.540657043457,74.1276321411133,3095,0,
3096,,Cinchmala,,15.5408172607422,74.1277084350586,3096,0,
3097,,Xelpem,,15.6057720184326,73.812873840332,3097,0,
3098,,Xelpem,,15.6057977676392,73.8129653930664,3098,0,
3099,,Siolim Theater,,15.6309690475464,73.765007019043,3099,0,
3100,,Siolim Theater,,15.6311292648315,73.7650909423828,3100,0,
3101,,Kucheli Charrasta,,15.6155624389648,73.8141174316406,3101,0,
3102,,Kucheli Charrasta,,15.6156969070435,73.8140411376953,3102,0,
3103,,Panner,,15.6171855926514,73.8007354736328,3103,0,
3104,,Panner,,15.6169576644897,73.801025390625,3104,0,
3105,,Xel Wadakade,,15.6242275238037,73.7715835571289,3105,0,
3106,,Xel Wadakade,,15.6244029998779,73.7716293334961,3106,0,
3107,,Siolim Temple,,15.6266250610352,73.7686996459961,3107,0,
3108,,Siolim Temple,,15.6267690658569,73.7688064575195,3108,0,
3109,,Guddem,,15.6290416717529,73.7533111572266,3109,0,
3110,,Guddem,,15.629020690918,73.7530364990234,3110,0,
3111,,Dando,,15.6190299987793,73.7583312988281,3111,0,
3113,,Muxer Bus stop,,15.1470384597778,73.9564743041992,3113,0,
3114,,Muxer Bus stop,,15.1470336914063,73.9563674926758,3114,0,
3115,,Morllem Temple,,15.5858869552612,74.0533065795898,3115,0,
3116,,Voili Karmali,,15.5094242095947,74.1816329956055,3116,0,
3117,,Voili Karmali,,15.5093364715576,74.1817016601563,3117,0,
3118,,Boby Stores,,15.6003980636597,73.7645492553711,3118,0,
3119,,Boby Stores,,15.600531578064,73.7644500732422,3119,0,
3120,,Paloti,,15.599271774292,73.774543762207,3120,0,
3121,,Paloti,,15.5993280410767,73.7744216918945,3121,0,
3122,,Pinto Garage,,15.4993047714233,73.9226150512695,3122,0,
3123,,"Ghadiwada, Surla",,15.4892158508301,74.0429229736328,3123,0,
3124,,St. Inez Circle,,15.4934310913086,73.8206100463867,3124,0,
3125,,Electricity Colony B,,15.4886226654053,73.82373046875,3125,0,
3126,,Electricity Colony A,,15.4886646270752,73.8238906860352,3126,0,
3127,,Narva School,,15.5331502388,73.9209365845,3127,0,
3128,,New Wada Ashve,,15.6361923217773,73.7265319824219,3128,0,
3129,,New Wada Ashve,,15.6362743377686,73.7267608642578,3129,0,
3130,,Morjim Beach,,15.6285610198975,73.729606628418,3130,0,
3131,,Balli,,15.1568012237549,74.014274597168,3131,0,
3132,,Balli,,15.1567249298096,74.0143280029297,3132,0,
3133,,Bambolim IPHB,,15.4522199630737,73.860725402832,3133,0,
3134,,Goa Pollution Control Board,,15.5330038070679,73.7931213378906,3134,0,
3135,,Dramapur School,,15.2321395874023,73.9758377075195,3135,0,
3136,,Kendiya Vidyalaya Ponda,,15.4144449234009,74.0079498291016,3136,0,
3137,,Defence Colony Porvorim,,15.5369310379028,73.8309631347656,3137,0,
3138,,Siqueinte,,15.2579612731934,73.9627075195313,3138,0,
3139,,Soliem,,15.2445430755615,74.1422958374023,3139,0,
3140,,Vodle Mol,,15.2451848983765,74.1250610351563,3140,0,
3141,,Vodle Mol,,15.2451429367065,74.1251373291016,3141,0,
3142,,Alorna Fort,,15.6999626159668,73.9058990478516,3142,0,
3143,,Khajnem,,15.7327389643,73.8227567673,3143,0,
3144,,Ajobha Temple,,15.5435171127319,74.0393981933594,3144,0,
3145,,SAPT.NARVA,,15.553503036499,73.9379196166992,3145,0,
3148,,Polytechnic,,15.582127571106,73.9380111694336,3148,0,
3149,,SACVAR,,15.4003505706787,73.9788208007813,3149,0,
3150,,SACVAR,,15.4006099700928,73.978759765625,3150,0,
3151,,Dhavkund,,15.3889570236206,74.1269760131836,3151,0,
3152,,Dhavkund,,15.3889570236206,74.1272659301758,3152,0,
3153,,Dabal panchayat,,15.3409042358398,74.1242446899414,3153,0,
3154,,Dabal panchayat,,15.3408575057983,74.1241149902344,3154,0,
3155,,Seza Goa,,15.3479871749878,74.119758605957,3155,0,
3156,,Seza Goa,,15.3479661941528,74.1196517944336,3156,0,
3157,,Khodgini,,15.5169429779053,74.0244522094727,3157,0,
3158,,Khodgini,,15.5169229507446,74.0247268676758,3158,0,
3159,,Falwada,,15.5353899002075,74.0198669433594,3159,0,
3160,,Falwada,,15.5353899002075,74.0201797485352,3160,0,
3161,,Fanaswadi,,15.5282573699951,74.0218353271485,3161,0,
3162,,Fanaswadi,,15.5281753540039,74.0221557617188,3162,0,
3163,,Chikne,,15.5290431976318,74.0246276855469,3163,0,
3164,,Chikne,,15.528754234314,74.0248565673828,3164,0,
3165,,Sadyar Hali,,15.4790163040161,74.0163192749023,3165,0,
3166,,Murdi,,15.5494584135,73.9139506354,3166,0,
3167,,Verna Titan,,15.3712668065,73.9272881748,3167,0,
3168,,Verna Titan,,15.3709771448,73.9273030502,3168,0,
3169,,Kond Temple,,15.1196011898,74.101106356,3169,0,
3170,,Kond Temple,,15.1196840492,74.1013033989,3170,0,
3171,,Panchayat Cavrem - Pirla,,15.1108429192,74.1302428569,3171,0,
3172,,Panchayat Cavrem - Pirla,,15.1112779491,74.1303647896,3172,0,
3173,,Mollem Village,,15.3897831518,74.2208892931,3173,0,
3174,,Dudhsagar Hotel,,15.3807721596,74.2249416714,3174,0,
3175,,Dudhsagar Hotel,,15.3812273204,74.2252998783,3175,0,
3176,,Ambedem,,15.3290039428,74.2255927577,3176,0,
3177,,Ambedem,,15.3282175583,74.2258221726,3177,0,
3178,,Kudchire Junction,,15.6049271014,74.0220556965,3178,0,
3179,,Kudchire Junction,,15.6051131018,74.0222746311,3179,0,
3180,,Bagwati Temple Khargal,,14.9573918146,74.110665952,3180,0,
3181,,Bagwati Temple Khargal,,14.9572674306,74.111131074,3181,0,
3182,,Veroda,,15.1952673916,74.0130761318,3182,0,
3183,,Veroda,,15.1952673915,74.0132625123,3183,0,
3184,,Talewada,,15.2005612009,74.013848608,3184,0,
3187,,Mopa,,15.7591225222,73.8389887066,3187,0,
3188,,Mopa,,15.7591405918,73.8390709896,3188,0,
3189,,Mopa Pednekarwada,,15.7559413247,73.8407313365,3189,0,
3190,,Maruti Temple,,15.3571661027,74.1116635311,3190,0,
3191,,Nirankal Bank,,15.3607525113,74.0790081049,3191,0,
3192,,Nirankal Bank,,15.3607318201,74.0791946326,3192,0,
3193,,Nessargi,,15.9039164587,74.7754696734,3193,0,
3194,,Atnoor,,17.2445019378,76.4908026206,3194,0,
3195,,Atnoor,,17.2441842942,76.4908836623,3195,0,
3197,,Madel Pomburpha Ferry,,15.5579455003,73.8707127276,3197,0,
3198,,Kerem,,15.5365625477,73.8801713226,3198,0,
3199,,Kerem,,15.536593558,73.880325822,3199,0,
3200,,Harvale Siya Garden,,15.5666233504,74.0488672952,3200,0,
3201,,Harvale Panchayat,,15.5645261091,74.0450480422,3201,0,
3202,,Harvale Panchayat,,15.5644124197,74.0452454823,3202,0,
3203,,Upper Harvale Devnaar,,15.5573880989,74.0378214424,3203,0,
3204,,Upper Harvale Devnaar,,15.5574501134,74.0382012662,3204,0,
3213,,KTC Porvorim Depot,,15.5380418989,73.8311270768,3213,0,
3214,,Torda,,15.5315631956,73.8424751515,3214,0,
3215,,Torda,,15.5317285883,73.8428334943,3215,0,
3216,,Paitona,,15.5390337781,73.8362382518,3216,0,
3217,,Paitona,,15.5392405115,73.8364249399,3217,0,
3220,,Near Union Bank Juction,,15.4898915107,73.8198601492,3220,0,
3221,,Near Union Bank Juction,,15.4898837563,73.8199529155,3221,0,
3222,,Post Offic Club,,15.4993154897,73.8328809942,3222,0,
3223,,Rivona Church,,15.1807633223,74.1044913837,3223,0,
3224,,Rivona Church,,15.18089793,74.1048172263,3224,0,
3225,,Someshwar Temple,,15.2067386844,74.0925801559,3225,0,
3226,,Someshwar Temple,,15.2076704679,74.0927665471,3226,0,
3227,,Usgalimol Cross,,15.1278747485,74.134416321,3227,0,
3228,,Usgalimol Cross,,15.1277090358,74.1348601342,3228,0,
3229,,Vichundrem Tisk,,15.1022987454,74.2058443655,3229,0,
3230,,Vichundrem Tisk,,15.1022780288,74.2050650718,3230,0,
3232,,Agxem,,15.2827491253,74.0379920567,3232,0,
3233,,Agxem,,15.2827491252,74.0383072608,3233,0,
3234,,Zitlem,,15.2754868567,74.0387846704,3234,0,
3235,,Zitlem,,15.2752798607,74.0394002755,3235,0,
3236,,Zareer Khuris,,15.2706287888,74.0426495683,3236,0,
3237,,Zareer Khuris,,15.2704631882,74.042943304,3237,0,
3238,,Bidi,,15.5645131397,74.6510109325,3238,0,
3239,,Bidi,,15.5646681706,74.6512942035,3239,0,
3240,,Sasoli Ibrampur Titha,,15.7312461937,73.946012007,3240,0,
3241,,Sasoli Ibrampur Titha,,15.7312307032,73.9461774128,3241,0,
3242,,Khadki,,15.5037760496,74.1398062649,3242,0,
3243,,Khadki,,15.5037760496,74.1399929211,3243,0,
3244,,Gandhinagar Naka,,16.7086770431,74.2795888073,3244,0,
3245,,Gandhinagar Naka,,16.709072663,74.279529837,3245,0,
3246,,Bandeshwar Banda Patradevi Bus Stand,,15.8123959852,73.8629317438,3246,0,
3247,,Malgao Bazar,,15.8848000438,73.8125527448,3247,0,
3248,,Malgao Bazar,,15.8846658948,73.8128255808,3248,0,
3249,,Mandopa Cross,,15.2419339345,73.9786360691,3249,0,
3250,,Mandir,,15.2457229678,73.9811746692,3250,0,
3251,,Open Hall Mandopa,,15.2568973119,73.9797819782,3251,0,
3252,,Open Hall Mandopa,,15.2570008188,73.9799684134,3252,0,
3253,,Palye,,15.5736380531,73.8237124355,3253,0,
3254,,Palye,,15.5745061861,73.8238562396,3254,0,
3255,,Syrian Church B,,15.4668684378818,73.8468823581163,3255,0,
3256,,Syrian Church A,,15.4668839482931,73.8470716634157,3256,0,
3257,,Calvim Bridge,,15.5721519474,73.8845775131,3257,0,
3258,,Calvim Bridge,,15.5717592164,73.884850062,3258,0,
3259,,sangola,,17.43416157,75.189411563,3259,0,
3260,,Karli,,15.9858331681,73.5024372144,3260,0,
3261,,Margao Railway Station,,15.2655821126,73.9717623613,3261,0,
3262,,Margao Railway Station,,15.2657166661,73.9718897956,3262,0,
3263,,chapel,,15.6701728854,73.873814643,3263,0,
3264,,Vere Bank,,15.5115408194,73.8178503581,3264,0,
3265,,Vere Bank,,15.5114529459,73.8178465845,3265,0,
3266,,Monica wado,,15.5257892565,73.7996554747,3266,0,
3267,,Monica wado,,15.5256652083,73.7999494392,3267,0,
3268,,Subhani Masjid,,15.2273373717,74.1477932752,3268,0,
3269,,Malikarjun,,15.1811057961,74.2270933264,3269,0,
3270,,Mopa Karmalwadi,,15.7538187464,73.8382355616,3270,0,
3271,,Metwada,,15.3499459833,74.2366783381,3271,0,
3272,,Science Centre A,,15.4777813533,73.8081602907,3272,0,
3273,,Science Centre B,,15.4779467891,73.8083898388,3273,0,
3274,,Caranzale Beach,,15.4656938394,73.8060788965,3274,0,
3275,,Caranzale Beach,,15.4653422671,73.806372807,3275,0,
3276,,Asodem,,15.4674827118,74.1726889029,3276,0,
3277,,Hali,,15.7464027286,73.8889062993,3277,0,
3278,,Chandel,,15.7363469604,73.8909035003,3278,0,
3279,,Gauthanwada,,15.7586946724,73.887064542,3279,0,
3280,,Gauthanwada,,15.7586998351,73.8871602356,3280,0,
3281,,Netarde,,15.7528719656,73.8971402631,3281,0,
3282,,Cupa,,15.5397347049,73.9454913675,3282,0,
3283,,Ansolem,,15.5154656485,74.1154554312,3283,0,
3284,,Madhalawada,,15.5364118118,73.9875835216,3284,0,
3285,,Madhalawada,,15.5364118117,73.9878345804,3285,0,
3286,,Deulwada,,15.5509300914,74.0118745426,3286,0,
3287,,Deulwada,,15.5506200087,74.0120826992,3287,0,
3288,,Subdale Cross,,15.1092232279,74.0378510981,3288,0,
3289,,Subdale Cross,,15.1096582611,74.0381017761,3289,0,
3290,,Subdale,,15.1298832779,74.0447990154,3290,0,
3292,,Cudsem Dabos Cross,,15.5360198706,74.1508173949,3292,0,
3293,,Cudsem Dabos Cross,,15.5367641208,74.1508324187,3293,0,
3294,,Bhutwadi,,15.6441579687,74.0367132164,3294,0,
3295,,Talekhol,,15.6461415853,74.033988092,3295,0,
3296,,Vithulwadi,,15.6326264454,74.0333703187,3296,0,
3297,,Vithulwadi,,15.6327504289,74.0335785495,3297,0,
3298,,Ravan Fata,,15.6170963556,74.032609693,3298,0,
3299,,Ravan Fata,,15.6170963555,74.0329681136,3299,0,
3300,,Deulwada,,15.6121107015,74.0444587706,3300,0,
3301,,Dusro Wado,,15.6104574143,74.0326999663,3301,0,
3302,,Dusro Wado,,15.6104574142,74.0330583806,3302,0,
3303,,Poilo Wado,,15.5991753012,74.0319857463,3303,0,
3304,,Poilo Wado,,15.5996093142,74.032108116,3304,0,
3305,,Tamedgiwadi,,15.5940518001,74.029407528,3305,0,
3306,,Tamedgiwadi,,15.5943514832,74.0295835372,3306,0,
3307,,Godkumal,,14.9951224976,74.0894429019,3307,0,
3308,,Godkumal,,14.9953919482,74.0894574498,3308,0,
3309,,Mutal,,14.9857985038,74.0498793867,3309,0,
3310,,Mutal,,14.9855549509,74.0497383636,3310,0,
3311,,Mangal,,15.062920132,74.1762896309,3311,0,
3312,,Jakem,,15.0804887215,74.2003136515,3312,0,
3313,,Jakem,,15.0806959083,74.2008003385,3313,0,
3314,,Mangal Forest Gate,,15.0744755622,74.1894035181,3314,0,
3315,,Mangal Forest Gate,,15.0755944005,74.1885598215,3315,0,
3316,,Mangal School,,15.0676795286,74.1773872231,3316,0,
3317,,Mangal School,,15.0679281678,74.1779168141,3317,0,
3318,,Netravali Tisk,,15.0986074111,74.2090176173,3318,0,
3319,,Netravali Tisk,,15.0988974479,74.2092039127,3319,0,
3320,,Curpem,,15.1247130172,74.178751728,3320,0,
3321,,Curpem,,15.1251273043,74.179281369,3321,0,
3322,,Cavrem,,15.1266052811,74.148133214,3322,0,
3323,,Cavrem,,15.1267502804,74.14844828,3323,0,
3324,,Navelim,,15.1327596708,74.155191584,3324,0,
3325,,Navelim,,15.1327803843,74.1556354014,3325,0,
3326,,Rvora Chruch,,15.6608472331,73.8556297047,3326,0,
3327,,Kharpal,,15.6537749784,73.958354219,3327,0,
3328,,Panari,,15.5966680451,73.8626529831,3328,0,
3329,,Panari,,15.5964097003,73.8627109775,3329,0,
3330,,Naqurim,,15.3332185533,73.9857340097,3330,0,
3331,,Naqurim,,15.3333427164,73.9861350894,3331,0,
3332,,Kadtari,,15.5494852362,74.192660509,3332,0,
3333,,Kumbharwada Vante,,15.4877859186,74.1022044355,3333,0,
3334,,AIIA Ayush Hospital,,15.6873613475,73.8374572343,3334,0,
3335,,Gadag Bus Stand NWKSRTC,,15.4175701732,75.6369437382,3335,0,
3336,,Ozarim School,,15.6846966445,73.882254301,3336,0,
3337,,Ozarim School,,15.6845107163,73.8819046804,3337,0,
3338,,Sangwada,,15.6981133903,73.8871050327,3338,0,
3339,,Sangwada,,15.6981960194,73.8873776966,3339,0,
3340,,Tarmas,,15.701296821,73.8901904354,3340,0,
3341,,Tarmas,,15.7013587919,73.8904738309,3341,0,
3342,,Fakir Phata,,15.7719313262,73.8786650693,3342,0,
3343,,Fakir Phata,,15.7723030225,73.878798319,3343,0,
3344,,Kumyacho Whal,,15.7818947389,73.8701706915,3344,0,
3345,,Kumyacho Whal,,15.7823799852,73.8702503132,3345,0,
3346,,Dushi Netarde,,15.7893075238,73.8633900671,3346,0,
3347,,Dushi Netarde,,15.7892559036,73.863641357,3347,0,
3349,,Ram Nagar Arosbag Road,,15.8061897216,73.8619208661,3349,0,
3350,,Ram Nagar Arosbag Road,,15.8063394073,73.8621024341,3350,0,
3351,,Pncham Nagar,,15.8093563271,73.8632594026,3351,0,
3352,,Pncham Nagar,,15.809500849,73.8633390497,3352,0,
3353,,Portem,,15.1285100863,74.2080161086,3353,0,
3354,,Portem,,15.1289295446,74.208132693,3354,0,
3355,,Hanuman Temple,,15.1155721531,74.2099458007,3355,0,
3356,,Karapur PHC,,15.5621301373,73.9880470621,3356,0,
3357,,Karapur PHC,,15.5624608735,73.9883196018,3357,0,
3358,,Solye Temple,,15.539214121,74.0449612666,3358,0,
3359,,Chirwal,,15.5339723111,74.0555525745,3359,0,
3360,,Chirwal,,15.5336415289,74.0563829884,3360,0,
3361,,Sonshi Tisk,,15.5340011014,74.0347132978,3361,0,
3362,,Sonshi Tisk,,15.5341897502,74.0355732151,3362,0,
3363,,Sonshi,,15.5270571518,74.0416575363,3363,0,
3364,,Halulli,,15.3335853545,74.1023367149,3364,0,
3365,,Halulli,,15.3337095173,74.1030382027,3365,0,
3366,,Sadgal,,15.336601459,74.1125678049,3366,0,
3367,,Sadgal,,15.3363996969,74.112652388,3367,0,
3368,,Valely,,15.312581856,74.1120574003,3368,0,
3369,,Valely,,15.3129957737,74.1123297157,3369,0,
3370,,Mayargal,,15.3182524593,74.094934178,3370,0,
3371,,Mayargal,,15.3185835846,74.0953781597,3371,0,
3372,,Don Bosco School Panaji,,15.4970514941,73.8220220372,3372,0,
3373,,Gaundalim,,15.5137680133,73.9437291943,3373,0,
3374,,Ice Factory,,15.5106665576,73.9303610646,3374,0,
3375,,Ice Factory,,15.5104597954,73.930483354,3375,0,
3376,,Aronda Bridge,,15.7277489964,73.7202748372,3376,0,
3377,,Aronda Bridge,,15.7276250705,73.7205260705,3377,0,
3378,,TATA Metal,,15.7299834857,73.6898073611,3378,0,
3379,,TATA Metal,,15.7306031072,73.6900371388,3379,0,
3380,,Redi,,15.7377492725,73.6804947314,3380,0,
3381,,Bhatpavni,,15.7437489658,73.7067056008,3381,0,
3382,,Vagem Murmune,,15.4650184841,74.1212589624,3382,0,
3383,,Vagem Murmune,,15.4644601027,74.1215582366,3383,0,
3384,,Maingine,,15.4703197754,74.1527809155,3384,0,
3385,,Dhada,,15.4645153397,74.1506780636,3385,0,
3386,,Dhada,,15.4650944016,74.1506071924,3386,0,
3387,,Shel Melauli,,15.4573690085,74.1408075345,3387,0,
3388,,Shel Melauli,,15.4578653645,74.1413803867,3388,0,
3391,,Dongurlim,,15.6095292874,74.1552614806,3391,0,
3392,,Cazur,,15.0865336192,74.1722292717,3392,0,
3393,,Cazur,,15.0867408001,74.1722546238,3393,0,
3394,,Agloti,,15.4289678087,74.1684397354,3394,0,
3395,,Nave,,15.4254482452,74.15099748,3395,0,
3396,,Kumarwada,,15.4296885675,74.1596234642,3396,0,
3397,,Agloti,,15.4290505461,74.1691413086,3397,0,
3398,,Murge School,,15.4185859682,74.1776058891,3398,0,
3399,,Tayde,,15.4188382614,74.1885205241,3399,0,
3400,,Bastora Cross,,15.5831234023,73.8244030208,3400,0,
3401,,Bastora Cross,,15.5831750746,73.8245521981,3401,0,
3402,,Bramhakarmali,,15.5720271058,74.1583215251,3402,0,
3403,,Bramhakarmali,,15.5723164861,74.1590232272,3403,0,
3404,,Naneli,,15.5873470428,74.1505063397,3404,0,
3405,,Saraswati School,,15.4369691314,73.9998353401,3405,0,
3406,,Saraswati School,,15.4372173339,74.0001506822,3406,0,
3407,,Gauthan PHC,,15.4358470451,73.9905280746,3407,0,
3408,,Gauthan PHC,,15.4356608919,73.990746856,3408,0,
3409,,Priol Laximi Temple,,15.4384886843,73.9826454168,3409,0,
3410,,Priol Laximi Temple,,15.4383439003,73.9828212852,3410,0,
3411,,Tulaskarwadi,,15.7215114204,73.8585792317,3411,0,
3412,,Shemechya Advan,,15.7329397289,73.8559077518,3412,0,
3413,,Kudne Temple,,15.5407338683,74.0105239003,3413,0,
3414,,Kudne Temple,,15.5407338682,74.010828607,3414,0,
3415,,Adushem,,15.3636265673,73.9910788714,3415,0,
3416,,WADDI,,15.3751932668,73.9834966776,3416,0,
3417,,WADDI,,15.3751932667,73.9836832182,3417,0,
3418,,Badami Railway Station,,15.9636262454,75.6877213694,3418,0,
3419,,Badami Railway Station,,15.9639975884,75.6879728212,3419,0,
3420,,Badami,,15.9233497979,75.6790526601,3420,0,
3421,,Sakral,,15.7898827201,73.854792679,3421,0,
3422,,Kadshi,,15.7630623788,73.8694630478,3422,0,
3423,,Kadshi Mopa,,15.7644996132,73.8580862282,3423,0,
3424,,Karnataka Maharashtra Border Karnoor,,16.5532892148,74.3178937427,3424,0,
3425,,Karnataka Maharashtra Border Karnoor,,16.5538034231,74.3181242989,3425,0,
3428,,Chunamol,,15.2661867771,74.1530660184,3428,0,
3429,,Aprant,,15.2639321388,74.1609105887,3429,0,
3430,,Amdai,,15.2559737448,74.1594726813,3430,0,
3431,,Chunamol,,15.2661453761,74.1535099538,3431,0,
3432,,Costi Village,,15.2713221647,74.1696230968,3432,0,
3433,,Dudal,,15.2699418414,74.1896575286,3433,0,
3434,,Kutharwada,,15.2814965173,74.184585552,3434,0,
3435,,Her Farm Bendel,,15.7083826095,73.863588141,3435,0,
3436,,Bhatpavni,,15.7299269634,73.8119592788,3436,0,
3437,,Bhatpavni,,15.7302987366,73.8124036336,3437,0,
3438,,Khajne Village,,15.7266276407,73.8213728212,3438,0,
3439,,Khajne Village,,15.7271440006,73.8218815455,3439,0,
3440,,Vitla Devi,,15.7297179081,73.8248888069,3440,0,
3441,,Nigal Junction,,15.7315312333,73.8272920661,3441,0,
3442,,Nigal Junction,,15.7317790802,73.8276720489,3442,0,
3443,,Zholambe Panchayat,,15.8249258558,73.9537875158,3443,0,
3444,,Zholambe,,15.841723585,73.9526034764,3444,0,
3445,,Zholambe Panchayat,,15.8242239444,73.9534165668,3445,0,
3446,,Ambeli Cross,,15.8220493926,73.9573364316,3446,0,
3447,,Ambeli Cross,,15.8220029419,73.9574965569,3447,0,
3448,,Talkat,,15.7960852788,73.9570825192,3448,0,
3449,,Bhatwadi,,15.8083287915,73.9618001726,3449,0,
3450,,Bhatwadi,,15.8090307579,73.9622875138,3450,0,
3451,,Nagre,,15.8038075152,73.9608953615,3451,0,
3452,,Nagre,,15.8043236787,73.9611037495,3452,0,
3453,,Podaye,,15.7495951854,73.9099264443,3453,0,
3454,,Podaye,,15.7494506206,73.9101347823,3454,0,
3455,,Karmalwadi,,15.7449415518,73.9066074243,3455,0,
3456,,Karmalwadi,,15.7452719925,73.9069874195,3456,0,
3457,,Ugade,,15.7708384409,73.9411146964,3457,0,
3458,,Ugade,,15.7707403536,73.9413927909,3458,0,
3459,,Tamsher,,15.3657525145,73.987555145,3459,0,
3460,,Tamsher,,15.3658766582,73.9878489654,3460,0,
3461,,Dabe Tisk,,15.1378730565,73.9891343243,3461,0,
3462,,Dabe Tisk,,15.1376244992,73.9897068924,3462,0,
3463,,Kel Junction,,15.6455260874,73.8879277215,3463,0,
3464,,Kel Junction,,15.6457947014,73.8882110664,3464,0,
3465,,Salgaonkar Mines,,15.6319316799,73.905667369,3465,0,
3466,,Salgaonkar Mines,,15.6320143359,73.9058755992,3466,0,
3467,,Jamblikade,,15.6378201377,73.9026418372,3467,0,
3468,,Jamblikade,,15.6381300886,73.903129023,3468,0,
3469,,Kanur,,15.9774278987,74.1341175781,3469,0,
3470,,Kanur,,15.9773247547,74.1346479926,3470,0,
3471,,Turkewadi Phata,,15.8878468717,74.342800213,3471,0,
3472,,Turkewadi Phata,,15.8880016563,74.3430515943,3472,0,
3473,,Assonora Mansher,,15.615069569,73.9107271788,3473,0,
3474,,Assonora Mansher,,15.6153382229,73.9108281053,3474,0,
3475,,Ayee Check Post,,15.6154356966,74.0121190155,3475,0,
3476,,Ayee Check Post,,15.6156371867,74.0123916033,3476,0,
3477,,Matne,,15.6215113139,73.9960901344,3477,0,
3478,,Matne school,,15.6276853367,73.9861782357,3478,0,
3479,,Matne school,,15.6279746385,73.9864508349,3479,0,
3480,,Vazare,,15.6482471046,74.0019300134,3480,0,
3481,,Girode,,15.6698757407,73.9944078477,3481,0,
3482,,Khokral Titha,,15.6886317005,74.0568052048,3482,0,
3483,,Khokral Titha,,15.6887091689,74.0569759359,3483,0,
3484,,Dhuriwada,,15.6821238909,74.0540629603,3484,0,
3485,,Dhuriwada,,15.6827849757,74.0544643555,3485,0,
3486,,Kajulwadi,,15.7128608228,74.0279135331,3486,0,
3487,,Kajulwadi,,15.7129847576,74.0281003797,3487,0,
3488,,Paikul Titha,,15.6964661725,74.0388730604,3488,0,
3489,,Paikul Titha,,15.6955520768,74.0396070619,3489,0,
3490,,Paithwado,,15.1979394005,74.0075310785,3490,0,
3491,,Paithwado,,15.1980429364,74.0077818344,3491,0,
3492,,Moddevaddo,,15.1922183835,74.0117823824,3492,0,
3493,,Gangor,,15.188008972,74.0126074354,3493,0,
3494,,Tamerao,,15.186455865,74.0073487557,3494,0,
3496,,Saipem Club,,15.521621784,73.7920910167,3496,0,
3497,,Saipem Club,,15.5216217839,73.7924278928,3497,0,
3498,,St Anthony Chapel,,15.5363281971,73.7642100803,3498,0,
3499,,St Anthony Chapel,,15.5369277313,73.7644074948,3499,0,
3500,,Jambeleshwar,,15.5296161102,73.7646330519,3500,0,
3501,,Jambeleshwar,,15.5297556616,73.764825096,3501,0,
3502,,Anjuna - Mapusa Cross,,15.5875012782,73.7601805769,3502,0,
3503,,Anjuna - Mapusa Cross,,15.5877699682,73.7603994955,3503,0,
3504,,Bauta Wado Anjuna,,15.5928041023,73.7595451892,3504,0,
3505,,Bauta Wado Anjuna,,15.5928906493,73.7596729176,3505,0,
3506,,Swagat Bar and Restaurant,,15.6109932338,73.766438838,3506,0,
3507,,Swagat Bar and Restaurant,,15.6109622345,73.7668187106,3507,0,
3508,,Tadye,,15.439903438,74.2085013737,3508,0,
3509,,Dabem,,15.113852796,73.9879695869,3509,0,
3510,,Morpirla,,15.11438389,74.0001399752,3510,0,
3511,,Morpirla,,15.1139695817,74.0007983533,3511,0,
3512,,Vantem,,15.1392494237,74.0100892738,3512,0,
3513,,Vantem,,15.138959442,74.0098035362,3513,0,
3514,,Kanibag,,15.1209246208,74.0138310663,3514,0,
3515,,Kanibag,,15.1211317681,74.0133521935,3515,0,
3516,,Gallim,,15.1281603404,74.0149069771,3516,0,
3517,,Gallim,,15.1276010603,74.0146856027,3517,0,
3518,,Mollar,,15.1172035441,74.0044099871,3518,0,
3519,,Tapobhumi,,15.4521832943,73.9613450179,3519,0,
3520,,Tapobhumi,,15.4521832942,73.9615316276,3520,0,
3521,,Madkai IDC,,15.427667118,73.9599846287,3521,0,
3522,,Marwada,,15.4159471176,73.9570494097,3522,0,
3523,,Karnale,,15.4148966467,73.9633329883,3523,0,
3526,,Kapileshwari,,15.3791072011,74.00095489,3526,0,
3527,,Don Khamb,,15.3855285965,73.9960296955,3527,0,
3528,,SRM Collage,,16.0022493052,73.6923199044,3528,0,
3529,,SRM Collage,,16.0033476475,73.6923675443,3529,0,
3530,,Hasnadi,,16.4692159209,73.6052017173,3530,0,
3531,,Hasnadi,,16.4694319825,73.6057647854,3531,0,
3532,,Dabolim Airport Terminal,,15.3854155064,73.8372286837,3532,0,
3533,,Kubalwadi,,15.6954407038,73.9639601666,3533,0,
3534,,Kubalwadi,,15.6950688669,73.9636963861,3534,0,
3535,,Mokhard,,15.0050793811,74.075622359,3535,0,
3536,,Mokhard,,15.005027566,74.0755792438,3536,0,
3537,,Natangini,,14.9977322098,74.0854763795,3537,0,
3538,,Natangini,,14.9975923042,74.0852280701,3538,0,
3539,,Kalsar,,14.9747447504,74.0460301325,3539,0,
3540,,Kalsar,,14.9746981101,74.0454331336,3540,0,
3541,,Khatyebag,,14.9701019393,74.0572783941,3541,0,
3542,,Khatyebag,,14.9694852382,74.0574967833,3542,0,
3543,,Mahalwada,,14.9736860454,74.064642825,3543,0,
3544,,Vetal Temple,,14.9726979576,74.0716380261,3544,0,
3545,,Devki Temple,,14.9714268219,74.0754529537,3545,0,
3546,,Loliem Peddem,,14.9347085582,74.0973638875,3546,0,
3547,,Karashirmol Health Center,,15.0499913235,73.9970427918,3547,0,
3548,,Vaile Agond,,15.041612746,74.0034934956,3548,0,
3549,,Yeda,,14.9982930226,74.1968929892,3549,0,
3550,,Baddem,,15.0128357522,74.1748916112,3550,0,
3551,,Avali,,15.0251553229,74.1663801794,3551,0,
3552,,Sabolewada,,15.0193594101,74.1679822408,3552,0,
3553,,Mallikarjun Temple Avali,,15.023148532,74.1681180836,3553,0,
3554,,Monnem,,14.9944445063,74.1518137264,3554,0,
3555,,Satorli,,15.0180444139,74.1373742285,3555,0,
3556,,Ziltawadi,,15.0226452632,74.1309798422,3556,0,
3557,,Gaodongri School,,15.0336182619,74.1248267747,3557,0,
3558,,Satnaruk,,15.0137448824,74.0970855759,3558,0,
3559,,Surla Workshop junction,,15.5119060779,74.0449141149,3559,0,
3560,,Poklemol,,15.2673144709,74.0372696146,3560,0,
3561,,Marmagao Steel,,15.2691153966,74.0282323026,3561,0,
3562,,Raitolem,,15.272116905,74.0183295869,3562,0,
3563,,Davorlim Chapel,,15.2699879276,73.9942475907,3563,0,
3564,,Davorlim,,15.2696498009,73.9880598918,3564,0,
3565,,Bhagwati Tiles,,15.2713075316,74.0027305537,3565,0,
3566,,Khadde,,15.1120307733,74.0422714689,3566,0,
3567,,Patnem,,14.9988422131,74.0355600614,3567,0,
3568,,Gokuldem,,15.073871002,74.0758733508,3568,0,
3569,,Shirle,,15.0757495475,74.0635926329,3569,0,
3570,,Coprimoddi,,15.259914284,74.0680788649,3570,0,
3571,,Coprimoddi,,15.2602869037,74.0677074032,3571,0,
3572,,Xelvona Railway Gate,,15.2654931599,74.0852235449,3572,0,
3573,,Gadeabhatti,,15.2737612213,74.0120852124,3573,0,
3574,,Gaali,,14.9660254169045,74.0913050732415,3574,0,
3575,,Cotigao Wildlife Sanctuary,,14.9843874186433,74.1086227740452,3575,0,
3576,,Tomlib Gardens,,15.6909954808705,73.7668556668688,3576,0,
3577,,Mudkud,,15.0623678721219,73.9964323295104,3577,0,
3578,,Tiskon,,15.0837071232969,74.0951289703166,3578,0,
3579,,Vaizwada,,15.0000160172946,74.0584222001643,3579,0,
3580,,Asali,,15.0012125902714,74.0736255484192,3580,0,
3585,,Mermaid Garden,,15.5004513,73.8302719,3585,0,
3586,,Old Secretariat A,,15.5009351,73.8294084,3586,0,
3587,,Old Secretariat B,,15.5008234,73.8306613,3587,0,
3589,,Panaji Ferry Terminal B,,15.5011100307112,73.825282628836,3589,0,
3591,,Panjim Promenade A,,15.5002246672665,73.8215430484795,3591,0,
3592,,Azad Maidan,,15.4997603,73.8259917,3592,0,
3594,,Children's Park B,,15.4979162018042,73.8196012503319,3594,0,
3595,,Panjim Market,,15.4984665,73.821943,3595,0,
3596,,Geeta Bakery,,15.4984638,73.8248258,3596,0,
3597,,Don Bosco Oratory,,15.4969667,73.8223792,3597,0,
3598,,Pharmacy College A,,15.4948522,73.8211201,3598,0,
3599,,Pharmacy College B,,15.4952275,73.8213824,3599,0,
3600,,St. Inez Circle A,,15.493588,73.8202275,3600,0,
3601,,St. Inez Circle B,,15.493623,73.8201187,3601,0,
3602,,St. Inez Circle C,,15.4933009,73.8209838,3602,0,
3603,,Old Educational Department,,15.4957636537837,73.8223141756714,3603,0,
3604,,Junta House,,15.4968615,73.824235,3604,0,
3605,,Bombay Bazar,,15.497767,73.8259095,3605,0,
3606,,Panaji Corporation,,15.4983537,73.8269351,3606,0,
3609,,Fountainhas,,15.4976324,73.8322532,3609,0,
3610,,Patto Colony,,15.49873568,73.8333834,3610,0,
3611,,Paryatan Bhavan,,15.4975409,73.8337201,3611,0,
3612,,Patto Circle,,15.4956316,73.8346004,3612,0,
3613,,Central Library,,15.4936711,73.8336362,3613,0,
3615,,Multi-level car park,,15.4988020010061,73.8365862838532,3615,0,
3616,,Portuguese Consulate A,,15.4946549,73.8270829,3616,0,
3623,,Kala Academy A,,15.4941811339769,73.8185375810898,3623,0,
3624,,Dayanand Bandodkar Ground B,,15.491860675224,73.8166421688361,3624,0,
3626,,Parade Ground B,,15.4886230849091,73.8136694380334,3626,0,
3628,,Caculo Mall Circle A,,15.4871988,73.8174139,3628,0,
3629,,St. Inez Church A,,15.4910883304606,73.8201805306885,3629,0,
3633,,Parade Ground C,,15.489118,73.8150141,3633,0,
3634,,Music College,,15.4855685,73.8268788,3634,0,
3635,,Joggers Park,,15.4874346,73.8274164,3635,0,
3637,,Mala A,,15.491654158854,73.8320998009349,3637,0,
3638,,Four Pillars Junction A,,15.4877961,73.8320511,3638,0,
3640,,St. Cruz Football Ground A,,15.4807869,73.843745,3640,0,
3644,,St. Agostinho Junction A,,15.4702117,73.8463598,3644,0,
3649,,Cabesa Ward B,,15.4649845294802,73.8516584291138,3649,0,
3651,,Goa Medical College B,,15.4643000190982,73.8567407343933,3651,0,
3653,,Old Bambolim Junction A,,15.4603746829246,73.8513531944428,3653,0,
3654,,GMC Super Speciality Block,,15.4632706,73.8547274,3654,0,
3656,,Radio Tower A,,15.457343107326,73.8487863570084,3656,0,
3664,,Goa University Administration A,,15.4582204374596,73.8335130724915,3664,0,
3668,,Oxdel Junction A,,15.4594657912768,73.8229349632294,3668,0,
3670,,International Centre Goa A,,15.4593299727421,73.819671480426,3670,0,
3674,,NIO Colony A,,15.4587348034836,73.8072354686478,3674,0,
3676,,National Institute of Water Sports B,,15.459782847738,73.8036826460327,3676,0,
3678,,Caranzalem Park B,,15.4633366368072,73.8051462429917,3678,0,
3680,,Caranzalem Beach B,,15.4677533452627,73.8072517325409,3680,0,
3682,,Tonca B,,15.4725879123165,73.8084775785736,3682,0,
3686,,Sharda Mandir School B,,15.4806882473146,73.8086756061516,3686,0,
3690,,Youth Hostel A,,15.486073,73.811552,3690,0,
3691,,Youth Hostel B,,15.4858815,73.8114646,3691,0,
3692,,Sati Bhavani Temple A,,15.4872411,73.8316914,3692,0,
3693,,Sati Bhavani Temple B,,15.4872355,73.8318051,3693,0,
3694,,Bhatlem A,,15.4823393,73.8286201,3694,0,
3695,,Bhatlem B,,15.4824875,73.8288423,3695,0,
3696,,Pimpleshwar Dutta Mandir A,,15.4816836786515,73.826409414664,3696,0,
3697,,Pimpleshwar Dutta Mandir B,,15.481815,73.8264156,3697,0,
3698,,TB Hospital A,,15.4837097,73.822776,3698,0,
3699,,TB Hospital B,,15.4843914,73.8220451,3699,0,
3700,,Madhuban Circle A,,15.4860744,73.8207781,3700,0,
3701,,Madhuban Circle B,,15.4863201,73.8207862,3701,0,
3703,,People's High School,,15.4941825,73.8319683,3703,0,
3704,,Mary Immaculate School,,15.4973558,73.8321362,3704,0,
3705,,Goa Dental College,,15.4652431,73.8583257,3705,0,
3706,,Cujira Complex,,15.4688887,73.8635211,3706,0,
3707,,Kala Academy C,,15.4939385,73.8190502,3707,0,
3708,,Interstate Bus Stand B,,15.4927911100877,73.8361309306885,3708,0,
3709,,Caculo Mall Circle B,,15.4869431,73.8178746,3709,0,
3710,,Tonca Junction A,,15.4804291,73.812305,3710,0,
3711,,Tonca Junction B,,15.4802799,73.8122192,3711,0,
3712,,Caranzalem Junction A,,15.4773124,73.8121343,3712,0,
3713,,Caranzalem Junction B,,15.4772613,73.8120773,3713,0,
3714,,Kerant A,,15.4727221,73.8117944,3714,0,
3715,,Kerant B,,15.4728255,73.8118111,3715,0,
3716,,St. Francis Xavier Chapel A,,15.4718031,73.8115825,3716,0,
3717,,Peace Haven School A,,15.4705661,73.8098175,3717,0,
3718,,Caranzalem Football Ground A,,15.4676787,73.8075985,3718,0,
3719,,Rosary Church A,,15.4627872,73.8057837,3719,0,
3720,,Rosary Church B,,15.462483,73.8056772,3720,0,
3721,,Caranzalem Football Ground B,,15.4676787,73.8075985,3721,0,
3722,,Peace Haven School B,,15.470416,73.8095193,3722,0,
3723,,St. Francis Xavier Chapel B,,15.4716952,73.8115384,3723,0,
3724,,Taleigao Junction A,,15.4684264,73.8194525,3724,0,
3725,,Taleigao Junction B,,15.4682286,73.8197206,3725,0,
3726,,Taleigao A,,15.4698189,73.8215575,3726,0,
3727,,Taleigao C,,15.4698189,73.8215575,3727,0,
3728,,Taleigao B,,15.4702345,73.8224666,3728,0,
3729,,Cardoz Waddo A,,15.472903,73.8232564,3729,0,
3730,,Cardoz Waddo B,,15.4731585,73.8232926,3730,0,
3731,,Odlem Bhat A,,15.4779928,73.8224038,3731,0,
3732,,Odlem Bhat B,,15.4786844,73.8223241,3732,0,
3733,,Shankarwadi A,,15.4809272640721,73.8225543601189,3733,0,
3734,,Shankarwadi B,,15.4807634567251,73.822575217791,3734,0,
3735,,Amaral Vaddo,,15.4702005,73.8277598,3735,0,
3736,,St. Agostinho Road,,15.4712275,73.8412675,3736,0,
3737,,TB Hospital C,,15.4835276,73.8221172,3737,0,
3738,,Panaji Police Station,,15.499874,73.82419539,3738,0,
3739,,Neugi Nagar A,,15.49003644,73.83203295,3739,0,
3740,,Neugi Nagar B,,15.48992732,73.83202388,3740,0,
3741,,Neuro Rehabilitation Centre,,15.46643019,73.86368425,3741,0,
3836,,St. Cruz Football Ground B,,15.4806628247564,73.8436419568794,3836,0,
3837,,Four Pillars Junction B,,15.4877743875248,73.8318729613522,3837,0,
3838,,Interstate Bus Stand A,,15.4938767015092,73.8369505783971,3838,0,
3839,,St. Cruz Church A,,15.4763002394848,73.8456837627537,3839,0,
3840,,Mala B,,15.4916664363981,73.8319317239861,3840,0,
3841,,St. Agostinho Junction B,,15.4702116999219,73.8462245608343,3841,0,
3842,,Cabesa Ward A,,15.4648749213244,73.8515070930496,3842,0,
3843,,Goa Medical College A,,15.4643093254115,73.8563640908877,3843,0,
3844,,Old Bambolim Junction B,,15.4599041843941,73.8516685570376,3844,0,
3845,,Radio Tower B,,15.4573792999219,73.8492680143531,3845,0,
3846,,Goa University Administration B,,15.457910215516,73.8331954321864,3846,0,
3847,,Oxdel Junction B,,15.4591245491722,73.8227675277135,3847,0,
3848,,International Centre Goa B,,15.4590094117783,73.8195576888377,3848,0,
3849,,NIO Colony B,,15.4584504340859,73.8072236004986,3849,0,
3850,,National Institute of Water Sports A,,15.4597802624991,73.8034213336034,3850,0,
3851,,Caranzalem Park A,,15.4634917436569,73.8048876161593,3851,0,
3852,,Caranzalem Beach A,,15.4678464073703,73.8068589990937,3852,0,
3853,,Tonca A,,15.472455560117,73.807999018854,3853,0,
3854,,Sharda Mandir School A,,15.4807683791128,73.8084679567951,3854,0,
3855,,Parade Ground A,,15.4894812368381,73.8150469821354,3855,0,
3856,,Kala Academy B,,15.4941873372373,73.8182253367579,3856,0,
3857,,Divja Circle,,15.4991865999217,73.8380067520641,3857,0,
3859,,All India Radio A,,15.4929054412746,73.8241648317693,3859,0,
3860,,Doordarshan Goa B,,15.4907991382784,73.824391803445,3860,0,
3861,,Children's Park A,,15.49789552425,73.8192568238587,3861,0,
3862,,Panjim Promenade B,,15.5003952543793,73.8214587984876,3862,0,
3864,,Panaji Ferry Terminal A,,15.501006644831,73.8267084632074,3864,0,
3865,,Dayanand Bandodkar Ground A,,15.4916332161328,73.8168824582213,3865,0,
3866,,St. Inez Church B,,15.4911503648469,73.8200560391978,3866,0,
3867,,Chimbel Market,,15.4921449769697,73.8747970401252,3867,0,
3868,,Indira Nagar,,15.487229078895,73.8722221194709,3868,0,
3869,,Kumbharwada,,15.4873499424242,73.8595119971339,3869,0,
3870,,Merces Market,,15.485458206503,73.8529305944394,3870,0,
3871,,Kadamba Road,,15.4985339742617,73.8626040757694,3871,0,
3872,,Kumbharjua Gawant,,15.5158079676914,73.9451686621813,3872,0,
3873,,Ameshi,,15.5370955518353,73.9833561751013,3873,0,
3874,,Kevnem,,15.4660542688002,73.8120357873917,3874,0,
3875,,Karmali Panchayat,,15.4904782585509,73.9363453234837,3875,0,
3876,,Diwar Ferry 2,,15.5065475420931,73.9135050169168,3876,0,
