<?xml version='1.0' encoding='UTF-8' standalone='yes' ?>
<kml xmlns="http://www.opengis.net/kml/2.2" xmlns:atom="http://www.w3.org/2005/Atom" xmlns:gx="http://www.google.com/kml/ext/2.2">
  <Document>
    <open>1</open>
    <visibility>1</visibility>
    <name>Track 20260925-190554</name>
    <TimeStamp>
      <when>2026-09-25T13:35:54Z</when>
    </TimeStamp>
    <Style id="track">
      <LineStyle>
        <color>ffff9509</color>
        <width>4</width>
      </LineStyle>
    </Style>
    <Schema id="geotrackerTrackSchema">
      <gx:SimpleArrayField name="speed" type="float">
        <displayName>Speed, meters per second</displayName>
      </gx:SimpleArrayField>
      <gx:SimpleArrayField name="course" type="float">
        <displayName>Course, radians</displayName>
      </gx:SimpleArrayField>
    </Schema>
    <Placemark id="tour">
      <name>Track 20260925-190554</name>
      <ExtendedData>
        <Data name="activity">
          <value>0</value>
        </Data>
      </ExtendedData>
      <TimeSpan>
        <begin>2026-09-25T13:35:54Z</begin>
        <end>2026-09-25T13:54:47Z</end>
      </TimeSpan>
      <styleUrl>#track</styleUrl>
      <gx:MultiTrack>
        <altitudeMode>absolute</altitudeMode>
        <gx:interpolate>0</gx:interpolate>
        <gx:Track>
          <when>2026-09-25T13:35:54Z</when>
          <when>2026-09-25T13:35:55Z</when>
          <when>2026-09-25T13:35:56Z</when>
          <when>2026-09-25T13:35:57Z</when>
          <when>2026-09-25T13:35:58Z</when>
          <when>2026-09-25T13:35:59Z</when>
          <when>2026-09-25T13:36:00Z</when>
          <when>2026-09-25T13:36:01Z</when>
          <when>2026-09-25T13:36:02Z</when>
          <when>2026-09-25T13:36:03Z</when>
          <when>2026-09-25T13:36:04Z</when>
          <when>2026-09-25T13:36:05Z</when>
          <when>2026-09-25T13:36:06Z</when>
          <when>2026-09-25T13:36:07Z</when>
          <when>2026-09-25T13:36:08Z</when>
          <when>2026-09-25T13:36:09Z</when>
          <when>2026-09-25T13:36:10Z</when>
          <when>2026-09-25T13:36:11Z</when>
          <when>2026-09-25T13:36:12Z</when>
          <when>2026-09-25T13:36:13Z</when>
          <when>2026-09-25T13:36:14Z</when>
          <when>2026-09-25T13:36:15Z</when>
          <when>2026-09-25T13:36:16Z</when>
          <when>2026-09-25T13:36:17Z</when>
          <when>2026-09-25T13:36:18Z</when>
          <when>2026-09-25T13:36:19Z</when>
          <when>2026-09-25T13:36:20Z</when>
          <when>2026-09-25T13:36:21Z</when>
          <when>2026-09-25T13:36:22Z</when>
          <when>2026-09-25T13:36:23Z</when>
          <when>2026-09-25T13:36:24Z</when>
          <when>2026-09-25T13:36:25Z</when>
          <when>2026-09-25T13:36:26Z</when>
          <when>2026-09-25T13:36:27Z</when>
          <when>2026-09-25T13:36:28Z</when>
          <when>2026-09-25T13:36:29Z</when>
          <when>2026-09-25T13:36:30Z</when>
          <when>2026-09-25T13:36:31Z</when>
          <when>2026-09-25T13:36:32Z</when>
          <when>2026-09-25T13:36:33Z</when>
          <when>2026-09-25T13:36:34Z</when>
          <when>2026-09-25T13:36:35Z</when>
          <when>2026-09-25T13:36:36Z</when>
          <when>2026-09-25T13:36:37Z</when>
          <when>2026-09-25T13:36:38Z</when>
          <when>2026-09-25T13:36:39Z</when>
          <when>2026-09-25T13:36:40Z</when>
          <when>2026-09-25T13:36:41Z</when>
          <when>2026-09-25T13:36:42Z</when>
          <when>2026-09-25T13:36:43Z</when>
          <when>2026-09-25T13:36:44Z</when>
          <when>2026-09-25T13:36:45Z</when>
          <when>2026-09-25T13:36:46Z</when>
          <when>2026-09-25T13:36:47Z</when>
          <when>2026-09-25T13:36:48Z</when>
          <when>2026-09-25T13:36:49Z</when>
          <when>2026-09-25T13:36:50Z</when>
          <when>2026-09-25T13:36:51Z</when>
          <when>2026-09-25T13:36:52Z</when>
          <when>2026-09-25T13:36:53Z</when>
          <when>2026-09-25T13:36:54Z</when>
          <when>2026-09-25T13:36:55Z</when>
          <when>2026-09-25T13:36:56Z</when>
          <when>2026-09-25T13:36:57Z</when>
          <when>2026-09-25T13:36:58Z</when>
          <when>2026-09-25T13:36:59Z</when>
          <when>2026-09-25T13:37:00Z</when>
          <when>2026-09-25T13:37:01Z</when>
          <when>2026-09-25T13:37:02Z</when>
          <when>2026-09-25T13:37:03Z</when>
          <when>2026-09-25T13:37:04Z</when>
          <when>2026-09-25T13:37:05Z</when>
          <when>2026-09-25T13:37:06Z</when>
          <when>2026-09-25T13:37:07Z</when>
          <when>2026-09-25T13:37:08Z</when>
          <when>2026-09-25T13:37:09Z</when>
          <when>2026-09-25T13:37:10Z</when>
          <when>2026-09-25T13:37:11Z</when>
          <when>2026-09-25T13:37:12Z</when>
          <when>2026-09-25T13:37:13Z</when>
          <when>2026-09-25T13:37:14Z</when>
          <when>2026-09-25T13:37:15Z</when>
          <when>2026-09-25T13:37:16Z</when>
          <when>2026-09-25T13:37:17Z</when>
          <when>2026-09-25T13:37:18Z</when>
          <when>2026-09-25T13:37:19Z</when>
          <when>2026-09-25T13:37:20Z</when>
          <when>2026-09-25T13:37:21Z</when>
          <when>2026-09-25T13:37:22Z</when>
          <when>2026-09-25T13:37:23Z</when>
          <when>2026-09-25T13:37:24Z</when>
          <when>2026-09-25T13:37:25Z</when>
          <when>2026-09-25T13:37:26Z</when>
          <when>2026-09-25T13:37:27Z</when>
          <when>2026-09-25T13:37:28Z</when>
          <when>2026-09-25T13:37:29Z</when>
          <when>2026-09-25T13:37:30Z</when>
          <when>2026-09-25T13:37:31Z</when>
          <when>2026-09-25T13:37:32Z</when>
          <when>2026-09-25T13:37:33Z</when>
          <when>2026-09-25T13:37:34Z</when>
          <when>2026-09-25T13:37:35Z</when>
          <when>2026-09-25T13:37:36Z</when>
          <when>2026-09-25T13:37:37Z</when>
          <when>2026-09-25T13:37:38Z</when>
          <when>2026-09-25T13:37:39Z</when>
          <when>2026-09-25T13:37:40Z</when>
          <when>2026-09-25T13:37:41Z</when>
          <when>2026-09-25T13:37:42Z</when>
          <when>2026-09-25T13:37:43Z</when>
          <when>2026-09-25T13:37:44Z</when>
          <when>2026-09-25T13:37:45Z</when>
          <when>2026-09-25T13:37:46Z</when>
          <when>2026-09-25T13:37:47Z</when>
          <when>2026-09-25T13:37:48Z</when>
          <when>2026-09-25T13:37:49Z</when>
          <when>2026-09-25T13:37:50Z</when>
          <when>2026-09-25T13:37:51Z</when>
          <when>2026-09-25T13:37:52Z</when>
          <when>2026-09-25T13:37:53Z</when>
          <when>2026-09-25T13:37:54Z</when>
          <when>2026-09-25T13:37:55Z</when>
          <when>2026-09-25T13:37:56Z</when>
          <when>2026-09-25T13:37:57Z</when>
          <when>2026-09-25T13:37:58Z</when>
          <when>2026-09-25T13:37:59Z</when>
          <when>2026-09-25T13:38:00Z</when>
          <when>2026-09-25T13:38:01Z</when>
          <when>2026-09-25T13:38:02Z</when>
          <when>2026-09-25T13:38:03Z</when>
          <when>2026-09-25T13:38:04Z</when>
          <when>2026-09-25T13:38:05Z</when>
          <when>2026-09-25T13:38:06Z</when>
          <when>2026-09-25T13:38:07Z</when>
          <when>2026-09-25T13:38:08Z</when>
          <when>2026-09-25T13:38:09Z</when>
          <when>2026-09-25T13:38:10Z</when>
          <when>2026-09-25T13:38:11Z</when>
          <when>2026-09-25T13:38:12Z</when>
          <when>2026-09-25T13:38:13Z</when>
          <when>2026-09-25T13:38:14Z</when>
          <when>2026-09-25T13:38:15Z</when>
          <when>2026-09-25T13:38:16Z</when>
          <when>2026-09-25T13:38:17Z</when>
          <when>2026-09-25T13:38:18Z</when>
          <when>2026-09-25T13:38:19Z</when>
          <when>2026-09-25T13:38:20Z</when>
          <when>2026-09-25T13:38:21Z</when>
          <when>2026-09-25T13:38:22Z</when>
          <when>2026-09-25T13:38:23Z</when>
          <when>2026-09-25T13:38:24Z</when>
          <when>2026-09-25T13:38:25Z</when>
          <when>2026-09-25T13:38:26Z</when>
          <when>2026-09-25T13:38:27Z</when>
          <when>2026-09-25T13:38:28Z</when>
          <when>2026-09-25T13:38:29Z</when>
          <when>2026-09-25T13:38:30Z</when>
          <when>2026-09-25T13:38:31Z</when>
          <when>2026-09-25T13:38:32Z</when>
          <when>2026-09-25T13:38:33Z</when>
          <when>2026-09-25T13:38:34Z</when>
          <when>2026-09-25T13:38:35Z</when>
          <when>2026-09-25T13:38:36Z</when>
          <when>2026-09-25T13:38:37Z</when>
          <when>2026-09-25T13:38:38Z</when>
          <when>2026-09-25T13:38:39Z</when>
          <when>2026-09-25T13:38:40Z</when>
          <when>2026-09-25T13:38:41Z</when>
          <when>2026-09-25T13:38:42Z</when>
          <when>2026-09-25T13:38:43Z</when>
          <when>2026-09-25T13:38:44Z</when>
          <when>2026-09-25T13:38:45Z</when>
          <when>2026-09-25T13:38:46Z</when>
          <when>2026-09-25T13:38:47Z</when>
          <when>2026-09-25T13:38:48Z</when>
          <when>2026-09-25T13:38:49Z</when>
          <when>2026-09-25T13:38:50Z</when>
          <when>2026-09-25T13:38:51Z</when>
          <when>2026-09-25T13:38:52Z</when>
          <when>2026-09-25T13:38:53Z</when>
          <when>2026-09-25T13:38:54Z</when>
          <when>2026-09-25T13:38:55Z</when>
          <when>2026-09-25T13:38:56Z</when>
          <when>2026-09-25T13:38:57Z</when>
          <when>2026-09-25T13:38:58Z</when>
          <when>2026-09-25T13:38:59Z</when>
          <when>2026-09-25T13:39:00Z</when>
          <when>2026-09-25T13:39:01Z</when>
          <when>2026-09-25T13:39:02Z</when>
          <when>2026-09-25T13:39:03Z</when>
          <when>2026-09-25T13:39:04Z</when>
          <when>2026-09-25T13:39:05Z</when>
          <when>2026-09-25T13:39:06Z</when>
          <when>2026-09-25T13:39:07Z</when>
          <when>2026-09-25T13:39:08Z</when>
          <when>2026-09-25T13:39:09Z</when>
          <when>2026-09-25T13:39:10Z</when>
          <when>2026-09-25T13:39:11Z</when>
          <when>2026-09-25T13:39:12Z</when>
          <when>2026-09-25T13:39:13Z</when>
          <when>2026-09-25T13:39:14Z</when>
          <when>2026-09-25T13:39:15Z</when>
          <when>2026-09-25T13:39:16Z</when>
          <when>2026-09-25T13:39:17Z</when>
          <when>2026-09-25T13:39:18Z</when>
          <when>2026-09-25T13:39:19Z</when>
          <when>2026-09-25T13:39:20Z</when>
          <when>2026-09-25T13:39:21Z</when>
          <when>2026-09-25T13:39:22Z</when>
          <when>2026-09-25T13:39:23Z</when>
          <when>2026-09-25T13:39:24Z</when>
          <when>2026-09-25T13:39:25Z</when>
          <when>2026-09-25T13:39:26Z</when>
          <when>2026-09-25T13:39:27Z</when>
          <when>2026-09-25T13:39:28Z</when>
          <when>2026-09-25T13:39:29Z</when>
          <when>2026-09-25T13:39:30Z</when>
          <when>2026-09-25T13:39:31Z</when>
          <when>2026-09-25T13:39:32Z</when>
          <when>2026-09-25T13:39:33Z</when>
          <when>2026-09-25T13:39:34Z</when>
          <when>2026-09-25T13:39:35Z</when>
          <when>2026-09-25T13:39:36Z</when>
          <when>2026-09-25T13:39:37Z</when>
          <when>2026-09-25T13:39:38Z</when>
          <when>2026-09-25T13:39:39Z</when>
          <when>2026-09-25T13:39:40Z</when>
          <when>2026-09-25T13:39:41Z</when>
          <when>2026-09-25T13:39:42Z</when>
          <when>2026-09-25T13:39:43Z</when>
          <when>2026-09-25T13:39:44Z</when>
          <when>2026-09-25T13:39:45Z</when>
          <when>2026-09-25T13:39:46Z</when>
          <when>2026-09-25T13:39:47Z</when>
          <when>2026-09-25T13:39:48Z</when>
          <when>2026-09-25T13:39:49Z</when>
          <when>2026-09-25T13:39:50Z</when>
          <when>2026-09-25T13:39:51Z</when>
          <when>2026-09-25T13:39:52Z</when>
          <when>2026-09-25T13:39:53Z</when>
          <when>2026-09-25T13:39:54Z</when>
          <when>2026-09-25T13:39:55Z</when>
          <when>2026-09-25T13:39:56Z</when>
          <when>2026-09-25T13:39:57Z</when>
          <when>2026-09-25T13:39:58Z</when>
          <when>2026-09-25T13:39:59Z</when>
          <when>2026-09-25T13:40:00Z</when>
          <when>2026-09-25T13:40:01Z</when>
          <when>2026-09-25T13:40:02Z</when>
          <when>2026-09-25T13:40:03Z</when>
          <when>2026-09-25T13:40:04Z</when>
          <when>2026-09-25T13:40:05Z</when>
          <when>2026-09-25T13:40:06Z</when>
          <when>2026-09-25T13:40:07Z</when>
          <when>2026-09-25T13:40:08Z</when>
          <when>2026-09-25T13:40:09Z</when>
          <when>2026-09-25T13:40:10Z</when>
          <when>2026-09-25T13:40:11Z</when>
          <when>2026-09-25T13:40:12Z</when>
          <when>2026-09-25T13:40:13Z</when>
          <when>2026-09-25T13:40:14Z</when>
          <when>2026-09-25T13:40:15Z</when>
          <when>2026-09-25T13:40:16Z</when>
          <when>2026-09-25T13:40:17Z</when>
          <when>2026-09-25T13:40:18Z</when>
          <when>2026-09-25T13:40:19Z</when>
          <when>2026-09-25T13:40:20Z</when>
          <when>2026-09-25T13:40:21Z</when>
          <when>2026-09-25T13:40:22Z</when>
          <when>2026-09-25T13:40:23Z</when>
          <when>2026-09-25T13:40:24Z</when>
          <when>2026-09-25T13:40:25Z</when>
          <when>2026-09-25T13:40:26Z</when>
          <when>2026-09-25T13:40:27Z</when>
          <when>2026-09-25T13:40:28Z</when>
          <when>2026-09-25T13:40:29Z</when>
          <when>2026-09-25T13:40:30Z</when>
          <when>2026-09-25T13:40:31Z</when>
          <when>2026-09-25T13:40:32Z</when>
          <when>2026-09-25T13:40:33Z</when>
          <when>2026-09-25T13:40:34Z</when>
          <when>2026-09-25T13:40:35Z</when>
          <when>2026-09-25T13:40:36Z</when>
          <when>2026-09-25T13:40:37Z</when>
          <when>2026-09-25T13:40:38Z</when>
          <when>2026-09-25T13:40:39Z</when>
          <when>2026-09-25T13:40:40Z</when>
          <when>2026-09-25T13:40:41Z</when>
          <when>2026-09-25T13:40:42Z</when>
          <when>2026-09-25T13:40:43Z</when>
          <when>2026-09-25T13:40:44Z</when>
          <when>2026-09-25T13:40:45Z</when>
          <when>2026-09-25T13:40:46Z</when>
          <when>2026-09-25T13:40:47Z</when>
          <when>2026-09-25T13:40:48Z</when>
          <when>2026-09-25T13:40:49Z</when>
          <when>2026-09-25T13:40:50Z</when>
          <when>2026-09-25T13:40:51Z</when>
          <when>2026-09-25T13:40:52Z</when>
          <when>2026-09-25T13:40:53Z</when>
          <when>2026-09-25T13:40:54Z</when>
          <when>2026-09-25T13:40:55Z</when>
          <when>2026-09-25T13:40:56Z</when>
          <when>2026-09-25T13:40:57Z</when>
          <when>2026-09-25T13:40:58Z</when>
          <when>2026-09-25T13:40:59Z</when>
          <when>2026-09-25T13:41:00Z</when>
          <when>2026-09-25T13:41:01Z</when>
          <when>2026-09-25T13:41:02Z</when>
          <when>2026-09-25T13:41:03Z</when>
          <when>2026-09-25T13:41:04Z</when>
          <when>2026-09-25T13:41:05Z</when>
          <when>2026-09-25T13:41:06Z</when>
          <when>2026-09-25T13:41:07Z</when>
          <when>2026-09-25T13:41:08Z</when>
          <when>2026-09-25T13:41:09Z</when>
          <when>2026-09-25T13:41:10Z</when>
          <when>2026-09-25T13:41:11Z</when>
          <when>2026-09-25T13:41:12Z</when>
          <when>2026-09-25T13:41:13Z</when>
          <when>2026-09-25T13:41:14Z</when>
          <when>2026-09-25T13:41:15Z</when>
          <when>2026-09-25T13:41:16Z</when>
          <when>2026-09-25T13:41:17Z</when>
          <when>2026-09-25T13:41:18Z</when>
          <when>2026-09-25T13:41:19Z</when>
          <when>2026-09-25T13:41:20Z</when>
          <when>2026-09-25T13:41:21Z</when>
          <when>2026-09-25T13:41:22Z</when>
          <when>2026-09-25T13:41:23Z</when>
          <when>2026-09-25T13:41:24Z</when>
          <when>2026-09-25T13:41:25Z</when>
          <when>2026-09-25T13:41:26Z</when>
          <when>2026-09-25T13:41:27Z</when>
          <when>2026-09-25T13:41:28Z</when>
          <when>2026-09-25T13:41:29Z</when>
          <when>2026-09-25T13:41:30Z</when>
          <when>2026-09-25T13:41:31Z</when>
          <when>2026-09-25T13:41:32Z</when>
          <when>2026-09-25T13:41:33Z</when>
          <when>2026-09-25T13:41:34Z</when>
          <when>2026-09-25T13:41:35Z</when>
          <when>2026-09-25T13:41:36Z</when>
          <when>2026-09-25T13:41:37Z</when>
          <when>2026-09-25T13:41:38Z</when>
          <when>2026-09-25T13:41:39Z</when>
          <when>2026-09-25T13:41:40Z</when>
          <when>2026-09-25T13:41:41Z</when>
          <when>2026-09-25T13:41:42Z</when>
          <when>2026-09-25T13:41:43Z</when>
          <when>2026-09-25T13:41:44Z</when>
          <when>2026-09-25T13:41:45Z</when>
          <when>2026-09-25T13:41:46Z</when>
          <when>2026-09-25T13:41:47Z</when>
          <when>2026-09-25T13:41:48Z</when>
          <when>2026-09-25T13:41:49Z</when>
          <when>2026-09-25T13:41:50Z</when>
          <when>2026-09-25T13:41:51Z</when>
          <when>2026-09-25T13:41:52Z</when>
          <when>2026-09-25T13:41:53Z</when>
          <when>2026-09-25T13:41:54Z</when>
          <when>2026-09-25T13:41:55Z</when>
          <when>2026-09-25T13:41:56Z</when>
          <when>2026-09-25T13:41:57Z</when>
          <when>2026-09-25T13:41:58Z</when>
          <when>2026-09-25T13:41:59Z</when>
          <when>2026-09-25T13:42:00Z</when>
          <when>2026-09-25T13:42:01Z</when>
          <when>2026-09-25T13:42:02Z</when>
          <when>2026-09-25T13:42:03Z</when>
          <when>2026-09-25T13:42:04Z</when>
          <when>2026-09-25T13:42:05Z</when>
          <when>2026-09-25T13:42:06Z</when>
          <when>2026-09-25T13:42:07Z</when>
          <when>2026-09-25T13:42:08Z</when>
          <when>2026-09-25T13:42:09Z</when>
          <when>2026-09-25T13:42:10Z</when>
          <when>2026-09-25T13:42:11Z</when>
          <when>2026-09-25T13:42:12Z</when>
          <when>2026-09-25T13:42:13Z</when>
          <when>2026-09-25T13:42:14Z</when>
          <when>2026-09-25T13:42:15Z</when>
          <when>2026-09-25T13:42:16Z</when>
          <when>2026-09-25T13:42:17Z</when>
          <when>2026-09-25T13:42:18Z</when>
          <when>2026-09-25T13:42:19Z</when>
          <when>2026-09-25T13:42:20Z</when>
          <when>2026-09-25T13:42:21Z</when>
          <when>2026-09-25T13:42:22Z</when>
          <when>2026-09-25T13:42:23Z</when>
          <when>2026-09-25T13:42:24Z</when>
          <when>2026-09-25T13:42:25Z</when>
          <when>2026-09-25T13:42:26Z</when>
          <when>2026-09-25T13:42:27Z</when>
          <when>2026-09-25T13:42:28Z</when>
          <when>2026-09-25T13:42:29Z</when>
          <when>2026-09-25T13:42:30Z</when>
          <when>2026-09-25T13:42:31Z</when>
          <when>2026-09-25T13:42:32Z</when>
          <when>2026-09-25T13:42:33Z</when>
          <when>2026-09-25T13:42:34Z</when>
          <when>2026-09-25T13:42:35Z</when>
          <when>2026-09-25T13:42:36Z</when>
          <when>2026-09-25T13:42:37Z</when>
          <when>2026-09-25T13:42:38Z</when>
          <when>2026-09-25T13:42:39Z</when>
          <when>2026-09-25T13:42:40Z</when>
          <when>2026-09-25T13:42:41Z</when>
          <when>2026-09-25T13:42:42Z</when>
          <when>2026-09-25T13:42:43Z</when>
          <when>2026-09-25T13:42:44Z</when>
          <when>2026-09-25T13:42:45Z</when>
          <when>2026-09-25T13:42:46Z</when>
          <when>2026-09-25T13:42:47Z</when>
          <when>2026-09-25T13:42:48Z</when>
          <when>2026-09-25T13:42:49Z</when>
          <when>2026-09-25T13:42:50Z</when>
          <when>2026-09-25T13:42:51Z</when>
          <when>2026-09-25T13:42:52Z</when>
          <when>2026-09-25T13:42:53Z</when>
          <when>2026-09-25T13:42:54Z</when>
          <when>2026-09-25T13:42:55Z</when>
          <when>2026-09-25T13:42:56Z</when>
          <when>2026-09-25T13:42:57Z</when>
          <when>2026-09-25T13:42:58Z</when>
          <when>2026-09-25T13:42:59Z</when>
          <when>2026-09-25T13:43:00Z</when>
          <when>2026-09-25T13:43:01Z</when>
          <when>2026-09-25T13:43:02Z</when>
          <when>2026-09-25T13:43:03Z</when>
          <when>2026-09-25T13:43:04Z</when>
          <when>2026-09-25T13:43:05Z</when>
          <when>2026-09-25T13:43:06Z</when>
          <when>2026-09-25T13:43:07Z</when>
          <when>2026-09-25T13:43:08Z</when>
          <when>2026-09-25T13:43:09Z</when>
          <when>2026-09-25T13:43:10Z</when>
          <when>2026-09-25T13:43:11Z</when>
          <when>2026-09-25T13:43:12Z</when>
          <when>2026-09-25T13:43:13Z</when>
          <when>2026-09-25T13:43:14Z</when>
          <when>2026-09-25T13:43:15Z</when>
          <when>2026-09-25T13:43:16Z</when>
          <when>2026-09-25T13:43:17Z</when>
          <when>2026-09-25T13:43:18Z</when>
          <when>2026-09-25T13:43:19Z</when>
          <when>2026-09-25T13:43:20Z</when>
          <when>2026-09-25T13:43:21Z</when>
          <when>2026-09-25T13:43:22Z</when>
          <when>2026-09-25T13:43:23Z</when>
          <when>2026-09-25T13:43:24Z</when>
          <when>2026-09-25T13:43:25Z</when>
          <when>2026-09-25T13:43:26Z</when>
          <when>2026-09-25T13:43:27Z</when>
          <when>2026-09-25T13:43:28Z</when>
          <when>2026-09-25T13:43:29Z</when>
          <when>2026-09-25T13:43:30Z</when>
          <when>2026-09-25T13:43:31Z</when>
          <when>2026-09-25T13:43:32Z</when>
          <when>2026-09-25T13:43:33Z</when>
          <when>2026-09-25T13:43:34Z</when>
          <when>2026-09-25T13:43:35Z</when>
          <when>2026-09-25T13:43:36Z</when>
          <when>2026-09-25T13:43:37Z</when>
          <when>2026-09-25T13:43:38Z</when>
          <when>2026-09-25T13:43:39Z</when>
          <when>2026-09-25T13:43:40Z</when>
          <when>2026-09-25T13:43:41Z</when>
          <when>2026-09-25T13:43:42Z</when>
          <when>2026-09-25T13:43:43Z</when>
          <when>2026-09-25T13:43:44Z</when>
          <when>2026-09-25T13:43:45Z</when>
          <when>2026-09-25T13:43:46Z</when>
          <when>2026-09-25T13:43:47Z</when>
          <when>2026-09-25T13:43:48Z</when>
          <when>2026-09-25T13:43:49Z</when>
          <when>2026-09-25T13:43:50Z</when>
          <when>2026-09-25T13:43:51Z</when>
          <when>2026-09-25T13:43:52Z</when>
          <when>2026-09-25T13:43:53Z</when>
          <when>2026-09-25T13:43:54Z</when>
          <when>2026-09-25T13:43:55Z</when>
          <when>2026-09-25T13:43:56Z</when>
          <when>2026-09-25T13:43:57Z</when>
          <when>2026-09-25T13:43:58Z</when>
          <when>2026-09-25T13:43:59Z</when>
          <when>2026-09-25T13:44:00Z</when>
          <when>2026-09-25T13:44:01Z</when>
          <when>2026-09-25T13:44:02Z</when>
          <when>2026-09-25T13:44:03Z</when>
          <when>2026-09-25T13:44:04Z</when>
          <when>2026-09-25T13:44:05Z</when>
          <when>2026-09-25T13:44:06Z</when>
          <when>2026-09-25T13:44:07Z</when>
          <when>2026-09-25T13:44:08Z</when>
          <when>2026-09-25T13:44:09Z</when>
          <when>2026-09-25T13:44:10Z</when>
          <when>2026-09-25T13:44:11Z</when>
          <when>2026-09-25T13:44:12Z</when>
          <when>2026-09-25T13:44:13Z</when>
          <when>2026-09-25T13:44:14Z</when>
          <when>2026-09-25T13:44:15Z</when>
          <when>2026-09-25T13:44:16Z</when>
          <when>2026-09-25T13:44:17Z</when>
          <when>2026-09-25T13:44:18Z</when>
          <when>2026-09-25T13:44:19Z</when>
          <when>2026-09-25T13:44:20Z</when>
          <when>2026-09-25T13:44:21Z</when>
          <when>2026-09-25T13:44:22Z</when>
          <when>2026-09-25T13:44:23Z</when>
          <when>2026-09-25T13:44:24Z</when>
          <when>2026-09-25T13:44:25Z</when>
          <when>2026-09-25T13:44:26Z</when>
          <when>2026-09-25T13:44:27Z</when>
          <when>2026-09-25T13:44:28Z</when>
          <when>2026-09-25T13:44:29Z</when>
          <when>2026-09-25T13:44:30Z</when>
          <when>2026-09-25T13:44:31Z</when>
          <when>2026-09-25T13:44:32Z</when>
          <when>2026-09-25T13:44:33Z</when>
          <when>2026-09-25T13:44:34Z</when>
          <when>2026-09-25T13:44:35Z</when>
          <when>2026-09-25T13:44:36Z</when>
          <when>2026-09-25T13:44:37Z</when>
          <when>2026-09-25T13:44:38Z</when>
          <when>2026-09-25T13:44:39Z</when>
          <when>2026-09-25T13:44:40Z</when>
          <when>2026-09-25T13:44:41Z</when>
          <when>2026-09-25T13:44:42Z</when>
          <when>2026-09-25T13:44:43Z</when>
          <when>2026-09-25T13:44:44Z</when>
          <when>2026-09-25T13:44:45Z</when>
          <when>2026-09-25T13:44:46Z</when>
          <when>2026-09-25T13:44:47Z</when>
          <when>2026-09-25T13:44:48Z</when>
          <when>2026-09-25T13:44:49Z</when>
          <when>2026-09-25T13:44:50Z</when>
          <when>2026-09-25T13:44:51Z</when>
          <when>2026-09-25T13:44:52Z</when>
          <when>2026-09-25T13:44:53Z</when>
          <when>2026-09-25T13:44:54Z</when>
          <when>2026-09-25T13:44:55Z</when>
          <when>2026-09-25T13:44:56Z</when>
          <when>2026-09-25T13:44:57Z</when>
          <when>2026-09-25T13:44:58Z</when>
          <when>2026-09-25T13:44:59Z</when>
          <when>2026-09-25T13:45:00Z</when>
          <when>2026-09-25T13:45:01Z</when>
          <when>2026-09-25T13:45:02Z</when>
          <when>2026-09-25T13:45:03Z</when>
          <when>2026-09-25T13:45:04Z</when>
          <when>2026-09-25T13:45:05Z</when>
          <when>2026-09-25T13:45:06Z</when>
          <when>2026-09-25T13:45:07Z</when>
          <when>2026-09-25T13:45:08Z</when>
          <when>2026-09-25T13:45:09Z</when>
          <when>2026-09-25T13:45:10Z</when>
          <when>2026-09-25T13:45:11Z</when>
          <when>2026-09-25T13:45:12Z</when>
          <when>2026-09-25T13:45:13Z</when>
          <when>2026-09-25T13:45:14Z</when>
          <when>2026-09-25T13:45:15Z</when>
          <when>2026-09-25T13:45:16Z</when>
          <when>2026-09-25T13:45:17Z</when>
          <when>2026-09-25T13:45:18Z</when>
          <when>2026-09-25T13:45:19Z</when>
          <when>2026-09-25T13:45:20Z</when>
          <when>2026-09-25T13:45:21Z</when>
          <when>2026-09-25T13:45:22Z</when>
          <when>2026-09-25T13:45:23Z</when>
          <when>2026-09-25T13:45:24Z</when>
          <when>2026-09-25T13:45:25Z</when>
          <when>2026-09-25T13:45:26Z</when>
          <when>2026-09-25T13:45:27Z</when>
          <when>2026-09-25T13:45:28Z</when>
          <when>2026-09-25T13:45:29Z</when>
          <when>2026-09-25T13:45:30Z</when>
          <when>2026-09-25T13:45:31Z</when>
          <when>2026-09-25T13:45:32Z</when>
          <when>2026-09-25T13:45:33Z</when>
          <when>2026-09-25T13:45:34Z</when>
          <when>2026-09-25T13:45:35Z</when>
          <when>2026-09-25T13:45:36Z</when>
          <when>2026-09-25T13:45:37Z</when>
          <when>2026-09-25T13:45:38Z</when>
          <when>2026-09-25T13:45:39Z</when>
          <when>2026-09-25T13:45:40Z</when>
          <when>2026-09-25T13:45:41Z</when>
          <when>2026-09-25T13:45:42Z</when>
          <when>2026-09-25T13:45:43Z</when>
          <when>2026-09-25T13:45:44Z</when>
          <when>2026-09-25T13:45:45Z</when>
          <when>2026-09-25T13:45:46Z</when>
          <when>2026-09-25T13:45:47Z</when>
          <when>2026-09-25T13:45:48Z</when>
          <when>2026-09-25T13:45:49Z</when>
          <when>2026-09-25T13:45:50Z</when>
          <when>2026-09-25T13:45:51Z</when>
          <when>2026-09-25T13:45:52Z</when>
          <when>2026-09-25T13:45:53Z</when>
          <when>2026-09-25T13:45:54Z</when>
          <when>2026-09-25T13:45:55Z</when>
          <when>2026-09-25T13:45:56Z</when>
          <when>2026-09-25T13:45:57.672Z</when>
          <when>2026-09-25T13:45:59Z</when>
          <when>2026-09-25T13:46:00Z</when>
          <when>2026-09-25T13:46:01Z</when>
          <when>2026-09-25T13:46:02Z</when>
          <when>2026-09-25T13:46:03Z</when>
          <when>2026-09-25T13:46:04Z</when>
          <when>2026-09-25T13:46:05.888Z</when>
          <when>2026-09-25T13:46:07Z</when>
          <when>2026-09-25T13:46:08Z</when>
          <when>2026-09-25T13:46:09Z</when>
          <when>2026-09-25T13:46:10Z</when>
          <when>2026-09-25T13:46:11Z</when>
          <when>2026-09-25T13:46:12Z</when>
          <when>2026-09-25T13:46:13Z</when>
          <when>2026-09-25T13:46:14Z</when>
          <when>2026-09-25T13:46:15Z</when>
          <when>2026-09-25T13:46:16Z</when>
          <when>2026-09-25T13:46:17Z</when>
          <when>2026-09-25T13:46:18Z</when>
          <when>2026-09-25T13:46:19Z</when>
          <when>2026-09-25T13:46:20Z</when>
          <when>2026-09-25T13:46:21Z</when>
          <when>2026-09-25T13:46:22Z</when>
          <when>2026-09-25T13:46:23Z</when>
          <when>2026-09-25T13:46:24Z</when>
          <when>2026-09-25T13:46:25Z</when>
          <when>2026-09-25T13:46:26Z</when>
          <when>2026-09-25T13:46:27Z</when>
          <when>2026-09-25T13:46:28Z</when>
          <when>2026-09-25T13:46:29Z</when>
          <when>2026-09-25T13:46:30Z</when>
          <when>2026-09-25T13:46:31Z</when>
          <when>2026-09-25T13:46:32Z</when>
          <when>2026-09-25T13:46:33Z</when>
          <when>2026-09-25T13:46:34Z</when>
          <when>2026-09-25T13:46:35Z</when>
          <when>2026-09-25T13:46:36Z</when>
          <when>2026-09-25T13:46:37Z</when>
          <when>2026-09-25T13:46:38Z</when>
          <when>2026-09-25T13:46:39Z</when>
          <when>2026-09-25T13:46:40Z</when>
          <when>2026-09-25T13:46:41Z</when>
          <when>2026-09-25T13:46:42Z</when>
          <when>2026-09-25T13:46:43Z</when>
          <when>2026-09-25T13:46:44Z</when>
          <when>2026-09-25T13:46:45Z</when>
          <when>2026-09-25T13:46:46Z</when>
          <when>2026-09-25T13:46:47Z</when>
          <when>2026-09-25T13:46:48Z</when>
          <when>2026-09-25T13:46:49Z</when>
          <when>2026-09-25T13:46:50Z</when>
          <when>2026-09-25T13:46:51Z</when>
          <when>2026-09-25T13:46:52Z</when>
          <when>2026-09-25T13:46:53Z</when>
          <when>2026-09-25T13:46:54Z</when>
          <when>2026-09-25T13:46:55Z</when>
          <when>2026-09-25T13:46:56Z</when>
          <when>2026-09-25T13:46:57Z</when>
          <when>2026-09-25T13:46:58Z</when>
          <when>2026-09-25T13:46:59Z</when>
          <when>2026-09-25T13:47:00Z</when>
          <when>2026-09-25T13:47:01Z</when>
          <when>2026-09-25T13:47:02Z</when>
          <when>2026-09-25T13:47:03Z</when>
          <when>2026-09-25T13:47:04Z</when>
          <when>2026-09-25T13:47:05Z</when>
          <when>2026-09-25T13:47:06Z</when>
          <when>2026-09-25T13:47:07Z</when>
          <when>2026-09-25T13:47:08Z</when>
          <when>2026-09-25T13:47:09Z</when>
          <when>2026-09-25T13:47:10Z</when>
          <when>2026-09-25T13:47:11Z</when>
          <when>2026-09-25T13:47:12Z</when>
          <when>2026-09-25T13:47:13Z</when>
          <when>2026-09-25T13:47:14Z</when>
          <when>2026-09-25T13:47:15Z</when>
          <when>2026-09-25T13:47:16Z</when>
          <when>2026-09-25T13:47:17Z</when>
          <when>2026-09-25T13:47:18Z</when>
          <when>2026-09-25T13:47:19Z</when>
          <when>2026-09-25T13:47:20Z</when>
          <when>2026-09-25T13:47:21Z</when>
          <when>2026-09-25T13:47:22Z</when>
          <when>2026-09-25T13:47:23Z</when>
          <when>2026-09-25T13:47:24Z</when>
          <when>2026-09-25T13:47:25Z</when>
          <when>2026-09-25T13:47:26Z</when>
          <when>2026-09-25T13:47:27Z</when>
          <when>2026-09-25T13:47:28Z</when>
          <when>2026-09-25T13:47:29Z</when>
          <when>2026-09-25T13:47:30Z</when>
          <when>2026-09-25T13:47:31.009Z</when>
          <when>2026-09-25T13:47:32Z</when>
          <when>2026-09-25T13:47:33Z</when>
          <when>2026-09-25T13:47:34Z</when>
          <when>2026-09-25T13:47:35Z</when>
          <when>2026-09-25T13:47:36Z</when>
          <when>2026-09-25T13:47:37Z</when>
          <when>2026-09-25T13:47:38Z</when>
          <when>2026-09-25T13:47:39Z</when>
          <when>2026-09-25T13:47:40Z</when>
          <when>2026-09-25T13:47:41Z</when>
          <when>2026-09-25T13:47:42Z</when>
          <when>2026-09-25T13:47:43Z</when>
          <when>2026-09-25T13:47:44Z</when>
          <when>2026-09-25T13:47:45Z</when>
          <when>2026-09-25T13:47:46Z</when>
          <when>2026-09-25T13:47:47Z</when>
          <when>2026-09-25T13:47:48Z</when>
          <when>2026-09-25T13:47:49Z</when>
          <when>2026-09-25T13:47:50Z</when>
          <when>2026-09-25T13:47:51Z</when>
          <when>2026-09-25T13:47:52Z</when>
          <when>2026-09-25T13:47:53Z</when>
          <when>2026-09-25T13:47:54Z</when>
          <when>2026-09-25T13:47:55Z</when>
          <when>2026-09-25T13:47:56Z</when>
          <when>2026-09-25T13:47:57Z</when>
          <when>2026-09-25T13:47:58Z</when>
          <when>2026-09-25T13:47:59Z</when>
          <when>2026-09-25T13:48:00Z</when>
          <when>2026-09-25T13:48:01Z</when>
          <when>2026-09-25T13:48:03Z</when>
          <when>2026-09-25T13:48:04Z</when>
          <when>2026-09-25T13:48:05Z</when>
          <when>2026-09-25T13:48:06Z</when>
          <when>2026-09-25T13:48:07Z</when>
          <when>2026-09-25T13:48:08Z</when>
          <when>2026-09-25T13:48:09Z</when>
          <when>2026-09-25T13:48:10Z</when>
          <when>2026-09-25T13:48:11Z</when>
          <when>2026-09-25T13:48:12Z</when>
          <when>2026-09-25T13:48:13Z</when>
          <when>2026-09-25T13:48:14Z</when>
          <when>2026-09-25T13:48:15Z</when>
          <when>2026-09-25T13:48:16Z</when>
          <when>2026-09-25T13:48:17Z</when>
          <when>2026-09-25T13:48:18Z</when>
          <when>2026-09-25T13:48:19Z</when>
          <when>2026-09-25T13:48:20Z</when>
          <when>2026-09-25T13:48:21Z</when>
          <when>2026-09-25T13:48:22Z</when>
          <when>2026-09-25T13:48:23Z</when>
          <when>2026-09-25T13:48:24Z</when>
          <when>2026-09-25T13:48:25Z</when>
          <when>2026-09-25T13:48:26Z</when>
          <when>2026-09-25T13:48:27Z</when>
          <when>2026-09-25T13:48:28Z</when>
          <when>2026-09-25T13:48:29Z</when>
          <when>2026-09-25T13:48:30Z</when>
          <when>2026-09-25T13:48:31Z</when>
          <when>2026-09-25T13:48:32Z</when>
          <when>2026-09-25T13:48:34Z</when>
          <when>2026-09-25T13:48:35Z</when>
          <when>2026-09-25T13:48:36Z</when>
          <when>2026-09-25T13:48:37Z</when>
          <when>2026-09-25T13:48:38Z</when>
          <when>2026-09-25T13:48:39Z</when>
          <when>2026-09-25T13:48:40Z</when>
          <when>2026-09-25T13:48:41Z</when>
          <when>2026-09-25T13:48:42Z</when>
          <when>2026-09-25T13:48:43Z</when>
          <when>2026-09-25T13:48:44Z</when>
          <when>2026-09-25T13:48:45Z</when>
          <when>2026-09-25T13:48:46Z</when>
          <when>2026-09-25T13:48:47Z</when>
          <when>2026-09-25T13:48:48Z</when>
          <when>2026-09-25T13:48:49Z</when>
          <when>2026-09-25T13:48:50Z</when>
          <when>2026-09-25T13:48:51Z</when>
          <when>2026-09-25T13:48:52Z</when>
          <when>2026-09-25T13:48:53Z</when>
          <when>2026-09-25T13:48:54Z</when>
          <when>2026-09-25T13:48:55Z</when>
          <when>2026-09-25T13:48:56Z</when>
          <when>2026-09-25T13:48:57Z</when>
          <when>2026-09-25T13:48:58Z</when>
          <when>2026-09-25T13:48:59Z</when>
          <when>2026-09-25T13:49:00Z</when>
          <when>2026-09-25T13:49:01Z</when>
          <when>2026-09-25T13:49:02Z</when>
          <when>2026-09-25T13:49:03.136Z</when>
          <when>2026-09-25T13:49:05Z</when>
          <when>2026-09-25T13:49:06Z</when>
          <when>2026-09-25T13:49:07Z</when>
          <when>2026-09-25T13:49:08Z</when>
          <when>2026-09-25T13:49:09Z</when>
          <when>2026-09-25T13:49:10Z</when>
          <when>2026-09-25T13:49:11Z</when>
          <when>2026-09-25T13:49:12Z</when>
          <when>2026-09-25T13:49:13Z</when>
          <when>2026-09-25T13:49:14Z</when>
          <when>2026-09-25T13:49:15Z</when>
          <when>2026-09-25T13:49:16Z</when>
          <when>2026-09-25T13:49:17Z</when>
          <when>2026-09-25T13:49:18Z</when>
          <when>2026-09-25T13:49:19Z</when>
          <when>2026-09-25T13:49:20Z</when>
          <when>2026-09-25T13:49:21Z</when>
          <when>2026-09-25T13:49:22Z</when>
          <when>2026-09-25T13:49:23Z</when>
          <when>2026-09-25T13:49:24Z</when>
          <when>2026-09-25T13:49:25Z</when>
          <when>2026-09-25T13:49:26Z</when>
          <when>2026-09-25T13:49:27Z</when>
          <when>2026-09-25T13:49:28Z</when>
          <when>2026-09-25T13:49:29Z</when>
          <when>2026-09-25T13:49:30Z</when>
          <when>2026-09-25T13:49:31Z</when>
          <when>2026-09-25T13:49:32Z</when>
          <when>2026-09-25T13:49:33Z</when>
          <when>2026-09-25T13:49:34.016Z</when>
          <when>2026-09-25T13:49:35Z</when>
          <when>2026-09-25T13:49:36Z</when>
          <when>2026-09-25T13:49:37Z</when>
          <when>2026-09-25T13:49:38Z</when>
          <when>2026-09-25T13:49:39Z</when>
          <when>2026-09-25T13:49:40Z</when>
          <when>2026-09-25T13:49:41Z</when>
          <when>2026-09-25T13:49:42Z</when>
          <when>2026-09-25T13:49:43Z</when>
          <when>2026-09-25T13:49:44Z</when>
          <when>2026-09-25T13:49:45Z</when>
          <when>2026-09-25T13:49:46Z</when>
          <when>2026-09-25T13:49:47Z</when>
          <when>2026-09-25T13:49:48Z</when>
          <when>2026-09-25T13:49:49Z</when>
          <when>2026-09-25T13:49:50Z</when>
          <when>2026-09-25T13:49:51Z</when>
          <when>2026-09-25T13:49:52Z</when>
          <when>2026-09-25T13:49:53Z</when>
          <when>2026-09-25T13:49:54Z</when>
          <when>2026-09-25T13:49:55Z</when>
          <when>2026-09-25T13:49:56Z</when>
          <when>2026-09-25T13:49:57Z</when>
          <when>2026-09-25T13:49:58Z</when>
          <when>2026-09-25T13:49:59Z</when>
          <when>2026-09-25T13:50:00Z</when>
          <when>2026-09-25T13:50:01Z</when>
          <when>2026-09-25T13:50:02Z</when>
          <when>2026-09-25T13:50:03Z</when>
          <when>2026-09-25T13:50:04Z</when>
          <when>2026-09-25T13:50:05Z</when>
          <when>2026-09-25T13:50:06Z</when>
          <when>2026-09-25T13:50:07Z</when>
          <when>2026-09-25T13:50:08Z</when>
          <when>2026-09-25T13:50:09Z</when>
          <when>2026-09-25T13:50:10Z</when>
          <when>2026-09-25T13:50:11.299Z</when>
          <when>2026-09-25T13:50:13Z</when>
          <when>2026-09-25T13:50:14Z</when>
          <when>2026-09-25T13:50:15Z</when>
          <when>2026-09-25T13:50:16Z</when>
          <when>2026-09-25T13:50:17Z</when>
          <when>2026-09-25T13:50:18Z</when>
          <when>2026-09-25T13:50:19Z</when>
          <when>2026-09-25T13:50:20Z</when>
          <when>2026-09-25T13:50:21Z</when>
          <when>2026-09-25T13:50:22Z</when>
          <when>2026-09-25T13:50:23Z</when>
          <when>2026-09-25T13:50:24Z</when>
          <when>2026-09-25T13:50:25Z</when>
          <when>2026-09-25T13:50:26Z</when>
          <when>2026-09-25T13:50:27Z</when>
          <when>2026-09-25T13:50:28Z</when>
          <when>2026-09-25T13:50:29Z</when>
          <when>2026-09-25T13:50:30Z</when>
          <when>2026-09-25T13:50:31Z</when>
          <when>2026-09-25T13:50:32Z</when>
          <when>2026-09-25T13:50:33Z</when>
          <when>2026-09-25T13:50:34Z</when>
          <when>2026-09-25T13:50:35Z</when>
          <when>2026-09-25T13:50:36Z</when>
          <when>2026-09-25T13:50:37Z</when>
          <when>2026-09-25T13:50:38Z</when>
          <when>2026-09-25T13:50:39Z</when>
          <when>2026-09-25T13:50:40Z</when>
          <when>2026-09-25T13:50:41.431Z</when>
          <when>2026-09-25T13:50:43Z</when>
          <when>2026-09-25T13:50:44Z</when>
          <when>2026-09-25T13:50:45Z</when>
          <when>2026-09-25T13:50:46Z</when>
          <when>2026-09-25T13:50:47Z</when>
          <when>2026-09-25T13:50:48Z</when>
          <when>2026-09-25T13:50:49Z</when>
          <when>2026-09-25T13:50:50Z</when>
          <when>2026-09-25T13:50:51Z</when>
          <when>2026-09-25T13:50:52Z</when>
          <when>2026-09-25T13:50:53Z</when>
          <when>2026-09-25T13:50:54Z</when>
          <when>2026-09-25T13:50:55Z</when>
          <when>2026-09-25T13:50:56Z</when>
          <when>2026-09-25T13:50:57Z</when>
          <when>2026-09-25T13:50:58Z</when>
          <when>2026-09-25T13:50:59Z</when>
          <when>2026-09-25T13:51:00Z</when>
          <when>2026-09-25T13:51:01Z</when>
          <when>2026-09-25T13:51:02Z</when>
          <when>2026-09-25T13:51:03Z</when>
          <when>2026-09-25T13:51:04Z</when>
          <when>2026-09-25T13:51:05Z</when>
          <when>2026-09-25T13:51:06Z</when>
          <when>2026-09-25T13:51:07Z</when>
          <when>2026-09-25T13:51:08Z</when>
          <when>2026-09-25T13:51:09Z</when>
          <when>2026-09-25T13:51:10Z</when>
          <when>2026-09-25T13:51:11Z</when>
          <when>2026-09-25T13:51:12Z</when>
          <when>2026-09-25T13:51:14Z</when>
          <when>2026-09-25T13:51:15Z</when>
          <when>2026-09-25T13:51:16Z</when>
          <when>2026-09-25T13:51:17Z</when>
          <when>2026-09-25T13:51:18Z</when>
          <when>2026-09-25T13:51:19Z</when>
          <when>2026-09-25T13:51:20Z</when>
          <when>2026-09-25T13:51:21Z</when>
          <when>2026-09-25T13:51:22Z</when>
          <when>2026-09-25T13:51:23Z</when>
          <when>2026-09-25T13:51:24Z</when>
          <when>2026-09-25T13:51:25Z</when>
          <when>2026-09-25T13:51:26Z</when>
          <when>2026-09-25T13:51:27Z</when>
          <when>2026-09-25T13:51:28Z</when>
          <when>2026-09-25T13:51:29Z</when>
          <when>2026-09-25T13:51:30Z</when>
          <when>2026-09-25T13:51:31Z</when>
          <when>2026-09-25T13:51:32Z</when>
          <when>2026-09-25T13:51:33Z</when>
          <when>2026-09-25T13:51:34Z</when>
          <when>2026-09-25T13:51:35Z</when>
          <when>2026-09-25T13:51:36Z</when>
          <when>2026-09-25T13:51:37Z</when>
          <when>2026-09-25T13:51:38Z</when>
          <when>2026-09-25T13:51:39Z</when>
          <when>2026-09-25T13:51:40Z</when>
          <when>2026-09-25T13:51:41Z</when>
          <when>2026-09-25T13:51:42Z</when>
          <when>2026-09-25T13:51:43Z</when>
          <when>2026-09-25T13:51:45Z</when>
          <when>2026-09-25T13:51:46Z</when>
          <when>2026-09-25T13:51:47Z</when>
          <when>2026-09-25T13:51:48Z</when>
          <when>2026-09-25T13:51:49Z</when>
          <when>2026-09-25T13:51:50Z</when>
          <when>2026-09-25T13:51:51Z</when>
          <when>2026-09-25T13:51:52Z</when>
          <when>2026-09-25T13:51:53Z</when>
          <when>2026-09-25T13:51:54Z</when>
          <when>2026-09-25T13:51:55Z</when>
          <when>2026-09-25T13:51:56Z</when>
          <when>2026-09-25T13:51:57Z</when>
          <when>2026-09-25T13:51:58Z</when>
          <when>2026-09-25T13:51:59Z</when>
          <when>2026-09-25T13:52:00Z</when>
          <when>2026-09-25T13:52:01Z</when>
          <when>2026-09-25T13:52:02Z</when>
          <when>2026-09-25T13:52:03Z</when>
          <when>2026-09-25T13:52:04Z</when>
          <when>2026-09-25T13:52:05Z</when>
          <when>2026-09-25T13:52:06Z</when>
          <when>2026-09-25T13:52:07Z</when>
          <when>2026-09-25T13:52:08Z</when>
          <when>2026-09-25T13:52:09Z</when>
          <when>2026-09-25T13:52:10Z</when>
          <when>2026-09-25T13:52:11Z</when>
          <when>2026-09-25T13:52:12Z</when>
          <when>2026-09-25T13:52:13Z</when>
          <when>2026-09-25T13:52:14.380Z</when>
          <when>2026-09-25T13:52:16Z</when>
          <when>2026-09-25T13:52:17Z</when>
          <when>2026-09-25T13:52:18Z</when>
          <when>2026-09-25T13:52:19Z</when>
          <when>2026-09-25T13:52:20Z</when>
          <when>2026-09-25T13:52:21Z</when>
          <when>2026-09-25T13:52:22Z</when>
          <when>2026-09-25T13:52:23Z</when>
          <when>2026-09-25T13:52:24Z</when>
          <when>2026-09-25T13:52:25Z</when>
          <when>2026-09-25T13:52:26Z</when>
          <when>2026-09-25T13:52:27Z</when>
          <when>2026-09-25T13:52:28Z</when>
          <when>2026-09-25T13:52:29Z</when>
          <when>2026-09-25T13:52:30Z</when>
          <when>2026-09-25T13:52:31Z</when>
          <when>2026-09-25T13:52:32Z</when>
          <when>2026-09-25T13:52:33Z</when>
          <when>2026-09-25T13:52:34Z</when>
          <when>2026-09-25T13:52:35Z</when>
          <when>2026-09-25T13:52:36Z</when>
          <when>2026-09-25T13:52:37Z</when>
          <when>2026-09-25T13:52:38Z</when>
          <when>2026-09-25T13:52:39Z</when>
          <when>2026-09-25T13:52:40Z</when>
          <when>2026-09-25T13:52:41Z</when>
          <when>2026-09-25T13:52:42Z</when>
          <when>2026-09-25T13:52:43Z</when>
          <when>2026-09-25T13:52:44Z</when>
          <when>2026-09-25T13:52:45.195Z</when>
          <when>2026-09-25T13:52:47Z</when>
          <when>2026-09-25T13:52:48Z</when>
          <when>2026-09-25T13:52:49Z</when>
          <when>2026-09-25T13:52:50Z</when>
          <when>2026-09-25T13:52:51Z</when>
          <when>2026-09-25T13:52:52Z</when>
          <when>2026-09-25T13:52:53Z</when>
          <when>2026-09-25T13:52:54Z</when>
          <when>2026-09-25T13:52:55Z</when>
          <when>2026-09-25T13:52:56Z</when>
          <when>2026-09-25T13:52:57Z</when>
          <when>2026-09-25T13:52:58Z</when>
          <when>2026-09-25T13:52:59Z</when>
          <when>2026-09-25T13:53:00Z</when>
          <when>2026-09-25T13:53:01Z</when>
          <when>2026-09-25T13:53:02Z</when>
          <when>2026-09-25T13:53:03Z</when>
          <when>2026-09-25T13:53:04Z</when>
          <when>2026-09-25T13:53:05Z</when>
          <when>2026-09-25T13:53:06Z</when>
          <when>2026-09-25T13:53:07Z</when>
          <when>2026-09-25T13:53:08Z</when>
          <when>2026-09-25T13:53:09Z</when>
          <when>2026-09-25T13:53:10Z</when>
          <when>2026-09-25T13:53:11Z</when>
          <when>2026-09-25T13:53:12Z</when>
          <when>2026-09-25T13:53:13Z</when>
          <when>2026-09-25T13:53:14Z</when>
          <when>2026-09-25T13:53:15Z</when>
          <when>2026-09-25T13:53:16.171Z</when>
          <when>2026-09-25T13:53:18Z</when>
          <when>2026-09-25T13:53:19Z</when>
          <when>2026-09-25T13:53:20Z</when>
          <when>2026-09-25T13:53:21Z</when>
          <when>2026-09-25T13:53:22Z</when>
          <when>2026-09-25T13:53:22.923Z</when>
          <when>2026-09-25T13:53:24.560Z</when>
          <when>2026-09-25T13:53:26Z</when>
          <when>2026-09-25T13:53:27Z</when>
          <when>2026-09-25T13:53:28Z</when>
          <when>2026-09-25T13:53:29Z</when>
          <when>2026-09-25T13:53:30Z</when>
          <when>2026-09-25T13:53:31Z</when>
          <when>2026-09-25T13:53:32Z</when>
          <when>2026-09-25T13:53:33Z</when>
          <when>2026-09-25T13:53:34Z</when>
          <when>2026-09-25T13:53:35Z</when>
          <when>2026-09-25T13:53:36Z</when>
          <when>2026-09-25T13:53:37Z</when>
          <when>2026-09-25T13:53:38Z</when>
          <when>2026-09-25T13:53:39Z</when>
          <when>2026-09-25T13:53:40Z</when>
          <when>2026-09-25T13:53:41Z</when>
          <when>2026-09-25T13:53:42Z</when>
          <when>2026-09-25T13:53:43Z</when>
          <when>2026-09-25T13:53:44Z</when>
          <when>2026-09-25T13:53:45Z</when>
          <when>2026-09-25T13:53:46Z</when>
          <when>2026-09-25T13:53:47Z</when>
          <when>2026-09-25T13:53:48Z</when>
          <when>2026-09-25T13:53:49Z</when>
          <when>2026-09-25T13:53:50Z</when>
          <when>2026-09-25T13:53:51Z</when>
          <when>2026-09-25T13:53:52Z</when>
          <when>2026-09-25T13:53:53Z</when>
          <when>2026-09-25T13:53:54Z</when>
          <when>2026-09-25T13:53:55Z</when>
          <when>2026-09-25T13:53:56Z</when>
          <when>2026-09-25T13:53:57Z</when>
          <when>2026-09-25T13:53:58Z</when>
          <when>2026-09-25T13:53:59Z</when>
          <when>2026-09-25T13:54:00Z</when>
          <when>2026-09-25T13:54:01Z</when>
          <when>2026-09-25T13:54:02Z</when>
          <when>2026-09-25T13:54:03Z</when>
          <when>2026-09-25T13:54:04Z</when>
          <when>2026-09-25T13:54:05Z</when>
          <when>2026-09-25T13:54:06Z</when>
          <when>2026-09-25T13:54:07Z</when>
          <when>2026-09-25T13:54:08Z</when>
          <when>2026-09-25T13:54:09Z</when>
          <when>2026-09-25T13:54:10Z</when>
          <when>2026-09-25T13:54:11Z</when>
          <when>2026-09-25T13:54:12Z</when>
          <when>2026-09-25T13:54:13Z</when>
          <when>2026-09-25T13:54:14Z</when>
          <when>2026-09-25T13:54:15Z</when>
          <when>2026-09-25T13:54:16Z</when>
          <when>2026-09-25T13:54:17Z</when>
          <when>2026-09-25T13:54:18Z</when>
          <when>2026-09-25T13:54:19Z</when>
          <when>2026-09-25T13:54:20Z</when>
          <when>2026-09-25T13:54:21Z</when>
          <when>2026-09-25T13:54:22Z</when>
          <when>2026-09-25T13:54:23Z</when>
          <when>2026-09-25T13:54:24Z</when>
          <when>2026-09-25T13:54:25Z</when>
          <when>2026-09-25T13:54:26Z</when>
          <when>2026-09-25T13:54:27Z</when>
          <when>2026-09-25T13:54:28Z</when>
          <when>2026-09-25T13:54:29Z</when>
          <when>2026-09-25T13:54:30Z</when>
          <when>2026-09-25T13:54:31Z</when>
          <when>2026-09-25T13:54:32Z</when>
          <when>2026-09-25T13:54:33Z</when>
          <when>2026-09-25T13:54:34Z</when>
          <when>2026-09-25T13:54:35Z</when>
          <when>2026-09-25T13:54:36Z</when>
          <when>2026-09-25T13:54:37Z</when>
          <when>2026-09-25T13:54:38Z</when>
          <when>2026-09-25T13:54:39Z</when>
          <when>2026-09-25T13:54:40Z</when>
          <when>2026-09-25T13:54:40.964Z</when>
          <when>2026-09-25T13:54:42Z</when>
          <when>2026-09-25T13:54:43.094Z</when>
          <when>2026-09-25T13:54:44Z</when>
          <when>2026-09-25T13:54:45Z</when>
          <when>2026-09-25T13:54:46Z</when>
          <when>2026-09-25T13:54:47Z</when>
          <gx:coord>73.83729281 15.49485408 -74.36</gx:coord>
          <gx:coord>73.8373426 15.494841 -75.16</gx:coord>
          <gx:coord>73.83738131 15.49484005 -74.82</gx:coord>
          <gx:coord>73.8374208 15.49481699 -73.81</gx:coord>
          <gx:coord>73.83745651 15.49480043 -73.18</gx:coord>
          <gx:coord>73.83748767 15.49479886 -74.04</gx:coord>
          <gx:coord>73.83751261 15.49478845 -73.8</gx:coord>
          <gx:coord>73.83754281 15.49478495 -71.54</gx:coord>
          <gx:coord>73.83756744 15.49479111 -73.86</gx:coord>
          <gx:coord>73.8375714 15.4947932 -74.12</gx:coord>
          <gx:coord>73.83759615 15.49479781 -74.63</gx:coord>
          <gx:coord>73.83761669 15.49480989 -73.68</gx:coord>
          <gx:coord>73.83762991 15.49481918 -74.1</gx:coord>
          <gx:coord>73.83765307 15.49483386 -73.63</gx:coord>
          <gx:coord>73.83767767 15.49485923 -72.79</gx:coord>
          <gx:coord>73.8376955 15.49488488 -73.83</gx:coord>
          <gx:coord>73.83770189 15.49491966 -73.44</gx:coord>
          <gx:coord>73.83770537 15.49495824 -74.04</gx:coord>
          <gx:coord>73.83767923 15.49503168 -75.56</gx:coord>
          <gx:coord>73.83769907 15.49508905 -76.21</gx:coord>
          <gx:coord>73.8377112 15.49512621 -76.23</gx:coord>
          <gx:coord>73.83773527 15.49515259 -78.42</gx:coord>
          <gx:coord>73.83774699 15.4952091 -75.79</gx:coord>
          <gx:coord>73.83775169 15.49524971 -77.67</gx:coord>
          <gx:coord>73.83775294 15.49528776 -78.45</gx:coord>
          <gx:coord>73.83776176 15.49532187 -77.58</gx:coord>
          <gx:coord>73.83777004 15.49534278 -77.94</gx:coord>
          <gx:coord>73.83777608 15.49536145 -77.95</gx:coord>
          <gx:coord>73.8377796 15.4953722 -77.74</gx:coord>
          <gx:coord>73.83778046 15.49537509 -77.58</gx:coord>
          <gx:coord>73.83778333 15.49537807 -77.39</gx:coord>
          <gx:coord>73.83778623 15.4953785 -77.36</gx:coord>
          <gx:coord>73.83778736 15.49538391 -77.28</gx:coord>
          <gx:coord>73.8377876 15.49538987 -77.06</gx:coord>
          <gx:coord>73.83778851 15.4953955 -77.71</gx:coord>
          <gx:coord>73.83779014 15.49540423 -77.76</gx:coord>
          <gx:coord>73.837791 15.4954142 -78.14</gx:coord>
          <gx:coord>73.83779057 15.49542179 -78.75</gx:coord>
          <gx:coord>73.83778898 15.4954284 -79.65</gx:coord>
          <gx:coord>73.8377881 15.49543656 -79.58</gx:coord>
          <gx:coord>73.83778685 15.49544486 -79.68</gx:coord>
          <gx:coord>73.83778585 15.49545191 -79.47</gx:coord>
          <gx:coord>73.83778574 15.49545717 -79.03</gx:coord>
          <gx:coord>73.83778601 15.49546272 -78.36</gx:coord>
          <gx:coord>73.83778761 15.49547224 -78.44</gx:coord>
          <gx:coord>73.83778934 15.49548415 -78.5</gx:coord>
          <gx:coord>73.83779133 15.49549587 -78.53</gx:coord>
          <gx:coord>73.83779343 15.49550747 -78.23</gx:coord>
          <gx:coord>73.83779458 15.49551776 -77.51</gx:coord>
          <gx:coord>73.83779628 15.4955303 -77.79</gx:coord>
          <gx:coord>73.83780168 15.49555169 -77.42</gx:coord>
          <gx:coord>73.83780906 15.49557958 -77.14</gx:coord>
          <gx:coord>73.83781816 15.49560687 -77.01</gx:coord>
          <gx:coord>73.83783036 15.49563362 -77.91</gx:coord>
          <gx:coord>73.83785308 15.49566548 -77.66</gx:coord>
          <gx:coord>73.83788318 15.49569693 -77.84</gx:coord>
          <gx:coord>73.83796861 15.49570075 -76.88</gx:coord>
          <gx:coord>73.83800156 15.49570873 -77.45</gx:coord>
          <gx:coord>73.83805227 15.49571062 -77.79</gx:coord>
          <gx:coord>73.83809718 15.4957073 -78.02</gx:coord>
          <gx:coord>73.83813125 15.49569946 -77.13</gx:coord>
          <gx:coord>73.83816797 15.49570754 -75.6</gx:coord>
          <gx:coord>73.83819461 15.49569056 -75.89</gx:coord>
          <gx:coord>73.83821202 15.49566632 -75.31</gx:coord>
          <gx:coord>73.83823686 15.49564198 -76.44</gx:coord>
          <gx:coord>73.83829685 15.49563898 -76.69</gx:coord>
          <gx:coord>73.83838239 15.49565639 -77.98</gx:coord>
          <gx:coord>73.8384909 15.49573012 -75.97</gx:coord>
          <gx:coord>73.83857059 15.49577022 -75.9</gx:coord>
          <gx:coord>73.83864912 15.4958105 -75.71</gx:coord>
          <gx:coord>73.83872621 15.49585038 -77.77</gx:coord>
          <gx:coord>73.83879247 15.4958999 -77.44</gx:coord>
          <gx:coord>73.8388571 15.49595279 -77.16</gx:coord>
          <gx:coord>73.83890551 15.49601476 -76.65</gx:coord>
          <gx:coord>73.83896225 15.49608115 -75.97</gx:coord>
          <gx:coord>73.83900172 15.49617589 -75.66</gx:coord>
          <gx:coord>73.8390275 15.49625551 -75.9</gx:coord>
          <gx:coord>73.83905428 15.49634886 -75.49</gx:coord>
          <gx:coord>73.8390521 15.49644554 -78.13</gx:coord>
          <gx:coord>73.83904659 15.49655074 -78.19</gx:coord>
          <gx:coord>73.83902658 15.4966526 -79.2</gx:coord>
          <gx:coord>73.83899435 15.49675432 -80.26</gx:coord>
          <gx:coord>73.83894928 15.49685062 -80.27</gx:coord>
          <gx:coord>73.83890909 15.4969491 -80.3</gx:coord>
          <gx:coord>73.83886319 15.49704159 -80.85</gx:coord>
          <gx:coord>73.83881796 15.49713635 -79.95</gx:coord>
          <gx:coord>73.83876569 15.49722695 -79.86</gx:coord>
          <gx:coord>73.83871096 15.49732412 -79.33</gx:coord>
          <gx:coord>73.83866461 15.49742269 -79.25</gx:coord>
          <gx:coord>73.83860738 15.49751555 -79.51</gx:coord>
          <gx:coord>73.83855087 15.4976074 -79.13</gx:coord>
          <gx:coord>73.83850131 15.49770033 -79.73</gx:coord>
          <gx:coord>73.83845307 15.49779249 -79.2</gx:coord>
          <gx:coord>73.83840731 15.49788087 -78.76</gx:coord>
          <gx:coord>73.83836204 15.49796343 -78.4</gx:coord>
          <gx:coord>73.83831617 15.49804013 -78.8</gx:coord>
          <gx:coord>73.83827091 15.49811827 -78.68</gx:coord>
          <gx:coord>73.83822326 15.49819308 -78.68</gx:coord>
          <gx:coord>73.838183 15.49826305 -79.33</gx:coord>
          <gx:coord>73.83814541 15.49832671 -79.84</gx:coord>
          <gx:coord>73.83810207 15.4983857 -79.77</gx:coord>
          <gx:coord>73.83806303 15.49843837 -80.83</gx:coord>
          <gx:coord>73.8380433 15.49848442 -81.92</gx:coord>
          <gx:coord>73.8379905 15.49854423 -81.69</gx:coord>
          <gx:coord>73.83795278 15.49859324 -81.65</gx:coord>
          <gx:coord>73.83789489 15.49861661 -81.62</gx:coord>
          <gx:coord>73.8378877 15.49866322 -80.67</gx:coord>
          <gx:coord>73.83788197 15.49870611 -80.09</gx:coord>
          <gx:coord>73.83788782 15.498748 -79.7</gx:coord>
          <gx:coord>73.83789557 15.49878836 -78.78</gx:coord>
          <gx:coord>73.83789779 15.49883042 -78.54</gx:coord>
          <gx:coord>73.83790485 15.49886846 -79.01</gx:coord>
          <gx:coord>73.83791804 15.49889881 -77.63</gx:coord>
          <gx:coord>73.83792818 15.49892177 -77.69</gx:coord>
          <gx:coord>73.83794083 15.4989392 -76.36</gx:coord>
          <gx:coord>73.83795945 15.4989524 -76.65</gx:coord>
          <gx:coord>73.83798579 15.49897271 -76.62</gx:coord>
          <gx:coord>73.83800003 15.49899181 -77.6</gx:coord>
          <gx:coord>73.83802073 15.4990092 -77.69</gx:coord>
          <gx:coord>73.83803432 15.49901786 -78.14</gx:coord>
          <gx:coord>73.83804776 15.49902628 -79.05</gx:coord>
          <gx:coord>73.83805711 15.49903114 -79.26</gx:coord>
          <gx:coord>73.83806491 15.49903424 -78.1</gx:coord>
          <gx:coord>73.83807004 15.49903551 -78.07</gx:coord>
          <gx:coord>73.83806982 15.49903528 -78.25</gx:coord>
          <gx:coord>73.83806995 15.49903551 -78.31</gx:coord>
          <gx:coord>73.83807016 15.49903381 -78.66</gx:coord>
          <gx:coord>73.8380714 15.49903253 -78.56</gx:coord>
          <gx:coord>73.83807292 15.49903213 -78.69</gx:coord>
          <gx:coord>73.8380729 15.49903095 -78.82</gx:coord>
          <gx:coord>73.83807456 15.49902866 -78.48</gx:coord>
          <gx:coord>73.83807621 15.49902751 -78.46</gx:coord>
          <gx:coord>73.83807742 15.49902614 -78.05</gx:coord>
          <gx:coord>73.83807714 15.49902482 -78.02</gx:coord>
          <gx:coord>73.83807643 15.49902429 -78</gx:coord>
          <gx:coord>73.83807813 15.49902363 -77.82</gx:coord>
          <gx:coord>73.83808813 15.4990231 -77.03</gx:coord>
          <gx:coord>73.8381098 15.49902381 -77.85</gx:coord>
          <gx:coord>73.83813523 15.49902623 -77.77</gx:coord>
          <gx:coord>73.83818483 15.49902834 -77.74</gx:coord>
          <gx:coord>73.8382275 15.49902516 -77.65</gx:coord>
          <gx:coord>73.83827995 15.49902625 -77.04</gx:coord>
          <gx:coord>73.83832523 15.49902515 -77.11</gx:coord>
          <gx:coord>73.83840112 15.49904859 -79.25</gx:coord>
          <gx:coord>73.83845548 15.49905615 -78.82</gx:coord>
          <gx:coord>73.83851716 15.499065 -78.71</gx:coord>
          <gx:coord>73.83859806 15.49909557 -79.3</gx:coord>
          <gx:coord>73.83866577 15.49911003 -80.23</gx:coord>
          <gx:coord>73.83873599 15.49912524 -80.5</gx:coord>
          <gx:coord>73.83880829 15.4991361 -81.92</gx:coord>
          <gx:coord>73.83887955 15.49915379 -81.84</gx:coord>
          <gx:coord>73.83896277 15.49917281 -79.86</gx:coord>
          <gx:coord>73.83905813 15.49919906 -82.05</gx:coord>
          <gx:coord>73.83913382 15.49922058 -81.48</gx:coord>
          <gx:coord>73.83921592 15.49924078 -81.32</gx:coord>
          <gx:coord>73.83930882 15.49926728 -81.25</gx:coord>
          <gx:coord>73.83939736 15.49928851 -81.28</gx:coord>
          <gx:coord>73.83948612 15.4993104 -81.12</gx:coord>
          <gx:coord>73.83957779 15.49935033 -82.25</gx:coord>
          <gx:coord>73.83966995 15.49936452 -81.36</gx:coord>
          <gx:coord>73.8397633 15.49938282 -80.57</gx:coord>
          <gx:coord>73.83985896 15.49939579 -79.72</gx:coord>
          <gx:coord>73.83995853 15.49941749 -79.7</gx:coord>
          <gx:coord>73.8400635 15.49944474 -80.1</gx:coord>
          <gx:coord>73.84016751 15.49946961 -79.92</gx:coord>
          <gx:coord>73.84026752 15.49949168 -79.63</gx:coord>
          <gx:coord>73.84036643 15.49951078 -79.34</gx:coord>
          <gx:coord>73.84046627 15.4995299 -79.02</gx:coord>
          <gx:coord>73.84056972 15.49955251 -79.33</gx:coord>
          <gx:coord>73.84067862 15.49957711 -79.3</gx:coord>
          <gx:coord>73.84078125 15.49960441 -80.24</gx:coord>
          <gx:coord>73.84089193 15.49962915 -80.61</gx:coord>
          <gx:coord>73.84100178 15.49965673 -80.51</gx:coord>
          <gx:coord>73.84111198 15.49968091 -79.95</gx:coord>
          <gx:coord>73.84122005 15.49971309 -79.98</gx:coord>
          <gx:coord>73.84133557 15.49974233 -79.58</gx:coord>
          <gx:coord>73.8414505 15.49976902 -79.6</gx:coord>
          <gx:coord>73.84156121 15.49979493 -80.06</gx:coord>
          <gx:coord>73.84167475 15.49982448 -79.44</gx:coord>
          <gx:coord>73.84179366 15.4998546 -79.84</gx:coord>
          <gx:coord>73.84191263 15.49987999 -79.38</gx:coord>
          <gx:coord>73.84203074 15.49990623 -79.92</gx:coord>
          <gx:coord>73.8421494 15.49993511 -79.77</gx:coord>
          <gx:coord>73.84226901 15.49996274 -79.46</gx:coord>
          <gx:coord>73.84239183 15.49999349 -79.27</gx:coord>
          <gx:coord>73.84251176 15.50002935 -79.42</gx:coord>
          <gx:coord>73.84263414 15.50006396 -79.82</gx:coord>
          <gx:coord>73.84275096 15.50009098 -79.67</gx:coord>
          <gx:coord>73.8428656 15.50011893 -79.33</gx:coord>
          <gx:coord>73.84298206 15.50014724 -79.76</gx:coord>
          <gx:coord>73.84309955 15.50017459 -80.15</gx:coord>
          <gx:coord>73.84321241 15.50019702 -79.74</gx:coord>
          <gx:coord>73.84332747 15.50022927 -79.9</gx:coord>
          <gx:coord>73.84343913 15.50025061 -79.91</gx:coord>
          <gx:coord>73.84355225 15.50027917 -79.94</gx:coord>
          <gx:coord>73.84366657 15.50030217 -79.45</gx:coord>
          <gx:coord>73.84377324 15.50032572 -79.78</gx:coord>
          <gx:coord>73.84388093 15.50035499 -79.77</gx:coord>
          <gx:coord>73.84398347 15.50039046 -79.67</gx:coord>
          <gx:coord>73.84407868 15.50041569 -79.33</gx:coord>
          <gx:coord>73.84417203 15.50044596 -79.18</gx:coord>
          <gx:coord>73.84425677 15.50046445 -78.34</gx:coord>
          <gx:coord>73.84433319 15.50048164 -78.69</gx:coord>
          <gx:coord>73.84441366 15.50049826 -78.48</gx:coord>
          <gx:coord>73.84447632 15.50051282 -77.68</gx:coord>
          <gx:coord>73.84453872 15.50052643 -77.13</gx:coord>
          <gx:coord>73.8446029 15.50054724 -77.22</gx:coord>
          <gx:coord>73.8446665 15.50057268 -77.18</gx:coord>
          <gx:coord>73.84472376 15.50059366 -77.04</gx:coord>
          <gx:coord>73.84477998 15.50062687 -76.95</gx:coord>
          <gx:coord>73.84483282 15.50063991 -76.83</gx:coord>
          <gx:coord>73.84489279 15.50063783 -76.66</gx:coord>
          <gx:coord>73.84491437 15.50059922 -76.64</gx:coord>
          <gx:coord>73.84496352 15.50058378 -76.51</gx:coord>
          <gx:coord>73.8450275 15.50056441 -76.61</gx:coord>
          <gx:coord>73.84509395 15.50055356 -76.55</gx:coord>
          <gx:coord>73.84510689 15.50057886 -76.29</gx:coord>
          <gx:coord>73.84512021 15.50064825 -76.06</gx:coord>
          <gx:coord>73.84516232 15.5006502 -76.28</gx:coord>
          <gx:coord>73.8452376 15.50065576 -76.14</gx:coord>
          <gx:coord>73.84532059 15.50071921 -75.68</gx:coord>
          <gx:coord>73.8453928 15.50071782 -75.44</gx:coord>
          <gx:coord>73.84546147 15.50073553 -75.33</gx:coord>
          <gx:coord>73.84553862 15.50075756 -75.21</gx:coord>
          <gx:coord>73.84559637 15.500727 -75.42</gx:coord>
          <gx:coord>73.84574189 15.50074585 -75.81</gx:coord>
          <gx:coord>73.84586266 15.50077283 -75.28</gx:coord>
          <gx:coord>73.84599078 15.50075555 -75.65</gx:coord>
          <gx:coord>73.84609266 15.50077329 -75.99</gx:coord>
          <gx:coord>73.84616635 15.50077812 -75.87</gx:coord>
          <gx:coord>73.84625785 15.50078885 -76.62</gx:coord>
          <gx:coord>73.84632024 15.500791 -76.34</gx:coord>
          <gx:coord>73.8463607 15.50079985 -75.62</gx:coord>
          <gx:coord>73.84643448 15.50082988 -75.91</gx:coord>
          <gx:coord>73.84649061 15.50083754 -75.62</gx:coord>
          <gx:coord>73.84656296 15.50087533 -75.93</gx:coord>
          <gx:coord>73.84658851 15.50094825 -75.69</gx:coord>
          <gx:coord>73.84660882 15.50101272 -76.6</gx:coord>
          <gx:coord>73.84663645 15.50104297 -75.84</gx:coord>
          <gx:coord>73.84671827 15.5010667 -75.44</gx:coord>
          <gx:coord>73.84676733 15.5010634 -75.73</gx:coord>
          <gx:coord>73.84678757 15.50105484 -75.66</gx:coord>
          <gx:coord>73.8468163 15.50106444 -75.56</gx:coord>
          <gx:coord>73.84680711 15.50105377 -75.34</gx:coord>
          <gx:coord>73.846845 15.50105079 -75.33</gx:coord>
          <gx:coord>73.84686816 15.5010598 -74.47</gx:coord>
          <gx:coord>73.84689913 15.50105268 -75.71</gx:coord>
          <gx:coord>73.84692396 15.50106337 -74.42</gx:coord>
          <gx:coord>73.84695594 15.50107394 -74.31</gx:coord>
          <gx:coord>73.84697538 15.50108059 -73.36</gx:coord>
          <gx:coord>73.84700624 15.50108728 -72.64</gx:coord>
          <gx:coord>73.84703607 15.50109337 -72.7</gx:coord>
          <gx:coord>73.8470627 15.50109908 -72.42</gx:coord>
          <gx:coord>73.84709375 15.50110562 -73</gx:coord>
          <gx:coord>73.84712896 15.50111187 -72.92</gx:coord>
          <gx:coord>73.84716491 15.50111819 -72.85</gx:coord>
          <gx:coord>73.84720598 15.50112355 -72.62</gx:coord>
          <gx:coord>73.84732264 15.5011356 -72.58</gx:coord>
          <gx:coord>73.84742124 15.50115386 -72.4</gx:coord>
          <gx:coord>73.8474742 15.50115984 -72.25</gx:coord>
          <gx:coord>73.84753449 15.50117063 -72.33</gx:coord>
          <gx:coord>73.84762891 15.50121161 -71.84</gx:coord>
          <gx:coord>73.84768783 15.50122545 -71.81</gx:coord>
          <gx:coord>73.84772634 15.50126546 -71.7</gx:coord>
          <gx:coord>73.84777755 15.50128075 -71.69</gx:coord>
          <gx:coord>73.84785118 15.50130288 -71.58</gx:coord>
          <gx:coord>73.8479533 15.50130008 -71.6</gx:coord>
          <gx:coord>73.84803441 15.50131593 -71.42</gx:coord>
          <gx:coord>73.84815598 15.5013797 -70.27</gx:coord>
          <gx:coord>73.84823954 15.50138175 -70.66</gx:coord>
          <gx:coord>73.84838937 15.50149047 -71.98</gx:coord>
          <gx:coord>73.84843244 15.50150093 -71.19</gx:coord>
          <gx:coord>73.84849369 15.50151712 -71.39</gx:coord>
          <gx:coord>73.84858475 15.50152473 -72.08</gx:coord>
          <gx:coord>73.84865285 15.50154008 -71.99</gx:coord>
          <gx:coord>73.8487236 15.50155874 -71.98</gx:coord>
          <gx:coord>73.84877741 15.50156634 -71.76</gx:coord>
          <gx:coord>73.84879878 15.50157292 -71.41</gx:coord>
          <gx:coord>73.84887382 15.5016075 -70.56</gx:coord>
          <gx:coord>73.84890849 15.50161633 -70.53</gx:coord>
          <gx:coord>73.84897311 15.50164044 -70.18</gx:coord>
          <gx:coord>73.84905343 15.50165502 -71.16</gx:coord>
          <gx:coord>73.84909366 15.50167388 -71.17</gx:coord>
          <gx:coord>73.84914947 15.50168828 -70.82</gx:coord>
          <gx:coord>73.84923655 15.50171381 -70.2</gx:coord>
          <gx:coord>73.84932284 15.5017419 -69.62</gx:coord>
          <gx:coord>73.84940236 15.50179396 -68.52</gx:coord>
          <gx:coord>73.8494821 15.50178858 -67.64</gx:coord>
          <gx:coord>73.84951133 15.50176253 -68.63</gx:coord>
          <gx:coord>73.84956692 15.50172736 -73.05</gx:coord>
          <gx:coord>73.84965006 15.50174592 -76.01</gx:coord>
          <gx:coord>73.84972282 15.50174901 -76.44</gx:coord>
          <gx:coord>73.8497794 15.50176842 -75.77</gx:coord>
          <gx:coord>73.84983475 15.50177464 -79.51</gx:coord>
          <gx:coord>73.84986638 15.50179301 -80.83</gx:coord>
          <gx:coord>73.84993604 15.50182529 -80.31</gx:coord>
          <gx:coord>73.84999805 15.50183772 -79.85</gx:coord>
          <gx:coord>73.85005894 15.50185229 -79.53</gx:coord>
          <gx:coord>73.85011252 15.5018563 -78.51</gx:coord>
          <gx:coord>73.85016587 15.50186177 -77.7</gx:coord>
          <gx:coord>73.85021122 15.50187277 -75.3</gx:coord>
          <gx:coord>73.85026305 15.50188571 -75.27</gx:coord>
          <gx:coord>73.85032173 15.50188988 -76.3</gx:coord>
          <gx:coord>73.85036558 15.50188912 -76.75</gx:coord>
          <gx:coord>73.85042058 15.50189612 -77.76</gx:coord>
          <gx:coord>73.8504799 15.5019074 -77.57</gx:coord>
          <gx:coord>73.85054434 15.50192416 -78.51</gx:coord>
          <gx:coord>73.85060237 15.50194564 -78.82</gx:coord>
          <gx:coord>73.85065945 15.50196239 -79.16</gx:coord>
          <gx:coord>73.8507168 15.50197426 -78.07</gx:coord>
          <gx:coord>73.85078634 15.50198903 -76.2</gx:coord>
          <gx:coord>73.85085432 15.50199739 -77.3</gx:coord>
          <gx:coord>73.85092813 15.50201308 -77.38</gx:coord>
          <gx:coord>73.85099449 15.50202965 -76.96</gx:coord>
          <gx:coord>73.85106382 15.50204892 -76.17</gx:coord>
          <gx:coord>73.85113339 15.50206462 -75.07</gx:coord>
          <gx:coord>73.85120578 15.50207956 -75.43</gx:coord>
          <gx:coord>73.85127367 15.50208666 -76.05</gx:coord>
          <gx:coord>73.85133066 15.50210083 -75.97</gx:coord>
          <gx:coord>73.85138896 15.50211234 -76.29</gx:coord>
          <gx:coord>73.85144467 15.50211805 -76.38</gx:coord>
          <gx:coord>73.85151239 15.50213233 -76.3</gx:coord>
          <gx:coord>73.85157255 15.50213732 -76.78</gx:coord>
          <gx:coord>73.85163211 15.50214376 -76.14</gx:coord>
          <gx:coord>73.85170358 15.50215933 -77.25</gx:coord>
          <gx:coord>73.85177143 15.50217516 -77.37</gx:coord>
          <gx:coord>73.85183688 15.5021853 -78.05</gx:coord>
          <gx:coord>73.85190683 15.50218914 -79.13</gx:coord>
          <gx:coord>73.85197572 15.50220437 -77.68</gx:coord>
          <gx:coord>73.85204514 15.50221828 -77.74</gx:coord>
          <gx:coord>73.85212558 15.50222594 -77.92</gx:coord>
          <gx:coord>73.85220258 15.50223708 -77.77</gx:coord>
          <gx:coord>73.85228705 15.50225461 -78.78</gx:coord>
          <gx:coord>73.85236091 15.50226827 -78.43</gx:coord>
          <gx:coord>73.85243708 15.50228174 -78.78</gx:coord>
          <gx:coord>73.85250161 15.50228482 -79.26</gx:coord>
          <gx:coord>73.85256898 15.50229043 -80.08</gx:coord>
          <gx:coord>73.8526342 15.50229578 -80.49</gx:coord>
          <gx:coord>73.85270077 15.50229917 -80.94</gx:coord>
          <gx:coord>73.85275496 15.50230457 -80.15</gx:coord>
          <gx:coord>73.85280744 15.5023154 -79.45</gx:coord>
          <gx:coord>73.85287143 15.50232056 -80.44</gx:coord>
          <gx:coord>73.85294346 15.50233335 -81.65</gx:coord>
          <gx:coord>73.85301353 15.502345 -82.09</gx:coord>
          <gx:coord>73.85308579 15.5023596 -81.86</gx:coord>
          <gx:coord>73.85312793 15.50235918 -80.96</gx:coord>
          <gx:coord>73.85317343 15.50236378 -81.28</gx:coord>
          <gx:coord>73.85320073 15.50236375 -80.59</gx:coord>
          <gx:coord>73.85323409 15.50236884 -80.84</gx:coord>
          <gx:coord>73.85326625 15.50237085 -80.66</gx:coord>
          <gx:coord>73.85330631 15.50236801 -80.81</gx:coord>
          <gx:coord>73.85336085 15.50237872 -80.67</gx:coord>
          <gx:coord>73.85340996 15.50238423 -80.46</gx:coord>
          <gx:coord>73.85346312 15.50239967 -79.72</gx:coord>
          <gx:coord>73.85352063 15.50241921 -79.13</gx:coord>
          <gx:coord>73.8535794 15.50241389 -79.63</gx:coord>
          <gx:coord>73.85364491 15.50240884 -79.91</gx:coord>
          <gx:coord>73.85369953 15.50241405 -79.87</gx:coord>
          <gx:coord>73.85377642 15.50242331 -80.35</gx:coord>
          <gx:coord>73.85384412 15.50242697 -80.67</gx:coord>
          <gx:coord>73.85391639 15.50243434 -80.89</gx:coord>
          <gx:coord>73.85398093 15.50244449 -81.4</gx:coord>
          <gx:coord>73.85401799 15.50247627 -80.32</gx:coord>
          <gx:coord>73.85409082 15.50249208 -79.66</gx:coord>
          <gx:coord>73.85418748 15.50251308 -80.32</gx:coord>
          <gx:coord>73.85426501 15.50250406 -80.72</gx:coord>
          <gx:coord>73.85435157 15.50248363 -79.24</gx:coord>
          <gx:coord>73.85447243 15.50252254 -79.88</gx:coord>
          <gx:coord>73.85455547 15.50253859 -80.69</gx:coord>
          <gx:coord>73.85463712 15.50254352 -79.13</gx:coord>
          <gx:coord>73.85474166 15.502567 -78.41</gx:coord>
          <gx:coord>73.85485134 15.50258033 -77.73</gx:coord>
          <gx:coord>73.85496331 15.50257701 -78.18</gx:coord>
          <gx:coord>73.85505686 15.5026075 -79.25</gx:coord>
          <gx:coord>73.85514917 15.50261568 -78.99</gx:coord>
          <gx:coord>73.85522257 15.50263032 -77.47</gx:coord>
          <gx:coord>73.85529909 15.50262038 -78.07</gx:coord>
          <gx:coord>73.85536375 15.50263251 -79.77</gx:coord>
          <gx:coord>73.85541009 15.50264637 -78.43</gx:coord>
          <gx:coord>73.85543371 15.50264234 -78.09</gx:coord>
          <gx:coord>73.85546684 15.50265623 -77.92</gx:coord>
          <gx:coord>73.85551076 15.50266961 -78.6</gx:coord>
          <gx:coord>73.85553679 15.50268042 -78.15</gx:coord>
          <gx:coord>73.85554088 15.50267972 -78.79</gx:coord>
          <gx:coord>73.85557176 15.50268298 -78.6</gx:coord>
          <gx:coord>73.85560046 15.5026943 -78.96</gx:coord>
          <gx:coord>73.85567145 15.50268791 -79.2</gx:coord>
          <gx:coord>73.85571738 15.50269134 -79.56</gx:coord>
          <gx:coord>73.85580437 15.50270527 -80.3</gx:coord>
          <gx:coord>73.85584619 15.50271922 -77.79</gx:coord>
          <gx:coord>73.85595021 15.50274471 -78.17</gx:coord>
          <gx:coord>73.85601061 15.5027683 -78.06</gx:coord>
          <gx:coord>73.85606913 15.50278999 -77.6</gx:coord>
          <gx:coord>73.85616586 15.50279234 -78.7</gx:coord>
          <gx:coord>73.85625735 15.50281129 -79.59</gx:coord>
          <gx:coord>73.85634296 15.50281587 -80.28</gx:coord>
          <gx:coord>73.85634987 15.50280779 -79.72</gx:coord>
          <gx:coord>73.85645852 15.50283408 -80.36</gx:coord>
          <gx:coord>73.856514 15.50284341 -79.66</gx:coord>
          <gx:coord>73.85659902 15.50286834 -79.48</gx:coord>
          <gx:coord>73.85672334 15.50289986 -80.01</gx:coord>
          <gx:coord>73.85675048 15.50288294 -79.68</gx:coord>
          <gx:coord>73.85684583 15.50290676 -78.87</gx:coord>
          <gx:coord>73.8569233 15.5029235 -78.09</gx:coord>
          <gx:coord>73.8569953 15.50292025 -80.04</gx:coord>
          <gx:coord>73.85706535 15.50292833 -77.84</gx:coord>
          <gx:coord>73.85709046 15.5029564 -77.8</gx:coord>
          <gx:coord>73.8571586 15.50295952 -78.68</gx:coord>
          <gx:coord>73.85725045 15.50297846 -79.55</gx:coord>
          <gx:coord>73.85731544 15.5029912 -80.23</gx:coord>
          <gx:coord>73.85738438 15.50301175 -79.24</gx:coord>
          <gx:coord>73.85747604 15.50303219 -77.22</gx:coord>
          <gx:coord>73.85756709 15.50306152 -77.9</gx:coord>
          <gx:coord>73.85760702 15.50304932 -77.76</gx:coord>
          <gx:coord>73.85764721 15.50305151 -77.8</gx:coord>
          <gx:coord>73.85773372 15.50304724 -76.32</gx:coord>
          <gx:coord>73.85779614 15.50305219 -76.19</gx:coord>
          <gx:coord>73.85786344 15.50305146 -77.74</gx:coord>
          <gx:coord>73.85795084 15.50305335 -77.45</gx:coord>
          <gx:coord>73.85801658 15.50306676 -77.35</gx:coord>
          <gx:coord>73.85811251 15.50308814 -77.57</gx:coord>
          <gx:coord>73.85817432 15.50309198 -77.01</gx:coord>
          <gx:coord>73.85823712 15.50312334 -76.38</gx:coord>
          <gx:coord>73.85831918 15.50314435 -77.22</gx:coord>
          <gx:coord>73.85838841 15.50315994 -77.12</gx:coord>
          <gx:coord>73.85842707 15.50312283 -79.1</gx:coord>
          <gx:coord>73.85848334 15.50311994 -81.15</gx:coord>
          <gx:coord>73.85856551 15.50313808 -81.6</gx:coord>
          <gx:coord>73.85864247 15.50316326 -79.2</gx:coord>
          <gx:coord>73.85873118 15.50318717 -78.72</gx:coord>
          <gx:coord>73.8587895 15.50318672 -77.63</gx:coord>
          <gx:coord>73.85886347 15.50319832 -77.44</gx:coord>
          <gx:coord>73.85891397 15.50320338 -76.56</gx:coord>
          <gx:coord>73.85897603 15.50321599 -77.71</gx:coord>
          <gx:coord>73.85902663 15.50322538 -79.34</gx:coord>
          <gx:coord>73.85905865 15.50322612 -80.97</gx:coord>
          <gx:coord>73.85908992 15.50323393 -79.47</gx:coord>
          <gx:coord>73.85911907 15.50323656 -80.15</gx:coord>
          <gx:coord>73.85914016 15.5032404 -79.4</gx:coord>
          <gx:coord>73.85917418 15.5032456 -80.59</gx:coord>
          <gx:coord>73.85919833 15.50325059 -79.84</gx:coord>
          <gx:coord>73.85922625 15.50324741 -77.98</gx:coord>
          <gx:coord>73.85926717 15.50325034 -78.59</gx:coord>
          <gx:coord>73.85931072 15.50326218 -78.27</gx:coord>
          <gx:coord>73.85936074 15.50326715 -78.59</gx:coord>
          <gx:coord>73.8594094 15.50326956 -79.09</gx:coord>
          <gx:coord>73.85946022 15.50328041 -79.38</gx:coord>
          <gx:coord>73.85952923 15.50328639 -79.68</gx:coord>
          <gx:coord>73.85958867 15.50327485 -79.09</gx:coord>
          <gx:coord>73.85967616 15.50328854 -80.33</gx:coord>
          <gx:coord>73.85976244 15.503302 -78.92</gx:coord>
          <gx:coord>73.85985007 15.5033098 -79.62</gx:coord>
          <gx:coord>73.85993661 15.50332842 -79.52</gx:coord>
          <gx:coord>73.86002336 15.50334701 -81.97</gx:coord>
          <gx:coord>73.86010281 15.50336964 -83.03</gx:coord>
          <gx:coord>73.86020828 15.50336192 -83.12</gx:coord>
          <gx:coord>73.86030509 15.50340352 -82.59</gx:coord>
          <gx:coord>73.86039805 15.50340903 -82.86</gx:coord>
          <gx:coord>73.86049971 15.50342927 -83.05</gx:coord>
          <gx:coord>73.86060474 15.50344331 -82.85</gx:coord>
          <gx:coord>73.86071287 15.50345763 -82.68</gx:coord>
          <gx:coord>73.86082438 15.50347722 -82.72</gx:coord>
          <gx:coord>73.86094065 15.50352014 -83.72</gx:coord>
          <gx:coord>73.86105488 15.50355298 -84.96</gx:coord>
          <gx:coord>73.86115134 15.50359425 -85.21</gx:coord>
          <gx:coord>73.86125632 15.50362349 -83.67</gx:coord>
          <gx:coord>73.86136298 15.50365621 -83.63</gx:coord>
          <gx:coord>73.86147063 15.5036872 -83.51</gx:coord>
          <gx:coord>73.86158587 15.50370221 -82.54</gx:coord>
          <gx:coord>73.86169834 15.50372174 -82.57</gx:coord>
          <gx:coord>73.86180134 15.5037369 -82.71</gx:coord>
          <gx:coord>73.86188415 15.50375185 -81.19</gx:coord>
          <gx:coord>73.86196692 15.50376454 -82.21</gx:coord>
          <gx:coord>73.86204997 15.50377106 -84.67</gx:coord>
          <gx:coord>73.8621265 15.50378571 -84.43</gx:coord>
          <gx:coord>73.86220284 15.50380117 -84.53</gx:coord>
          <gx:coord>73.86227363 15.50384782 -84.75</gx:coord>
          <gx:coord>73.86233827 15.50388748 -84.69</gx:coord>
          <gx:coord>73.86238364 15.50392788 -85.95</gx:coord>
          <gx:coord>73.86243739 15.50397817 -85.92</gx:coord>
          <gx:coord>73.8624457 15.50405524 -87.07</gx:coord>
          <gx:coord>73.86243891 15.50409414 -83.91</gx:coord>
          <gx:coord>73.86246341 15.50415915 -83.7</gx:coord>
          <gx:coord>73.86248464 15.50422181 -83.66</gx:coord>
          <gx:coord>73.86250275 15.50428889 -83.63</gx:coord>
          <gx:coord>73.86253269 15.50433533 -83.71</gx:coord>
          <gx:coord>73.86256009 15.50439415 -83.9</gx:coord>
          <gx:coord>73.86265883 15.50443385 -83.85</gx:coord>
          <gx:coord>73.86272753 15.50447405 -83.63</gx:coord>
          <gx:coord>73.86279103 15.50451642 -83.16</gx:coord>
          <gx:coord>73.86284676 15.50452703 -82.34</gx:coord>
          <gx:coord>73.86290235 15.50458517 -82.12</gx:coord>
          <gx:coord>73.86293041 15.50462567 -82.02</gx:coord>
          <gx:coord>73.86303039 15.50470889 -82</gx:coord>
          <gx:coord>73.86309788 15.50477369 -82.07</gx:coord>
          <gx:coord>73.86317811 15.50483666 -82.31</gx:coord>
          <gx:coord>73.86322714 15.50493037 -82.27</gx:coord>
          <gx:coord>73.86329712 15.50500762 -82.19</gx:coord>
          <gx:coord>73.86336849 15.50507319 -82.71</gx:coord>
          <gx:coord>73.86346603 15.50515519 -82.28</gx:coord>
          <gx:coord>73.86357659 15.50522896 -81.61</gx:coord>
          <gx:coord>73.86366158 15.50530841 -81.79</gx:coord>
          <gx:coord>73.86372965 15.50537831 -81.76</gx:coord>
          <gx:coord>73.86379511 15.50542281 -81.83</gx:coord>
          <gx:coord>73.86385043 15.5054849 -81.97</gx:coord>
          <gx:coord>73.86391282 15.50551994 -81.27</gx:coord>
          <gx:coord>73.86396186 15.50557082 -80.74</gx:coord>
          <gx:coord>73.86403308 15.50563011 -80.46</gx:coord>
          <gx:coord>73.86407655 15.50566052 -80.25</gx:coord>
          <gx:coord>73.86412489 15.50568972 -80.26</gx:coord>
          <gx:coord>73.86419204 15.50571636 -80.11</gx:coord>
          <gx:coord>73.86424311 15.50573259 -79.68</gx:coord>
          <gx:coord>73.86427137 15.50574389 -80.57</gx:coord>
          <gx:coord>73.86430071 15.50575027 -80.85</gx:coord>
          <gx:coord>73.86429672 15.50575842 -80.33</gx:coord>
          <gx:coord>73.86428166 15.50573387 -79.68</gx:coord>
          <gx:coord>73.86429331 15.50573892 -80.18</gx:coord>
          <gx:coord>73.86427032 15.50571334 -78.05</gx:coord>
          <gx:coord>73.86428557 15.50572473 -78.16</gx:coord>
          <gx:coord>73.86428933 15.50573809 -78.56</gx:coord>
          <gx:coord>73.86431471 15.505734 -78.8</gx:coord>
          <gx:coord>73.8643352 15.50572806 -78.68</gx:coord>
          <gx:coord>73.86436591 15.50571993 -78.07</gx:coord>
          <gx:coord>73.86440878 15.50571879 -78.37</gx:coord>
          <gx:coord>73.86445402 15.50571392 -78.68</gx:coord>
          <gx:coord>73.86449914 15.50571779 -75.81</gx:coord>
          <gx:coord>73.86453792 15.50573192 -74.29</gx:coord>
          <gx:coord>73.8645716 15.50574507 -74.48</gx:coord>
          <gx:coord>73.8646095 15.50575591 -74.56</gx:coord>
          <gx:coord>73.86473029 15.50571688 -71.44</gx:coord>
          <gx:coord>73.86480283 15.5057419 -72.57</gx:coord>
          <gx:coord>73.86485682 15.50572661 -73.2</gx:coord>
          <gx:coord>73.86492924 15.50572772 -73.55</gx:coord>
          <gx:coord>73.8650197 15.50573433 -74.08</gx:coord>
          <gx:coord>73.86509652 15.50574842 -73.12</gx:coord>
          <gx:coord>73.86517869 15.50575478 -73.77</gx:coord>
          <gx:coord>73.8652637 15.50575954 -74.25</gx:coord>
          <gx:coord>73.8653464 15.50576568 -74.62</gx:coord>
          <gx:coord>73.865424 15.50575321 -73.86</gx:coord>
          <gx:coord>73.86548231 15.50573711 -73.73</gx:coord>
          <gx:coord>73.86554382 15.5057237 -73.87</gx:coord>
          <gx:coord>73.86562677 15.50572359 -73.92</gx:coord>
          <gx:coord>73.86569856 15.50567978 -73.13</gx:coord>
          <gx:coord>73.86577101 15.50564902 -74.2</gx:coord>
          <gx:coord>73.86583342 15.50562459 -73.74</gx:coord>
          <gx:coord>73.86591513 15.5055635 -72.9</gx:coord>
          <gx:coord>73.86597848 15.50551762 -72.99</gx:coord>
          <gx:coord>73.86606192 15.5054641 -73.69</gx:coord>
          <gx:coord>73.86611583 15.50541481 -72.1</gx:coord>
          <gx:coord>73.86617489 15.50538132 -71.93</gx:coord>
          <gx:coord>73.86624469 15.50533787 -72.19</gx:coord>
          <gx:coord>73.86630063 15.50527883 -72.54</gx:coord>
          <gx:coord>73.86638574 15.50524943 -72.42</gx:coord>
          <gx:coord>73.86646834 15.50522954 -72.22</gx:coord>
          <gx:coord>73.86654182 15.50519794 -71.96</gx:coord>
          <gx:coord>73.86662621 15.50515413 -68.88</gx:coord>
          <gx:coord>73.8667031 15.50512268 -67.64</gx:coord>
          <gx:coord>73.86677848 15.50509039 -67.36</gx:coord>
          <gx:coord>73.86686185 15.50505846 -67.44</gx:coord>
          <gx:coord>73.86695129 15.50503182 -68.78</gx:coord>
          <gx:coord>73.86702772 15.50499824 -68.92</gx:coord>
          <gx:coord>73.8670999 15.5049697 -69.79</gx:coord>
          <gx:coord>73.86717118 15.50493801 -70.93</gx:coord>
          <gx:coord>73.86723108 15.50489893 -72.02</gx:coord>
          <gx:coord>73.86728294 15.50485677 -72.43</gx:coord>
          <gx:coord>73.86732941 15.50481831 -71.9</gx:coord>
          <gx:coord>73.86736646 15.5047845 -72.98</gx:coord>
          <gx:coord>73.86740448 15.50473609 -72.64</gx:coord>
          <gx:coord>73.86743892 15.50468706 -72.7</gx:coord>
          <gx:coord>73.86748038 15.50463007 -73.78</gx:coord>
          <gx:coord>73.86752024 15.50457626 -72.55</gx:coord>
          <gx:coord>73.86756395 15.50452675 -71.02</gx:coord>
          <gx:coord>73.86760968 15.50447117 -69.98</gx:coord>
          <gx:coord>73.86764915 15.50437617 -69.62</gx:coord>
          <gx:coord>73.86769856 15.50430841 -69.08</gx:coord>
          <gx:coord>73.8677389 15.50420858 -69.88</gx:coord>
          <gx:coord>73.86778471 15.50411935 -70.11</gx:coord>
          <gx:coord>73.86783039 15.5040264 -70.11</gx:coord>
          <gx:coord>73.86786765 15.50392915 -71.99</gx:coord>
          <gx:coord>73.86792901 15.50382926 -71.73</gx:coord>
          <gx:coord>73.86797178 15.50372469 -72.78</gx:coord>
          <gx:coord>73.86802342 15.50362528 -72.09</gx:coord>
          <gx:coord>73.8680743 15.50352498 -73.24</gx:coord>
          <gx:coord>73.86811729 15.50341788 -72.94</gx:coord>
          <gx:coord>73.86817186 15.50331848 -71.34</gx:coord>
          <gx:coord>73.86822102 15.50323202 -71.54</gx:coord>
          <gx:coord>73.86827821 15.50314416 -71.27</gx:coord>
          <gx:coord>73.86834623 15.50304936 -71.66</gx:coord>
          <gx:coord>73.86845817 15.50297862 -71.56</gx:coord>
          <gx:coord>73.86853947 15.50290206 -70.88</gx:coord>
          <gx:coord>73.86865458 15.50284424 -71.12</gx:coord>
          <gx:coord>73.86876163 15.50277944 -71.36</gx:coord>
          <gx:coord>73.86886278 15.50273176 -69.95</gx:coord>
          <gx:coord>73.86898853 15.5026853 -70.14</gx:coord>
          <gx:coord>73.86912249 15.50266269 -70.34</gx:coord>
          <gx:coord>73.86923985 15.50263401 -71.26</gx:coord>
          <gx:coord>73.86935759 15.50259986 -73.09</gx:coord>
          <gx:coord>73.86947346 15.50257326 -72.41</gx:coord>
          <gx:coord>73.86960906 15.50255578 -71.53</gx:coord>
          <gx:coord>73.86971356 15.50253736 -72.11</gx:coord>
          <gx:coord>73.86986455 15.50251978 -73.58</gx:coord>
          <gx:coord>73.86996045 15.50250651 -73.64</gx:coord>
          <gx:coord>73.87007328 15.50248935 -74.24</gx:coord>
          <gx:coord>73.87024581 15.502464 -75.99</gx:coord>
          <gx:coord>73.87041662 15.50246026 -76.2</gx:coord>
          <gx:coord>73.87055607 15.50238937 -81.39</gx:coord>
          <gx:coord>73.87066037 15.50236015 -81.77</gx:coord>
          <gx:coord>73.87078381 15.50233858 -81.45</gx:coord>
          <gx:coord>73.87089626 15.50230252 -81.66</gx:coord>
          <gx:coord>73.87100997 15.50227247 -82.03</gx:coord>
          <gx:coord>73.87122611 15.50219924 -82.98</gx:coord>
          <gx:coord>73.87134543 15.50216129 -82.64</gx:coord>
          <gx:coord>73.871463 15.50212634 -82.35</gx:coord>
          <gx:coord>73.87158655 15.50210183 -81.62</gx:coord>
          <gx:coord>73.87169898 15.50205931 -80.72</gx:coord>
          <gx:coord>73.87177971 15.50203249 -78.81</gx:coord>
          <gx:coord>73.87189221 15.50203408 -78.8</gx:coord>
          <gx:coord>73.87201053 15.50201794 -77.57</gx:coord>
          <gx:coord>73.87215333 15.50198944 -77.52</gx:coord>
          <gx:coord>73.87228777 15.50197001 -77.97</gx:coord>
          <gx:coord>73.87241043 15.50195291 -78.16</gx:coord>
          <gx:coord>73.87255333 15.50194932 -77.74</gx:coord>
          <gx:coord>73.87268654 15.50195758 -77.5</gx:coord>
          <gx:coord>73.8728045 15.50196506 -76.02</gx:coord>
          <gx:coord>73.8729304 15.5019656 -76.08</gx:coord>
          <gx:coord>73.87303679 15.50198425 -74.86</gx:coord>
          <gx:coord>73.87316598 15.50200775 -75.03</gx:coord>
          <gx:coord>73.87327895 15.50200454 -76.51</gx:coord>
          <gx:coord>73.87337749 15.50198697 -76.68</gx:coord>
          <gx:coord>73.87348902 15.50200168 -76.12</gx:coord>
          <gx:coord>73.87360552 15.50201412 -76.33</gx:coord>
          <gx:coord>73.87369055 15.5020508 -76.52</gx:coord>
          <gx:coord>73.87372859 15.50206169 -75.85</gx:coord>
          <gx:coord>73.87376869 15.50208156 -76.06</gx:coord>
          <gx:coord>73.87380262 15.50206968 -74.15</gx:coord>
          <gx:coord>73.87383846 15.50206369 -71.17</gx:coord>
          <gx:coord>73.87388078 15.5020399 -68.87</gx:coord>
          <gx:coord>73.87393106 15.50205768 -67.93</gx:coord>
          <gx:coord>73.87398825 15.50206292 -68.25</gx:coord>
          <gx:coord>73.87404317 15.50207072 -68.35</gx:coord>
          <gx:coord>73.87411601 15.50208037 -68</gx:coord>
          <gx:coord>73.87417444 15.50208423 -69.99</gx:coord>
          <gx:coord>73.87422503 15.50206732 -70.34</gx:coord>
          <gx:coord>73.87428964 15.5020619 -71.26</gx:coord>
          <gx:coord>73.87432816 15.50205576 -71.84</gx:coord>
          <gx:coord>73.87437553 15.50205099 -73.14</gx:coord>
          <gx:coord>73.87441588 15.50203485 -74.91</gx:coord>
          <gx:coord>73.87446812 15.50202485 -75.26</gx:coord>
          <gx:coord>73.8745209 15.50200888 -75.68</gx:coord>
          <gx:coord>73.87457815 15.50198691 -75.9</gx:coord>
          <gx:coord>73.87464201 15.50195429 -75.63</gx:coord>
          <gx:coord>73.87470216 15.50191787 -75.69</gx:coord>
          <gx:coord>73.87477825 15.50188694 -74.43</gx:coord>
          <gx:coord>73.87484567 15.50185112 -73.58</gx:coord>
          <gx:coord>73.87491579 15.50180644 -73.87</gx:coord>
          <gx:coord>73.87498992 15.50176348 -73.72</gx:coord>
          <gx:coord>73.87507872 15.50172618 -74.16</gx:coord>
          <gx:coord>73.87516441 15.50168704 -73.78</gx:coord>
          <gx:coord>73.87525447 15.50165243 -73.7</gx:coord>
          <gx:coord>73.87534096 15.50161328 -74.9</gx:coord>
          <gx:coord>73.87543051 15.50156792 -75.23</gx:coord>
          <gx:coord>73.87552052 15.50152191 -74.92</gx:coord>
          <gx:coord>73.87561493 15.50147029 -74.6</gx:coord>
          <gx:coord>73.87570498 15.50141368 -75.38</gx:coord>
          <gx:coord>73.87581432 15.50136409 -75.58</gx:coord>
          <gx:coord>73.87592185 15.50130984 -75.35</gx:coord>
          <gx:coord>73.87602928 15.50125234 -75.42</gx:coord>
          <gx:coord>73.8761325 15.50119362 -75.74</gx:coord>
          <gx:coord>73.87624005 15.50112946 -75.97</gx:coord>
          <gx:coord>73.87634488 15.50107502 -75.35</gx:coord>
          <gx:coord>73.87644956 15.50101486 -75.09</gx:coord>
          <gx:coord>73.87653948 15.50094718 -74.9</gx:coord>
          <gx:coord>73.87664341 15.50088165 -74.5</gx:coord>
          <gx:coord>73.87673939 15.50081385 -75</gx:coord>
          <gx:coord>73.87683553 15.50074925 -75.35</gx:coord>
          <gx:coord>73.87692499 15.50067595 -75.47</gx:coord>
          <gx:coord>73.87702494 15.50061597 -75.07</gx:coord>
          <gx:coord>73.87712384 15.50056298 -74.71</gx:coord>
          <gx:coord>73.87722375 15.50050986 -75.62</gx:coord>
          <gx:coord>73.87731412 15.50046259 -75.82</gx:coord>
          <gx:coord>73.87739332 15.50042697 -75.68</gx:coord>
          <gx:coord>73.87745843 15.50039736 -74.98</gx:coord>
          <gx:coord>73.87750691 15.50037696 -75</gx:coord>
          <gx:coord>73.87753993 15.5003614 -74.45</gx:coord>
          <gx:coord>73.87755099 15.5003531 -74.16</gx:coord>
          <gx:coord>73.87755415 15.50035194 -73.85</gx:coord>
          <gx:coord>73.87755346 15.50035251 -73.74</gx:coord>
          <gx:coord>73.87755333 15.50035158 -73.58</gx:coord>
          <gx:coord>73.8775529 15.50035286 -73.55</gx:coord>
          <gx:coord>73.87755208 15.50035303 -73.64</gx:coord>
          <gx:coord>73.87755392 15.50035377 -73.6</gx:coord>
          <gx:coord>73.87756065 15.5003542 -73.86</gx:coord>
          <gx:coord>73.87757695 15.50035337 -73.5</gx:coord>
          <gx:coord>73.87759984 15.50034241 -73.4</gx:coord>
          <gx:coord>73.87763351 15.50033004 -73.41</gx:coord>
          <gx:coord>73.87766424 15.50030445 -73.6</gx:coord>
          <gx:coord>73.87770052 15.50028563 -73.36</gx:coord>
          <gx:coord>73.87773604 15.50026433 -72.82</gx:coord>
          <gx:coord>73.87777652 15.50024087 -72.86</gx:coord>
          <gx:coord>73.87781033 15.50022823 -73.3</gx:coord>
          <gx:coord>73.8778724 15.50019075 -74.26</gx:coord>
          <gx:coord>73.87791946 15.50015919 -75.2</gx:coord>
          <gx:coord>73.87798514 15.50012507 -75.54</gx:coord>
          <gx:coord>73.87803991 15.50008207 -75.15</gx:coord>
          <gx:coord>73.87809836 15.50004496 -74.99</gx:coord>
          <gx:coord>73.87817414 15.50000552 -73.94</gx:coord>
          <gx:coord>73.87823909 15.49996593 -73.6</gx:coord>
          <gx:coord>73.87831296 15.49993191 -72.93</gx:coord>
          <gx:coord>73.87838597 15.49989654 -72.84</gx:coord>
          <gx:coord>73.8784688 15.49986932 -72.2</gx:coord>
          <gx:coord>73.87855547 15.4998359 -71.89</gx:coord>
          <gx:coord>73.87863379 15.49977979 -72.26</gx:coord>
          <gx:coord>73.87872542 15.49970927 -73.07</gx:coord>
          <gx:coord>73.87882664 15.4996978 -72.58</gx:coord>
          <gx:coord>73.87891841 15.49966153 -72.74</gx:coord>
          <gx:coord>73.87898674 15.49961788 -72.06</gx:coord>
          <gx:coord>73.87909541 15.49960605 -72.09</gx:coord>
          <gx:coord>73.87918556 15.49958873 -73.21</gx:coord>
          <gx:coord>73.8792771 15.49956067 -72.87</gx:coord>
          <gx:coord>73.87938491 15.49956013 -72.52</gx:coord>
          <gx:coord>73.87952379 15.49961074 -74.84</gx:coord>
          <gx:coord>73.87964191 15.49962124 -75.3</gx:coord>
          <gx:coord>73.87973665 15.4996529 -75.38</gx:coord>
          <gx:coord>73.87984711 15.49967136 -77.25</gx:coord>
          <gx:coord>73.87995517 15.49967781 -77.25</gx:coord>
          <gx:coord>73.88006991 15.49969162 -78.33</gx:coord>
          <gx:coord>73.88023918 15.49965512 -79.14</gx:coord>
          <gx:coord>73.88032662 15.49963928 -79.67</gx:coord>
          <gx:coord>73.88040192 15.49965637 -81.08</gx:coord>
          <gx:coord>73.88043267 15.49965892 -81.96</gx:coord>
          <gx:coord>73.8804525 15.49965557 -80.48</gx:coord>
          <gx:coord>73.88046587 15.49965942 -80.25</gx:coord>
          <gx:coord>73.88046394 15.49965989 -79.72</gx:coord>
          <gx:coord>73.88046597 15.49966076 -79.6</gx:coord>
          <gx:coord>73.88047065 15.49966121 -79.34</gx:coord>
          <gx:coord>73.88048721 15.49966362 -79.77</gx:coord>
          <gx:coord>73.88050926 15.49965976 -79.27</gx:coord>
          <gx:coord>73.88054439 15.49965733 -80.26</gx:coord>
          <gx:coord>73.88058244 15.49964505 -79.71</gx:coord>
          <gx:coord>73.88063037 15.49964639 -79.47</gx:coord>
          <gx:coord>73.88067167 15.49963975 -78.8</gx:coord>
          <gx:coord>73.88071473 15.49963055 -78.32</gx:coord>
          <gx:coord>73.88076526 15.49963752 -78.42</gx:coord>
          <gx:coord>73.88082849 15.49962594 -78.32</gx:coord>
          <gx:coord>73.88090672 15.49963112 -77.74</gx:coord>
          <gx:coord>73.88099983 15.49963823 -78.12</gx:coord>
          <gx:coord>73.88107706 15.49963008 -78.77</gx:coord>
          <gx:coord>73.88117399 15.49962739 -79.83</gx:coord>
          <gx:coord>73.88126128 15.49963553 -79.13</gx:coord>
          <gx:coord>73.88135095 15.49964265 -78.71</gx:coord>
          <gx:coord>73.88144532 15.49966838 -79.23</gx:coord>
          <gx:coord>73.88152 15.49964799 -76.38</gx:coord>
          <gx:coord>73.88162342 15.4996603 -76.19</gx:coord>
          <gx:coord>73.88171904 15.49966863 -76.71</gx:coord>
          <gx:coord>73.8818227 15.49967922 -77.22</gx:coord>
          <gx:coord>73.88191053 15.49968369 -77.07</gx:coord>
          <gx:coord>73.88208328 15.49969752 -77.42</gx:coord>
          <gx:coord>73.88224079 15.4997366 -78.76</gx:coord>
          <gx:coord>73.8823404 15.49975753 -80.14</gx:coord>
          <gx:coord>73.8824393 15.49975565 -79.7</gx:coord>
          <gx:coord>73.88253744 15.49975563 -79.42</gx:coord>
          <gx:coord>73.88262784 15.49973465 -79.46</gx:coord>
          <gx:coord>73.88272106 15.49972041 -77.73</gx:coord>
          <gx:coord>73.88282701 15.4997087 -78.96</gx:coord>
          <gx:coord>73.88292763 15.49968788 -78.93</gx:coord>
          <gx:coord>73.88303179 15.49966484 -78.91</gx:coord>
          <gx:coord>73.88314223 15.49965312 -78.37</gx:coord>
          <gx:coord>73.88323006 15.4996384 -77.94</gx:coord>
          <gx:coord>73.88333324 15.49962702 -76.8</gx:coord>
          <gx:coord>73.88343937 15.49962321 -77.23</gx:coord>
          <gx:coord>73.88353943 15.49962532 -76.39</gx:coord>
          <gx:coord>73.88366266 15.49966832 -76.57</gx:coord>
          <gx:coord>73.88377548 15.4996846 -76.67</gx:coord>
          <gx:coord>73.88388977 15.49970263 -77.85</gx:coord>
          <gx:coord>73.88398616 15.49971494 -78.72</gx:coord>
          <gx:coord>73.88410713 15.49974518 -77.85</gx:coord>
          <gx:coord>73.88420989 15.49976524 -78.05</gx:coord>
          <gx:coord>73.88432097 15.49978898 -77.91</gx:coord>
          <gx:coord>73.88443109 15.49980557 -78.44</gx:coord>
          <gx:coord>73.88453749 15.4998306 -76.85</gx:coord>
          <gx:coord>73.88466648 15.49987394 -77.59</gx:coord>
          <gx:coord>73.88477532 15.49989096 -76.64</gx:coord>
          <gx:coord>73.88491243 15.49991586 -75.02</gx:coord>
          <gx:coord>73.88502507 15.49992972 -73.94</gx:coord>
          <gx:coord>73.88515309 15.49994332 -74.2</gx:coord>
          <gx:coord>73.88529251 15.49995305 -74.69</gx:coord>
          <gx:coord>73.88551105 15.49994244 -75.09</gx:coord>
          <gx:coord>73.88560441 15.49993823 -75.95</gx:coord>
          <gx:coord>73.88568125 15.49992566 -75.96</gx:coord>
          <gx:coord>73.88577758 15.49993318 -74.85</gx:coord>
          <gx:coord>73.88586374 15.49992513 -73.87</gx:coord>
          <gx:coord>73.88593266 15.49992753 -73.65</gx:coord>
          <gx:coord>73.88601344 15.49992616 -73.68</gx:coord>
          <gx:coord>73.88609506 15.49992632 -73.91</gx:coord>
          <gx:coord>73.88616923 15.49992174 -73.7</gx:coord>
          <gx:coord>73.88624585 15.49991584 -73.78</gx:coord>
          <gx:coord>73.88631526 15.49992247 -73.48</gx:coord>
          <gx:coord>73.88637771 15.49991555 -73.03</gx:coord>
          <gx:coord>73.88645392 15.49991062 -72.94</gx:coord>
          <gx:coord>73.8865351 15.49991159 -73.4</gx:coord>
          <gx:coord>73.88659846 15.49991094 -73.61</gx:coord>
          <gx:coord>73.88667412 15.49991387 -73.92</gx:coord>
          <gx:coord>73.88674879 15.4999094 -74.28</gx:coord>
          <gx:coord>73.88683316 15.49991444 -74.44</gx:coord>
          <gx:coord>73.88690612 15.49990756 -74.73</gx:coord>
          <gx:coord>73.88698204 15.49991337 -75.1</gx:coord>
          <gx:coord>73.88707098 15.4999061 -74.27</gx:coord>
          <gx:coord>73.88718484 15.49990701 -74.48</gx:coord>
          <gx:coord>73.88729117 15.49991996 -73.09</gx:coord>
          <gx:coord>73.88737072 15.49988977 -72.76</gx:coord>
          <gx:coord>73.88745616 15.49986409 -71.68</gx:coord>
          <gx:coord>73.88757119 15.49986954 -69.98</gx:coord>
          <gx:coord>73.88769594 15.49986169 -70.82</gx:coord>
          <gx:coord>73.88780308 15.49985488 -71</gx:coord>
          <gx:coord>73.88792005 15.49983863 -71.13</gx:coord>
          <gx:coord>73.8880292 15.49983037 -71</gx:coord>
          <gx:coord>73.88813515 15.49982736 -73.85</gx:coord>
          <gx:coord>73.88826563 15.49982893 -75.2</gx:coord>
          <gx:coord>73.88837529 15.49982505 -75.56</gx:coord>
          <gx:coord>73.88847671 15.49981214 -75.68</gx:coord>
          <gx:coord>73.88860163 15.49981627 -75.69</gx:coord>
          <gx:coord>73.88872896 15.4998067 -76</gx:coord>
          <gx:coord>73.88886244 15.49979075 -76.65</gx:coord>
          <gx:coord>73.88899729 15.49978137 -77.14</gx:coord>
          <gx:coord>73.88913296 15.49977834 -77.88</gx:coord>
          <gx:coord>73.88926458 15.49977175 -78.12</gx:coord>
          <gx:coord>73.88939371 15.49976446 -77.4</gx:coord>
          <gx:coord>73.88952455 15.49975993 -78.18</gx:coord>
          <gx:coord>73.88965037 15.49975487 -78.2</gx:coord>
          <gx:coord>73.88977345 15.4997498 -78.33</gx:coord>
          <gx:coord>73.88988672 15.49973272 -77.97</gx:coord>
          <gx:coord>73.89000489 15.49972427 -77.66</gx:coord>
          <gx:coord>73.89011158 15.49971603 -77.9</gx:coord>
          <gx:coord>73.89020063 15.4996936 -76.25</gx:coord>
          <gx:coord>73.89030334 15.49967037 -77.96</gx:coord>
          <gx:coord>73.89040651 15.49965351 -77.97</gx:coord>
          <gx:coord>73.89051208 15.49963673 -78.01</gx:coord>
          <gx:coord>73.89062201 15.49963337 -77.78</gx:coord>
          <gx:coord>73.89072706 15.49963154 -77.28</gx:coord>
          <gx:coord>73.89083608 15.49963396 -77.44</gx:coord>
          <gx:coord>73.89094221 15.49963628 -76.88</gx:coord>
          <gx:coord>73.891061 15.49962968 -77.67</gx:coord>
          <gx:coord>73.89117735 15.49962714 -77.14</gx:coord>
          <gx:coord>73.89129854 15.49962883 -78.1</gx:coord>
          <gx:coord>73.89141879 15.49962536 -78.79</gx:coord>
          <gx:coord>73.89153406 15.4996169 -78.31</gx:coord>
          <gx:coord>73.89164404 15.49961554 -78.16</gx:coord>
          <gx:coord>73.89175001 15.49961367 -77.94</gx:coord>
          <gx:coord>73.89184654 15.49961184 -77.93</gx:coord>
          <gx:coord>73.8919325 15.49960249 -78.29</gx:coord>
          <gx:coord>73.89202129 15.49960114 -77.87</gx:coord>
          <gx:coord>73.89210615 15.49959061 -77.85</gx:coord>
          <gx:coord>73.89219744 15.499599 -76.91</gx:coord>
          <gx:coord>73.89229894 15.49961238 -80.02</gx:coord>
          <gx:coord>73.89231812 15.49961383 -81.15</gx:coord>
          <gx:coord>73.89233733 15.49961222 -81.29</gx:coord>
          <gx:coord>73.89235235 15.4996113 -81.51</gx:coord>
          <gx:coord>73.89237653 15.49960668 -81.68</gx:coord>
          <gx:coord>73.89241583 15.49960908 -81.75</gx:coord>
          <gx:coord>73.89245002 15.49961117 -81.48</gx:coord>
          <gx:coord>73.89249076 15.4996078 -81.17</gx:coord>
          <gx:coord>73.89253106 15.49960242 -80.17</gx:coord>
          <gx:coord>73.89258161 15.49960125 -79.64</gx:coord>
          <gx:coord>73.89263578 15.49960292 -79</gx:coord>
          <gx:coord>73.89269417 15.49960577 -79.19</gx:coord>
          <gx:coord>73.89275729 15.49961413 -78.59</gx:coord>
          <gx:coord>73.89282399 15.49961713 -77.72</gx:coord>
          <gx:coord>73.89289554 15.49962704 -77.55</gx:coord>
          <gx:coord>73.89297123 15.49964033 -77.41</gx:coord>
          <gx:coord>73.89304843 15.49965418 -77.26</gx:coord>
          <gx:coord>73.89313112 15.49967224 -76.94</gx:coord>
          <gx:coord>73.89319991 15.49968602 -76.21</gx:coord>
          <gx:coord>73.89328006 15.49970504 -76.06</gx:coord>
          <gx:coord>73.89334976 15.49970982 -75.44</gx:coord>
          <gx:coord>73.893425 15.49971839 -75.48</gx:coord>
          <gx:coord>73.89350674 15.49973648 -74.95</gx:coord>
          <gx:coord>73.89357534 15.4997499 -73.87</gx:coord>
          <gx:coord>73.89365714 15.49977138 -73.4</gx:coord>
          <gx:coord>73.89373213 15.49979511 -73.27</gx:coord>
          <gx:coord>73.89380774 15.49982422 -73.51</gx:coord>
          <gx:coord>73.89387728 15.4998358 -72.39</gx:coord>
          <gx:coord>73.89399586 15.49986151 -71.72</gx:coord>
          <gx:coord>73.89410849 15.49987187 -73.48</gx:coord>
          <gx:coord>73.89418472 15.49990867 -74.37</gx:coord>
          <gx:coord>73.89424995 15.49993148 -74.66</gx:coord>
          <gx:coord>73.89430636 15.49993382 -72.41</gx:coord>
          <gx:coord>73.89437845 15.49995101 -71.05</gx:coord>
          <gx:coord>73.89443066 15.49996724 -70.04</gx:coord>
          <gx:coord>73.89448957 15.49998365 -70.52</gx:coord>
          <gx:coord>73.89455429 15.49999542 -70</gx:coord>
          <gx:coord>73.89462655 15.49998866 -69.03</gx:coord>
          <gx:coord>73.89464367 15.50003938 -68.06</gx:coord>
          <gx:coord>73.8946336 15.50000417 -67.62</gx:coord>
          <gx:coord>73.89467243 15.50001215 -66.71</gx:coord>
          <gx:coord>73.8947079 15.50002855 -67.2</gx:coord>
          <gx:coord>73.89473793 15.50002714 -66.81</gx:coord>
          <gx:coord>73.89479148 15.5000522 -66.12</gx:coord>
          <gx:coord>73.89482508 15.50007012 -65.78</gx:coord>
          <gx:coord>73.8948756 15.50009319 -66.87</gx:coord>
          <gx:coord>73.89495284 15.50011673 -66.47</gx:coord>
          <gx:coord>73.89501551 15.50013348 -65.85</gx:coord>
          <gx:coord>73.89509988 15.50013862 -66.24</gx:coord>
          <gx:coord>73.89517884 15.50013892 -65.18</gx:coord>
          <gx:coord>73.89525435 15.50014464 -64.79</gx:coord>
          <gx:coord>73.89535364 15.50016717 -64.28</gx:coord>
          <gx:coord>73.89547835 15.50018098 -65.8</gx:coord>
          <gx:coord>73.89562933 15.50020929 -65.95</gx:coord>
          <gx:coord>73.89574209 15.50020582 -67.27</gx:coord>
          <gx:coord>73.89584199 15.50021413 -68.06</gx:coord>
          <gx:coord>73.89595534 15.50021128 -69.46</gx:coord>
          <gx:coord>73.89608387 15.50021069 -69.7</gx:coord>
          <gx:coord>73.89619461 15.50020617 -69.4</gx:coord>
          <gx:coord>73.89642802 15.50019823 -69.43</gx:coord>
          <gx:coord>73.89654097 15.50020563 -69.52</gx:coord>
          <gx:coord>73.89665353 15.50020224 -70.03</gx:coord>
          <gx:coord>73.89676222 15.50019648 -70.66</gx:coord>
          <gx:coord>73.89686903 15.50019571 -70.15</gx:coord>
          <gx:coord>73.89697679 15.50018522 -69.8</gx:coord>
          <gx:coord>73.89707484 15.50016403 -69.05</gx:coord>
          <gx:coord>73.89717416 15.50014526 -69.65</gx:coord>
          <gx:coord>73.89728181 15.50014814 -69.44</gx:coord>
          <gx:coord>73.89737701 15.5001417 -68.58</gx:coord>
          <gx:coord>73.89744468 15.50010469 -67.54</gx:coord>
          <gx:coord>73.89752631 15.50010774 -67.59</gx:coord>
          <gx:coord>73.89760523 15.50009534 -66.78</gx:coord>
          <gx:coord>73.89771532 15.50012725 -66.08</gx:coord>
          <gx:coord>73.89788214 15.50011182 -65.92</gx:coord>
          <gx:coord>73.8980113 15.50011584 -66.82</gx:coord>
          <gx:coord>73.8980972 15.50014307 -68.24</gx:coord>
          <gx:coord>73.89821672 15.50014007 -68.96</gx:coord>
          <gx:coord>73.89831179 15.50014434 -69.09</gx:coord>
          <gx:coord>73.89837917 15.50014112 -68.9</gx:coord>
          <gx:coord>73.89847154 15.50014248 -68.61</gx:coord>
          <gx:coord>73.89859697 15.50016131 -69.17</gx:coord>
          <gx:coord>73.89867626 15.50017278 -67.75</gx:coord>
          <gx:coord>73.89878948 15.50018453 -68.25</gx:coord>
          <gx:coord>73.89887557 15.50017471 -68.5</gx:coord>
          <gx:coord>73.89899525 15.50018788 -68.71</gx:coord>
          <gx:coord>73.8991217 15.50019778 -68.73</gx:coord>
          <gx:coord>73.89922783 15.50021004 -69.6</gx:coord>
          <gx:coord>73.89929871 15.50024544 -70.41</gx:coord>
          <gx:coord>73.89942839 15.50024334 -70.5</gx:coord>
          <gx:coord>73.89964471 15.50026719 -68.18</gx:coord>
          <gx:coord>73.89978374 15.50027191 -70.01</gx:coord>
          <gx:coord>73.89994008 15.50029231 -70.63</gx:coord>
          <gx:coord>73.90005041 15.50029668 -71.52</gx:coord>
          <gx:coord>73.90016527 15.50030062 -72.05</gx:coord>
          <gx:coord>73.90031769 15.50032884 -71.73</gx:coord>
          <gx:coord>73.90044584 15.50034272 -71.83</gx:coord>
          <gx:coord>73.90055484 15.50033865 -71.7</gx:coord>
          <gx:coord>73.90067667 15.50033517 -72.49</gx:coord>
          <gx:coord>73.90079479 15.50035092 -71.63</gx:coord>
          <gx:coord>73.90092329 15.50037092 -73.12</gx:coord>
          <gx:coord>73.90101925 15.50037624 -72.44</gx:coord>
          <gx:coord>73.90109641 15.50033096 -71.66</gx:coord>
          <gx:coord>73.90119685 15.50032579 -71.22</gx:coord>
          <gx:coord>73.90128681 15.50033078 -69.42</gx:coord>
          <gx:coord>73.90137789 15.50033008 -68.84</gx:coord>
          <gx:coord>73.90146184 15.50032739 -69.8</gx:coord>
          <gx:coord>73.90154442 15.50033342 -70.73</gx:coord>
          <gx:coord>73.9016395 15.50034169 -70.93</gx:coord>
          <gx:coord>73.90171967 15.50033698 -71.58</gx:coord>
          <gx:coord>73.90180169 15.50031682 -70.88</gx:coord>
          <gx:coord>73.90188803 15.50031624 -71.81</gx:coord>
          <gx:coord>73.90196236 15.50031606 -71.26</gx:coord>
          <gx:coord>73.9020426 15.50029084 -71.11</gx:coord>
          <gx:coord>73.90216582 15.50031449 -71.19</gx:coord>
          <gx:coord>73.90223513 15.50031823 -70.65</gx:coord>
          <gx:coord>73.90232745 15.50031238 -71.46</gx:coord>
          <gx:coord>73.90242877 15.50031378 -72.34</gx:coord>
          <gx:coord>73.90252278 15.50038084 -71.06</gx:coord>
          <gx:coord>73.90262445 15.50044243 -70.75</gx:coord>
          <gx:coord>73.90277231 15.50052027 -69.36</gx:coord>
          <gx:coord>73.90284706 15.50061597 -67.56</gx:coord>
          <gx:coord>73.90290428 15.5006524 -66.7</gx:coord>
          <gx:coord>73.9029505 15.50072462 -67.69</gx:coord>
          <gx:coord>73.90300693 15.50078864 -67.91</gx:coord>
          <gx:coord>73.90304629 15.50084292 -68.05</gx:coord>
          <gx:coord>73.90310969 15.50090227 -68.27</gx:coord>
          <gx:coord>73.90319229 15.50096566 -68.26</gx:coord>
          <gx:coord>73.90325519 15.5010267 -66.99</gx:coord>
          <gx:coord>73.90333499 15.50109157 -66.57</gx:coord>
          <gx:coord>73.90336429 15.50116474 -66.78</gx:coord>
          <gx:coord>73.90342117 15.50121032 -67.07</gx:coord>
          <gx:coord>73.90347424 15.50128296 -65.84</gx:coord>
          <gx:coord>73.90351596 15.5013406 -66.32</gx:coord>
          <gx:coord>73.90357034 15.50142339 -68.76</gx:coord>
          <gx:coord>73.90363698 15.50150111 -68.11</gx:coord>
          <gx:coord>73.90369921 15.50157998 -67.62</gx:coord>
          <gx:coord>73.90375706 15.50165691 -67.05</gx:coord>
          <gx:coord>73.90382166 15.50173356 -66.71</gx:coord>
          <gx:coord>73.90389256 15.50180725 -66.77</gx:coord>
          <gx:coord>73.90397814 15.50187998 -65.78</gx:coord>
          <gx:coord>73.90406269 15.50195517 -65.5</gx:coord>
          <gx:coord>73.90416056 15.50205041 -66.51</gx:coord>
          <gx:coord>73.90424595 15.50212305 -67.78</gx:coord>
          <gx:coord>73.90431793 15.50218019 -68</gx:coord>
          <gx:coord>73.90440094 15.50227536 -68.83</gx:coord>
          <gx:coord>73.90445145 15.50236982 -70.01</gx:coord>
          <gx:coord>73.90455562 15.50243131 -70.23</gx:coord>
          <gx:coord>73.90466777 15.50246652 -70.24</gx:coord>
          <gx:coord>73.90476727 15.5025454 -70.24</gx:coord>
          <gx:coord>73.9049411 15.50264238 -70.4</gx:coord>
          <gx:coord>73.90507491 15.50265189 -69.19</gx:coord>
          <gx:coord>73.90519837 15.50266176 -68.92</gx:coord>
          <gx:coord>73.90533038 15.5026891 -66.81</gx:coord>
          <gx:coord>73.90545553 15.50269799 -66.23</gx:coord>
          <gx:coord>73.90558399 15.50273762 -66.4</gx:coord>
          <gx:coord>73.90572595 15.5027575 -67.87</gx:coord>
          <gx:coord>73.90584173 15.50276861 -67.96</gx:coord>
          <gx:coord>73.90596068 15.5027894 -67.46</gx:coord>
          <gx:coord>73.90608598 15.50280269 -66.83</gx:coord>
          <gx:coord>73.90619569 15.50281072 -67.3</gx:coord>
          <gx:coord>73.90632269 15.50282827 -67.8</gx:coord>
          <gx:coord>73.90644638 15.50282658 -68.55</gx:coord>
          <gx:coord>73.90655981 15.50282435 -69.32</gx:coord>
          <gx:coord>73.90670297 15.50282307 -69.35</gx:coord>
          <gx:coord>73.9068164 15.50280711 -69.67</gx:coord>
          <gx:coord>73.90694727 15.50279743 -68.64</gx:coord>
          <gx:coord>73.90705235 15.50276205 -68.29</gx:coord>
          <gx:coord>73.90713933 15.50273757 -67.66</gx:coord>
          <gx:coord>73.90726198 15.50271611 -68</gx:coord>
          <gx:coord>73.90739467 15.50267031 -67.27</gx:coord>
          <gx:coord>73.90751744 15.50263583 -66.7</gx:coord>
          <gx:coord>73.90766216 15.50259406 -66.02</gx:coord>
          <gx:coord>73.90780657 15.50255684 -65.25</gx:coord>
          <gx:coord>73.90793862 15.5025222 -65.18</gx:coord>
          <gx:coord>73.90807038 15.50248584 -65.32</gx:coord>
          <gx:coord>73.90820214 15.50244859 -64.73</gx:coord>
          <gx:coord>73.90833569 15.50240973 -64.46</gx:coord>
          <gx:coord>73.9084649 15.50237539 -64.74</gx:coord>
          <gx:coord>73.90861341 15.50233783 -65.28</gx:coord>
          <gx:coord>73.90882286 15.50225817 -64.95</gx:coord>
          <gx:coord>73.90896452 15.50222038 -65.33</gx:coord>
          <gx:coord>73.90910444 15.50219761 -65.45</gx:coord>
          <gx:coord>73.90924155 15.50215967 -65.49</gx:coord>
          <gx:coord>73.90938418 15.5021336 -65.8</gx:coord>
          <gx:coord>73.90949385 15.50210695 -66.05</gx:coord>
          <gx:coord>73.90967055 15.50205862 -67.24</gx:coord>
          <gx:coord>73.90978876 15.50198579 -63.73</gx:coord>
          <gx:coord>73.90986196 15.50195737 -60.45</gx:coord>
          <gx:coord>73.90997813 15.50192966 -60.82</gx:coord>
          <gx:coord>73.91011001 15.5018991 -62.7</gx:coord>
          <gx:coord>73.91022396 15.50188041 -63.33</gx:coord>
          <gx:coord>73.91032867 15.5018531 -64.26</gx:coord>
          <gx:coord>73.91043348 15.50184054 -65.4</gx:coord>
          <gx:coord>73.91056041 15.50182043 -67.84</gx:coord>
          <gx:coord>73.91065648 15.50180251 -68.16</gx:coord>
          <gx:coord>73.91076726 15.50178643 -67.21</gx:coord>
          <gx:coord>73.91085399 15.50176819 -69.12</gx:coord>
          <gx:coord>73.9109511 15.50174819 -68.56</gx:coord>
          <gx:coord>73.91103646 15.50172905 -68.82</gx:coord>
          <gx:coord>73.91111068 15.50172171 -68.46</gx:coord>
          <gx:coord>73.91115756 15.50171398 -68.53</gx:coord>
          <gx:coord>73.91119482 15.50171615 -68.52</gx:coord>
          <gx:coord>73.91121638 15.50171309 -68.85</gx:coord>
          <gx:coord>73.91124027 15.50171243 -68.51</gx:coord>
          <gx:coord>73.91126213 15.50170574 -68.68</gx:coord>
          <gx:coord>73.91129352 15.50169886 -68.88</gx:coord>
          <gx:coord>73.91133814 15.50169501 -68.6</gx:coord>
          <gx:coord>73.91138093 15.50169189 -68.25</gx:coord>
          <gx:coord>73.91142904 15.50168532 -67.03</gx:coord>
          <gx:coord>73.91148253 15.50168689 -65.78</gx:coord>
          <gx:coord>73.91153536 15.50167694 -65.25</gx:coord>
          <gx:coord>73.91160198 15.5016693 -64.97</gx:coord>
          <gx:coord>73.91165919 15.5016354 -64.96</gx:coord>
          <gx:coord>73.91172086 15.50161434 -65.62</gx:coord>
          <gx:coord>73.91177147 15.50160282 -65.62</gx:coord>
          <gx:coord>73.91181529 15.50159721 -65.57</gx:coord>
          <gx:coord>73.91185961 15.50158886 -65.48</gx:coord>
          <gx:coord>73.91190148 15.50157489 -65.17</gx:coord>
          <gx:coord>73.91196663 15.5015704 -65.34</gx:coord>
          <gx:coord>73.91202639 15.50156302 -65.86</gx:coord>
          <gx:coord>73.91208189 15.50153773 -65.66</gx:coord>
          <gx:coord>73.91214726 15.50152783 -65.63</gx:coord>
          <gx:coord>73.91223189 15.50150489 -65.31</gx:coord>
          <gx:coord>73.91230893 15.50148568 -65.6</gx:coord>
          <gx:coord>73.91238688 15.5014726 -64.56</gx:coord>
          <gx:coord>73.91247729 15.501448 -64.58</gx:coord>
          <gx:coord>73.91256533 15.50142928 -63.32</gx:coord>
          <gx:coord>73.91265903 15.50140596 -63.87</gx:coord>
          <gx:coord>73.91274466 15.50138691 -63.93</gx:coord>
          <gx:coord>73.91281519 15.50136765 -63.39</gx:coord>
          <gx:coord>73.91290243 15.5013479 -63.68</gx:coord>
          <gx:coord>73.91297964 15.50129583 -64.68</gx:coord>
          <gx:coord>73.91306335 15.50125672 -65.18</gx:coord>
          <gx:coord>73.91314897 15.5012428 -64.95</gx:coord>
          <gx:coord>73.91318918 15.50120826 -64.68</gx:coord>
          <gx:coord>73.91322068 15.5012053 -64.24</gx:coord>
          <gx:coord>73.91328624 15.50122179 -65.38</gx:coord>
          <gx:coord>73.9133152 15.50124397 -65.24</gx:coord>
          <gx:coord>73.91335154 15.50125364 -65.12</gx:coord>
          <gx:coord>73.91338903 15.50125077 -65.17</gx:coord>
          <gx:coord>73.91343469 15.50125885 -65.43</gx:coord>
          <gx:coord>73.91347019 15.50127428 -66.03</gx:coord>
          <gx:coord>73.91353142 15.50127389 -65.98</gx:coord>
          <gx:coord>73.91356761 15.50127449 -65.84</gx:coord>
          <gx:coord>73.91360777 15.50125282 -65.9</gx:coord>
          <gx:coord>73.91365191 15.50123383 -65.92</gx:coord>
          <gx:coord>73.91367525 15.50122023 -66.15</gx:coord>
          <gx:coord>73.9137164 15.50121723 -66.12</gx:coord>
          <gx:coord>73.91375594 15.5012102 -66.14</gx:coord>
          <gx:coord>73.91376785 15.5012104 -66.2</gx:coord>
          <gx:coord>73.91375577 15.50121983 -66.86</gx:coord>
          <gx:coord>73.91373523 15.50123155 -67.57</gx:coord>
          <gx:coord>73.91369557 15.50125572 -65.7</gx:coord>
          <gx:coord>73.91367276 15.50126821 -66.14</gx:coord>
          <gx:coord>73.91366971 15.50128468 -65.98</gx:coord>
          <gx:coord>73.91366961 15.5013048 -66.69</gx:coord>
          <gx:coord>73.91366248 15.50132064 -70.21</gx:coord>
          <gx:coord>73.91365416 15.50133273 -70.11</gx:coord>
          <gx:coord>73.91364662 15.50134379 -68.12</gx:coord>
          <gx:coord>73.91363852 15.50135458 -67.71</gx:coord>
          <gx:coord>73.91363219 15.50136542 -67.85</gx:coord>
          <gx:coord>73.91367106 15.5013489 -76.9</gx:coord>
          <gx:coord>73.91367006 15.50135164 -78.04</gx:coord>
          <gx:coord>73.91366972 15.50136097 -78.28</gx:coord>
          <gx:coord>73.91366916 15.50136676 -79.02</gx:coord>
          <gx:coord>73.91366958 15.50137231 -79.07</gx:coord>
          <gx:coord>73.91367182 15.50137896 -79.11</gx:coord>
          <gx:coord>73.91367362 15.50138365 -78.26</gx:coord>
          <ExtendedData>
            <SchemaData schemaUrl="#geotrackerTrackSchema">
              <gx:SimpleArrayData name="speed">
                <gx:value />
                <gx:value />
                <gx:value />
                <gx:value />
                <gx:value />
                <gx:value />
                <gx:value />
                <gx:value />
                <gx:value />
                <gx:value />
                <gx:value />
                <gx:value />
                <gx:value />
                <gx:value />
                <gx:value />
                <gx:value />
                <gx:value />
                <gx:value />
                <gx:value />
                <gx:value />
                <gx:value />
                <gx:value />
                <gx:value />
                <gx:value />
                <gx:value />
                <gx:value />
                <gx:value />
                <gx:value />
                <gx:value />
                <gx:value />
                <gx:value />
                <gx:value />
                <gx:value />
                <gx:value />
                <gx:value />
                <gx:value />
                <gx:value />
                <gx:value />
                <gx:value />
                <gx:value />
                <gx:value />
                <gx:value />
                <gx:value />
                <gx:value />
                <gx:value />
                <gx:value />
                <gx:value />
                <gx:value />
                <gx:value />
                <gx:value />
                <gx:value />
                <gx:value />
                <gx:value />
                <gx:value />
                <gx:value />
                <gx:value />
                <gx:value />
                <gx:value />
                <gx:value />
                <gx:value />
                <gx:value />
                <gx:value />
                <gx:value />
                <gx:value />
                <gx:value />
                <gx:value />
                <gx:value />
                <gx:value />
                <gx:value />
                <gx:value />
                <gx:value />
                <gx:value />
                <gx:value />
                <gx:value />
                <gx:value />
                <gx:value />
                <gx:value />
                <gx:value />
                <gx:value />
                <gx:value />
                <gx:value />
                <gx:value />
                <gx:value />
                <gx:value />
                <gx:value />
                <gx:value />
                <gx:value />
                <gx:value />
                <gx:value />
                <gx:value />
                <gx:value />
                <gx:value />
                <gx:value />
                <gx:value />
                <gx:value />
                <gx:value />
                <gx:value />
                <gx:value />
                <gx:value />
                <gx:value />
                <gx:value />
                <gx:value />
                <gx:value />
                <gx:value />
                <gx:value />
                <gx:value />
                <gx:value />
                <gx:value />
                <gx:value />
                <gx:value />
                <gx:value />
                <gx:value />
                <gx:value />
                <gx:value />
                <gx:value />
                <gx:value />
                <gx:value />
                <gx:value />
                <gx:value />
                <gx:value />
                <gx:value />
                <gx:value />
                <gx:value />
                <gx:value />
                <gx:value />
                <gx:value />
                <gx:value />
                <gx:value />
                <gx:value />
                <gx:value />
                <gx:value />
                <gx:value />
                <gx:value />
                <gx:value />
                <gx:value />
                <gx:value />
                <gx:value />
                <gx:value />
                <gx:value />
                <gx:value />
                <gx:value />
                <gx:value />
                <gx:value />
                <gx:value />
                <gx:value />
                <gx:value />
                <gx:value />
                <gx:value />
                <gx:value />
                <gx:value />
                <gx:value />
                <gx:value />
                <gx:value />
                <gx:value />
                <gx:value />
                <gx:value />
                <gx:value />
                <gx:value />
                <gx:value />
                <gx:value />
                <gx:value />
                <gx:value />
                <gx:value />
                <gx:value />
                <gx:value />
                <gx:value />
                <gx:value />
                <gx:value />
                <gx:value />
                <gx:value />
                <gx:value />
                <gx:value />
                <gx:value />
                <gx:value />
                <gx:value />
                <gx:value />
                <gx:value />
                <gx:value />
                <gx:value />
                <gx:value />
                <gx:value />
                <gx:value />
                <gx:value />
                <gx:value />
                <gx:value />
                <gx:value />
                <gx:value />
                <gx:value />
                <gx:value />
                <gx:value />
                <gx:value />
                <gx:value />
                <gx:value />
                <gx:value />
                <gx:value />
                <gx:value />
                <gx:value />
                <gx:value />
                <gx:value />
                <gx:value />
                <gx:value />
                <gx:value />
                <gx:value />
                <gx:value />
                <gx:value />
                <gx:value />
                <gx:value />
                <gx:value />
                <gx:value />
                <gx:value />
                <gx:value />
                <gx:value />
                <gx:value />
                <gx:value />
                <gx:value />
                <gx:value />
                <gx:value />
                <gx:value />
                <gx:value />
                <gx:value />
                <gx:value />
                <gx:value />
                <gx:value />
                <gx:value />
                <gx:value />
                <gx:value />
                <gx:value />
                <gx:value />
                <gx:value />
                <gx:value />
                <gx:value />
                <gx:value />
                <gx:value />
                <gx:value />
                <gx:value />
                <gx:value />
                <gx:value />
                <gx:value />
                <gx:value />
                <gx:value />
                <gx:value />
                <gx:value />
                <gx:value />
                <gx:value />
                <gx:value />
                <gx:value />
                <gx:value />
                <gx:value />
                <gx:value />
                <gx:value />
                <gx:value />
                <gx:value />
                <gx:value />
                <gx:value />
                <gx:value />
                <gx:value />
                <gx:value />
                <gx:value />
                <gx:value />
                <gx:value />
                <gx:value />
                <gx:value />
                <gx:value />
                <gx:value />
                <gx:value />
                <gx:value />
                <gx:value />
                <gx:value />
                <gx:value />
                <gx:value />
                <gx:value />
                <gx:value />
                <gx:value />
                <gx:value />
                <gx:value />
                <gx:value />
                <gx:value />
                <gx:value />
                <gx:value />
                <gx:value />
                <gx:value />
                <gx:value />
                <gx:value />
                <gx:value />
                <gx:value />
                <gx:value />
                <gx:value />
                <gx:value />
                <gx:value />
                <gx:value />
                <gx:value />
                <gx:value />
                <gx:value />
                <gx:value />
                <gx:value />
                <gx:value />
                <gx:value />
                <gx:value />
                <gx:value />
                <gx:value />
                <gx:value />
                <gx:value />
                <gx:value />
                <gx:value />
                <gx:value />
                <gx:value />
                <gx:value />
                <gx:value />
                <gx:value />
                <gx:value />
                <gx:value />
                <gx:value />
                <gx:value />
                <gx:value />
                <gx:value />
                <gx:value />
                <gx:value />
                <gx:value />
                <gx:value />
                <gx:value />
                <gx:value />
                <gx:value />
                <gx:value />
                <gx:value />
                <gx:value />
                <gx:value />
                <gx:value />
                <gx:value />
                <gx:value />
                <gx:value />
                <gx:value />
                <gx:value />
                <gx:value />
                <gx:value />
                <gx:value />
                <gx:value />
                <gx:value />
                <gx:value />
                <gx:value />
                <gx:value />
                <gx:value />
                <gx:value />
                <gx:value />
                <gx:value />
                <gx:value />
                <gx:value />
                <gx:value />
                <gx:value />
                <gx:value />
                <gx:value />
                <gx:value />
                <gx:value />
                <gx:value />
                <gx:value />
                <gx:value />
                <gx:value />
                <gx:value />
                <gx:value />
                <gx:value />
                <gx:value />
                <gx:value />
                <gx:value />
                <gx:value />
                <gx:value />
                <gx:value />
                <gx:value />
                <gx:value />
                <gx:value />
                <gx:value />
                <gx:value />
                <gx:value />
                <gx:value />
                <gx:value />
                <gx:value />
                <gx:value />
                <gx:value />
                <gx:value />
                <gx:value />
                <gx:value />
                <gx:value />
                <gx:value />
                <gx:value />
                <gx:value />
                <gx:value />
                <gx:value />
                <gx:value />
                <gx:value />
                <gx:value />
                <gx:value />
                <gx:value />
                <gx:value />
                <gx:value />
                <gx:value />
                <gx:value />
                <gx:value />
                <gx:value />
                <gx:value />
                <gx:value />
                <gx:value />
                <gx:value />
                <gx:value />
                <gx:value />
                <gx:value />
                <gx:value />
                <gx:value />
                <gx:value />
                <gx:value />
                <gx:value />
                <gx:value />
                <gx:value />
                <gx:value />
                <gx:value />
                <gx:value />
                <gx:value />
                <gx:value />
                <gx:value />
                <gx:value />
                <gx:value />
                <gx:value />
                <gx:value />
                <gx:value />
                <gx:value />
                <gx:value />
                <gx:value />
                <gx:value />
                <gx:value />
                <gx:value />
                <gx:value />
                <gx:value />
                <gx:value />
                <gx:value />
                <gx:value />
                <gx:value />
                <gx:value />
                <gx:value />
                <gx:value />
                <gx:value />
                <gx:value />
                <gx:value />
                <gx:value />
                <gx:value />
                <gx:value />
                <gx:value />
                <gx:value />
                <gx:value />
                <gx:value />
                <gx:value />
                <gx:value />
                <gx:value />
                <gx:value />
                <gx:value />
                <gx:value />
                <gx:value />
                <gx:value />
                <gx:value />
                <gx:value />
                <gx:value />
                <gx:value />
                <gx:value />
                <gx:value />
                <gx:value />
                <gx:value />
                <gx:value />
                <gx:value />
                <gx:value />
                <gx:value />
                <gx:value />
                <gx:value />
                <gx:value />
                <gx:value />
                <gx:value />
                <gx:value />
                <gx:value />
                <gx:value />
                <gx:value />
                <gx:value />
                <gx:value />
                <gx:value />
                <gx:value />
                <gx:value />
                <gx:value />
                <gx:value />
                <gx:value />
                <gx:value />
                <gx:value />
                <gx:value />
                <gx:value />
                <gx:value />
                <gx:value />
                <gx:value />
                <gx:value />
                <gx:value />
                <gx:value />
                <gx:value />
                <gx:value />
                <gx:value />
                <gx:value />
                <gx:value />
                <gx:value />
                <gx:value />
                <gx:value />
                <gx:value />
                <gx:value />
                <gx:value />
                <gx:value />
                <gx:value />
                <gx:value />
                <gx:value />
                <gx:value />
                <gx:value />
                <gx:value />
                <gx:value />
                <gx:value />
                <gx:value />
                <gx:value />
                <gx:value />
                <gx:value />
                <gx:value />
                <gx:value />
                <gx:value />
                <gx:value />
                <gx:value />
                <gx:value />
                <gx:value />
                <gx:value />
                <gx:value />
                <gx:value />
                <gx:value />
                <gx:value />
                <gx:value />
                <gx:value />
                <gx:value />
                <gx:value />
                <gx:value />
                <gx:value />
                <gx:value />
                <gx:value />
                <gx:value />
                <gx:value />
                <gx:value />
                <gx:value />
                <gx:value />
                <gx:value />
                <gx:value />
                <gx:value />
                <gx:value />
                <gx:value />
                <gx:value />
                <gx:value />
                <gx:value />
                <gx:value />
                <gx:value />
                <gx:value />
                <gx:value />
                <gx:value />
                <gx:value />
                <gx:value />
                <gx:value />
                <gx:value />
                <gx:value />
                <gx:value />
                <gx:value />
                <gx:value />
                <gx:value />
                <gx:value />
                <gx:value />
                <gx:value />
                <gx:value />
                <gx:value />
                <gx:value />
                <gx:value />
                <gx:value />
                <gx:value />
                <gx:value />
                <gx:value />
                <gx:value />
                <gx:value />
                <gx:value />
                <gx:value />
                <gx:value />
                <gx:value />
                <gx:value />
                <gx:value />
                <gx:value />
                <gx:value />
                <gx:value />
                <gx:value />
                <gx:value />
                <gx:value />
                <gx:value />
                <gx:value />
                <gx:value />
                <gx:value />
                <gx:value />
                <gx:value />
                <gx:value />
                <gx:value />
                <gx:value />
                <gx:value />
                <gx:value />
                <gx:value />
                <gx:value />
                <gx:value />
                <gx:value />
                <gx:value />
                <gx:value />
                <gx:value />
                <gx:value />
                <gx:value />
                <gx:value />
                <gx:value />
                <gx:value />
                <gx:value />
                <gx:value />
                <gx:value />
                <gx:value />
                <gx:value />
                <gx:value />
                <gx:value />
                <gx:value />
                <gx:value />
                <gx:value />
                <gx:value />
                <gx:value />
                <gx:value />
                <gx:value />
                <gx:value />
                <gx:value />
                <gx:value />
                <gx:value />
                <gx:value />
                <gx:value />
                <gx:value />
                <gx:value />
                <gx:value />
                <gx:value />
                <gx:value />
                <gx:value />
                <gx:value />
                <gx:value />
                <gx:value />
                <gx:value />
                <gx:value />
                <gx:value />
                <gx:value />
                <gx:value />
                <gx:value />
                <gx:value />
                <gx:value />
                <gx:value />
                <gx:value />
                <gx:value />
                <gx:value />
                <gx:value />
                <gx:value />
                <gx:value />
                <gx:value />
                <gx:value />
                <gx:value />
                <gx:value />
                <gx:value />
                <gx:value />
                <gx:value />
                <gx:value />
                <gx:value />
                <gx:value />
                <gx:value />
                <gx:value />
                <gx:value />
                <gx:value />
                <gx:value />
                <gx:value />
                <gx:value />
                <gx:value />
                <gx:value />
                <gx:value />
                <gx:value />
                <gx:value />
                <gx:value />
                <gx:value />
                <gx:value />
                <gx:value />
                <gx:value />
                <gx:value />
                <gx:value />
                <gx:value />
                <gx:value />
                <gx:value />
                <gx:value />
                <gx:value />
                <gx:value />
                <gx:value />
                <gx:value />
                <gx:value />
                <gx:value />
                <gx:value />
                <gx:value />
                <gx:value />
                <gx:value />
                <gx:value />
                <gx:value />
                <gx:value />
                <gx:value />
                <gx:value />
                <gx:value />
                <gx:value />
                <gx:value />
                <gx:value />
                <gx:value />
                <gx:value />
                <gx:value />
                <gx:value />
                <gx:value />
                <gx:value />
                <gx:value />
                <gx:value />
                <gx:value />
                <gx:value />
                <gx:value />
                <gx:value />
                <gx:value />
                <gx:value />
                <gx:value />
                <gx:value />
                <gx:value />
                <gx:value />
                <gx:value />
                <gx:value />
                <gx:value />
                <gx:value />
                <gx:value />
                <gx:value />
                <gx:value />
                <gx:value />
                <gx:value />
                <gx:value />
                <gx:value />
                <gx:value />
                <gx:value />
                <gx:value />
                <gx:value />
                <gx:value />
                <gx:value />
                <gx:value />
                <gx:value />
                <gx:value />
                <gx:value />
                <gx:value />
                <gx:value />
                <gx:value />
                <gx:value />
                <gx:value />
                <gx:value />
                <gx:value />
                <gx:value />
                <gx:value />
                <gx:value />
                <gx:value />
                <gx:value />
                <gx:value />
                <gx:value />
                <gx:value />
                <gx:value />
                <gx:value />
                <gx:value />
                <gx:value />
                <gx:value />
                <gx:value />
                <gx:value />
                <gx:value />
                <gx:value />
                <gx:value />
                <gx:value />
                <gx:value />
                <gx:value />
                <gx:value />
                <gx:value />
                <gx:value />
                <gx:value />
                <gx:value />
                <gx:value />
                <gx:value />
                <gx:value />
                <gx:value />
                <gx:value />
                <gx:value />
                <gx:value />
                <gx:value />
                <gx:value />
                <gx:value />
                <gx:value />
                <gx:value />
                <gx:value />
                <gx:value />
                <gx:value />
                <gx:value />
                <gx:value />
                <gx:value />
                <gx:value />
                <gx:value />
                <gx:value />
                <gx:value />
                <gx:value />
                <gx:value />
                <gx:value />
                <gx:value />
                <gx:value />
                <gx:value />
                <gx:value />
                <gx:value />
                <gx:value />
                <gx:value />
                <gx:value />
                <gx:value />
                <gx:value />
                <gx:value />
                <gx:value />
                <gx:value />
                <gx:value />
                <gx:value />
                <gx:value />
                <gx:value />
                <gx:value />
                <gx:value />
                <gx:value />
                <gx:value />
                <gx:value />
                <gx:value />
                <gx:value />
                <gx:value />
                <gx:value />
                <gx:value />
                <gx:value />
                <gx:value />
                <gx:value />
                <gx:value />
                <gx:value />
                <gx:value />
                <gx:value />
                <gx:value />
                <gx:value />
                <gx:value />
                <gx:value />
                <gx:value />
                <gx:value />
                <gx:value />
                <gx:value />
                <gx:value />
                <gx:value />
                <gx:value />
                <gx:value />
                <gx:value />
                <gx:value />
                <gx:value />
                <gx:value />
                <gx:value />
                <gx:value />
                <gx:value />
                <gx:value />
                <gx:value />
                <gx:value />
                <gx:value />
                <gx:value />
                <gx:value />
                <gx:value />
                <gx:value />
                <gx:value />
                <gx:value />
                <gx:value />
                <gx:value />
                <gx:value />
                <gx:value />
                <gx:value />
                <gx:value />
                <gx:value />
                <gx:value />
                <gx:value />
                <gx:value />
                <gx:value />
                <gx:value />
                <gx:value />
                <gx:value />
                <gx:value />
                <gx:value />
                <gx:value />
                <gx:value />
                <gx:value />
                <gx:value />
                <gx:value />
                <gx:value />
                <gx:value />
                <gx:value />
                <gx:value />
                <gx:value />
                <gx:value />
                <gx:value />
                <gx:value />
                <gx:value />
                <gx:value />
                <gx:value />
                <gx:value />
                <gx:value />
                <gx:value />
                <gx:value />
                <gx:value />
                <gx:value />
                <gx:value />
                <gx:value />
                <gx:value />
                <gx:value />
                <gx:value />
                <gx:value />
                <gx:value />
                <gx:value />
                <gx:value />
                <gx:value />
                <gx:value />
                <gx:value />
                <gx:value />
                <gx:value />
                <gx:value />
                <gx:value />
                <gx:value />
                <gx:value />
                <gx:value />
                <gx:value />
                <gx:value />
                <gx:value />
                <gx:value />
                <gx:value />
                <gx:value />
                <gx:value />
                <gx:value />
                <gx:value />
                <gx:value />
                <gx:value />
                <gx:value />
                <gx:value />
                <gx:value />
                <gx:value />
                <gx:value />
                <gx:value />
                <gx:value />
                <gx:value />
                <gx:value />
                <gx:value />
                <gx:value />
                <gx:value />
                <gx:value />
                <gx:value />
                <gx:value />
                <gx:value />
                <gx:value />
                <gx:value />
                <gx:value />
                <gx:value />
                <gx:value />
                <gx:value />
                <gx:value />
                <gx:value />
                <gx:value />
                <gx:value />
                <gx:value />
                <gx:value />
                <gx:value />
                <gx:value />
                <gx:value />
                <gx:value />
                <gx:value />
                <gx:value />
                <gx:value />
                <gx:value />
                <gx:value />
                <gx:value />
                <gx:value />
                <gx:value />
                <gx:value />
                <gx:value />
                <gx:value />
                <gx:value />
                <gx:value />
                <gx:value />
                <gx:value />
                <gx:value />
                <gx:value />
                <gx:value />
                <gx:value />
                <gx:value />
                <gx:value />
                <gx:value />
                <gx:value />
                <gx:value />
                <gx:value />
                <gx:value />
                <gx:value />
                <gx:value />
                <gx:value />
                <gx:value />
                <gx:value />
                <gx:value />
                <gx:value />
                <gx:value />
                <gx:value />
                <gx:value />
                <gx:value />
                <gx:value />
                <gx:value />
                <gx:value />
                <gx:value />
                <gx:value />
                <gx:value />
                <gx:value />
                <gx:value />
                <gx:value />
                <gx:value />
                <gx:value />
                <gx:value />
                <gx:value />
                <gx:value />
                <gx:value />
                <gx:value />
                <gx:value />
                <gx:value />
                <gx:value />
                <gx:value />
                <gx:value />
                <gx:value />
                <gx:value />
                <gx:value />
                <gx:value />
                <gx:value />
                <gx:value />
                <gx:value />
                <gx:value />
                <gx:value />
                <gx:value />
                <gx:value />
                <gx:value />
                <gx:value />
                <gx:value />
                <gx:value />
                <gx:value />
                <gx:value />
                <gx:value />
                <gx:value />
                <gx:value />
                <gx:value />
                <gx:value />
                <gx:value />
                <gx:value />
                <gx:value />
                <gx:value />
                <gx:value />
                <gx:value />
                <gx:value />
                <gx:value />
                <gx:value />
                <gx:value />
                <gx:value />
                <gx:value />
                <gx:value />
                <gx:value />
                <gx:value />
                <gx:value />
                <gx:value />
                <gx:value />
                <gx:value />
                <gx:value />
                <gx:value />
                <gx:value />
                <gx:value />
                <gx:value />
                <gx:value />
                <gx:value />
                <gx:value />
                <gx:value />
                <gx:value />
                <gx:value />
                <gx:value />
                <gx:value />
                <gx:value />
                <gx:value />
                <gx:value />
                <gx:value />
                <gx:value />
                <gx:value />
                <gx:value />
                <gx:value />
                <gx:value />
                <gx:value />
                <gx:value />
                <gx:value />
                <gx:value />
                <gx:value />
                <gx:value />
                <gx:value />
                <gx:value />
                <gx:value />
                <gx:value />
                <gx:value />
                <gx:value />
                <gx:value />
                <gx:value />
                <gx:value />
                <gx:value />
                <gx:value />
                <gx:value />
                <gx:value />
                <gx:value />
                <gx:value />
                <gx:value />
                <gx:value />
                <gx:value />
                <gx:value />
                <gx:value />
                <gx:value />
                <gx:value />
                <gx:value />
                <gx:value />
                <gx:value />
                <gx:value />
              </gx:SimpleArrayData>
              <gx:SimpleArrayData name="course">
                <gx:value />
                <gx:value />
                <gx:value />
                <gx:value />
                <gx:value />
                <gx:value />
                <gx:value />
                <gx:value />
                <gx:value />
                <gx:value />
                <gx:value />
                <gx:value />
                <gx:value />
                <gx:value />
                <gx:value />
                <gx:value />
                <gx:value />
                <gx:value />
                <gx:value />
                <gx:value />
                <gx:value />
                <gx:value />
                <gx:value />
                <gx:value />
                <gx:value />
                <gx:value />
                <gx:value />
                <gx:value />
                <gx:value />
                <gx:value />
                <gx:value />
                <gx:value />
                <gx:value />
                <gx:value />
                <gx:value />
                <gx:value />
                <gx:value />
                <gx:value />
                <gx:value />
                <gx:value />
                <gx:value />
                <gx:value />
                <gx:value />
                <gx:value />
                <gx:value />
                <gx:value />
                <gx:value />
                <gx:value />
                <gx:value />
                <gx:value />
                <gx:value />
                <gx:value />
                <gx:value />
                <gx:value />
                <gx:value />
                <gx:value />
                <gx:value />
                <gx:value />
                <gx:value />
                <gx:value />
                <gx:value />
                <gx:value />
                <gx:value />
                <gx:value />
                <gx:value />
                <gx:value />
                <gx:value />
                <gx:value />
                <gx:value />
                <gx:value />
                <gx:value />
                <gx:value />
                <gx:value />
                <gx:value />
                <gx:value />
                <gx:value />
                <gx:value />
                <gx:value />
                <gx:value />
                <gx:value />
                <gx:value />
                <gx:value />
                <gx:value />
                <gx:value />
                <gx:value />
                <gx:value />
                <gx:value />
                <gx:value />
                <gx:value />
                <gx:value />
                <gx:value />
                <gx:value />
                <gx:value />
                <gx:value />
                <gx:value />
                <gx:value />
                <gx:value />
                <gx:value />
                <gx:value />
                <gx:value />
                <gx:value />
                <gx:value />
                <gx:value />
                <gx:value />
                <gx:value />
                <gx:value />
                <gx:value />
                <gx:value />
                <gx:value />
                <gx:value />
                <gx:value />
                <gx:value />
                <gx:value />
                <gx:value />
                <gx:value />
                <gx:value />
                <gx:value />
                <gx:value />
                <gx:value />
                <gx:value />
                <gx:value />
                <gx:value />
                <gx:value />
                <gx:value />
                <gx:value />
                <gx:value />
                <gx:value />
                <gx:value />
                <gx:value />
                <gx:value />
                <gx:value />
                <gx:value />
                <gx:value />
                <gx:value />
                <gx:value />
                <gx:value />
                <gx:value />
                <gx:value />
                <gx:value />
                <gx:value />
                <gx:value />
                <gx:value />
                <gx:value />
                <gx:value />
                <gx:value />
                <gx:value />
                <gx:value />
                <gx:value />
                <gx:value />
                <gx:value />
                <gx:value />
                <gx:value />
                <gx:value />
                <gx:value />
                <gx:value />
                <gx:value />
                <gx:value />
                <gx:value />
                <gx:value />
                <gx:value />
                <gx:value />
                <gx:value />
                <gx:value />
                <gx:value />
                <gx:value />
                <gx:value />
                <gx:value />
                <gx:value />
                <gx:value />
                <gx:value />
                <gx:value />
                <gx:value />
                <gx:value />
                <gx:value />
                <gx:value />
                <gx:value />
                <gx:value />
                <gx:value />
                <gx:value />
                <gx:value />
                <gx:value />
                <gx:value />
                <gx:value />
                <gx:value />
                <gx:value />
                <gx:value />
                <gx:value />
                <gx:value />
                <gx:value />
                <gx:value />
                <gx:value />
                <gx:value />
                <gx:value />
                <gx:value />
                <gx:value />
                <gx:value />
                <gx:value />
                <gx:value />
                <gx:value />
                <gx:value />
                <gx:value />
                <gx:value />
                <gx:value />
                <gx:value />
                <gx:value />
                <gx:value />
                <gx:value />
                <gx:value />
                <gx:value />
                <gx:value />
                <gx:value />
                <gx:value />
                <gx:value />
                <gx:value />
                <gx:value />
                <gx:value />
                <gx:value />
                <gx:value />
                <gx:value />
                <gx:value />
                <gx:value />
                <gx:value />
                <gx:value />
                <gx:value />
                <gx:value />
                <gx:value />
                <gx:value />
                <gx:value />
                <gx:value />
                <gx:value />
                <gx:value />
                <gx:value />
                <gx:value />
                <gx:value />
                <gx:value />
                <gx:value />
                <gx:value />
                <gx:value />
                <gx:value />
                <gx:value />
                <gx:value />
                <gx:value />
                <gx:value />
                <gx:value />
                <gx:value />
                <gx:value />
                <gx:value />
                <gx:value />
                <gx:value />
                <gx:value />
                <gx:value />
                <gx:value />
                <gx:value />
                <gx:value />
                <gx:value />
                <gx:value />
                <gx:value />
                <gx:value />
                <gx:value />
                <gx:value />
                <gx:value />
                <gx:value />
                <gx:value />
                <gx:value />
                <gx:value />
                <gx:value />
                <gx:value />
                <gx:value />
                <gx:value />
                <gx:value />
                <gx:value />
                <gx:value />
                <gx:value />
                <gx:value />
                <gx:value />
                <gx:value />
                <gx:value />
                <gx:value />
                <gx:value />
                <gx:value />
                <gx:value />
                <gx:value />
                <gx:value />
                <gx:value />
                <gx:value />
                <gx:value />
                <gx:value />
                <gx:value />
                <gx:value />
                <gx:value />
                <gx:value />
                <gx:value />
                <gx:value />
                <gx:value />
                <gx:value />
                <gx:value />
                <gx:value />
                <gx:value />
                <gx:value />
                <gx:value />
                <gx:value />
                <gx:value />
                <gx:value />
                <gx:value />
                <gx:value />
                <gx:value />
                <gx:value />
                <gx:value />
                <gx:value />
                <gx:value />
                <gx:value />
                <gx:value />
                <gx:value />
                <gx:value />
                <gx:value />
                <gx:value />
                <gx:value />
                <gx:value />
                <gx:value />
                <gx:value />
                <gx:value />
                <gx:value />
                <gx:value />
                <gx:value />
                <gx:value />
                <gx:value />
                <gx:value />
                <gx:value />
                <gx:value />
                <gx:value />
                <gx:value />
                <gx:value />
                <gx:value />
                <gx:value />
                <gx:value />
                <gx:value />
                <gx:value />
                <gx:value />
                <gx:value />
                <gx:value />
                <gx:value />
                <gx:value />
                <gx:value />
                <gx:value />
                <gx:value />
                <gx:value />
                <gx:value />
                <gx:value />
                <gx:value />
                <gx:value />
                <gx:value />
                <gx:value />
                <gx:value />
                <gx:value />
                <gx:value />
                <gx:value />
                <gx:value />
                <gx:value />
                <gx:value />
                <gx:value />
                <gx:value />
                <gx:value />
                <gx:value />
                <gx:value />
                <gx:value />
                <gx:value />
                <gx:value />
                <gx:value />
                <gx:value />
                <gx:value />
                <gx:value />
                <gx:value />
                <gx:value />
                <gx:value />
                <gx:value />
                <gx:value />
                <gx:value />
                <gx:value />
                <gx:value />
                <gx:value />
                <gx:value />
                <gx:value />
                <gx:value />
                <gx:value />
                <gx:value />
                <gx:value />
                <gx:value />
                <gx:value />
                <gx:value />
                <gx:value />
                <gx:value />
                <gx:value />
                <gx:value />
                <gx:value />
                <gx:value />
                <gx:value />
                <gx:value />
                <gx:value />
                <gx:value />
                <gx:value />
                <gx:value />
                <gx:value />
                <gx:value />
                <gx:value />
                <gx:value />
                <gx:value />
                <gx:value />
                <gx:value />
                <gx:value />
                <gx:value />
                <gx:value />
                <gx:value />
                <gx:value />
                <gx:value />
                <gx:value />
                <gx:value />
                <gx:value />
                <gx:value />
                <gx:value />
                <gx:value />
                <gx:value />
                <gx:value />
                <gx:value />
                <gx:value />
                <gx:value />
                <gx:value />
                <gx:value />
                <gx:value />
                <gx:value />
                <gx:value />
                <gx:value />
                <gx:value />
                <gx:value />
                <gx:value />
                <gx:value />
                <gx:value />
                <gx:value />
                <gx:value />
                <gx:value />
                <gx:value />
                <gx:value />
                <gx:value />
                <gx:value />
                <gx:value />
                <gx:value />
                <gx:value />
                <gx:value />
                <gx:value />
                <gx:value />
                <gx:value />
                <gx:value />
                <gx:value />
                <gx:value />
                <gx:value />
                <gx:value />
                <gx:value />
                <gx:value />
                <gx:value />
                <gx:value />
                <gx:value />
                <gx:value />
                <gx:value />
                <gx:value />
                <gx:value />
                <gx:value />
                <gx:value />
                <gx:value />
                <gx:value />
                <gx:value />
                <gx:value />
                <gx:value />
                <gx:value />
                <gx:value />
                <gx:value />
                <gx:value />
                <gx:value />
                <gx:value />
                <gx:value />
                <gx:value />
                <gx:value />
                <gx:value />
                <gx:value />
                <gx:value />
                <gx:value />
                <gx:value />
                <gx:value />
                <gx:value />
                <gx:value />
                <gx:value />
                <gx:value />
                <gx:value />
                <gx:value />
                <gx:value />
                <gx:value />
                <gx:value />
                <gx:value />
                <gx:value />
                <gx:value />
                <gx:value />
                <gx:value />
                <gx:value />
                <gx:value />
                <gx:value />
                <gx:value />
                <gx:value />
                <gx:value />
                <gx:value />
                <gx:value />
                <gx:value />
                <gx:value />
                <gx:value />
                <gx:value />
                <gx:value />
                <gx:value />
                <gx:value />
                <gx:value />
                <gx:value />
                <gx:value />
                <gx:value />
                <gx:value />
                <gx:value />
                <gx:value />
                <gx:value />
                <gx:value />
                <gx:value />
                <gx:value />
                <gx:value />
                <gx:value />
                <gx:value />
                <gx:value />
                <gx:value />
                <gx:value />
                <gx:value />
                <gx:value />
                <gx:value />
                <gx:value />
                <gx:value />
                <gx:value />
                <gx:value />
                <gx:value />
                <gx:value />
                <gx:value />
                <gx:value />
                <gx:value />
                <gx:value />
                <gx:value />
                <gx:value />
                <gx:value />
                <gx:value />
                <gx:value />
                <gx:value />
                <gx:value />
                <gx:value />
                <gx:value />
                <gx:value />
                <gx:value />
                <gx:value />
                <gx:value />
                <gx:value />
                <gx:value />
                <gx:value />
                <gx:value />
                <gx:value />
                <gx:value />
                <gx:value />
                <gx:value />
                <gx:value />
                <gx:value />
                <gx:value />
                <gx:value />
                <gx:value />
                <gx:value />
                <gx:value />
                <gx:value />
                <gx:value />
                <gx:value />
                <gx:value />
                <gx:value />
                <gx:value />
                <gx:value />
                <gx:value />
                <gx:value />
                <gx:value />
                <gx:value />
                <gx:value />
                <gx:value />
                <gx:value />
                <gx:value />
                <gx:value />
                <gx:value />
                <gx:value />
                <gx:value />
                <gx:value />
                <gx:value />
                <gx:value />
                <gx:value />
                <gx:value />
                <gx:value />
                <gx:value />
                <gx:value />
                <gx:value />
                <gx:value />
                <gx:value />
                <gx:value />
                <gx:value />
                <gx:value />
                <gx:value />
                <gx:value />
                <gx:value />
                <gx:value />
                <gx:value />
                <gx:value />
                <gx:value />
                <gx:value />
                <gx:value />
                <gx:value />
                <gx:value />
                <gx:value />
                <gx:value />
                <gx:value />
                <gx:value />
                <gx:value />
                <gx:value />
                <gx:value />
                <gx:value />
                <gx:value />
                <gx:value />
                <gx:value />
                <gx:value />
                <gx:value />
                <gx:value />
                <gx:value />
                <gx:value />
                <gx:value />
                <gx:value />
                <gx:value />
                <gx:value />
                <gx:value />
                <gx:value />
                <gx:value />
                <gx:value />
                <gx:value />
                <gx:value />
                <gx:value />
                <gx:value />
                <gx:value />
                <gx:value />
                <gx:value />
                <gx:value />
                <gx:value />
                <gx:value />
                <gx:value />
                <gx:value />
                <gx:value />
                <gx:value />
                <gx:value />
                <gx:value />
                <gx:value />
                <gx:value />
                <gx:value />
                <gx:value />
                <gx:value />
                <gx:value />
                <gx:value />
                <gx:value />
                <gx:value />
                <gx:value />
                <gx:value />
                <gx:value />
                <gx:value />
                <gx:value />
                <gx:value />
                <gx:value />
                <gx:value />
                <gx:value />
                <gx:value />
                <gx:value />
                <gx:value />
                <gx:value />
                <gx:value />
                <gx:value />
                <gx:value />
                <gx:value />
                <gx:value />
                <gx:value />
                <gx:value />
                <gx:value />
                <gx:value />
                <gx:value />
                <gx:value />
                <gx:value />
                <gx:value />
                <gx:value />
                <gx:value />
                <gx:value />
                <gx:value />
                <gx:value />
                <gx:value />
                <gx:value />
                <gx:value />
                <gx:value />
                <gx:value />
                <gx:value />
                <gx:value />
                <gx:value />
                <gx:value />
                <gx:value />
                <gx:value />
                <gx:value />
                <gx:value />
                <gx:value />
                <gx:value />
                <gx:value />
                <gx:value />
                <gx:value />
                <gx:value />
                <gx:value />
                <gx:value />
                <gx:value />
                <gx:value />
                <gx:value />
                <gx:value />
                <gx:value />
                <gx:value />
                <gx:value />
                <gx:value />
                <gx:value />
                <gx:value />
                <gx:value />
                <gx:value />
                <gx:value />
                <gx:value />
                <gx:value />
                <gx:value />
                <gx:value />
                <gx:value />
                <gx:value />
                <gx:value />
                <gx:value />
                <gx:value />
                <gx:value />
                <gx:value />
                <gx:value />
                <gx:value />
                <gx:value />
                <gx:value />
                <gx:value />
                <gx:value />
                <gx:value />
                <gx:value />
                <gx:value />
                <gx:value />
                <gx:value />
                <gx:value />
                <gx:value />
                <gx:value />
                <gx:value />
                <gx:value />
                <gx:value />
                <gx:value />
                <gx:value />
                <gx:value />
                <gx:value />
                <gx:value />
                <gx:value />
                <gx:value />
                <gx:value />
                <gx:value />
                <gx:value />
                <gx:value />
                <gx:value />
                <gx:value />
                <gx:value />
                <gx:value />
                <gx:value />
                <gx:value />
                <gx:value />
                <gx:value />
                <gx:value />
                <gx:value />
                <gx:value />
                <gx:value />
                <gx:value />
                <gx:value />
                <gx:value />
                <gx:value />
                <gx:value />
                <gx:value />
                <gx:value />
                <gx:value />
                <gx:value />
                <gx:value />
                <gx:value />
                <gx:value />
                <gx:value />
                <gx:value />
                <gx:value />
                <gx:value />
                <gx:value />
                <gx:value />
                <gx:value />
                <gx:value />
                <gx:value />
                <gx:value />
                <gx:value />
                <gx:value />
                <gx:value />
                <gx:value />
                <gx:value />
                <gx:value />
                <gx:value />
                <gx:value />
                <gx:value />
                <gx:value />
                <gx:value />
                <gx:value />
                <gx:value />
                <gx:value />
                <gx:value />
                <gx:value />
                <gx:value />
                <gx:value />
                <gx:value />
                <gx:value />
                <gx:value />
                <gx:value />
                <gx:value />
                <gx:value />
                <gx:value />
                <gx:value />
                <gx:value />
                <gx:value />
                <gx:value />
                <gx:value />
                <gx:value />
                <gx:value />
                <gx:value />
                <gx:value />
                <gx:value />
                <gx:value />
                <gx:value />
                <gx:value />
                <gx:value />
                <gx:value />
                <gx:value />
                <gx:value />
                <gx:value />
                <gx:value />
                <gx:value />
                <gx:value />
                <gx:value />
                <gx:value />
                <gx:value />
                <gx:value />
                <gx:value />
                <gx:value />
                <gx:value />
                <gx:value />
                <gx:value />
                <gx:value />
                <gx:value />
                <gx:value />
                <gx:value />
                <gx:value />
                <gx:value />
                <gx:value />
                <gx:value />
                <gx:value />
                <gx:value />
                <gx:value />
                <gx:value />
                <gx:value />
                <gx:value />
                <gx:value />
                <gx:value />
                <gx:value />
                <gx:value />
                <gx:value />
                <gx:value />
                <gx:value />
                <gx:value />
                <gx:value />
                <gx:value />
                <gx:value />
                <gx:value />
                <gx:value />
                <gx:value />
                <gx:value />
                <gx:value />
                <gx:value />
                <gx:value />
                <gx:value />
                <gx:value />
                <gx:value />
                <gx:value />
                <gx:value />
                <gx:value />
                <gx:value />
                <gx:value />
                <gx:value />
                <gx:value />
                <gx:value />
                <gx:value />
                <gx:value />
                <gx:value />
                <gx:value />
                <gx:value />
                <gx:value />
                <gx:value />
                <gx:value />
                <gx:value />
                <gx:value />
                <gx:value />
                <gx:value />
                <gx:value />
                <gx:value />
                <gx:value />
                <gx:value />
                <gx:value />
                <gx:value />
                <gx:value />
                <gx:value />
                <gx:value />
                <gx:value />
                <gx:value />
                <gx:value />
                <gx:value />
                <gx:value />
                <gx:value />
                <gx:value />
                <gx:value />
                <gx:value />
                <gx:value />
                <gx:value />
                <gx:value />
                <gx:value />
                <gx:value />
                <gx:value />
                <gx:value />
                <gx:value />
                <gx:value />
                <gx:value />
                <gx:value />
                <gx:value />
                <gx:value />
                <gx:value />
                <gx:value />
                <gx:value />
                <gx:value />
                <gx:value />
                <gx:value />
                <gx:value />
                <gx:value />
                <gx:value />
                <gx:value />
                <gx:value />
                <gx:value />
                <gx:value />
                <gx:value />
                <gx:value />
                <gx:value />
                <gx:value />
                <gx:value />
                <gx:value />
                <gx:value />
                <gx:value />
                <gx:value />
                <gx:value />
                <gx:value />
                <gx:value />
                <gx:value />
                <gx:value />
                <gx:value />
                <gx:value />
                <gx:value />
                <gx:value />
                <gx:value />
                <gx:value />
                <gx:value />
                <gx:value />
                <gx:value />
                <gx:value />
                <gx:value />
                <gx:value />
                <gx:value />
                <gx:value />
                <gx:value />
                <gx:value />
                <gx:value />
                <gx:value />
                <gx:value />
                <gx:value />
                <gx:value />
                <gx:value />
                <gx:value />
                <gx:value />
                <gx:value />
                <gx:value />
                <gx:value />
                <gx:value />
                <gx:value />
                <gx:value />
                <gx:value />
                <gx:value />
                <gx:value />
                <gx:value />
                <gx:value />
                <gx:value />
                <gx:value />
                <gx:value />
                <gx:value />
                <gx:value />
                <gx:value />
                <gx:value />
                <gx:value />
                <gx:value />
                <gx:value />
                <gx:value />
                <gx:value />
                <gx:value />
                <gx:value />
                <gx:value />
                <gx:value />
                <gx:value />
                <gx:value />
                <gx:value />
                <gx:value />
                <gx:value />
                <gx:value />
                <gx:value />
                <gx:value />
                <gx:value />
                <gx:value />
                <gx:value />
                <gx:value />
                <gx:value />
                <gx:value />
                <gx:value />
                <gx:value />
                <gx:value />
                <gx:value />
                <gx:value />
                <gx:value />
                <gx:value />
                <gx:value />
                <gx:value />
                <gx:value />
                <gx:value />
                <gx:value />
                <gx:value />
                <gx:value />
                <gx:value />
                <gx:value />
                <gx:value />
                <gx:value />
                <gx:value />
                <gx:value />
                <gx:value />
                <gx:value />
                <gx:value />
                <gx:value />
                <gx:value />
                <gx:value />
                <gx:value />
                <gx:value />
                <gx:value />
                <gx:value />
                <gx:value />
                <gx:value />
                <gx:value />
                <gx:value />
                <gx:value />
                <gx:value />
                <gx:value />
                <gx:value />
                <gx:value />
                <gx:value />
                <gx:value />
                <gx:value />
                <gx:value />
                <gx:value />
                <gx:value />
                <gx:value />
                <gx:value />
                <gx:value />
                <gx:value />
                <gx:value />
                <gx:value />
                <gx:value />
                <gx:value />
                <gx:value />
                <gx:value />
                <gx:value />
                <gx:value />
                <gx:value />
                <gx:value />
                <gx:value />
                <gx:value />
                <gx:value />
                <gx:value />
                <gx:value />
                <gx:value />
                <gx:value />
                <gx:value />
                <gx:value />
                <gx:value />
                <gx:value />
                <gx:value />
                <gx:value />
                <gx:value />
                <gx:value />
                <gx:value />
                <gx:value />
                <gx:value />
                <gx:value />
                <gx:value />
                <gx:value />
                <gx:value />
                <gx:value />
                <gx:value />
                <gx:value />
              </gx:SimpleArrayData>
            </SchemaData>
          </ExtendedData>
        </gx:Track>
      </gx:MultiTrack>
    </Placemark>
  </Document>
</kml>