<?xml version="1.0" encoding="UTF-8"?>
<!-- Created with BasicAirData GPS Logger for Android - ver. 3.3.0 -->
<!-- Track 2 = 1638 TrackPoints + 2 Placemarks -->

<!-- Track Statistics (based on Total Time | Time in Movement): -->
<!--  Distance = 13.6 km -->
<!--  Duration = 27:19 | 25:01 -->
<!--  Altitude Gap = 45 m -->
<!--  Max Speed = 65 km/h -->
<!--  Avg Speed = 30.0 | 32.8 km/h -->
<!--  Direction = NW -->
<!--  Activity = bus -->
<!--  Altitudes = Raw -->

<gpx version="1.0"
     creator="BasicAirData GPS Logger 3.3.0"
     xmlns="http://www.topografix.com/GPX/1/0"
     xmlns:xsi="http://www.w3.org/2001/XMLSchema-instance"
     xsi:schemaLocation="http://www.topografix.com/GPX/1/0 http://www.topografix.com/GPX/1/0/gpx.xsd">
<name>GPS Logger 20260925-174649</name>
<desc>Ponda-Old Goa</desc>
<time>2026-10-01T12:21:34Z</time>
<keywords>bus</keywords>
<bounds minlat="15.43689350" minlon="73.90619967" maxlat="15.49935296" maxlon="73.97777158" />

<wpt lat="15.39693270" lon="74.00025576"><ele>-35.686</ele><time>2026-09-25T12:16:49Z</time><name>Bus destination reach from ponda to old goa</name><sat>16</sat></wpt>

<wpt lat="15.43773152" lon="73.97673289"><ele>-61.943</ele><time>2026-09-25T12:40:22Z</time><name>Ponda-old goa</name><sat>26</sat></wpt>

<trk>
 <name>Track 20260925-174649</name>
 <trkseg>
  <trkpt lat="15.43693279" lon="73.97777158"><ele>-50.673</ele><time>2026-09-25T12:39:43Z</time><speed>3.270</speed><sat>20</sat></trkpt>
  <trkpt lat="15.43693564" lon="73.97773848"><ele>-52.026</ele><time>2026-09-25T12:39:44Z</time><speed>4.270</speed><sat>21</sat></trkpt>
  <trkpt lat="15.43692685" lon="73.97770154"><ele>-50.893</ele><time>2026-09-25T12:39:45Z</time><speed>4.970</speed><sat>22</sat></trkpt>
  <trkpt lat="15.43692899" lon="73.97765661"><ele>-49.828</ele><time>2026-09-25T12:39:46Z</time><speed>5.020</speed><sat>23</sat></trkpt>
  <trkpt lat="15.43693382" lon="73.97761296"><ele>-49.215</ele><time>2026-09-25T12:39:47Z</time><speed>5.470</speed><sat>23</sat></trkpt>
  <trkpt lat="15.43693517" lon="73.97755865"><ele>-51.389</ele><time>2026-09-25T12:39:48Z</time><speed>5.730</speed><sat>23</sat></trkpt>
  <trkpt lat="15.43691053" lon="73.97750852"><ele>-50.601</ele><time>2026-09-25T12:39:49Z</time><speed>5.540</speed><sat>26</sat></trkpt>
  <trkpt lat="15.43689575" lon="73.97745732"><ele>-52.229</ele><time>2026-09-25T12:39:50Z</time><speed>5.530</speed><sat>27</sat></trkpt>
  <trkpt lat="15.43689451" lon="73.97740336"><ele>-54.252</ele><time>2026-09-25T12:39:51Z</time><speed>5.530</speed><sat>27</sat></trkpt>
  <trkpt lat="15.43689350" lon="73.97735024"><ele>-54.356</ele><time>2026-09-25T12:39:52Z</time><speed>5.270</speed><sat>26</sat></trkpt>
  <trkpt lat="15.43689988" lon="73.97730933"><ele>-53.627</ele><time>2026-09-25T12:39:53Z</time><speed>4.360</speed><sat>26</sat></trkpt>
  <trkpt lat="15.43690617" lon="73.97727402"><ele>-54.436</ele><time>2026-09-25T12:39:54Z</time><speed>3.640</speed><sat>27</sat></trkpt>
  <trkpt lat="15.43690309" lon="73.97724800"><ele>-55.622</ele><time>2026-09-25T12:39:55Z</time><speed>2.470</speed><sat>27</sat></trkpt>
  <trkpt lat="15.43690651" lon="73.97722176"><ele>-56.814</ele><time>2026-09-25T12:39:56Z</time><speed>2.350</speed><sat>28</sat></trkpt>
  <trkpt lat="15.43691563" lon="73.97720356"><ele>-57.059</ele><time>2026-09-25T12:39:57Z</time><speed>2.020</speed><sat>28</sat></trkpt>
  <trkpt lat="15.43691506" lon="73.97718400"><ele>-55.823</ele><time>2026-09-25T12:39:58Z</time><speed>1.480</speed><sat>28</sat></trkpt>
  <trkpt lat="15.43692144" lon="73.97717741"><ele>-56.360</ele><time>2026-09-25T12:39:59Z</time><speed>0.750</speed><sat>23</sat></trkpt>
  <trkpt lat="15.43692200" lon="73.97718255"><ele>-56.046</ele><time>2026-09-25T12:40:00Z</time><speed>0.340</speed><sat>20</sat></trkpt>
  <trkpt lat="15.43692426" lon="73.97718081"><ele>-56.454</ele><time>2026-09-25T12:40:01Z</time><speed>0.000</speed><sat>20</sat></trkpt>
  <trkpt lat="15.43692515" lon="73.97717985"><ele>-56.143</ele><time>2026-09-25T12:40:02Z</time><speed>0.000</speed><sat>20</sat></trkpt>
  <trkpt lat="15.43692516" lon="73.97717984"><ele>-56.143</ele><time>2026-09-25T12:40:03Z</time><speed>0.000</speed><sat>20</sat></trkpt>
  <trkpt lat="15.43694331" lon="73.97715958"><ele>-55.965</ele><time>2026-09-25T12:40:04Z</time><speed>2.040</speed><sat>18</sat></trkpt>
  <trkpt lat="15.43695965" lon="73.97714386"><ele>-55.941</ele><time>2026-09-25T12:40:05Z</time><speed>2.770</speed><sat>22</sat></trkpt>
  <trkpt lat="15.43697875" lon="73.97712547"><ele>-55.859</ele><time>2026-09-25T12:40:06Z</time><speed>3.000</speed><sat>17</sat></trkpt>
  <trkpt lat="15.43700311" lon="73.97710486"><ele>-56.314</ele><time>2026-09-25T12:40:07Z</time><speed>3.600</speed><sat>14</sat></trkpt>
  <trkpt lat="15.43702762" lon="73.97708329"><ele>-56.299</ele><time>2026-09-25T12:40:08Z</time><speed>3.410</speed><sat>14</sat></trkpt>
  <trkpt lat="15.43706495" lon="73.97706270"><ele>-56.333</ele><time>2026-09-25T12:40:09Z</time><speed>4.890</speed><sat>10</sat></trkpt>
  <trkpt lat="15.43710896" lon="73.97704362"><ele>-55.808</ele><time>2026-09-25T12:40:10Z</time><speed>4.830</speed><sat>12</sat></trkpt>
  <trkpt lat="15.43715076" lon="73.97702729"><ele>-56.614</ele><time>2026-09-25T12:40:11Z</time><speed>4.560</speed><sat>14</sat></trkpt>
  <trkpt lat="15.43719248" lon="73.97701124"><ele>-58.068</ele><time>2026-09-25T12:40:12Z</time><speed>4.930</speed><sat>18</sat></trkpt>
  <trkpt lat="15.43722851" lon="73.97699100"><ele>-57.944</ele><time>2026-09-25T12:40:13Z</time><speed>5.750</speed><sat>22</sat></trkpt>
  <trkpt lat="15.43727773" lon="73.97695863"><ele>-58.426</ele><time>2026-09-25T12:40:14Z</time><speed>6.040</speed><sat>22</sat></trkpt>
  <trkpt lat="15.43731694" lon="73.97691498"><ele>-58.173</ele><time>2026-09-25T12:40:15Z</time><speed>6.080</speed><sat>23</sat></trkpt>
  <trkpt lat="15.43736028" lon="73.97688402"><ele>-58.788</ele><time>2026-09-25T12:40:16Z</time><speed>5.850</speed><sat>24</sat></trkpt>
  <trkpt lat="15.43741160" lon="73.97685866"><ele>-59.656</ele><time>2026-09-25T12:40:17Z</time><speed>5.840</speed><sat>26</sat></trkpt>
  <trkpt lat="15.43747555" lon="73.97681016"><ele>-61.052</ele><time>2026-09-25T12:40:18Z</time><speed>6.110</speed><sat>26</sat></trkpt>
  <trkpt lat="15.43755391" lon="73.97679474"><ele>-61.395</ele><time>2026-09-25T12:40:19Z</time><speed>6.660</speed><sat>25</sat></trkpt>
  <trkpt lat="15.43760467" lon="73.97676789"><ele>-61.301</ele><time>2026-09-25T12:40:20Z</time><speed>7.000</speed><sat>26</sat></trkpt>
  <trkpt lat="15.43767058" lon="73.97674566"><ele>-61.994</ele><time>2026-09-25T12:40:21Z</time><speed>6.460</speed><sat>26</sat></trkpt>
  <trkpt lat="15.43773152" lon="73.97673289"><ele>-61.943</ele><time>2026-09-25T12:40:22Z</time><speed>7.070</speed><sat>26</sat></trkpt>
  <trkpt lat="15.43777222" lon="73.97671173"><ele>-61.486</ele><time>2026-09-25T12:40:23Z</time><speed>6.100</speed><sat>24</sat></trkpt>
  <trkpt lat="15.43781604" lon="73.97671155"><ele>-61.002</ele><time>2026-09-25T12:40:24Z</time><speed>5.590</speed><sat>23</sat></trkpt>
  <trkpt lat="15.43786531" lon="73.97669202"><ele>-60.452</ele><time>2026-09-25T12:40:25Z</time><speed>5.800</speed><sat>23</sat></trkpt>
  <trkpt lat="15.43793518" lon="73.97667047"><ele>-60.007</ele><time>2026-09-25T12:40:26Z</time><speed>5.620</speed><sat>22</sat></trkpt>
  <trkpt lat="15.43801339" lon="73.97664623"><ele>-61.441</ele><time>2026-09-25T12:40:27Z</time><speed>5.950</speed><sat>24</sat></trkpt>
  <trkpt lat="15.43808878" lon="73.97662246"><ele>-62.908</ele><time>2026-09-25T12:40:28Z</time><speed>7.140</speed><sat>25</sat></trkpt>
  <trkpt lat="15.43814991" lon="73.97659120"><ele>-63.725</ele><time>2026-09-25T12:40:29Z</time><speed>7.380</speed><sat>25</sat></trkpt>
  <trkpt lat="15.43820759" lon="73.97657136"><ele>-65.155</ele><time>2026-09-25T12:40:30Z</time><speed>6.290</speed><sat>27</sat></trkpt>
  <trkpt lat="15.43827519" lon="73.97654071"><ele>-65.036</ele><time>2026-09-25T12:40:31Z</time><speed>6.770</speed><sat>27</sat></trkpt>
  <trkpt lat="15.43832243" lon="73.97649988"><ele>-65.068</ele><time>2026-09-25T12:40:32Z</time><speed>6.870</speed><sat>28</sat></trkpt>
  <trkpt lat="15.43839099" lon="73.97641579"><ele>-67.105</ele><time>2026-09-25T12:40:33Z</time><speed>8.000</speed><sat>28</sat></trkpt>
  <trkpt lat="15.43844837" lon="73.97636019"><ele>-66.714</ele><time>2026-09-25T12:40:34Z</time><speed>8.190</speed><sat>28</sat></trkpt>
  <trkpt lat="15.43853021" lon="73.97629574"><ele>-68.790</ele><time>2026-09-25T12:40:35Z</time><speed>9.000</speed><sat>28</sat></trkpt>
  <trkpt lat="15.43859376" lon="73.97622980"><ele>-66.969</ele><time>2026-09-25T12:40:36Z</time><speed>9.210</speed><sat>29</sat></trkpt>
  <trkpt lat="15.43865618" lon="73.97616983"><ele>-67.611</ele><time>2026-09-25T12:40:37Z</time><speed>9.230</speed><sat>29</sat></trkpt>
  <trkpt lat="15.43871697" lon="73.97612771"><ele>-67.886</ele><time>2026-09-25T12:40:38Z</time><speed>8.670</speed><sat>28</sat></trkpt>
  <trkpt lat="15.43880993" lon="73.97606622"><ele>-67.980</ele><time>2026-09-25T12:40:39Z</time><speed>9.340</speed><sat>28</sat></trkpt>
  <trkpt lat="15.43888193" lon="73.97601887"><ele>-68.182</ele><time>2026-09-25T12:40:40Z</time><speed>8.970</speed><sat>28</sat></trkpt>
  <trkpt lat="15.43894050" lon="73.97596884"><ele>-68.791</ele><time>2026-09-25T12:40:41Z</time><speed>8.670</speed><sat>28</sat></trkpt>
  <trkpt lat="15.43901252" lon="73.97593029"><ele>-68.004</ele><time>2026-09-25T12:40:42Z</time><speed>7.990</speed><sat>27</sat></trkpt>
  <trkpt lat="15.43907641" lon="73.97587811"><ele>-68.060</ele><time>2026-09-25T12:40:43Z</time><speed>7.620</speed><sat>27</sat></trkpt>
  <trkpt lat="15.43913643" lon="73.97584061"><ele>-67.799</ele><time>2026-09-25T12:40:44Z</time><speed>7.140</speed><sat>28</sat></trkpt>
  <trkpt lat="15.43918337" lon="73.97582041"><ele>-66.828</ele><time>2026-09-25T12:40:45Z</time><speed>6.560</speed><sat>27</sat></trkpt>
  <trkpt lat="15.43918981" lon="73.97582756"><ele>-65.573</ele><time>2026-09-25T12:40:46Z</time><speed>3.640</speed><sat>29</sat></trkpt>
  <trkpt lat="15.43919409" lon="73.97582658"><ele>-65.501</ele><time>2026-09-25T12:40:47Z</time><speed>1.360</speed><sat>29</sat></trkpt>
  <trkpt lat="15.43920642" lon="73.97582806"><ele>-65.092</ele><time>2026-09-25T12:40:48Z</time><speed>0.510</speed><sat>29</sat></trkpt>
  <trkpt lat="15.43921199" lon="73.97582350"><ele>-64.117</ele><time>2026-09-25T12:40:49Z</time><speed>0.530</speed><sat>29</sat></trkpt>
  <trkpt lat="15.43921439" lon="73.97582761"><ele>-64.547</ele><time>2026-09-25T12:40:50Z</time><speed>0.000</speed><sat>27</sat></trkpt>
  <trkpt lat="15.43921982" lon="73.97582749"><ele>-64.515</ele><time>2026-09-25T12:40:51Z</time><speed>0.000</speed><sat>26</sat></trkpt>
  <trkpt lat="15.43921666" lon="73.97582629"><ele>-64.099</ele><time>2026-09-25T12:40:52Z</time><speed>0.000</speed><sat>25</sat></trkpt>
  <trkpt lat="15.43921990" lon="73.97582697"><ele>-64.258</ele><time>2026-09-25T12:40:53Z</time><speed>0.000</speed><sat>27</sat></trkpt>
  <trkpt lat="15.43922248" lon="73.97582898"><ele>-64.433</ele><time>2026-09-25T12:40:54Z</time><speed>0.000</speed><sat>27</sat></trkpt>
  <trkpt lat="15.43922734" lon="73.97582447"><ele>-64.536</ele><time>2026-09-25T12:40:55Z</time><speed>0.000</speed><sat>23</sat></trkpt>
  <trkpt lat="15.43923089" lon="73.97582238"><ele>-64.836</ele><time>2026-09-25T12:40:56Z</time><speed>0.000</speed><sat>23</sat></trkpt>
  <trkpt lat="15.43923194" lon="73.97582160"><ele>-64.952</ele><time>2026-09-25T12:40:57Z</time><speed>0.000</speed><sat>22</sat></trkpt>
  <trkpt lat="15.43923444" lon="73.97582105"><ele>-64.946</ele><time>2026-09-25T12:40:58Z</time><speed>0.000</speed><sat>22</sat></trkpt>
  <trkpt lat="15.43923764" lon="73.97582256"><ele>-64.896</ele><time>2026-09-25T12:40:59Z</time><speed>0.000</speed><sat>22</sat></trkpt>
  <trkpt lat="15.43923728" lon="73.97582304"><ele>-64.618</ele><time>2026-09-25T12:41:00Z</time><speed>0.000</speed><sat>23</sat></trkpt>
  <trkpt lat="15.43923778" lon="73.97582306"><ele>-64.624</ele><time>2026-09-25T12:41:01Z</time><speed>0.000</speed><sat>25</sat></trkpt>
  <trkpt lat="15.43923838" lon="73.97582316"><ele>-64.597</ele><time>2026-09-25T12:41:02Z</time><speed>0.000</speed><sat>25</sat></trkpt>
  <trkpt lat="15.43923819" lon="73.97582365"><ele>-64.616</ele><time>2026-09-25T12:41:03Z</time><speed>0.000</speed><sat>25</sat></trkpt>
  <trkpt lat="15.43923802" lon="73.97582543"><ele>-64.343</ele><time>2026-09-25T12:41:04Z</time><speed>0.000</speed><sat>25</sat></trkpt>
  <trkpt lat="15.43923736" lon="73.97582683"><ele>-64.299</ele><time>2026-09-25T12:41:05Z</time><speed>0.000</speed><sat>25</sat></trkpt>
  <trkpt lat="15.43924220" lon="73.97583230"><ele>-64.171</ele><time>2026-09-25T12:41:06Z</time><speed>0.540</speed><sat>25</sat></trkpt>
  <trkpt lat="15.43925105" lon="73.97582889"><ele>-63.550</ele><time>2026-09-25T12:41:07Z</time><speed>1.380</speed><sat>25</sat></trkpt>
  <trkpt lat="15.43926350" lon="73.97581454"><ele>-63.307</ele><time>2026-09-25T12:41:08Z</time><speed>2.280</speed><sat>26</sat></trkpt>
  <trkpt lat="15.43929248" lon="73.97579375"><ele>-62.900</ele><time>2026-09-25T12:41:09Z</time><speed>3.260</speed><sat>28</sat></trkpt>
  <trkpt lat="15.43933177" lon="73.97578736"><ele>-62.253</ele><time>2026-09-25T12:41:10Z</time><speed>3.530</speed><sat>28</sat></trkpt>
  <trkpt lat="15.43936113" lon="73.97575851"><ele>-63.627</ele><time>2026-09-25T12:41:11Z</time><speed>4.300</speed><sat>28</sat></trkpt>
  <trkpt lat="15.43940307" lon="73.97573290"><ele>-64.076</ele><time>2026-09-25T12:41:12Z</time><speed>5.030</speed><sat>29</sat></trkpt>
  <trkpt lat="15.43944181" lon="73.97569431"><ele>-64.805</ele><time>2026-09-25T12:41:13Z</time><speed>5.510</speed><sat>28</sat></trkpt>
  <trkpt lat="15.43949040" lon="73.97566025"><ele>-65.639</ele><time>2026-09-25T12:41:14Z</time><speed>5.940</speed><sat>28</sat></trkpt>
  <trkpt lat="15.43953264" lon="73.97561992"><ele>-66.057</ele><time>2026-09-25T12:41:15Z</time><speed>6.420</speed><sat>28</sat></trkpt>
  <trkpt lat="15.43958017" lon="73.97558938"><ele>-64.295</ele><time>2026-09-25T12:41:16Z</time><speed>6.440</speed><sat>28</sat></trkpt>
  <trkpt lat="15.43962794" lon="73.97555342"><ele>-64.442</ele><time>2026-09-25T12:41:17Z</time><speed>6.250</speed><sat>28</sat></trkpt>
  <trkpt lat="15.43967295" lon="73.97552518"><ele>-64.234</ele><time>2026-09-25T12:41:18Z</time><speed>5.410</speed><sat>28</sat></trkpt>
  <trkpt lat="15.43971340" lon="73.97550436"><ele>-64.498</ele><time>2026-09-25T12:41:19Z</time><speed>4.590</speed><sat>28</sat></trkpt>
  <trkpt lat="15.43974883" lon="73.97548615"><ele>-65.438</ele><time>2026-09-25T12:41:20Z</time><speed>4.310</speed><sat>28</sat></trkpt>
  <trkpt lat="15.43978442" lon="73.97546366"><ele>-65.189</ele><time>2026-09-25T12:41:21Z</time><speed>4.850</speed><sat>29</sat></trkpt>
  <trkpt lat="15.43982713" lon="73.97543624"><ele>-65.144</ele><time>2026-09-25T12:41:22Z</time><speed>5.420</speed><sat>29</sat></trkpt>
  <trkpt lat="15.43988034" lon="73.97540177"><ele>-65.160</ele><time>2026-09-25T12:41:23Z</time><speed>6.170</speed><sat>28</sat></trkpt>
  <trkpt lat="15.43993340" lon="73.97536633"><ele>-65.266</ele><time>2026-09-25T12:41:24Z</time><speed>6.840</speed><sat>27</sat></trkpt>
  <trkpt lat="15.43998897" lon="73.97533207"><ele>-64.643</ele><time>2026-09-25T12:41:25Z</time><speed>6.930</speed><sat>26</sat></trkpt>
  <trkpt lat="15.44003588" lon="73.97529362"><ele>-64.848</ele><time>2026-09-25T12:41:26Z</time><speed>6.750</speed><sat>29</sat></trkpt>
  <trkpt lat="15.44009579" lon="73.97525894"><ele>-64.232</ele><time>2026-09-25T12:41:27Z</time><speed>7.320</speed><sat>27</sat></trkpt>
  <trkpt lat="15.44014903" lon="73.97522854"><ele>-64.482</ele><time>2026-09-25T12:41:28Z</time><speed>7.080</speed><sat>26</sat></trkpt>
  <trkpt lat="15.44019894" lon="73.97519181"><ele>-64.300</ele><time>2026-09-25T12:41:29Z</time><speed>6.680</speed><sat>26</sat></trkpt>
  <trkpt lat="15.44023627" lon="73.97517881"><ele>-64.085</ele><time>2026-09-25T12:41:30Z</time><speed>5.320</speed><sat>27</sat></trkpt>
  <trkpt lat="15.44028333" lon="73.97516073"><ele>-64.215</ele><time>2026-09-25T12:41:31Z</time><speed>5.190</speed><sat>28</sat></trkpt>
  <trkpt lat="15.44032828" lon="73.97514681"><ele>-63.459</ele><time>2026-09-25T12:41:32Z</time><speed>5.830</speed><sat>29</sat></trkpt>
  <trkpt lat="15.44036296" lon="73.97511792"><ele>-62.842</ele><time>2026-09-25T12:41:33Z</time><speed>4.900</speed><sat>29</sat></trkpt>
  <trkpt lat="15.44041411" lon="73.97509376"><ele>-63.088</ele><time>2026-09-25T12:41:34Z</time><speed>6.260</speed><sat>28</sat></trkpt>
  <trkpt lat="15.44046342" lon="73.97506705"><ele>-63.196</ele><time>2026-09-25T12:41:35Z</time><speed>5.960</speed><sat>28</sat></trkpt>
  <trkpt lat="15.44049490" lon="73.97503954"><ele>-62.972</ele><time>2026-09-25T12:41:36Z</time><speed>4.460</speed><sat>27</sat></trkpt>
  <trkpt lat="15.44053440" lon="73.97500953"><ele>-63.127</ele><time>2026-09-25T12:41:37Z</time><speed>4.600</speed><sat>21</sat></trkpt>
  <trkpt lat="15.44056135" lon="73.97498434"><ele>-63.171</ele><time>2026-09-25T12:41:38Z</time><speed>4.080</speed><sat>20</sat></trkpt>
  <trkpt lat="15.44058088" lon="73.97496963"><ele>-63.331</ele><time>2026-09-25T12:41:39Z</time><speed>3.050</speed><sat>18</sat></trkpt>
  <trkpt lat="15.44059981" lon="73.97495507"><ele>-63.200</ele><time>2026-09-25T12:41:40Z</time><speed>3.110</speed><sat>18</sat></trkpt>
  <trkpt lat="15.44061372" lon="73.97495570"><ele>-62.944</ele><time>2026-09-25T12:41:41Z</time><speed>1.610</speed><sat>18</sat></trkpt>
  <trkpt lat="15.44062813" lon="73.97494151"><ele>-63.080</ele><time>2026-09-25T12:41:42Z</time><speed>2.520</speed><sat>18</sat></trkpt>
  <trkpt lat="15.44064328" lon="73.97496791"><ele>-62.973</ele><time>2026-09-25T12:41:43Z</time><speed>2.240</speed><sat>20</sat></trkpt>
  <trkpt lat="15.44065816" lon="73.97495865"><ele>-62.819</ele><time>2026-09-25T12:41:44Z</time><speed>1.750</speed><sat>20</sat></trkpt>
  <trkpt lat="15.44068348" lon="73.97495146"><ele>-63.142</ele><time>2026-09-25T12:41:45Z</time><speed>2.130</speed><sat>23</sat></trkpt>
  <trkpt lat="15.44070348" lon="73.97494830"><ele>-63.088</ele><time>2026-09-25T12:41:46Z</time><speed>2.190</speed><sat>23</sat></trkpt>
  <trkpt lat="15.44074340" lon="73.97492829"><ele>-63.932</ele><time>2026-09-25T12:41:47Z</time><speed>4.140</speed><sat>22</sat></trkpt>
  <trkpt lat="15.44078347" lon="73.97490644"><ele>-64.411</ele><time>2026-09-25T12:41:48Z</time><speed>3.620</speed><sat>23</sat></trkpt>
  <trkpt lat="15.44082148" lon="73.97488679"><ele>-64.123</ele><time>2026-09-25T12:41:49Z</time><speed>4.060</speed><sat>24</sat></trkpt>
  <trkpt lat="15.44090203" lon="73.97482343"><ele>-65.297</ele><time>2026-09-25T12:41:50Z</time><speed>5.770</speed><sat>25</sat></trkpt>
  <trkpt lat="15.44094931" lon="73.97478365"><ele>-65.168</ele><time>2026-09-25T12:41:51Z</time><speed>5.600</speed><sat>23</sat></trkpt>
  <trkpt lat="15.44099186" lon="73.97474972"><ele>-64.905</ele><time>2026-09-25T12:41:52Z</time><speed>5.460</speed><sat>22</sat></trkpt>
  <trkpt lat="15.44103761" lon="73.97471431"><ele>-64.714</ele><time>2026-09-25T12:41:53Z</time><speed>5.910</speed><sat>21</sat></trkpt>
  <trkpt lat="15.44107291" lon="73.97464546"><ele>-63.704</ele><time>2026-09-25T12:41:54Z</time><speed>5.980</speed><sat>20</sat></trkpt>
  <trkpt lat="15.44111008" lon="73.97460301"><ele>-62.239</ele><time>2026-09-25T12:41:55Z</time><speed>6.020</speed><sat>20</sat></trkpt>
  <trkpt lat="15.44114771" lon="73.97457310"><ele>-61.932</ele><time>2026-09-25T12:41:56Z</time><speed>5.820</speed><sat>20</sat></trkpt>
  <trkpt lat="15.44119806" lon="73.97453240"><ele>-61.395</ele><time>2026-09-25T12:41:57Z</time><speed>5.850</speed><sat>23</sat></trkpt>
  <trkpt lat="15.44122810" lon="73.97450158"><ele>-61.890</ele><time>2026-09-25T12:41:58Z</time><speed>5.440</speed><sat>23</sat></trkpt>
  <trkpt lat="15.44127578" lon="73.97446770"><ele>-61.669</ele><time>2026-09-25T12:41:59Z</time><speed>5.610</speed><sat>24</sat></trkpt>
  <trkpt lat="15.44132526" lon="73.97441737"><ele>-61.180</ele><time>2026-09-25T12:42:00Z</time><speed>6.040</speed><sat>23</sat></trkpt>
  <trkpt lat="15.44136714" lon="73.97437169"><ele>-60.825</ele><time>2026-09-25T12:42:01Z</time><speed>6.170</speed><sat>24</sat></trkpt>
  <trkpt lat="15.44138668" lon="73.97434303"><ele>-61.105</ele><time>2026-09-25T12:42:02Z</time><speed>5.170</speed><sat>23</sat></trkpt>
  <trkpt lat="15.44142097" lon="73.97429968"><ele>-60.291</ele><time>2026-09-25T12:42:03Z</time><speed>4.830</speed><sat>22</sat></trkpt>
  <trkpt lat="15.44144770" lon="73.97426867"><ele>-60.449</ele><time>2026-09-25T12:42:04Z</time><speed>4.810</speed><sat>22</sat></trkpt>
  <trkpt lat="15.44145872" lon="73.97424812"><ele>-60.446</ele><time>2026-09-25T12:42:05Z</time><speed>3.870</speed><sat>20</sat></trkpt>
  <trkpt lat="15.44147957" lon="73.97424099"><ele>-59.875</ele><time>2026-09-25T12:42:06Z</time><speed>3.390</speed><sat>21</sat></trkpt>
  <trkpt lat="15.44151417" lon="73.97423255"><ele>-58.946</ele><time>2026-09-25T12:42:07Z</time><speed>3.200</speed><sat>22</sat></trkpt>
  <trkpt lat="15.44147331" lon="73.97426043"><ele>-58.970</ele><time>2026-09-25T12:42:08Z</time><speed>0.580</speed><sat>23</sat></trkpt>
  <trkpt lat="15.44147657" lon="73.97426446"><ele>-59.569</ele><time>2026-09-25T12:42:09Z</time><speed>0.000</speed><sat>24</sat></trkpt>
  <trkpt lat="15.44148114" lon="73.97426658"><ele>-59.806</ele><time>2026-09-25T12:42:10Z</time><speed>0.000</speed><sat>23</sat></trkpt>
  <trkpt lat="15.44148741" lon="73.97426479"><ele>-59.937</ele><time>2026-09-25T12:42:11Z</time><speed>0.000</speed><sat>21</sat></trkpt>
  <trkpt lat="15.44148974" lon="73.97426266"><ele>-59.658</ele><time>2026-09-25T12:42:12Z</time><speed>0.000</speed><sat>21</sat></trkpt>
  <trkpt lat="15.44149388" lon="73.97426005"><ele>-59.375</ele><time>2026-09-25T12:42:13Z</time><speed>0.000</speed><sat>22</sat></trkpt>
  <trkpt lat="15.44149447" lon="73.97425815"><ele>-59.739</ele><time>2026-09-25T12:42:14Z</time><speed>0.000</speed><sat>21</sat></trkpt>
  <trkpt lat="15.44149967" lon="73.97425168"><ele>-59.305</ele><time>2026-09-25T12:42:15Z</time><speed>0.000</speed><sat>18</sat></trkpt>
  <trkpt lat="15.44149863" lon="73.97424720"><ele>-59.116</ele><time>2026-09-25T12:42:16Z</time><speed>0.000</speed><sat>19</sat></trkpt>
  <trkpt lat="15.44150200" lon="73.97424545"><ele>-59.022</ele><time>2026-09-25T12:42:17Z</time><speed>0.000</speed><sat>20</sat></trkpt>
  <trkpt lat="15.44151077" lon="73.97424414"><ele>-58.928</ele><time>2026-09-25T12:42:18Z</time><speed>0.000</speed><sat>20</sat></trkpt>
  <trkpt lat="15.44150730" lon="73.97424138"><ele>-58.933</ele><time>2026-09-25T12:42:19Z</time><speed>0.000</speed><sat>20</sat></trkpt>
  <trkpt lat="15.44150801" lon="73.97424226"><ele>-58.985</ele><time>2026-09-25T12:42:20Z</time><speed>0.000</speed><sat>22</sat></trkpt>
  <trkpt lat="15.44150691" lon="73.97424193"><ele>-59.031</ele><time>2026-09-25T12:42:21Z</time><speed>0.000</speed><sat>23</sat></trkpt>
  <trkpt lat="15.44149892" lon="73.97424226"><ele>-58.631</ele><time>2026-09-25T12:42:22Z</time><speed>0.000</speed><sat>22</sat></trkpt>
  <trkpt lat="15.44149503" lon="73.97424616"><ele>-58.275</ele><time>2026-09-25T12:42:23Z</time><speed>0.000</speed><sat>21</sat></trkpt>
  <trkpt lat="15.44149584" lon="73.97424614"><ele>-58.308</ele><time>2026-09-25T12:42:24Z</time><speed>0.000</speed><sat>22</sat></trkpt>
  <trkpt lat="15.44149229" lon="73.97424704"><ele>-57.960</ele><time>2026-09-25T12:42:25Z</time><speed>0.000</speed><sat>22</sat></trkpt>
  <trkpt lat="15.44149220" lon="73.97424606"><ele>-57.906</ele><time>2026-09-25T12:42:26Z</time><speed>0.000</speed><sat>21</sat></trkpt>
  <trkpt lat="15.44149161" lon="73.97424746"><ele>-57.827</ele><time>2026-09-25T12:42:27Z</time><speed>0.000</speed><sat>21</sat></trkpt>
  <trkpt lat="15.44149265" lon="73.97424744"><ele>-57.924</ele><time>2026-09-25T12:42:28Z</time><speed>0.000</speed><sat>20</sat></trkpt>
  <trkpt lat="15.44149425" lon="73.97424594"><ele>-58.071</ele><time>2026-09-25T12:42:29Z</time><speed>0.000</speed><sat>20</sat></trkpt>
  <trkpt lat="15.44149363" lon="73.97424450"><ele>-58.104</ele><time>2026-09-25T12:42:30Z</time><speed>0.000</speed><sat>19</sat></trkpt>
  <trkpt lat="15.44149360" lon="73.97424494"><ele>-58.126</ele><time>2026-09-25T12:42:31Z</time><speed>0.000</speed><sat>18</sat></trkpt>
  <trkpt lat="15.44149336" lon="73.97424533"><ele>-58.114</ele><time>2026-09-25T12:42:32Z</time><speed>0.000</speed><sat>20</sat></trkpt>
  <trkpt lat="15.44149291" lon="73.97424561"><ele>-58.087</ele><time>2026-09-25T12:42:33Z</time><speed>0.000</speed><sat>21</sat></trkpt>
  <trkpt lat="15.44149153" lon="73.97424617"><ele>-57.678</ele><time>2026-09-25T12:42:34Z</time><speed>0.000</speed><sat>22</sat></trkpt>
  <trkpt lat="15.44148854" lon="73.97424476"><ele>-58.134</ele><time>2026-09-25T12:42:35Z</time><speed>0.000</speed><sat>26</sat></trkpt>
  <trkpt lat="15.44148866" lon="73.97424462"><ele>-58.135</ele><time>2026-09-25T12:42:36Z</time><speed>0.000</speed><sat>26</sat></trkpt>
  <trkpt lat="15.44149221" lon="73.97424320"><ele>-58.417</ele><time>2026-09-25T12:42:37Z</time><speed>0.000</speed><sat>26</sat></trkpt>
  <trkpt lat="15.44148948" lon="73.97424229"><ele>-58.530</ele><time>2026-09-25T12:42:38Z</time><speed>0.000</speed><sat>26</sat></trkpt>
  <trkpt lat="15.44149115" lon="73.97424228"><ele>-58.768</ele><time>2026-09-25T12:42:39Z</time><speed>0.000</speed><sat>26</sat></trkpt>
  <trkpt lat="15.44149533" lon="73.97424157"><ele>-59.128</ele><time>2026-09-25T12:42:40Z</time><speed>0.000</speed><sat>25</sat></trkpt>
  <trkpt lat="15.44149575" lon="73.97424159"><ele>-59.421</ele><time>2026-09-25T12:42:41Z</time><speed>0.000</speed><sat>25</sat></trkpt>
  <trkpt lat="15.44149597" lon="73.97424157"><ele>-59.480</ele><time>2026-09-25T12:42:42Z</time><speed>0.000</speed><sat>24</sat></trkpt>
  <trkpt lat="15.44149755" lon="73.97424101"><ele>-59.522</ele><time>2026-09-25T12:42:43Z</time><speed>0.000</speed><sat>24</sat></trkpt>
  <trkpt lat="15.44149707" lon="73.97424109"><ele>-59.496</ele><time>2026-09-25T12:42:44Z</time><speed>0.000</speed><sat>24</sat></trkpt>
  <trkpt lat="15.44149617" lon="73.97424114"><ele>-59.580</ele><time>2026-09-25T12:42:45Z</time><speed>0.000</speed><sat>24</sat></trkpt>
  <trkpt lat="15.44149639" lon="73.97424158"><ele>-59.477</ele><time>2026-09-25T12:42:46Z</time><speed>0.000</speed><sat>24</sat></trkpt>
  <trkpt lat="15.44149648" lon="73.97424157"><ele>-59.463</ele><time>2026-09-25T12:42:47Z</time><speed>0.000</speed><sat>25</sat></trkpt>
  <trkpt lat="15.44149717" lon="73.97424118"><ele>-59.625</ele><time>2026-09-25T12:42:48Z</time><speed>0.000</speed><sat>25</sat></trkpt>
  <trkpt lat="15.44149721" lon="73.97424121"><ele>-59.616</ele><time>2026-09-25T12:42:49Z</time><speed>0.000</speed><sat>25</sat></trkpt>
  <trkpt lat="15.44149647" lon="73.97423360"><ele>-59.906</ele><time>2026-09-25T12:42:50Z</time><speed>0.260</speed><sat>24</sat></trkpt>
  <trkpt lat="15.44149173" lon="73.97423296"><ele>-59.419</ele><time>2026-09-25T12:42:51Z</time><speed>0.000</speed><sat>25</sat></trkpt>
  <trkpt lat="15.44149253" lon="73.97423195"><ele>-59.211</ele><time>2026-09-25T12:42:52Z</time><speed>0.000</speed><sat>25</sat></trkpt>
  <trkpt lat="15.44149531" lon="73.97422770"><ele>-59.248</ele><time>2026-09-25T12:42:53Z</time><speed>0.000</speed><sat>25</sat></trkpt>
  <trkpt lat="15.44149744" lon="73.97422077"><ele>-59.104</ele><time>2026-09-25T12:42:54Z</time><speed>0.000</speed><sat>25</sat></trkpt>
  <trkpt lat="15.44149823" lon="73.97421753"><ele>-59.428</ele><time>2026-09-25T12:42:55Z</time><speed>0.000</speed><sat>25</sat></trkpt>
  <trkpt lat="15.44149800" lon="73.97421692"><ele>-60.109</ele><time>2026-09-25T12:42:56Z</time><speed>0.000</speed><sat>24</sat></trkpt>
  <trkpt lat="15.44149942" lon="73.97421576"><ele>-60.400</ele><time>2026-09-25T12:42:57Z</time><speed>0.000</speed><sat>24</sat></trkpt>
  <trkpt lat="15.44149747" lon="73.97421526"><ele>-61.005</ele><time>2026-09-25T12:42:58Z</time><speed>0.000</speed><sat>24</sat></trkpt>
  <trkpt lat="15.44150137" lon="73.97421389"><ele>-61.193</ele><time>2026-09-25T12:42:59Z</time><speed>0.000</speed><sat>24</sat></trkpt>
  <trkpt lat="15.44150341" lon="73.97420986"><ele>-61.851</ele><time>2026-09-25T12:43:00Z</time><speed>0.000</speed><sat>25</sat></trkpt>
  <trkpt lat="15.44150415" lon="73.97420820"><ele>-61.825</ele><time>2026-09-25T12:43:01Z</time><speed>0.000</speed><sat>26</sat></trkpt>
  <trkpt lat="15.44150191" lon="73.97420731"><ele>-62.372</ele><time>2026-09-25T12:43:02Z</time><speed>0.000</speed><sat>27</sat></trkpt>
  <trkpt lat="15.44150074" lon="73.97420638"><ele>-62.522</ele><time>2026-09-25T12:43:03Z</time><speed>0.000</speed><sat>27</sat></trkpt>
  <trkpt lat="15.44150067" lon="73.97420758"><ele>-62.627</ele><time>2026-09-25T12:43:04Z</time><speed>0.000</speed><sat>26</sat></trkpt>
  <trkpt lat="15.44151834" lon="73.97420020"><ele>-62.499</ele><time>2026-09-25T12:43:05Z</time><speed>1.310</speed><sat>26</sat></trkpt>
  <trkpt lat="15.44154217" lon="73.97418855"><ele>-61.901</ele><time>2026-09-25T12:43:06Z</time><speed>2.220</speed><sat>25</sat></trkpt>
  <trkpt lat="15.44156162" lon="73.97417485"><ele>-63.119</ele><time>2026-09-25T12:43:07Z</time><speed>2.560</speed><sat>26</sat></trkpt>
  <trkpt lat="15.44158695" lon="73.97415782"><ele>-62.586</ele><time>2026-09-25T12:43:08Z</time><speed>3.490</speed><sat>25</sat></trkpt>
  <trkpt lat="15.44162026" lon="73.97413231"><ele>-62.176</ele><time>2026-09-25T12:43:09Z</time><speed>4.550</speed><sat>26</sat></trkpt>
  <trkpt lat="15.44165719" lon="73.97410379"><ele>-62.922</ele><time>2026-09-25T12:43:10Z</time><speed>4.920</speed><sat>27</sat></trkpt>
  <trkpt lat="15.44170311" lon="73.97405506"><ele>-63.631</ele><time>2026-09-25T12:43:11Z</time><speed>5.880</speed><sat>28</sat></trkpt>
  <trkpt lat="15.44174647" lon="73.97401476"><ele>-64.147</ele><time>2026-09-25T12:43:12Z</time><speed>5.800</speed><sat>28</sat></trkpt>
  <trkpt lat="15.44178968" lon="73.97398472"><ele>-62.508</ele><time>2026-09-25T12:43:13Z</time><speed>5.590</speed><sat>28</sat></trkpt>
  <trkpt lat="15.44184351" lon="73.97394697"><ele>-62.487</ele><time>2026-09-25T12:43:14Z</time><speed>6.220</speed><sat>28</sat></trkpt>
  <trkpt lat="15.44187074" lon="73.97392696"><ele>-63.171</ele><time>2026-09-25T12:43:15Z</time><speed>4.820</speed><sat>28</sat></trkpt>
  <trkpt lat="15.44191305" lon="73.97389514"><ele>-62.441</ele><time>2026-09-25T12:43:16Z</time><speed>5.040</speed><sat>28</sat></trkpt>
  <trkpt lat="15.44195886" lon="73.97386976"><ele>-62.826</ele><time>2026-09-25T12:43:17Z</time><speed>5.380</speed><sat>28</sat></trkpt>
  <trkpt lat="15.44202921" lon="73.97383022"><ele>-62.889</ele><time>2026-09-25T12:43:18Z</time><speed>7.710</speed><sat>27</sat></trkpt>
  <trkpt lat="15.44210407" lon="73.97378108"><ele>-62.818</ele><time>2026-09-25T12:43:19Z</time><speed>8.550</speed><sat>24</sat></trkpt>
  <trkpt lat="15.44216912" lon="73.97372920"><ele>-62.739</ele><time>2026-09-25T12:43:20Z</time><speed>8.440</speed><sat>24</sat></trkpt>
  <trkpt lat="15.44225387" lon="73.97365289"><ele>-63.418</ele><time>2026-09-25T12:43:21Z</time><speed>10.380</speed><sat>26</sat></trkpt>
  <trkpt lat="15.44232835" lon="73.97362425"><ele>-63.009</ele><time>2026-09-25T12:43:22Z</time><speed>9.160</speed><sat>29</sat></trkpt>
  <trkpt lat="15.44241064" lon="73.97358580"><ele>-61.072</ele><time>2026-09-25T12:43:23Z</time><speed>8.660</speed><sat>29</sat></trkpt>
  <trkpt lat="15.44247453" lon="73.97351231"><ele>-59.451</ele><time>2026-09-25T12:43:24Z</time><speed>9.960</speed><sat>29</sat></trkpt>
  <trkpt lat="15.44253836" lon="73.97347692"><ele>-60.617</ele><time>2026-09-25T12:43:25Z</time><speed>8.850</speed><sat>30</sat></trkpt>
  <trkpt lat="15.44261139" lon="73.97342581"><ele>-60.024</ele><time>2026-09-25T12:43:26Z</time><speed>9.150</speed><sat>30</sat></trkpt>
  <trkpt lat="15.44270200" lon="73.97337508"><ele>-58.870</ele><time>2026-09-25T12:43:27Z</time><speed>9.660</speed><sat>28</sat></trkpt>
  <trkpt lat="15.44277415" lon="73.97332186"><ele>-58.401</ele><time>2026-09-25T12:43:28Z</time><speed>9.600</speed><sat>29</sat></trkpt>
  <trkpt lat="15.44285081" lon="73.97326045"><ele>-59.037</ele><time>2026-09-25T12:43:29Z</time><speed>9.660</speed><sat>28</sat></trkpt>
  <trkpt lat="15.44290976" lon="73.97319856"><ele>-58.579</ele><time>2026-09-25T12:43:30Z</time><speed>9.530</speed><sat>28</sat></trkpt>
  <trkpt lat="15.44299417" lon="73.97315584"><ele>-57.826</ele><time>2026-09-25T12:43:31Z</time><speed>9.920</speed><sat>27</sat></trkpt>
  <trkpt lat="15.44306884" lon="73.97309617"><ele>-58.196</ele><time>2026-09-25T12:43:32Z</time><speed>10.010</speed><sat>28</sat></trkpt>
  <trkpt lat="15.44313981" lon="73.97304452"><ele>-57.238</ele><time>2026-09-25T12:43:33Z</time><speed>8.880</speed><sat>28</sat></trkpt>
  <trkpt lat="15.44321426" lon="73.97298253"><ele>-56.168</ele><time>2026-09-25T12:43:34Z</time><speed>8.420</speed><sat>28</sat></trkpt>
  <trkpt lat="15.44326597" lon="73.97291965"><ele>-56.289</ele><time>2026-09-25T12:43:35Z</time><speed>8.450</speed><sat>27</sat></trkpt>
  <trkpt lat="15.44332945" lon="73.97285848"><ele>-56.780</ele><time>2026-09-25T12:43:36Z</time><speed>8.940</speed><sat>27</sat></trkpt>
  <trkpt lat="15.44339364" lon="73.97279997"><ele>-56.541</ele><time>2026-09-25T12:43:37Z</time><speed>9.160</speed><sat>27</sat></trkpt>
  <trkpt lat="15.44347448" lon="73.97273770"><ele>-56.412</ele><time>2026-09-25T12:43:38Z</time><speed>9.650</speed><sat>27</sat></trkpt>
  <trkpt lat="15.44352947" lon="73.97269730"><ele>-55.346</ele><time>2026-09-25T12:43:39Z</time><speed>7.520</speed><sat>27</sat></trkpt>
  <trkpt lat="15.44358964" lon="73.97265735"><ele>-54.916</ele><time>2026-09-25T12:43:40Z</time><speed>6.460</speed><sat>27</sat></trkpt>
  <trkpt lat="15.44364376" lon="73.97261575"><ele>-54.522</ele><time>2026-09-25T12:43:41Z</time><speed>6.170</speed><sat>23</sat></trkpt>
  <trkpt lat="15.44369765" lon="73.97257285"><ele>-53.786</ele><time>2026-09-25T12:43:42Z</time><speed>6.690</speed><sat>24</sat></trkpt>
  <trkpt lat="15.44375937" lon="73.97252895"><ele>-52.514</ele><time>2026-09-25T12:43:43Z</time><speed>7.550</speed><sat>24</sat></trkpt>
  <trkpt lat="15.44381117" lon="73.97247982"><ele>-51.910</ele><time>2026-09-25T12:43:44Z</time><speed>7.580</speed><sat>24</sat></trkpt>
  <trkpt lat="15.44386160" lon="73.97242319"><ele>-51.721</ele><time>2026-09-25T12:43:45Z</time><speed>7.950</speed><sat>28</sat></trkpt>
  <trkpt lat="15.44392108" lon="73.97237943"><ele>-51.364</ele><time>2026-09-25T12:43:46Z</time><speed>8.640</speed><sat>28</sat></trkpt>
  <trkpt lat="15.44398862" lon="73.97230951"><ele>-51.122</ele><time>2026-09-25T12:43:47Z</time><speed>9.010</speed><sat>28</sat></trkpt>
  <trkpt lat="15.44406181" lon="73.97226093"><ele>-50.659</ele><time>2026-09-25T12:43:48Z</time><speed>9.270</speed><sat>28</sat></trkpt>
  <trkpt lat="15.44413016" lon="73.97220431"><ele>-51.873</ele><time>2026-09-25T12:43:49Z</time><speed>9.340</speed><sat>28</sat></trkpt>
  <trkpt lat="15.44421192" lon="73.97214315"><ele>-50.945</ele><time>2026-09-25T12:43:50Z</time><speed>10.320</speed><sat>27</sat></trkpt>
  <trkpt lat="15.44428834" lon="73.97208270"><ele>-52.415</ele><time>2026-09-25T12:43:51Z</time><speed>10.710</speed><sat>24</sat></trkpt>
  <trkpt lat="15.44436390" lon="73.97201829"><ele>-52.904</ele><time>2026-09-25T12:43:52Z</time><speed>11.090</speed><sat>24</sat></trkpt>
  <trkpt lat="15.44444243" lon="73.97195752"><ele>-54.013</ele><time>2026-09-25T12:43:53Z</time><speed>11.050</speed><sat>24</sat></trkpt>
  <trkpt lat="15.44452752" lon="73.97188951"><ele>-53.713</ele><time>2026-09-25T12:43:54Z</time><speed>11.800</speed><sat>23</sat></trkpt>
  <trkpt lat="15.44460518" lon="73.97182014"><ele>-54.046</ele><time>2026-09-25T12:43:55Z</time><speed>11.670</speed><sat>23</sat></trkpt>
  <trkpt lat="15.44464328" lon="73.97174612"><ele>-56.082</ele><time>2026-09-25T12:43:56Z</time><speed>10.820</speed><sat>24</sat></trkpt>
  <trkpt lat="15.44473240" lon="73.97168659"><ele>-56.297</ele><time>2026-09-25T12:43:57Z</time><speed>10.930</speed><sat>26</sat></trkpt>
  <trkpt lat="15.44481352" lon="73.97162216"><ele>-56.754</ele><time>2026-09-25T12:43:58Z</time><speed>11.070</speed><sat>26</sat></trkpt>
  <trkpt lat="15.44488657" lon="73.97155142"><ele>-56.324</ele><time>2026-09-25T12:43:59Z</time><speed>11.020</speed><sat>27</sat></trkpt>
  <trkpt lat="15.44497499" lon="73.97148272"><ele>-56.114</ele><time>2026-09-25T12:44:00Z</time><speed>11.700</speed><sat>27</sat></trkpt>
  <trkpt lat="15.44504963" lon="73.97141146"><ele>-57.190</ele><time>2026-09-25T12:44:01Z</time><speed>12.140</speed><sat>26</sat></trkpt>
  <trkpt lat="15.44514221" lon="73.97134522"><ele>-57.937</ele><time>2026-09-25T12:44:02Z</time><speed>12.650</speed><sat>26</sat></trkpt>
  <trkpt lat="15.44523624" lon="73.97127373"><ele>-56.556</ele><time>2026-09-25T12:44:03Z</time><speed>12.850</speed><sat>25</sat></trkpt>
  <trkpt lat="15.44532016" lon="73.97120028"><ele>-56.793</ele><time>2026-09-25T12:44:04Z</time><speed>12.210</speed><sat>26</sat></trkpt>
  <trkpt lat="15.44540348" lon="73.97113810"><ele>-56.203</ele><time>2026-09-25T12:44:05Z</time><speed>11.000</speed><sat>25</sat></trkpt>
  <trkpt lat="15.44547022" lon="73.97107095"><ele>-56.360</ele><time>2026-09-25T12:44:06Z</time><speed>10.170</speed><sat>25</sat></trkpt>
  <trkpt lat="15.44554001" lon="73.97102474"><ele>-56.239</ele><time>2026-09-25T12:44:07Z</time><speed>9.540</speed><sat>24</sat></trkpt>
  <trkpt lat="15.44562609" lon="73.97095906"><ele>-55.756</ele><time>2026-09-25T12:44:08Z</time><speed>10.790</speed><sat>23</sat></trkpt>
  <trkpt lat="15.44564299" lon="73.97095697"><ele>-56.453</ele><time>2026-09-25T12:44:09Z</time><speed>4.000</speed><sat>24</sat></trkpt>
  <trkpt lat="15.44567489" lon="73.97091817"><ele>-54.975</ele><time>2026-09-25T12:44:10Z</time><speed>4.400</speed><sat>23</sat></trkpt>
  <trkpt lat="15.44570234" lon="73.97090124"><ele>-54.680</ele><time>2026-09-25T12:44:11Z</time><speed>3.430</speed><sat>21</sat></trkpt>
  <trkpt lat="15.44570264" lon="73.97089129"><ele>-55.032</ele><time>2026-09-25T12:44:12Z</time><speed>1.280</speed><sat>21</sat></trkpt>
  <trkpt lat="15.44571433" lon="73.97086835"><ele>-55.281</ele><time>2026-09-25T12:44:13Z</time><speed>1.220</speed><sat>23</sat></trkpt>
  <trkpt lat="15.44573305" lon="73.97085880"><ele>-55.190</ele><time>2026-09-25T12:44:14Z</time><speed>2.140</speed><sat>23</sat></trkpt>
  <trkpt lat="15.44576150" lon="73.97084330"><ele>-54.808</ele><time>2026-09-25T12:44:15Z</time><speed>3.330</speed><sat>25</sat></trkpt>
  <trkpt lat="15.44578457" lon="73.97082633"><ele>-53.983</ele><time>2026-09-25T12:44:16Z</time><speed>3.450</speed><sat>25</sat></trkpt>
  <trkpt lat="15.44580054" lon="73.97080546"><ele>-54.052</ele><time>2026-09-25T12:44:17Z</time><speed>3.360</speed><sat>25</sat></trkpt>
  <trkpt lat="15.44583328" lon="73.97079217"><ele>-53.944</ele><time>2026-09-25T12:44:18Z</time><speed>3.670</speed><sat>24</sat></trkpt>
  <trkpt lat="15.44588548" lon="73.97075494"><ele>-53.827</ele><time>2026-09-25T12:44:19Z</time><speed>5.740</speed><sat>24</sat></trkpt>
  <trkpt lat="15.44591426" lon="73.97072621"><ele>-53.532</ele><time>2026-09-25T12:44:20Z</time><speed>5.570</speed><sat>22</sat></trkpt>
  <trkpt lat="15.44595151" lon="73.97068948"><ele>-54.236</ele><time>2026-09-25T12:44:21Z</time><speed>6.640</speed><sat>21</sat></trkpt>
  <trkpt lat="15.44599512" lon="73.97065889"><ele>-53.832</ele><time>2026-09-25T12:44:22Z</time><speed>6.180</speed><sat>19</sat></trkpt>
  <trkpt lat="15.44605187" lon="73.97061219"><ele>-53.535</ele><time>2026-09-25T12:44:23Z</time><speed>6.960</speed><sat>18</sat></trkpt>
  <trkpt lat="15.44610865" lon="73.97056897"><ele>-52.493</ele><time>2026-09-25T12:44:24Z</time><speed>7.350</speed><sat>19</sat></trkpt>
  <trkpt lat="15.44617184" lon="73.97050753"><ele>-52.136</ele><time>2026-09-25T12:44:25Z</time><speed>7.640</speed><sat>18</sat></trkpt>
  <trkpt lat="15.44621836" lon="73.97045920"><ele>-53.335</ele><time>2026-09-25T12:44:26Z</time><speed>6.920</speed><sat>20</sat></trkpt>
  <trkpt lat="15.44626848" lon="73.97042098"><ele>-53.224</ele><time>2026-09-25T12:44:27Z</time><speed>7.030</speed><sat>22</sat></trkpt>
  <trkpt lat="15.44632673" lon="73.97035918"><ele>-52.535</ele><time>2026-09-25T12:44:28Z</time><speed>8.410</speed><sat>22</sat></trkpt>
  <trkpt lat="15.44638405" lon="73.97034505"><ele>-52.578</ele><time>2026-09-25T12:44:29Z</time><speed>6.590</speed><sat>24</sat></trkpt>
  <trkpt lat="15.44641344" lon="73.97030471"><ele>-53.404</ele><time>2026-09-25T12:44:30Z</time><speed>5.360</speed><sat>23</sat></trkpt>
  <trkpt lat="15.44644930" lon="73.97029198"><ele>-52.384</ele><time>2026-09-25T12:44:31Z</time><speed>4.630</speed><sat>24</sat></trkpt>
  <trkpt lat="15.44647516" lon="73.97026248"><ele>-51.897</ele><time>2026-09-25T12:44:32Z</time><speed>3.490</speed><sat>23</sat></trkpt>
  <trkpt lat="15.44651069" lon="73.97022559"><ele>-51.301</ele><time>2026-09-25T12:44:33Z</time><speed>4.180</speed><sat>24</sat></trkpt>
  <trkpt lat="15.44652749" lon="73.97020566"><ele>-51.351</ele><time>2026-09-25T12:44:34Z</time><speed>3.970</speed><sat>24</sat></trkpt>
  <trkpt lat="15.44656820" lon="73.97017842"><ele>-52.284</ele><time>2026-09-25T12:44:35Z</time><speed>4.290</speed><sat>22</sat></trkpt>
  <trkpt lat="15.44660401" lon="73.97012215"><ele>-51.967</ele><time>2026-09-25T12:44:36Z</time><speed>4.790</speed><sat>22</sat></trkpt>
  <trkpt lat="15.44660414" lon="73.97010321"><ele>-51.758</ele><time>2026-09-25T12:44:37Z</time><speed>2.610</speed><sat>21</sat></trkpt>
  <trkpt lat="15.44662907" lon="73.97008366"><ele>-52.628</ele><time>2026-09-25T12:44:38Z</time><speed>2.030</speed><sat>22</sat></trkpt>
  <trkpt lat="15.44662192" lon="73.97010795"><ele>-53.192</ele><time>2026-09-25T12:44:39Z</time><speed>1.040</speed><sat>22</sat></trkpt>
  <trkpt lat="15.44661485" lon="73.97009972"><ele>-53.373</ele><time>2026-09-25T12:44:40Z</time><speed>1.020</speed><sat>25</sat></trkpt>
  <trkpt lat="15.44661922" lon="73.97009508"><ele>-53.893</ele><time>2026-09-25T12:44:41Z</time><speed>0.920</speed><sat>23</sat></trkpt>
  <trkpt lat="15.44663493" lon="73.97009030"><ele>-53.671</ele><time>2026-09-25T12:44:42Z</time><speed>1.770</speed><sat>22</sat></trkpt>
  <trkpt lat="15.44665609" lon="73.97007652"><ele>-54.354</ele><time>2026-09-25T12:44:43Z</time><speed>2.720</speed><sat>21</sat></trkpt>
  <trkpt lat="15.44668745" lon="73.97004739"><ele>-55.425</ele><time>2026-09-25T12:44:44Z</time><speed>3.960</speed><sat>20</sat></trkpt>
  <trkpt lat="15.44672229" lon="73.97001905"><ele>-55.576</ele><time>2026-09-25T12:44:45Z</time><speed>3.940</speed><sat>22</sat></trkpt>
  <trkpt lat="15.44675914" lon="73.96999240"><ele>-56.434</ele><time>2026-09-25T12:44:46Z</time><speed>4.280</speed><sat>19</sat></trkpt>
  <trkpt lat="15.44679610" lon="73.96996383"><ele>-56.535</ele><time>2026-09-25T12:44:47Z</time><speed>4.210</speed><sat>21</sat></trkpt>
  <trkpt lat="15.44682954" lon="73.96993984"><ele>-56.547</ele><time>2026-09-25T12:44:48Z</time><speed>3.800</speed><sat>21</sat></trkpt>
  <trkpt lat="15.44685683" lon="73.96992152"><ele>-56.666</ele><time>2026-09-25T12:44:49Z</time><speed>3.220</speed><sat>20</sat></trkpt>
  <trkpt lat="15.44687872" lon="73.96990710"><ele>-56.624</ele><time>2026-09-25T12:44:50Z</time><speed>2.900</speed><sat>20</sat></trkpt>
  <trkpt lat="15.44689886" lon="73.96989385"><ele>-56.401</ele><time>2026-09-25T12:44:51Z</time><speed>2.970</speed><sat>19</sat></trkpt>
  <trkpt lat="15.44692221" lon="73.96987923"><ele>-57.170</ele><time>2026-09-25T12:44:52Z</time><speed>3.700</speed><sat>20</sat></trkpt>
  <trkpt lat="15.44694645" lon="73.96985961"><ele>-57.515</ele><time>2026-09-25T12:44:53Z</time><speed>4.200</speed><sat>21</sat></trkpt>
  <trkpt lat="15.44698267" lon="73.96983572"><ele>-56.987</ele><time>2026-09-25T12:44:54Z</time><speed>4.680</speed><sat>22</sat></trkpt>
  <trkpt lat="15.44705633" lon="73.96977908"><ele>-56.540</ele><time>2026-09-25T12:44:55Z</time><speed>6.160</speed><sat>23</sat></trkpt>
  <trkpt lat="15.44712009" lon="73.96973180"><ele>-56.210</ele><time>2026-09-25T12:44:56Z</time><speed>7.360</speed><sat>22</sat></trkpt>
  <trkpt lat="15.44717617" lon="73.96970397"><ele>-56.735</ele><time>2026-09-25T12:44:57Z</time><speed>6.390</speed><sat>24</sat></trkpt>
  <trkpt lat="15.44724386" lon="73.96967514"><ele>-56.873</ele><time>2026-09-25T12:44:58Z</time><speed>6.730</speed><sat>22</sat></trkpt>
  <trkpt lat="15.44732962" lon="73.96962427"><ele>-55.327</ele><time>2026-09-25T12:44:59Z</time><speed>7.460</speed><sat>23</sat></trkpt>
  <trkpt lat="15.44741554" lon="73.96958095"><ele>-53.679</ele><time>2026-09-25T12:45:00Z</time><speed>7.900</speed><sat>23</sat></trkpt>
  <trkpt lat="15.44748133" lon="73.96951627"><ele>-53.726</ele><time>2026-09-25T12:45:01Z</time><speed>7.780</speed><sat>24</sat></trkpt>
  <trkpt lat="15.44754722" lon="73.96945194"><ele>-56.152</ele><time>2026-09-25T12:45:02Z</time><speed>9.390</speed><sat>25</sat></trkpt>
  <trkpt lat="15.44761434" lon="73.96940820"><ele>-55.742</ele><time>2026-09-25T12:45:03Z</time><speed>9.610</speed><sat>24</sat></trkpt>
  <trkpt lat="15.44768315" lon="73.96935609"><ele>-54.656</ele><time>2026-09-25T12:45:04Z</time><speed>9.590</speed><sat>23</sat></trkpt>
  <trkpt lat="15.44775887" lon="73.96928412"><ele>-54.052</ele><time>2026-09-25T12:45:05Z</time><speed>10.180</speed><sat>23</sat></trkpt>
  <trkpt lat="15.44786286" lon="73.96921541"><ele>-54.829</ele><time>2026-09-25T12:45:06Z</time><speed>11.370</speed><sat>23</sat></trkpt>
  <trkpt lat="15.44795059" lon="73.96914441"><ele>-54.868</ele><time>2026-09-25T12:45:07Z</time><speed>11.500</speed><sat>25</sat></trkpt>
  <trkpt lat="15.44804854" lon="73.96906155"><ele>-55.804</ele><time>2026-09-25T12:45:08Z</time><speed>12.040</speed><sat>26</sat></trkpt>
  <trkpt lat="15.44812651" lon="73.96899714"><ele>-54.668</ele><time>2026-09-25T12:45:09Z</time><speed>11.750</speed><sat>26</sat></trkpt>
  <trkpt lat="15.44823822" lon="73.96892374"><ele>-55.215</ele><time>2026-09-25T12:45:10Z</time><speed>12.570</speed><sat>27</sat></trkpt>
  <trkpt lat="15.44833403" lon="73.96885241"><ele>-56.048</ele><time>2026-09-25T12:45:11Z</time><speed>12.680</speed><sat>27</sat></trkpt>
  <trkpt lat="15.44841324" lon="73.96879699"><ele>-57.877</ele><time>2026-09-25T12:45:12Z</time><speed>12.130</speed><sat>27</sat></trkpt>
  <trkpt lat="15.44849438" lon="73.96873241"><ele>-57.779</ele><time>2026-09-25T12:45:13Z</time><speed>12.330</speed><sat>26</sat></trkpt>
  <trkpt lat="15.44860507" lon="73.96863057"><ele>-58.133</ele><time>2026-09-25T12:45:14Z</time><speed>12.960</speed><sat>26</sat></trkpt>
  <trkpt lat="15.44867653" lon="73.96858330"><ele>-59.761</ele><time>2026-09-25T12:45:15Z</time><speed>11.930</speed><sat>26</sat></trkpt>
  <trkpt lat="15.44875609" lon="73.96851841"><ele>-59.598</ele><time>2026-09-25T12:45:16Z</time><speed>12.090</speed><sat>27</sat></trkpt>
  <trkpt lat="15.44885210" lon="73.96845028"><ele>-60.716</ele><time>2026-09-25T12:45:17Z</time><speed>12.040</speed><sat>27</sat></trkpt>
  <trkpt lat="15.44895233" lon="73.96839286"><ele>-60.383</ele><time>2026-09-25T12:45:18Z</time><speed>12.200</speed><sat>29</sat></trkpt>
  <trkpt lat="15.44903828" lon="73.96832882"><ele>-60.354</ele><time>2026-09-25T12:45:19Z</time><speed>12.060</speed><sat>30</sat></trkpt>
  <trkpt lat="15.44912975" lon="73.96826125"><ele>-60.484</ele><time>2026-09-25T12:45:20Z</time><speed>12.050</speed><sat>30</sat></trkpt>
  <trkpt lat="15.44921949" lon="73.96819103"><ele>-60.944</ele><time>2026-09-25T12:45:21Z</time><speed>11.700</speed><sat>30</sat></trkpt>
  <trkpt lat="15.44930952" lon="73.96812897"><ele>-61.040</ele><time>2026-09-25T12:45:22Z</time><speed>11.480</speed><sat>28</sat></trkpt>
  <trkpt lat="15.44938772" lon="73.96805964"><ele>-61.032</ele><time>2026-09-25T12:45:23Z</time><speed>11.420</speed><sat>28</sat></trkpt>
  <trkpt lat="15.44947682" lon="73.96799721"><ele>-61.647</ele><time>2026-09-25T12:45:24Z</time><speed>11.610</speed><sat>27</sat></trkpt>
  <trkpt lat="15.44954341" lon="73.96793894"><ele>-61.002</ele><time>2026-09-25T12:45:25Z</time><speed>10.800</speed><sat>26</sat></trkpt>
  <trkpt lat="15.44960604" lon="73.96787621"><ele>-60.419</ele><time>2026-09-25T12:45:26Z</time><speed>10.680</speed><sat>26</sat></trkpt>
  <trkpt lat="15.44970792" lon="73.96780133"><ele>-60.701</ele><time>2026-09-25T12:45:27Z</time><speed>11.490</speed><sat>26</sat></trkpt>
  <trkpt lat="15.44979704" lon="73.96773386"><ele>-61.889</ele><time>2026-09-25T12:45:28Z</time><speed>11.790</speed><sat>29</sat></trkpt>
  <trkpt lat="15.44989943" lon="73.96766007"><ele>-61.775</ele><time>2026-09-25T12:45:29Z</time><speed>12.370</speed><sat>28</sat></trkpt>
  <trkpt lat="15.44996214" lon="73.96760590"><ele>-62.043</ele><time>2026-09-25T12:45:30Z</time><speed>12.080</speed><sat>28</sat></trkpt>
  <trkpt lat="15.45004347" lon="73.96754749"><ele>-62.902</ele><time>2026-09-25T12:45:31Z</time><speed>11.730</speed><sat>28</sat></trkpt>
  <trkpt lat="15.45013360" lon="73.96748572"><ele>-64.033</ele><time>2026-09-25T12:45:32Z</time><speed>11.960</speed><sat>29</sat></trkpt>
  <trkpt lat="15.45022529" lon="73.96740860"><ele>-63.560</ele><time>2026-09-25T12:45:33Z</time><speed>12.080</speed><sat>28</sat></trkpt>
  <trkpt lat="15.45031858" lon="73.96732552"><ele>-64.889</ele><time>2026-09-25T12:45:34Z</time><speed>13.010</speed><sat>26</sat></trkpt>
  <trkpt lat="15.45041632" lon="73.96724364"><ele>-64.430</ele><time>2026-09-25T12:45:35Z</time><speed>13.370</speed><sat>28</sat></trkpt>
  <trkpt lat="15.45050613" lon="73.96714705"><ele>-63.915</ele><time>2026-09-25T12:45:36Z</time><speed>13.610</speed><sat>28</sat></trkpt>
  <trkpt lat="15.45059341" lon="73.96705049"><ele>-63.957</ele><time>2026-09-25T12:45:37Z</time><speed>14.030</speed><sat>28</sat></trkpt>
  <trkpt lat="15.45067053" lon="73.96695050"><ele>-64.383</ele><time>2026-09-25T12:45:38Z</time><speed>14.060</speed><sat>28</sat></trkpt>
  <trkpt lat="15.45074158" lon="73.96683592"><ele>-64.157</ele><time>2026-09-25T12:45:39Z</time><speed>14.310</speed><sat>29</sat></trkpt>
  <trkpt lat="15.45082841" lon="73.96671681"><ele>-64.070</ele><time>2026-09-25T12:45:40Z</time><speed>14.730</speed><sat>28</sat></trkpt>
  <trkpt lat="15.45090243" lon="73.96659425"><ele>-63.354</ele><time>2026-09-25T12:45:41Z</time><speed>14.880</speed><sat>28</sat></trkpt>
  <trkpt lat="15.45098570" lon="73.96648445"><ele>-63.679</ele><time>2026-09-25T12:45:42Z</time><speed>14.830</speed><sat>27</sat></trkpt>
  <trkpt lat="15.45107156" lon="73.96637231"><ele>-63.779</ele><time>2026-09-25T12:45:43Z</time><speed>14.920</speed><sat>27</sat></trkpt>
  <trkpt lat="15.45114232" lon="73.96627028"><ele>-62.694</ele><time>2026-09-25T12:45:44Z</time><speed>14.490</speed><sat>27</sat></trkpt>
  <trkpt lat="15.45121778" lon="73.96616695"><ele>-61.576</ele><time>2026-09-25T12:45:45Z</time><speed>13.990</speed><sat>26</sat></trkpt>
  <trkpt lat="15.45129686" lon="73.96607458"><ele>-60.752</ele><time>2026-09-25T12:45:46Z</time><speed>13.510</speed><sat>26</sat></trkpt>
  <trkpt lat="15.45138064" lon="73.96598720"><ele>-61.066</ele><time>2026-09-25T12:45:47Z</time><speed>13.300</speed><sat>25</sat></trkpt>
  <trkpt lat="15.45144801" lon="73.96591108"><ele>-60.587</ele><time>2026-09-25T12:45:48Z</time><speed>12.440</speed><sat>26</sat></trkpt>
  <trkpt lat="15.45152705" lon="73.96586150"><ele>-59.791</ele><time>2026-09-25T12:45:49Z</time><speed>11.510</speed><sat>25</sat></trkpt>
  <trkpt lat="15.45162269" lon="73.96581124"><ele>-59.433</ele><time>2026-09-25T12:45:50Z</time><speed>11.420</speed><sat>26</sat></trkpt>
  <trkpt lat="15.45170765" lon="73.96577281"><ele>-59.574</ele><time>2026-09-25T12:45:51Z</time><speed>10.150</speed><sat>27</sat></trkpt>
  <trkpt lat="15.45180108" lon="73.96572279"><ele>-59.547</ele><time>2026-09-25T12:45:52Z</time><speed>9.890</speed><sat>26</sat></trkpt>
  <trkpt lat="15.45188807" lon="73.96569626"><ele>-59.197</ele><time>2026-09-25T12:45:53Z</time><speed>9.760</speed><sat>27</sat></trkpt>
  <trkpt lat="15.45198201" lon="73.96567984"><ele>-59.147</ele><time>2026-09-25T12:45:54Z</time><speed>9.910</speed><sat>27</sat></trkpt>
  <trkpt lat="15.45205829" lon="73.96568517"><ele>-59.822</ele><time>2026-09-25T12:45:55Z</time><speed>9.410</speed><sat>27</sat></trkpt>
  <trkpt lat="15.45211692" lon="73.96568975"><ele>-61.135</ele><time>2026-09-25T12:45:56Z</time><speed>8.700</speed><sat>28</sat></trkpt>
  <trkpt lat="15.45220595" lon="73.96568914"><ele>-60.472</ele><time>2026-09-25T12:45:57Z</time><speed>9.010</speed><sat>27</sat></trkpt>
  <trkpt lat="15.45229724" lon="73.96568637"><ele>-59.471</ele><time>2026-09-25T12:45:58Z</time><speed>9.210</speed><sat>26</sat></trkpt>
  <trkpt lat="15.45239263" lon="73.96568860"><ele>-60.163</ele><time>2026-09-25T12:45:59Z</time><speed>9.110</speed><sat>24</sat></trkpt>
  <trkpt lat="15.45245326" lon="73.96568989"><ele>-58.874</ele><time>2026-09-25T12:46:00Z</time><speed>8.570</speed><sat>23</sat></trkpt>
  <trkpt lat="15.45250439" lon="73.96569157"><ele>-58.171</ele><time>2026-09-25T12:46:01Z</time><speed>8.130</speed><sat>22</sat></trkpt>
  <trkpt lat="15.45258984" lon="73.96568836"><ele>-57.898</ele><time>2026-09-25T12:46:02Z</time><speed>8.310</speed><sat>24</sat></trkpt>
  <trkpt lat="15.45266143" lon="73.96569293"><ele>-57.629</ele><time>2026-09-25T12:46:03Z</time><speed>7.880</speed><sat>25</sat></trkpt>
  <trkpt lat="15.45275271" lon="73.96569002"><ele>-56.390</ele><time>2026-09-25T12:46:04Z</time><speed>8.030</speed><sat>26</sat></trkpt>
  <trkpt lat="15.45280592" lon="73.96568969"><ele>-56.321</ele><time>2026-09-25T12:46:05Z</time><speed>7.050</speed><sat>25</sat></trkpt>
  <trkpt lat="15.45286868" lon="73.96569455"><ele>-56.053</ele><time>2026-09-25T12:46:06Z</time><speed>7.120</speed><sat>24</sat></trkpt>
  <trkpt lat="15.45292520" lon="73.96567411"><ele>-55.820</ele><time>2026-09-25T12:46:07Z</time><speed>7.000</speed><sat>24</sat></trkpt>
  <trkpt lat="15.45298619" lon="73.96567486"><ele>-56.372</ele><time>2026-09-25T12:46:08Z</time><speed>6.490</speed><sat>22</sat></trkpt>
  <trkpt lat="15.45304755" lon="73.96566746"><ele>-56.246</ele><time>2026-09-25T12:46:09Z</time><speed>6.320</speed><sat>21</sat></trkpt>
  <trkpt lat="15.45310569" lon="73.96565875"><ele>-55.304</ele><time>2026-09-25T12:46:10Z</time><speed>6.330</speed><sat>20</sat></trkpt>
  <trkpt lat="15.45315848" lon="73.96564825"><ele>-55.118</ele><time>2026-09-25T12:46:11Z</time><speed>6.300</speed><sat>20</sat></trkpt>
  <trkpt lat="15.45321900" lon="73.96566130"><ele>-54.483</ele><time>2026-09-25T12:46:12Z</time><speed>6.780</speed><sat>20</sat></trkpt>
  <trkpt lat="15.45328903" lon="73.96567140"><ele>-53.857</ele><time>2026-09-25T12:46:13Z</time><speed>7.160</speed><sat>19</sat></trkpt>
  <trkpt lat="15.45334826" lon="73.96569105"><ele>-52.114</ele><time>2026-09-25T12:46:14Z</time><speed>7.100</speed><sat>19</sat></trkpt>
  <trkpt lat="15.45341357" lon="73.96571123"><ele>-51.369</ele><time>2026-09-25T12:46:15Z</time><speed>7.110</speed><sat>19</sat></trkpt>
  <trkpt lat="15.45348440" lon="73.96573843"><ele>-49.028</ele><time>2026-09-25T12:46:16Z</time><speed>7.180</speed><sat>19</sat></trkpt>
  <trkpt lat="15.45354020" lon="73.96572394"><ele>-47.803</ele><time>2026-09-25T12:46:17Z</time><speed>7.090</speed><sat>19</sat></trkpt>
  <trkpt lat="15.45359971" lon="73.96572282"><ele>-47.959</ele><time>2026-09-25T12:46:18Z</time><speed>6.920</speed><sat>18</sat></trkpt>
  <trkpt lat="15.45366893" lon="73.96569250"><ele>-48.292</ele><time>2026-09-25T12:46:19Z</time><speed>7.010</speed><sat>19</sat></trkpt>
  <trkpt lat="15.45374244" lon="73.96572361"><ele>-47.294</ele><time>2026-09-25T12:46:20Z</time><speed>7.880</speed><sat>20</sat></trkpt>
  <trkpt lat="15.45381020" lon="73.96575251"><ele>-47.041</ele><time>2026-09-25T12:46:21Z</time><speed>7.460</speed><sat>19</sat></trkpt>
  <trkpt lat="15.45386885" lon="73.96576885"><ele>-48.611</ele><time>2026-09-25T12:46:22Z</time><speed>6.670</speed><sat>20</sat></trkpt>
  <trkpt lat="15.45391619" lon="73.96579934"><ele>-48.208</ele><time>2026-09-25T12:46:23Z</time><speed>7.000</speed><sat>20</sat></trkpt>
  <trkpt lat="15.45397824" lon="73.96582176"><ele>-49.797</ele><time>2026-09-25T12:46:24Z</time><speed>6.540</speed><sat>21</sat></trkpt>
  <trkpt lat="15.45404387" lon="73.96585955"><ele>-50.441</ele><time>2026-09-25T12:46:25Z</time><speed>7.380</speed><sat>21</sat></trkpt>
  <trkpt lat="15.45408707" lon="73.96590061"><ele>-49.070</ele><time>2026-09-25T12:46:26Z</time><speed>6.300</speed><sat>22</sat></trkpt>
  <trkpt lat="15.45413325" lon="73.96592463"><ele>-49.050</ele><time>2026-09-25T12:46:27Z</time><speed>6.530</speed><sat>24</sat></trkpt>
  <trkpt lat="15.45418728" lon="73.96596534"><ele>-47.582</ele><time>2026-09-25T12:46:28Z</time><speed>6.130</speed><sat>26</sat></trkpt>
  <trkpt lat="15.45423110" lon="73.96600487"><ele>-46.953</ele><time>2026-09-25T12:46:29Z</time><speed>6.200</speed><sat>26</sat></trkpt>
  <trkpt lat="15.45428352" lon="73.96603755"><ele>-46.881</ele><time>2026-09-25T12:46:30Z</time><speed>6.240</speed><sat>26</sat></trkpt>
  <trkpt lat="15.45433012" lon="73.96606733"><ele>-46.364</ele><time>2026-09-25T12:46:31Z</time><speed>6.160</speed><sat>26</sat></trkpt>
  <trkpt lat="15.45436650" lon="73.96611556"><ele>-44.664</ele><time>2026-09-25T12:46:32Z</time><speed>6.390</speed><sat>26</sat></trkpt>
  <trkpt lat="15.45440792" lon="73.96613082"><ele>-43.835</ele><time>2026-09-25T12:46:33Z</time><speed>5.860</speed><sat>25</sat></trkpt>
  <trkpt lat="15.45444784" lon="73.96617273"><ele>-42.729</ele><time>2026-09-25T12:46:34Z</time><speed>6.120</speed><sat>24</sat></trkpt>
  <trkpt lat="15.45451297" lon="73.96620063"><ele>-43.007</ele><time>2026-09-25T12:46:35Z</time><speed>6.640</speed><sat>24</sat></trkpt>
  <trkpt lat="15.45455549" lon="73.96622803"><ele>-40.614</ele><time>2026-09-25T12:46:36Z</time><speed>6.460</speed><sat>25</sat></trkpt>
  <trkpt lat="15.45461988" lon="73.96623784"><ele>-39.779</ele><time>2026-09-25T12:46:37Z</time><speed>6.300</speed><sat>25</sat></trkpt>
  <trkpt lat="15.45467177" lon="73.96625078"><ele>-39.215</ele><time>2026-09-25T12:46:38Z</time><speed>6.210</speed><sat>24</sat></trkpt>
  <trkpt lat="15.45473393" lon="73.96625157"><ele>-39.615</ele><time>2026-09-25T12:46:39Z</time><speed>6.500</speed><sat>27</sat></trkpt>
  <trkpt lat="15.45479033" lon="73.96624726"><ele>-38.023</ele><time>2026-09-25T12:46:40Z</time><speed>6.490</speed><sat>28</sat></trkpt>
  <trkpt lat="15.45484508" lon="73.96623154"><ele>-36.673</ele><time>2026-09-25T12:46:41Z</time><speed>6.580</speed><sat>29</sat></trkpt>
  <trkpt lat="15.45490470" lon="73.96620496"><ele>-36.315</ele><time>2026-09-25T12:46:42Z</time><speed>6.590</speed><sat>28</sat></trkpt>
  <trkpt lat="15.45495735" lon="73.96617773"><ele>-35.727</ele><time>2026-09-25T12:46:43Z</time><speed>6.400</speed><sat>28</sat></trkpt>
  <trkpt lat="15.45500710" lon="73.96615120"><ele>-34.856</ele><time>2026-09-25T12:46:44Z</time><speed>6.090</speed><sat>28</sat></trkpt>
  <trkpt lat="15.45503609" lon="73.96609881"><ele>-34.372</ele><time>2026-09-25T12:46:45Z</time><speed>6.160</speed><sat>28</sat></trkpt>
  <trkpt lat="15.45504482" lon="73.96602770"><ele>-34.374</ele><time>2026-09-25T12:46:46Z</time><speed>6.660</speed><sat>29</sat></trkpt>
  <trkpt lat="15.45505214" lon="73.96596554"><ele>-34.295</ele><time>2026-09-25T12:46:47Z</time><speed>6.780</speed><sat>29</sat></trkpt>
  <trkpt lat="15.45504025" lon="73.96590133"><ele>-34.484</ele><time>2026-09-25T12:46:48Z</time><speed>6.670</speed><sat>29</sat></trkpt>
  <trkpt lat="15.45502000" lon="73.96583238"><ele>-34.677</ele><time>2026-09-25T12:46:49Z</time><speed>6.490</speed><sat>29</sat></trkpt>
  <trkpt lat="15.45498309" lon="73.96579024"><ele>-34.862</ele><time>2026-09-25T12:46:50Z</time><speed>6.490</speed><sat>29</sat></trkpt>
  <trkpt lat="15.45492863" lon="73.96574652"><ele>-34.415</ele><time>2026-09-25T12:46:51Z</time><speed>7.050</speed><sat>28</sat></trkpt>
  <trkpt lat="15.45485778" lon="73.96569107"><ele>-34.345</ele><time>2026-09-25T12:46:52Z</time><speed>8.260</speed><sat>27</sat></trkpt>
  <trkpt lat="15.45479359" lon="73.96563502"><ele>-33.210</ele><time>2026-09-25T12:46:53Z</time><speed>8.590</speed><sat>27</sat></trkpt>
  <trkpt lat="15.45473026" lon="73.96558444"><ele>-32.374</ele><time>2026-09-25T12:46:54Z</time><speed>8.280</speed><sat>27</sat></trkpt>
  <trkpt lat="15.45466404" lon="73.96553927"><ele>-31.241</ele><time>2026-09-25T12:46:55Z</time><speed>8.710</speed><sat>27</sat></trkpt>
  <trkpt lat="15.45459853" lon="73.96547297"><ele>-31.642</ele><time>2026-09-25T12:46:56Z</time><speed>8.950</speed><sat>26</sat></trkpt>
  <trkpt lat="15.45454572" lon="73.96542834"><ele>-30.473</ele><time>2026-09-25T12:46:57Z</time><speed>8.980</speed><sat>26</sat></trkpt>
  <trkpt lat="15.45448685" lon="73.96537764"><ele>-28.718</ele><time>2026-09-25T12:46:58Z</time><speed>9.060</speed><sat>24</sat></trkpt>
  <trkpt lat="15.45442844" lon="73.96532004"><ele>-27.056</ele><time>2026-09-25T12:46:59Z</time><speed>8.910</speed><sat>25</sat></trkpt>
  <trkpt lat="15.45437403" lon="73.96525517"><ele>-25.570</ele><time>2026-09-25T12:47:00Z</time><speed>9.500</speed><sat>26</sat></trkpt>
  <trkpt lat="15.45432319" lon="73.96519088"><ele>-24.875</ele><time>2026-09-25T12:47:01Z</time><speed>9.620</speed><sat>26</sat></trkpt>
  <trkpt lat="15.45426921" lon="73.96511611"><ele>-24.242</ele><time>2026-09-25T12:47:02Z</time><speed>9.770</speed><sat>28</sat></trkpt>
  <trkpt lat="15.45422170" lon="73.96503517"><ele>-23.068</ele><time>2026-09-25T12:47:03Z</time><speed>9.850</speed><sat>27</sat></trkpt>
  <trkpt lat="15.45418086" lon="73.96495055"><ele>-22.835</ele><time>2026-09-25T12:47:04Z</time><speed>10.150</speed><sat>27</sat></trkpt>
  <trkpt lat="15.45413853" lon="73.96486012"><ele>-22.295</ele><time>2026-09-25T12:47:05Z</time><speed>9.900</speed><sat>27</sat></trkpt>
  <trkpt lat="15.45411135" lon="73.96476954"><ele>-20.904</ele><time>2026-09-25T12:47:06Z</time><speed>10.240</speed><sat>28</sat></trkpt>
  <trkpt lat="15.45410533" lon="73.96467554"><ele>-20.663</ele><time>2026-09-25T12:47:07Z</time><speed>10.360</speed><sat>28</sat></trkpt>
  <trkpt lat="15.45411038" lon="73.96458245"><ele>-19.155</ele><time>2026-09-25T12:47:08Z</time><speed>10.140</speed><sat>27</sat></trkpt>
  <trkpt lat="15.45413237" lon="73.96449348"><ele>-18.384</ele><time>2026-09-25T12:47:09Z</time><speed>10.030</speed><sat>26</sat></trkpt>
  <trkpt lat="15.45417110" lon="73.96439644"><ele>-17.984</ele><time>2026-09-25T12:47:10Z</time><speed>10.450</speed><sat>26</sat></trkpt>
  <trkpt lat="15.45421894" lon="73.96431248"><ele>-16.745</ele><time>2026-09-25T12:47:11Z</time><speed>10.500</speed><sat>25</sat></trkpt>
  <trkpt lat="15.45427102" lon="73.96422987"><ele>-17.611</ele><time>2026-09-25T12:47:12Z</time><speed>10.690</speed><sat>24</sat></trkpt>
  <trkpt lat="15.45434295" lon="73.96416899"><ele>-16.576</ele><time>2026-09-25T12:47:13Z</time><speed>10.600</speed><sat>23</sat></trkpt>
  <trkpt lat="15.45442690" lon="73.96410819"><ele>-16.148</ele><time>2026-09-25T12:47:14Z</time><speed>10.790</speed><sat>23</sat></trkpt>
  <trkpt lat="15.45451591" lon="73.96405704"><ele>-15.439</ele><time>2026-09-25T12:47:15Z</time><speed>10.920</speed><sat>24</sat></trkpt>
  <trkpt lat="15.45459686" lon="73.96401320"><ele>-15.431</ele><time>2026-09-25T12:47:16Z</time><speed>10.830</speed><sat>24</sat></trkpt>
  <trkpt lat="15.45469451" lon="73.96397499"><ele>-14.318</ele><time>2026-09-25T12:47:17Z</time><speed>10.960</speed><sat>25</sat></trkpt>
  <trkpt lat="15.45478757" lon="73.96394972"><ele>-14.411</ele><time>2026-09-25T12:47:18Z</time><speed>10.730</speed><sat>26</sat></trkpt>
  <trkpt lat="15.45488482" lon="73.96393426"><ele>-13.241</ele><time>2026-09-25T12:47:19Z</time><speed>11.030</speed><sat>26</sat></trkpt>
  <trkpt lat="15.45498140" lon="73.96392560"><ele>-12.217</ele><time>2026-09-25T12:47:20Z</time><speed>11.300</speed><sat>27</sat></trkpt>
  <trkpt lat="15.45508740" lon="73.96392067"><ele>-11.689</ele><time>2026-09-25T12:47:21Z</time><speed>11.220</speed><sat>27</sat></trkpt>
  <trkpt lat="15.45518349" lon="73.96392623"><ele>-11.003</ele><time>2026-09-25T12:47:22Z</time><speed>10.820</speed><sat>27</sat></trkpt>
  <trkpt lat="15.45528100" lon="73.96393528"><ele>-10.823</ele><time>2026-09-25T12:47:23Z</time><speed>10.790</speed><sat>26</sat></trkpt>
  <trkpt lat="15.45537498" lon="73.96395214"><ele>-10.720</ele><time>2026-09-25T12:47:24Z</time><speed>10.640</speed><sat>23</sat></trkpt>
  <trkpt lat="15.45545198" lon="73.96397902"><ele>-9.838</ele><time>2026-09-25T12:47:25Z</time><speed>9.960</speed><sat>23</sat></trkpt>
  <trkpt lat="15.45554984" lon="73.96399732"><ele>-9.705</ele><time>2026-09-25T12:47:26Z</time><speed>10.580</speed><sat>23</sat></trkpt>
  <trkpt lat="15.45563362" lon="73.96401867"><ele>-9.434</ele><time>2026-09-25T12:47:27Z</time><speed>9.880</speed><sat>23</sat></trkpt>
  <trkpt lat="15.45571937" lon="73.96404239"><ele>-8.959</ele><time>2026-09-25T12:47:28Z</time><speed>9.400</speed><sat>24</sat></trkpt>
  <trkpt lat="15.45582251" lon="73.96407244"><ele>-8.697</ele><time>2026-09-25T12:47:29Z</time><speed>10.160</speed><sat>24</sat></trkpt>
  <trkpt lat="15.45591937" lon="73.96410237"><ele>-9.074</ele><time>2026-09-25T12:47:30Z</time><speed>11.160</speed><sat>24</sat></trkpt>
  <trkpt lat="15.45601422" lon="73.96412498"><ele>-8.156</ele><time>2026-09-25T12:47:31Z</time><speed>11.300</speed><sat>25</sat></trkpt>
  <trkpt lat="15.45612028" lon="73.96416207"><ele>-8.501</ele><time>2026-09-25T12:47:32Z</time><speed>11.410</speed><sat>25</sat></trkpt>
  <trkpt lat="15.45621789" lon="73.96420600"><ele>-7.470</ele><time>2026-09-25T12:47:33Z</time><speed>11.370</speed><sat>24</sat></trkpt>
  <trkpt lat="15.45631245" lon="73.96424166"><ele>-5.458</ele><time>2026-09-25T12:47:34Z</time><speed>11.640</speed><sat>24</sat></trkpt>
  <trkpt lat="15.45641184" lon="73.96428984"><ele>-4.796</ele><time>2026-09-25T12:47:35Z</time><speed>11.600</speed><sat>25</sat></trkpt>
  <trkpt lat="15.45651343" lon="73.96433816"><ele>-4.008</ele><time>2026-09-25T12:47:36Z</time><speed>12.320</speed><sat>25</sat></trkpt>
  <trkpt lat="15.45660652" lon="73.96437952"><ele>-2.145</ele><time>2026-09-25T12:47:37Z</time><speed>11.720</speed><sat>25</sat></trkpt>
  <trkpt lat="15.45670103" lon="73.96440977"><ele>-2.135</ele><time>2026-09-25T12:47:38Z</time><speed>10.380</speed><sat>27</sat></trkpt>
  <trkpt lat="15.45678647" lon="73.96444008"><ele>-2.411</ele><time>2026-09-25T12:47:39Z</time><speed>9.050</speed><sat>29</sat></trkpt>
  <trkpt lat="15.45686876" lon="73.96446403"><ele>-2.375</ele><time>2026-09-25T12:47:40Z</time><speed>8.390</speed><sat>30</sat></trkpt>
  <trkpt lat="15.45693638" lon="73.96448041"><ele>-2.604</ele><time>2026-09-25T12:47:41Z</time><speed>6.870</speed><sat>30</sat></trkpt>
  <trkpt lat="15.45699375" lon="73.96449293"><ele>-1.839</ele><time>2026-09-25T12:47:42Z</time><speed>5.250</speed><sat>30</sat></trkpt>
  <trkpt lat="15.45703781" lon="73.96450004"><ele>-1.712</ele><time>2026-09-25T12:47:43Z</time><speed>4.100</speed><sat>30</sat></trkpt>
  <trkpt lat="15.45707819" lon="73.96450570"><ele>-1.910</ele><time>2026-09-25T12:47:44Z</time><speed>3.790</speed><sat>30</sat></trkpt>
  <trkpt lat="15.45711496" lon="73.96450782"><ele>-1.871</ele><time>2026-09-25T12:47:45Z</time><speed>3.430</speed><sat>30</sat></trkpt>
  <trkpt lat="15.45714102" lon="73.96450929"><ele>-1.376</ele><time>2026-09-25T12:47:46Z</time><speed>2.310</speed><sat>30</sat></trkpt>
  <trkpt lat="15.45716240" lon="73.96451138"><ele>-1.283</ele><time>2026-09-25T12:47:47Z</time><speed>1.610</speed><sat>30</sat></trkpt>
  <trkpt lat="15.45716683" lon="73.96451465"><ele>-0.538</ele><time>2026-09-25T12:47:48Z</time><speed>0.790</speed><sat>30</sat></trkpt>
  <trkpt lat="15.45717462" lon="73.96451163"><ele>-0.037</ele><time>2026-09-25T12:47:49Z</time><speed>0.440</speed><sat>30</sat></trkpt>
  <trkpt lat="15.45717266" lon="73.96450936"><ele>0.367</ele><time>2026-09-25T12:47:50Z</time><speed>0.000</speed><sat>30</sat></trkpt>
  <trkpt lat="15.45717278" lon="73.96450917"><ele>0.270</ele><time>2026-09-25T12:47:51Z</time><speed>0.000</speed><sat>30</sat></trkpt>
  <trkpt lat="15.45717414" lon="73.96450845"><ele>0.508</ele><time>2026-09-25T12:47:52Z</time><speed>0.000</speed><sat>30</sat></trkpt>
  <trkpt lat="15.45717478" lon="73.96450842"><ele>0.402</ele><time>2026-09-25T12:47:53Z</time><speed>0.000</speed><sat>29</sat></trkpt>
  <trkpt lat="15.45717516" lon="73.96450690"><ele>0.451</ele><time>2026-09-25T12:47:54Z</time><speed>0.000</speed><sat>29</sat></trkpt>
  <trkpt lat="15.45717514" lon="73.96450636"><ele>0.314</ele><time>2026-09-25T12:47:55Z</time><speed>0.000</speed><sat>28</sat></trkpt>
  <trkpt lat="15.45717729" lon="73.96450588"><ele>0.339</ele><time>2026-09-25T12:47:56Z</time><speed>0.360</speed><sat>28</sat></trkpt>
  <trkpt lat="15.45718574" lon="73.96450717"><ele>1.182</ele><time>2026-09-25T12:47:57Z</time><speed>1.700</speed><sat>29</sat></trkpt>
  <trkpt lat="15.45720903" lon="73.96451088"><ele>1.389</ele><time>2026-09-25T12:47:58Z</time><speed>2.650</speed><sat>29</sat></trkpt>
  <trkpt lat="15.45723957" lon="73.96451110"><ele>1.885</ele><time>2026-09-25T12:47:59Z</time><speed>3.620</speed><sat>25</sat></trkpt>
  <trkpt lat="15.45727898" lon="73.96451475"><ele>1.568</ele><time>2026-09-25T12:48:00Z</time><speed>4.380</speed><sat>25</sat></trkpt>
  <trkpt lat="15.45732021" lon="73.96451650"><ele>1.550</ele><time>2026-09-25T12:48:01Z</time><speed>4.380</speed><sat>25</sat></trkpt>
  <trkpt lat="15.45736387" lon="73.96451585"><ele>1.015</ele><time>2026-09-25T12:48:02Z</time><speed>4.750</speed><sat>25</sat></trkpt>
  <trkpt lat="15.45742513" lon="73.96451539"><ele>1.499</ele><time>2026-09-25T12:48:03Z</time><speed>5.750</speed><sat>22</sat></trkpt>
  <trkpt lat="15.45748502" lon="73.96451102"><ele>0.992</ele><time>2026-09-25T12:48:04Z</time><speed>7.010</speed><sat>21</sat></trkpt>
  <trkpt lat="15.45754193" lon="73.96451033"><ele>1.114</ele><time>2026-09-25T12:48:05Z</time><speed>6.710</speed><sat>24</sat></trkpt>
  <trkpt lat="15.45761225" lon="73.96449531"><ele>1.795</ele><time>2026-09-25T12:48:06Z</time><speed>7.550</speed><sat>28</sat></trkpt>
  <trkpt lat="15.45768295" lon="73.96446911"><ele>2.320</ele><time>2026-09-25T12:48:07Z</time><speed>7.810</speed><sat>27</sat></trkpt>
  <trkpt lat="15.45774250" lon="73.96444493"><ele>2.360</ele><time>2026-09-25T12:48:08Z</time><speed>7.700</speed><sat>28</sat></trkpt>
  <trkpt lat="15.45781606" lon="73.96442311"><ele>1.389</ele><time>2026-09-25T12:48:09Z</time><speed>7.930</speed><sat>28</sat></trkpt>
  <trkpt lat="15.45789084" lon="73.96439009"><ele>0.827</ele><time>2026-09-25T12:48:10Z</time><speed>8.300</speed><sat>28</sat></trkpt>
  <trkpt lat="15.45796128" lon="73.96435896"><ele>0.923</ele><time>2026-09-25T12:48:11Z</time><speed>8.410</speed><sat>28</sat></trkpt>
  <trkpt lat="15.45803929" lon="73.96432215"><ele>1.111</ele><time>2026-09-25T12:48:12Z</time><speed>9.040</speed><sat>28</sat></trkpt>
  <trkpt lat="15.45812082" lon="73.96428725"><ele>0.647</ele><time>2026-09-25T12:48:13Z</time><speed>9.700</speed><sat>28</sat></trkpt>
  <trkpt lat="15.45820429" lon="73.96424575"><ele>1.035</ele><time>2026-09-25T12:48:14Z</time><speed>9.910</speed><sat>28</sat></trkpt>
  <trkpt lat="15.45828677" lon="73.96421466"><ele>1.495</ele><time>2026-09-25T12:48:15Z</time><speed>9.800</speed><sat>28</sat></trkpt>
  <trkpt lat="15.45838105" lon="73.96419059"><ele>1.113</ele><time>2026-09-25T12:48:16Z</time><speed>10.100</speed><sat>27</sat></trkpt>
  <trkpt lat="15.45846532" lon="73.96416860"><ele>-0.128</ele><time>2026-09-25T12:48:17Z</time><speed>9.580</speed><sat>28</sat></trkpt>
  <trkpt lat="15.45854982" lon="73.96415147"><ele>-0.860</ele><time>2026-09-25T12:48:18Z</time><speed>9.290</speed><sat>28</sat></trkpt>
  <trkpt lat="15.45863133" lon="73.96414256"><ele>-1.604</ele><time>2026-09-25T12:48:19Z</time><speed>8.920</speed><sat>29</sat></trkpt>
  <trkpt lat="15.45871512" lon="73.96414363"><ele>-3.142</ele><time>2026-09-25T12:48:20Z</time><speed>8.740</speed><sat>28</sat></trkpt>
  <trkpt lat="15.45879482" lon="73.96414767"><ele>-4.045</ele><time>2026-09-25T12:48:21Z</time><speed>8.660</speed><sat>28</sat></trkpt>
  <trkpt lat="15.45887655" lon="73.96415587"><ele>-5.009</ele><time>2026-09-25T12:48:22Z</time><speed>8.590</speed><sat>27</sat></trkpt>
  <trkpt lat="15.45895550" lon="73.96417059"><ele>-5.309</ele><time>2026-09-25T12:48:23Z</time><speed>8.800</speed><sat>27</sat></trkpt>
  <trkpt lat="15.45903967" lon="73.96418124"><ele>-5.740</ele><time>2026-09-25T12:48:24Z</time><speed>9.180</speed><sat>27</sat></trkpt>
  <trkpt lat="15.45912614" lon="73.96418017"><ele>-5.765</ele><time>2026-09-25T12:48:25Z</time><speed>9.170</speed><sat>28</sat></trkpt>
  <trkpt lat="15.45921823" lon="73.96417643"><ele>-6.563</ele><time>2026-09-25T12:48:26Z</time><speed>9.790</speed><sat>28</sat></trkpt>
  <trkpt lat="15.45929927" lon="73.96416338"><ele>-6.861</ele><time>2026-09-25T12:48:27Z</time><speed>8.950</speed><sat>27</sat></trkpt>
  <trkpt lat="15.45938658" lon="73.96414212"><ele>-6.532</ele><time>2026-09-25T12:48:28Z</time><speed>10.040</speed><sat>27</sat></trkpt>
  <trkpt lat="15.45945488" lon="73.96410818"><ele>-7.125</ele><time>2026-09-25T12:48:29Z</time><speed>8.900</speed><sat>27</sat></trkpt>
  <trkpt lat="15.45952526" lon="73.96406529"><ele>-6.882</ele><time>2026-09-25T12:48:30Z</time><speed>8.790</speed><sat>27</sat></trkpt>
  <trkpt lat="15.45958726" lon="73.96400426"><ele>-6.412</ele><time>2026-09-25T12:48:31Z</time><speed>9.030</speed><sat>27</sat></trkpt>
  <trkpt lat="15.45964951" lon="73.96395257"><ele>-7.608</ele><time>2026-09-25T12:48:32Z</time><speed>9.060</speed><sat>27</sat></trkpt>
  <trkpt lat="15.45970975" lon="73.96389676"><ele>-7.701</ele><time>2026-09-25T12:48:33Z</time><speed>9.130</speed><sat>28</sat></trkpt>
  <trkpt lat="15.45976427" lon="73.96383314"><ele>-8.217</ele><time>2026-09-25T12:48:34Z</time><speed>8.840</speed><sat>28</sat></trkpt>
  <trkpt lat="15.45981618" lon="73.96377435"><ele>-8.939</ele><time>2026-09-25T12:48:35Z</time><speed>8.660</speed><sat>29</sat></trkpt>
  <trkpt lat="15.45987128" lon="73.96371434"><ele>-8.974</ele><time>2026-09-25T12:48:36Z</time><speed>8.670</speed><sat>29</sat></trkpt>
  <trkpt lat="15.45992701" lon="73.96366064"><ele>-9.649</ele><time>2026-09-25T12:48:37Z</time><speed>8.360</speed><sat>29</sat></trkpt>
  <trkpt lat="15.45998143" lon="73.96360615"><ele>-9.753</ele><time>2026-09-25T12:48:38Z</time><speed>8.240</speed><sat>29</sat></trkpt>
  <trkpt lat="15.46003974" lon="73.96354891"><ele>-9.602</ele><time>2026-09-25T12:48:39Z</time><speed>8.630</speed><sat>24</sat></trkpt>
  <trkpt lat="15.46009947" lon="73.96346728"><ele>-10.785</ele><time>2026-09-25T12:48:40Z</time><speed>9.130</speed><sat>22</sat></trkpt>
  <trkpt lat="15.46015051" lon="73.96340399"><ele>-10.794</ele><time>2026-09-25T12:48:41Z</time><speed>9.120</speed><sat>20</sat></trkpt>
  <trkpt lat="15.46017018" lon="73.96328967"><ele>-15.634</ele><time>2026-09-25T12:48:42Z</time><speed>9.500</speed><sat>16</sat></trkpt>
  <trkpt lat="15.46020270" lon="73.96323688"><ele>-17.793</ele><time>2026-09-25T12:48:43Z</time><speed>8.360</speed><sat>14</sat></trkpt>
  <trkpt lat="15.46023241" lon="73.96316767"><ele>-17.092</ele><time>2026-09-25T12:48:44Z</time><speed>9.320</speed><sat>16</sat></trkpt>
  <trkpt lat="15.46023255" lon="73.96309515"><ele>-17.886</ele><time>2026-09-25T12:48:45Z</time><speed>8.550</speed><sat>14</sat></trkpt>
  <trkpt lat="15.46023170" lon="73.96301508"><ele>-18.134</ele><time>2026-09-25T12:48:46Z</time><speed>8.860</speed><sat>19</sat></trkpt>
  <trkpt lat="15.46022914" lon="73.96293313"><ele>-18.196</ele><time>2026-09-25T12:48:47Z</time><speed>8.810</speed><sat>19</sat></trkpt>
  <trkpt lat="15.46015154" lon="73.96287030"><ele>-21.560</ele><time>2026-09-25T12:48:48Z</time><speed>8.820</speed><sat>15</sat></trkpt>
  <trkpt lat="15.46011159" lon="73.96277587"><ele>-22.837</ele><time>2026-09-25T12:48:49Z</time><speed>9.150</speed><sat>17</sat></trkpt>
  <trkpt lat="15.46006377" lon="73.96270956"><ele>-24.071</ele><time>2026-09-25T12:48:50Z</time><speed>8.890</speed><sat>13</sat></trkpt>
  <trkpt lat="15.46003162" lon="73.96261884"><ele>-26.803</ele><time>2026-09-25T12:48:51Z</time><speed>8.960</speed><sat>16</sat></trkpt>
  <trkpt lat="15.45999505" lon="73.96254137"><ele>-27.843</ele><time>2026-09-25T12:48:52Z</time><speed>8.780</speed><sat>20</sat></trkpt>
  <trkpt lat="15.45994723" lon="73.96247443"><ele>-28.472</ele><time>2026-09-25T12:48:53Z</time><speed>8.840</speed><sat>17</sat></trkpt>
  <trkpt lat="15.45990507" lon="73.96240920"><ele>-28.484</ele><time>2026-09-25T12:48:54Z</time><speed>8.830</speed><sat>17</sat></trkpt>
  <trkpt lat="15.45986352" lon="73.96233944"><ele>-29.514</ele><time>2026-09-25T12:48:55Z</time><speed>8.780</speed><sat>20</sat></trkpt>
  <trkpt lat="15.45983354" lon="73.96226910"><ele>-29.546</ele><time>2026-09-25T12:48:56Z</time><speed>8.520</speed><sat>15</sat></trkpt>
  <trkpt lat="15.45980889" lon="73.96216904"><ele>-31.679</ele><time>2026-09-25T12:48:57Z</time><speed>9.420</speed><sat>17</sat></trkpt>
  <trkpt lat="15.45979283" lon="73.96208050"><ele>-32.209</ele><time>2026-09-25T12:48:58Z</time><speed>9.590</speed><sat>18</sat></trkpt>
  <trkpt lat="15.45979312" lon="73.96199088"><ele>-35.065</ele><time>2026-09-25T12:48:59Z</time><speed>9.880</speed><sat>17</sat></trkpt>
  <trkpt lat="15.45978885" lon="73.96190696"><ele>-37.267</ele><time>2026-09-25T12:49:00Z</time><speed>9.900</speed><sat>17</sat></trkpt>
  <trkpt lat="15.45978695" lon="73.96181782"><ele>-38.613</ele><time>2026-09-25T12:49:01Z</time><speed>10.260</speed><sat>18</sat></trkpt>
  <trkpt lat="15.45977444" lon="73.96171110"><ele>-40.868</ele><time>2026-09-25T12:49:02Z</time><speed>9.920</speed><sat>19</sat></trkpt>
  <trkpt lat="15.45978053" lon="73.96162523"><ele>-42.220</ele><time>2026-09-25T12:49:03Z</time><speed>9.530</speed><sat>18</sat></trkpt>
  <trkpt lat="15.45979239" lon="73.96153649"><ele>-42.604</ele><time>2026-09-25T12:49:04Z</time><speed>9.190</speed><sat>16</sat></trkpt>
  <trkpt lat="15.45980757" lon="73.96144696"><ele>-43.079</ele><time>2026-09-25T12:49:05Z</time><speed>9.540</speed><sat>20</sat></trkpt>
  <trkpt lat="15.45982367" lon="73.96136008"><ele>-43.444</ele><time>2026-09-25T12:49:06Z</time><speed>9.490</speed><sat>20</sat></trkpt>
  <trkpt lat="15.45984464" lon="73.96129261"><ele>-45.076</ele><time>2026-09-25T12:49:07Z</time><speed>9.040</speed><sat>19</sat></trkpt>
  <trkpt lat="15.45986611" lon="73.96121142"><ele>-45.327</ele><time>2026-09-25T12:49:08Z</time><speed>9.590</speed><sat>16</sat></trkpt>
  <trkpt lat="15.45988836" lon="73.96112338"><ele>-45.849</ele><time>2026-09-25T12:49:09Z</time><speed>10.010</speed><sat>16</sat></trkpt>
  <trkpt lat="15.45990994" lon="73.96102898"><ele>-46.626</ele><time>2026-09-25T12:49:10Z</time><speed>10.280</speed><sat>19</sat></trkpt>
  <trkpt lat="15.45993376" lon="73.96093725"><ele>-47.068</ele><time>2026-09-25T12:49:11Z</time><speed>10.200</speed><sat>19</sat></trkpt>
  <trkpt lat="15.45998263" lon="73.96085436"><ele>-47.077</ele><time>2026-09-25T12:49:12Z</time><speed>9.180</speed><sat>15</sat></trkpt>
  <trkpt lat="15.46000134" lon="73.96076865"><ele>-47.989</ele><time>2026-09-25T12:49:13Z</time><speed>8.850</speed><sat>13</sat></trkpt>
  <trkpt lat="15.46002329" lon="73.96068028"><ele>-50.528</ele><time>2026-09-25T12:49:14Z</time><speed>8.650</speed><sat>16</sat></trkpt>
  <trkpt lat="15.46004727" lon="73.96060107"><ele>-51.730</ele><time>2026-09-25T12:49:15Z</time><speed>8.520</speed><sat>17</sat></trkpt>
  <trkpt lat="15.46008820" lon="73.96053739"><ele>-51.500</ele><time>2026-09-25T12:49:16Z</time><speed>8.060</speed><sat>14</sat></trkpt>
  <trkpt lat="15.46013696" lon="73.96047708"><ele>-51.558</ele><time>2026-09-25T12:49:17Z</time><speed>8.210</speed><sat>14</sat></trkpt>
  <trkpt lat="15.46018454" lon="73.96041832"><ele>-51.692</ele><time>2026-09-25T12:49:18Z</time><speed>8.210</speed><sat>14</sat></trkpt>
  <trkpt lat="15.46024716" lon="73.96037669"><ele>-52.833</ele><time>2026-09-25T12:49:19Z</time><speed>7.840</speed><sat>11</sat></trkpt>
  <trkpt lat="15.46030233" lon="73.96035179"><ele>-54.908</ele><time>2026-09-25T12:49:20Z</time><speed>8.280</speed><sat>15</sat></trkpt>
  <trkpt lat="15.46036988" lon="73.96032516"><ele>-54.998</ele><time>2026-09-25T12:49:21Z</time><speed>8.210</speed><sat>16</sat></trkpt>
  <trkpt lat="15.46043738" lon="73.96029595"><ele>-55.283</ele><time>2026-09-25T12:49:22Z</time><speed>8.100</speed><sat>16</sat></trkpt>
  <trkpt lat="15.46052962" lon="73.96028352"><ele>-55.417</ele><time>2026-09-25T12:49:23Z</time><speed>9.370</speed><sat>18</sat></trkpt>
  <trkpt lat="15.46061177" lon="73.96026238"><ele>-55.488</ele><time>2026-09-25T12:49:24Z</time><speed>9.360</speed><sat>18</sat></trkpt>
  <trkpt lat="15.46070776" lon="73.96024708"><ele>-55.497</ele><time>2026-09-25T12:49:25Z</time><speed>10.080</speed><sat>19</sat></trkpt>
  <trkpt lat="15.46079137" lon="73.96022465"><ele>-55.818</ele><time>2026-09-25T12:49:26Z</time><speed>9.450</speed><sat>19</sat></trkpt>
  <trkpt lat="15.46087696" lon="73.96019997"><ele>-56.067</ele><time>2026-09-25T12:49:27Z</time><speed>9.720</speed><sat>12</sat></trkpt>
  <trkpt lat="15.46096318" lon="73.96017199"><ele>-56.885</ele><time>2026-09-25T12:49:28Z</time><speed>9.310</speed><sat>17</sat></trkpt>
  <trkpt lat="15.46104931" lon="73.96015001"><ele>-56.063</ele><time>2026-09-25T12:49:29Z</time><speed>9.420</speed><sat>21</sat></trkpt>
  <trkpt lat="15.46113224" lon="73.96012889"><ele>-56.797</ele><time>2026-09-25T12:49:30Z</time><speed>8.440</speed><sat>21</sat></trkpt>
  <trkpt lat="15.46121174" lon="73.96011107"><ele>-57.344</ele><time>2026-09-25T12:49:31Z</time><speed>7.970</speed><sat>21</sat></trkpt>
  <trkpt lat="15.46127742" lon="73.96009637"><ele>-57.704</ele><time>2026-09-25T12:49:32Z</time><speed>7.380</speed><sat>24</sat></trkpt>
  <trkpt lat="15.46134081" lon="73.96007467"><ele>-57.866</ele><time>2026-09-25T12:49:33Z</time><speed>7.260</speed><sat>24</sat></trkpt>
  <trkpt lat="15.46138937" lon="73.96006562"><ele>-58.032</ele><time>2026-09-25T12:49:34Z</time><speed>6.020</speed><sat>24</sat></trkpt>
  <trkpt lat="15.46143997" lon="73.96005263"><ele>-58.302</ele><time>2026-09-25T12:49:35Z</time><speed>5.660</speed><sat>25</sat></trkpt>
  <trkpt lat="15.46148587" lon="73.96003929"><ele>-58.246</ele><time>2026-09-25T12:49:36Z</time><speed>5.530</speed><sat>24</sat></trkpt>
  <trkpt lat="15.46152283" lon="73.96003510"><ele>-58.613</ele><time>2026-09-25T12:49:37Z</time><speed>4.740</speed><sat>25</sat></trkpt>
  <trkpt lat="15.46156912" lon="73.96003415"><ele>-59.342</ele><time>2026-09-25T12:49:38Z</time><speed>4.350</speed><sat>24</sat></trkpt>
  <trkpt lat="15.46161047" lon="73.96003045"><ele>-60.174</ele><time>2026-09-25T12:49:39Z</time><speed>4.060</speed><sat>25</sat></trkpt>
  <trkpt lat="15.46164804" lon="73.96003229"><ele>-61.558</ele><time>2026-09-25T12:49:40Z</time><speed>3.750</speed><sat>27</sat></trkpt>
  <trkpt lat="15.46167851" lon="73.96002782"><ele>-61.677</ele><time>2026-09-25T12:49:41Z</time><speed>3.330</speed><sat>27</sat></trkpt>
  <trkpt lat="15.46170942" lon="73.96002789"><ele>-61.365</ele><time>2026-09-25T12:49:42Z</time><speed>2.680</speed><sat>28</sat></trkpt>
  <trkpt lat="15.46172564" lon="73.96003060"><ele>-60.916</ele><time>2026-09-25T12:49:43Z</time><speed>2.120</speed><sat>28</sat></trkpt>
  <trkpt lat="15.46173079" lon="73.96003713"><ele>-61.661</ele><time>2026-09-25T12:49:44Z</time><speed>1.200</speed><sat>28</sat></trkpt>
  <trkpt lat="15.46173696" lon="73.96003358"><ele>-60.854</ele><time>2026-09-25T12:49:45Z</time><speed>0.250</speed><sat>28</sat></trkpt>
  <trkpt lat="15.46173710" lon="73.96003237"><ele>-60.674</ele><time>2026-09-25T12:49:46Z</time><speed>0.000</speed><sat>28</sat></trkpt>
  <trkpt lat="15.46173579" lon="73.96003065"><ele>-60.599</ele><time>2026-09-25T12:49:47Z</time><speed>0.000</speed><sat>28</sat></trkpt>
  <trkpt lat="15.46173638" lon="73.96002914"><ele>-60.451</ele><time>2026-09-25T12:49:48Z</time><speed>0.000</speed><sat>28</sat></trkpt>
  <trkpt lat="15.46173660" lon="73.96002753"><ele>-60.204</ele><time>2026-09-25T12:49:49Z</time><speed>0.000</speed><sat>28</sat></trkpt>
  <trkpt lat="15.46173649" lon="73.96002609"><ele>-60.248</ele><time>2026-09-25T12:49:50Z</time><speed>0.000</speed><sat>28</sat></trkpt>
  <trkpt lat="15.46173761" lon="73.96002206"><ele>-59.816</ele><time>2026-09-25T12:49:51Z</time><speed>0.000</speed><sat>23</sat></trkpt>
  <trkpt lat="15.46173689" lon="73.96002223"><ele>-60.055</ele><time>2026-09-25T12:49:52Z</time><speed>0.000</speed><sat>22</sat></trkpt>
  <trkpt lat="15.46173534" lon="73.96002319"><ele>-60.056</ele><time>2026-09-25T12:49:53Z</time><speed>0.000</speed><sat>20</sat></trkpt>
  <trkpt lat="15.46173574" lon="73.96002338"><ele>-59.701</ele><time>2026-09-25T12:49:54Z</time><speed>0.000</speed><sat>21</sat></trkpt>
  <trkpt lat="15.46173495" lon="73.96002234"><ele>-59.780</ele><time>2026-09-25T12:49:55Z</time><speed>0.000</speed><sat>18</sat></trkpt>
  <trkpt lat="15.46173562" lon="73.96002197"><ele>-59.758</ele><time>2026-09-25T12:49:56Z</time><speed>0.000</speed><sat>16</sat></trkpt>
  <trkpt lat="15.46173573" lon="73.96002220"><ele>-59.898</ele><time>2026-09-25T12:49:57Z</time><speed>0.000</speed><sat>14</sat></trkpt>
  <trkpt lat="15.46173580" lon="73.96002194"><ele>-59.827</ele><time>2026-09-25T12:49:58Z</time><speed>0.000</speed><sat>14</sat></trkpt>
  <trkpt lat="15.46173564" lon="73.96002145"><ele>-59.655</ele><time>2026-09-25T12:49:59Z</time><speed>0.000</speed><sat>11</sat></trkpt>
  <trkpt lat="15.46173600" lon="73.96002094"><ele>-59.508</ele><time>2026-09-25T12:50:00Z</time><speed>0.000</speed><sat>17</sat></trkpt>
  <trkpt lat="15.46173613" lon="73.96002075"><ele>-59.307</ele><time>2026-09-25T12:50:01Z</time><speed>0.000</speed><sat>22</sat></trkpt>
  <trkpt lat="15.46174328" lon="73.96002242"><ele>-59.070</ele><time>2026-09-25T12:50:02Z</time><speed>0.550</speed><sat>22</sat></trkpt>
  <trkpt lat="15.46175323" lon="73.96002298"><ele>-58.936</ele><time>2026-09-25T12:50:03Z</time><speed>1.010</speed><sat>24</sat></trkpt>
  <trkpt lat="15.46176633" lon="73.96002815"><ele>-59.107</ele><time>2026-09-25T12:50:04Z</time><speed>1.630</speed><sat>28</sat></trkpt>
  <trkpt lat="15.46178410" lon="73.96003574"><ele>-58.789</ele><time>2026-09-25T12:50:05Z</time><speed>2.160</speed><sat>28</sat></trkpt>
  <trkpt lat="15.46180819" lon="73.96004822"><ele>-59.006</ele><time>2026-09-25T12:50:06Z</time><speed>3.330</speed><sat>28</sat></trkpt>
  <trkpt lat="15.46184063" lon="73.96006210"><ele>-57.992</ele><time>2026-09-25T12:50:07Z</time><speed>4.090</speed><sat>28</sat></trkpt>
  <trkpt lat="15.46187750" lon="73.96007805"><ele>-58.140</ele><time>2026-09-25T12:50:08Z</time><speed>4.280</speed><sat>29</sat></trkpt>
  <trkpt lat="15.46191791" lon="73.96009521"><ele>-58.102</ele><time>2026-09-25T12:50:09Z</time><speed>4.730</speed><sat>29</sat></trkpt>
  <trkpt lat="15.46197721" lon="73.96011775"><ele>-57.649</ele><time>2026-09-25T12:50:10Z</time><speed>5.540</speed><sat>29</sat></trkpt>
  <trkpt lat="15.46202922" lon="73.96014393"><ele>-58.632</ele><time>2026-09-25T12:50:11Z</time><speed>6.300</speed><sat>29</sat></trkpt>
  <trkpt lat="15.46209496" lon="73.96017431"><ele>-58.752</ele><time>2026-09-25T12:50:12Z</time><speed>7.300</speed><sat>29</sat></trkpt>
  <trkpt lat="15.46215917" lon="73.96020676"><ele>-59.768</ele><time>2026-09-25T12:50:13Z</time><speed>7.610</speed><sat>29</sat></trkpt>
  <trkpt lat="15.46223102" lon="73.96023835"><ele>-60.823</ele><time>2026-09-25T12:50:14Z</time><speed>8.050</speed><sat>29</sat></trkpt>
  <trkpt lat="15.46230195" lon="73.96027393"><ele>-62.482</ele><time>2026-09-25T12:50:15Z</time><speed>8.650</speed><sat>29</sat></trkpt>
  <trkpt lat="15.46237759" lon="73.96031233"><ele>-63.083</ele><time>2026-09-25T12:50:16Z</time><speed>9.000</speed><sat>29</sat></trkpt>
  <trkpt lat="15.46244795" lon="73.96034169"><ele>-62.047</ele><time>2026-09-25T12:50:17Z</time><speed>9.120</speed><sat>29</sat></trkpt>
  <trkpt lat="15.46251562" lon="73.96038672"><ele>-61.638</ele><time>2026-09-25T12:50:18Z</time><speed>9.500</speed><sat>29</sat></trkpt>
  <trkpt lat="15.46259316" lon="73.96042584"><ele>-61.085</ele><time>2026-09-25T12:50:19Z</time><speed>9.960</speed><sat>28</sat></trkpt>
  <trkpt lat="15.46267119" lon="73.96047168"><ele>-61.286</ele><time>2026-09-25T12:50:20Z</time><speed>9.970</speed><sat>28</sat></trkpt>
  <trkpt lat="15.46276566" lon="73.96051628"><ele>-61.543</ele><time>2026-09-25T12:50:21Z</time><speed>10.630</speed><sat>28</sat></trkpt>
  <trkpt lat="15.46285421" lon="73.96055429"><ele>-61.510</ele><time>2026-09-25T12:50:22Z</time><speed>10.810</speed><sat>27</sat></trkpt>
  <trkpt lat="15.46293876" lon="73.96059890"><ele>-61.120</ele><time>2026-09-25T12:50:23Z</time><speed>10.790</speed><sat>27</sat></trkpt>
  <trkpt lat="15.46303234" lon="73.96063829"><ele>-60.926</ele><time>2026-09-25T12:50:24Z</time><speed>10.880</speed><sat>27</sat></trkpt>
  <trkpt lat="15.46312109" lon="73.96068519"><ele>-61.726</ele><time>2026-09-25T12:50:25Z</time><speed>11.130</speed><sat>27</sat></trkpt>
  <trkpt lat="15.46321559" lon="73.96073459"><ele>-64.160</ele><time>2026-09-25T12:50:26Z</time><speed>11.530</speed><sat>23</sat></trkpt>
  <trkpt lat="15.46330920" lon="73.96078191"><ele>-64.254</ele><time>2026-09-25T12:50:27Z</time><speed>11.530</speed><sat>23</sat></trkpt>
  <trkpt lat="15.46339704" lon="73.96083724"><ele>-64.691</ele><time>2026-09-25T12:50:28Z</time><speed>12.640</speed><sat>21</sat></trkpt>
  <trkpt lat="15.46349792" lon="73.96089256"><ele>-64.811</ele><time>2026-09-25T12:50:29Z</time><speed>12.630</speed><sat>21</sat></trkpt>
  <trkpt lat="15.46359284" lon="73.96094695"><ele>-64.852</ele><time>2026-09-25T12:50:30Z</time><speed>12.400</speed><sat>17</sat></trkpt>
  <trkpt lat="15.46368024" lon="73.96100495"><ele>-63.999</ele><time>2026-09-25T12:50:31Z</time><speed>12.100</speed><sat>17</sat></trkpt>
  <trkpt lat="15.46377229" lon="73.96106590"><ele>-63.725</ele><time>2026-09-25T12:50:32Z</time><speed>12.100</speed><sat>17</sat></trkpt>
  <trkpt lat="15.46390214" lon="73.96115246"><ele>-64.870</ele><time>2026-09-25T12:50:33Z</time><speed>13.420</speed><sat>14</sat></trkpt>
  <trkpt lat="15.46401309" lon="73.96123389"><ele>-64.148</ele><time>2026-09-25T12:50:34Z</time><speed>13.870</speed><sat>24</sat></trkpt>
  <trkpt lat="15.46412181" lon="73.96131781"><ele>-63.902</ele><time>2026-09-25T12:50:35Z</time><speed>14.190</speed><sat>25</sat></trkpt>
  <trkpt lat="15.46422763" lon="73.96139966"><ele>-63.380</ele><time>2026-09-25T12:50:36Z</time><speed>14.740</speed><sat>25</sat></trkpt>
  <trkpt lat="15.46433662" lon="73.96147889"><ele>-63.696</ele><time>2026-09-25T12:50:37Z</time><speed>14.610</speed><sat>26</sat></trkpt>
  <trkpt lat="15.46444969" lon="73.96155794"><ele>-64.065</ele><time>2026-09-25T12:50:38Z</time><speed>15.080</speed><sat>27</sat></trkpt>
  <trkpt lat="15.46455624" lon="73.96164071"><ele>-64.361</ele><time>2026-09-25T12:50:39Z</time><speed>15.170</speed><sat>27</sat></trkpt>
  <trkpt lat="15.46467385" lon="73.96171768"><ele>-64.257</ele><time>2026-09-25T12:50:40Z</time><speed>15.230</speed><sat>27</sat></trkpt>
  <trkpt lat="15.46478845" lon="73.96179895"><ele>-64.606</ele><time>2026-09-25T12:50:41Z</time><speed>15.160</speed><sat>27</sat></trkpt>
  <trkpt lat="15.46490915" lon="73.96187303"><ele>-64.679</ele><time>2026-09-25T12:50:42Z</time><speed>15.280</speed><sat>27</sat></trkpt>
  <trkpt lat="15.46503333" lon="73.96194492"><ele>-64.865</ele><time>2026-09-25T12:50:43Z</time><speed>15.300</speed><sat>27</sat></trkpt>
  <trkpt lat="15.46514731" lon="73.96202276"><ele>-64.511</ele><time>2026-09-25T12:50:44Z</time><speed>15.310</speed><sat>26</sat></trkpt>
  <trkpt lat="15.46526454" lon="73.96209489"><ele>-64.230</ele><time>2026-09-25T12:50:45Z</time><speed>15.200</speed><sat>26</sat></trkpt>
  <trkpt lat="15.46537609" lon="73.96216679"><ele>-65.027</ele><time>2026-09-25T12:50:46Z</time><speed>15.060</speed><sat>27</sat></trkpt>
  <trkpt lat="15.46549331" lon="73.96222877"><ele>-65.138</ele><time>2026-09-25T12:50:47Z</time><speed>14.940</speed><sat>27</sat></trkpt>
  <trkpt lat="15.46561797" lon="73.96228733"><ele>-65.783</ele><time>2026-09-25T12:50:48Z</time><speed>14.650</speed><sat>27</sat></trkpt>
  <trkpt lat="15.46574977" lon="73.96233327"><ele>-65.849</ele><time>2026-09-25T12:50:49Z</time><speed>14.680</speed><sat>27</sat></trkpt>
  <trkpt lat="15.46587812" lon="73.96237000"><ele>-66.115</ele><time>2026-09-25T12:50:50Z</time><speed>14.470</speed><sat>27</sat></trkpt>
  <trkpt lat="15.46600112" lon="73.96239347"><ele>-65.798</ele><time>2026-09-25T12:50:51Z</time><speed>14.190</speed><sat>27</sat></trkpt>
  <trkpt lat="15.46613258" lon="73.96240527"><ele>-65.434</ele><time>2026-09-25T12:50:52Z</time><speed>14.160</speed><sat>27</sat></trkpt>
  <trkpt lat="15.46625823" lon="73.96241004"><ele>-65.536</ele><time>2026-09-25T12:50:53Z</time><speed>14.150</speed><sat>27</sat></trkpt>
  <trkpt lat="15.46638607" lon="73.96240742"><ele>-66.003</ele><time>2026-09-25T12:50:54Z</time><speed>14.160</speed><sat>27</sat></trkpt>
  <trkpt lat="15.46651822" lon="73.96240135"><ele>-65.560</ele><time>2026-09-25T12:50:55Z</time><speed>14.300</speed><sat>27</sat></trkpt>
  <trkpt lat="15.46664704" lon="73.96239141"><ele>-65.681</ele><time>2026-09-25T12:50:56Z</time><speed>14.450</speed><sat>27</sat></trkpt>
  <trkpt lat="15.46677840" lon="73.96238779"><ele>-65.855</ele><time>2026-09-25T12:50:57Z</time><speed>14.390</speed><sat>28</sat></trkpt>
  <trkpt lat="15.46691239" lon="73.96237854"><ele>-66.690</ele><time>2026-09-25T12:50:58Z</time><speed>14.570</speed><sat>28</sat></trkpt>
  <trkpt lat="15.46704014" lon="73.96237138"><ele>-66.495</ele><time>2026-09-25T12:50:59Z</time><speed>14.780</speed><sat>28</sat></trkpt>
  <trkpt lat="15.46717297" lon="73.96235894"><ele>-66.519</ele><time>2026-09-25T12:51:00Z</time><speed>14.780</speed><sat>28</sat></trkpt>
  <trkpt lat="15.46731812" lon="73.96235295"><ele>-66.075</ele><time>2026-09-25T12:51:01Z</time><speed>14.850</speed><sat>27</sat></trkpt>
  <trkpt lat="15.46745542" lon="73.96234774"><ele>-67.063</ele><time>2026-09-25T12:51:02Z</time><speed>14.930</speed><sat>28</sat></trkpt>
  <trkpt lat="15.46758993" lon="73.96234494"><ele>-66.765</ele><time>2026-09-25T12:51:03Z</time><speed>14.780</speed><sat>28</sat></trkpt>
  <trkpt lat="15.46772051" lon="73.96233920"><ele>-66.917</ele><time>2026-09-25T12:51:04Z</time><speed>14.540</speed><sat>28</sat></trkpt>
  <trkpt lat="15.46784905" lon="73.96233666"><ele>-66.705</ele><time>2026-09-25T12:51:05Z</time><speed>14.160</speed><sat>28</sat></trkpt>
  <trkpt lat="15.46797016" lon="73.96233755"><ele>-67.348</ele><time>2026-09-25T12:51:06Z</time><speed>13.530</speed><sat>27</sat></trkpt>
  <trkpt lat="15.46808418" lon="73.96233670"><ele>-67.652</ele><time>2026-09-25T12:51:07Z</time><speed>13.260</speed><sat>28</sat></trkpt>
  <trkpt lat="15.46821314" lon="73.96233442"><ele>-67.353</ele><time>2026-09-25T12:51:08Z</time><speed>13.630</speed><sat>27</sat></trkpt>
  <trkpt lat="15.46832517" lon="73.96233359"><ele>-67.856</ele><time>2026-09-25T12:51:09Z</time><speed>13.070</speed><sat>27</sat></trkpt>
  <trkpt lat="15.46844658" lon="73.96233456"><ele>-66.707</ele><time>2026-09-25T12:51:10Z</time><speed>13.060</speed><sat>28</sat></trkpt>
  <trkpt lat="15.46856030" lon="73.96233269"><ele>-66.870</ele><time>2026-09-25T12:51:11Z</time><speed>12.830</speed><sat>28</sat></trkpt>
  <trkpt lat="15.46867200" lon="73.96233136"><ele>-66.447</ele><time>2026-09-25T12:51:12Z</time><speed>12.430</speed><sat>28</sat></trkpt>
  <trkpt lat="15.46878038" lon="73.96232773"><ele>-64.811</ele><time>2026-09-25T12:51:13Z</time><speed>12.100</speed><sat>27</sat></trkpt>
  <trkpt lat="15.46889244" lon="73.96232263"><ele>-64.139</ele><time>2026-09-25T12:51:14Z</time><speed>11.830</speed><sat>27</sat></trkpt>
  <trkpt lat="15.46900197" lon="73.96232576"><ele>-63.676</ele><time>2026-09-25T12:51:15Z</time><speed>11.770</speed><sat>27</sat></trkpt>
  <trkpt lat="15.46910882" lon="73.96233231"><ele>-62.860</ele><time>2026-09-25T12:51:16Z</time><speed>11.640</speed><sat>27</sat></trkpt>
  <trkpt lat="15.46921284" lon="73.96234107"><ele>-63.659</ele><time>2026-09-25T12:51:17Z</time><speed>11.540</speed><sat>26</sat></trkpt>
  <trkpt lat="15.46931637" lon="73.96235914"><ele>-63.516</ele><time>2026-09-25T12:51:18Z</time><speed>11.540</speed><sat>27</sat></trkpt>
  <trkpt lat="15.46942955" lon="73.96237969"><ele>-63.138</ele><time>2026-09-25T12:51:19Z</time><speed>11.640</speed><sat>28</sat></trkpt>
  <trkpt lat="15.46953220" lon="73.96239809"><ele>-62.890</ele><time>2026-09-25T12:51:20Z</time><speed>11.610</speed><sat>28</sat></trkpt>
  <trkpt lat="15.46963905" lon="73.96242338"><ele>-62.502</ele><time>2026-09-25T12:51:21Z</time><speed>11.700</speed><sat>28</sat></trkpt>
  <trkpt lat="15.46973080" lon="73.96244691"><ele>-62.249</ele><time>2026-09-25T12:51:22Z</time><speed>11.350</speed><sat>27</sat></trkpt>
  <trkpt lat="15.46982406" lon="73.96247353"><ele>-62.426</ele><time>2026-09-25T12:51:23Z</time><speed>11.440</speed><sat>28</sat></trkpt>
  <trkpt lat="15.46991703" lon="73.96250327"><ele>-62.235</ele><time>2026-09-25T12:51:24Z</time><speed>11.250</speed><sat>28</sat></trkpt>
  <trkpt lat="15.47002196" lon="73.96254266"><ele>-62.189</ele><time>2026-09-25T12:51:25Z</time><speed>12.020</speed><sat>28</sat></trkpt>
  <trkpt lat="15.47013351" lon="73.96258570"><ele>-63.180</ele><time>2026-09-25T12:51:26Z</time><speed>12.400</speed><sat>26</sat></trkpt>
  <trkpt lat="15.47023858" lon="73.96263827"><ele>-62.771</ele><time>2026-09-25T12:51:27Z</time><speed>12.720</speed><sat>27</sat></trkpt>
  <trkpt lat="15.47033700" lon="73.96269193"><ele>-61.869</ele><time>2026-09-25T12:51:28Z</time><speed>12.880</speed><sat>28</sat></trkpt>
  <trkpt lat="15.47043534" lon="73.96275008"><ele>-61.491</ele><time>2026-09-25T12:51:29Z</time><speed>12.850</speed><sat>27</sat></trkpt>
  <trkpt lat="15.47053038" lon="73.96280737"><ele>-60.559</ele><time>2026-09-25T12:51:30Z</time><speed>12.810</speed><sat>26</sat></trkpt>
  <trkpt lat="15.47062628" lon="73.96286498"><ele>-59.971</ele><time>2026-09-25T12:51:31Z</time><speed>12.590</speed><sat>26</sat></trkpt>
  <trkpt lat="15.47072977" lon="73.96291409"><ele>-60.594</ele><time>2026-09-25T12:51:32Z</time><speed>12.500</speed><sat>27</sat></trkpt>
  <trkpt lat="15.47083070" lon="73.96295573"><ele>-60.699</ele><time>2026-09-25T12:51:33Z</time><speed>12.580</speed><sat>27</sat></trkpt>
  <trkpt lat="15.47094068" lon="73.96299270"><ele>-61.324</ele><time>2026-09-25T12:51:34Z</time><speed>13.010</speed><sat>27</sat></trkpt>
  <trkpt lat="15.47106253" lon="73.96302893"><ele>-62.373</ele><time>2026-09-25T12:51:35Z</time><speed>13.240</speed><sat>27</sat></trkpt>
  <trkpt lat="15.47117660" lon="73.96306138"><ele>-62.916</ele><time>2026-09-25T12:51:36Z</time><speed>13.220</speed><sat>27</sat></trkpt>
  <trkpt lat="15.47128842" lon="73.96310056"><ele>-62.597</ele><time>2026-09-25T12:51:37Z</time><speed>12.910</speed><sat>27</sat></trkpt>
  <trkpt lat="15.47139095" lon="73.96313335"><ele>-61.855</ele><time>2026-09-25T12:51:38Z</time><speed>12.490</speed><sat>26</sat></trkpt>
  <trkpt lat="15.47149838" lon="73.96317036"><ele>-62.244</ele><time>2026-09-25T12:51:39Z</time><speed>12.090</speed><sat>27</sat></trkpt>
  <trkpt lat="15.47160081" lon="73.96320958"><ele>-61.158</ele><time>2026-09-25T12:51:40Z</time><speed>11.780</speed><sat>27</sat></trkpt>
  <trkpt lat="15.47169755" lon="73.96324775"><ele>-60.068</ele><time>2026-09-25T12:51:41Z</time><speed>11.490</speed><sat>27</sat></trkpt>
  <trkpt lat="15.47178410" lon="73.96328975"><ele>-60.141</ele><time>2026-09-25T12:51:42Z</time><speed>11.310</speed><sat>27</sat></trkpt>
  <trkpt lat="15.47187934" lon="73.96333554"><ele>-60.147</ele><time>2026-09-25T12:51:43Z</time><speed>11.250</speed><sat>27</sat></trkpt>
  <trkpt lat="15.47197110" lon="73.96337800"><ele>-60.432</ele><time>2026-09-25T12:51:44Z</time><speed>11.240</speed><sat>27</sat></trkpt>
  <trkpt lat="15.47206511" lon="73.96342050"><ele>-60.321</ele><time>2026-09-25T12:51:45Z</time><speed>11.420</speed><sat>25</sat></trkpt>
  <trkpt lat="15.47216290" lon="73.96346425"><ele>-60.539</ele><time>2026-09-25T12:51:46Z</time><speed>11.710</speed><sat>25</sat></trkpt>
  <trkpt lat="15.47226423" lon="73.96350918"><ele>-60.925</ele><time>2026-09-25T12:51:47Z</time><speed>12.010</speed><sat>26</sat></trkpt>
  <trkpt lat="15.47236595" lon="73.96355501"><ele>-61.084</ele><time>2026-09-25T12:51:48Z</time><speed>12.180</speed><sat>26</sat></trkpt>
  <trkpt lat="15.47246586" lon="73.96359299"><ele>-60.478</ele><time>2026-09-25T12:51:49Z</time><speed>11.990</speed><sat>26</sat></trkpt>
  <trkpt lat="15.47256141" lon="73.96363819"><ele>-60.622</ele><time>2026-09-25T12:51:50Z</time><speed>11.920</speed><sat>26</sat></trkpt>
  <trkpt lat="15.47265841" lon="73.96368679"><ele>-61.184</ele><time>2026-09-25T12:51:51Z</time><speed>11.900</speed><sat>26</sat></trkpt>
  <trkpt lat="15.47275339" lon="73.96373286"><ele>-61.377</ele><time>2026-09-25T12:51:52Z</time><speed>11.970</speed><sat>27</sat></trkpt>
  <trkpt lat="15.47285254" lon="73.96377948"><ele>-62.180</ele><time>2026-09-25T12:51:53Z</time><speed>11.940</speed><sat>27</sat></trkpt>
  <trkpt lat="15.47295903" lon="73.96381769"><ele>-63.046</ele><time>2026-09-25T12:51:54Z</time><speed>12.030</speed><sat>27</sat></trkpt>
  <trkpt lat="15.47306387" lon="73.96384729"><ele>-63.393</ele><time>2026-09-25T12:51:55Z</time><speed>11.840</speed><sat>26</sat></trkpt>
  <trkpt lat="15.47316921" lon="73.96386837"><ele>-63.361</ele><time>2026-09-25T12:51:56Z</time><speed>11.860</speed><sat>26</sat></trkpt>
  <trkpt lat="15.47327859" lon="73.96386393"><ele>-63.822</ele><time>2026-09-25T12:51:57Z</time><speed>12.150</speed><sat>26</sat></trkpt>
  <trkpt lat="15.47339581" lon="73.96386804"><ele>-63.540</ele><time>2026-09-25T12:51:58Z</time><speed>12.950</speed><sat>26</sat></trkpt>
  <trkpt lat="15.47350893" lon="73.96387561"><ele>-62.896</ele><time>2026-09-25T12:51:59Z</time><speed>12.790</speed><sat>26</sat></trkpt>
  <trkpt lat="15.47362672" lon="73.96387686"><ele>-62.555</ele><time>2026-09-25T12:52:00Z</time><speed>12.660</speed><sat>26</sat></trkpt>
  <trkpt lat="15.47372115" lon="73.96388796"><ele>-63.172</ele><time>2026-09-25T12:52:01Z</time><speed>12.350</speed><sat>26</sat></trkpt>
  <trkpt lat="15.47381322" lon="73.96389363"><ele>-61.460</ele><time>2026-09-25T12:52:02Z</time><speed>10.090</speed><sat>24</sat></trkpt>
  <trkpt lat="15.47390477" lon="73.96389700"><ele>-61.835</ele><time>2026-09-25T12:52:03Z</time><speed>10.590</speed><sat>24</sat></trkpt>
  <trkpt lat="15.47398498" lon="73.96388858"><ele>-61.445</ele><time>2026-09-25T12:52:04Z</time><speed>8.460</speed><sat>23</sat></trkpt>
  <trkpt lat="15.47406698" lon="73.96389482"><ele>-61.242</ele><time>2026-09-25T12:52:05Z</time><speed>8.030</speed><sat>23</sat></trkpt>
  <trkpt lat="15.47412818" lon="73.96390189"><ele>-62.503</ele><time>2026-09-25T12:52:06Z</time><speed>8.300</speed><sat>25</sat></trkpt>
  <trkpt lat="15.47419997" lon="73.96388922"><ele>-63.029</ele><time>2026-09-25T12:52:07Z</time><speed>8.740</speed><sat>24</sat></trkpt>
  <trkpt lat="15.47422474" lon="73.96387934"><ele>-62.915</ele><time>2026-09-25T12:52:08Z</time><speed>4.200</speed><sat>26</sat></trkpt>
  <trkpt lat="15.47428143" lon="73.96389311"><ele>-61.794</ele><time>2026-09-25T12:52:09Z</time><speed>6.210</speed><sat>25</sat></trkpt>
  <trkpt lat="15.47434310" lon="73.96388650"><ele>-62.430</ele><time>2026-09-25T12:52:10Z</time><speed>6.050</speed><sat>25</sat></trkpt>
  <trkpt lat="15.47439916" lon="73.96388641"><ele>-61.499</ele><time>2026-09-25T12:52:11Z</time><speed>5.290</speed><sat>25</sat></trkpt>
  <trkpt lat="15.47441791" lon="73.96389079"><ele>-62.186</ele><time>2026-09-25T12:52:12Z</time><speed>3.010</speed><sat>25</sat></trkpt>
  <trkpt lat="15.47444174" lon="73.96388450"><ele>-62.158</ele><time>2026-09-25T12:52:13Z</time><speed>2.600</speed><sat>25</sat></trkpt>
  <trkpt lat="15.47449195" lon="73.96389835"><ele>-61.431</ele><time>2026-09-25T12:52:14Z</time><speed>4.530</speed><sat>24</sat></trkpt>
  <trkpt lat="15.47451831" lon="73.96388420"><ele>-62.183</ele><time>2026-09-25T12:52:15Z</time><speed>3.150</speed><sat>26</sat></trkpt>
  <trkpt lat="15.47456473" lon="73.96388517"><ele>-62.607</ele><time>2026-09-25T12:52:16Z</time><speed>3.690</speed><sat>25</sat></trkpt>
  <trkpt lat="15.47462169" lon="73.96389194"><ele>-63.136</ele><time>2026-09-25T12:52:17Z</time><speed>3.910</speed><sat>24</sat></trkpt>
  <trkpt lat="15.47466478" lon="73.96389478"><ele>-62.868</ele><time>2026-09-25T12:52:18Z</time><speed>3.120</speed><sat>23</sat></trkpt>
  <trkpt lat="15.47471326" lon="73.96390173"><ele>-63.463</ele><time>2026-09-25T12:52:19Z</time><speed>2.890</speed><sat>24</sat></trkpt>
  <trkpt lat="15.47474178" lon="73.96390455"><ele>-62.172</ele><time>2026-09-25T12:52:20Z</time><speed>1.700</speed><sat>25</sat></trkpt>
  <trkpt lat="15.47476768" lon="73.96391319"><ele>-61.796</ele><time>2026-09-25T12:52:21Z</time><speed>0.870</speed><sat>25</sat></trkpt>
  <trkpt lat="15.47476991" lon="73.96391281"><ele>-62.400</ele><time>2026-09-25T12:52:22Z</time><speed>0.000</speed><sat>25</sat></trkpt>
  <trkpt lat="15.47476995" lon="73.96391268"><ele>-62.704</ele><time>2026-09-25T12:52:23Z</time><speed>0.000</speed><sat>25</sat></trkpt>
  <trkpt lat="15.47477063" lon="73.96391258"><ele>-63.111</ele><time>2026-09-25T12:52:24Z</time><speed>0.000</speed><sat>25</sat></trkpt>
  <trkpt lat="15.47477134" lon="73.96391277"><ele>-63.359</ele><time>2026-09-25T12:52:25Z</time><speed>0.000</speed><sat>24</sat></trkpt>
  <trkpt lat="15.47477127" lon="73.96391338"><ele>-63.591</ele><time>2026-09-25T12:52:26Z</time><speed>0.000</speed><sat>24</sat></trkpt>
  <trkpt lat="15.47477164" lon="73.96391375"><ele>-63.530</ele><time>2026-09-25T12:52:27Z</time><speed>0.000</speed><sat>22</sat></trkpt>
  <trkpt lat="15.47477476" lon="73.96391519"><ele>-63.449</ele><time>2026-09-25T12:52:28Z</time><speed>0.000</speed><sat>21</sat></trkpt>
  <trkpt lat="15.47477747" lon="73.96391617"><ele>-63.625</ele><time>2026-09-25T12:52:29Z</time><speed>0.000</speed><sat>21</sat></trkpt>
  <trkpt lat="15.47478273" lon="73.96391535"><ele>-63.587</ele><time>2026-09-25T12:52:30Z</time><speed>0.570</speed><sat>21</sat></trkpt>
  <trkpt lat="15.47479493" lon="73.96391330"><ele>-63.420</ele><time>2026-09-25T12:52:31Z</time><speed>1.420</speed><sat>21</sat></trkpt>
  <trkpt lat="15.47481471" lon="73.96390733"><ele>-62.833</ele><time>2026-09-25T12:52:32Z</time><speed>2.290</speed><sat>21</sat></trkpt>
  <trkpt lat="15.47484089" lon="73.96389497"><ele>-62.761</ele><time>2026-09-25T12:52:33Z</time><speed>3.100</speed><sat>21</sat></trkpt>
  <trkpt lat="15.47487469" lon="73.96388167"><ele>-61.745</ele><time>2026-09-25T12:52:34Z</time><speed>3.550</speed><sat>21</sat></trkpt>
  <trkpt lat="15.47491680" lon="73.96387158"><ele>-62.240</ele><time>2026-09-25T12:52:35Z</time><speed>4.250</speed><sat>22</sat></trkpt>
  <trkpt lat="15.47496385" lon="73.96386446"><ele>-62.693</ele><time>2026-09-25T12:52:36Z</time><speed>4.540</speed><sat>22</sat></trkpt>
  <trkpt lat="15.47506619" lon="73.96388904"><ele>-61.279</ele><time>2026-09-25T12:52:37Z</time><speed>5.020</speed><sat>23</sat></trkpt>
  <trkpt lat="15.47513334" lon="73.96387676"><ele>-60.961</ele><time>2026-09-25T12:52:38Z</time><speed>5.700</speed><sat>25</sat></trkpt>
  <trkpt lat="15.47518769" lon="73.96384911"><ele>-61.763</ele><time>2026-09-25T12:52:39Z</time><speed>6.060</speed><sat>25</sat></trkpt>
  <trkpt lat="15.47525229" lon="73.96382498"><ele>-60.514</ele><time>2026-09-25T12:52:40Z</time><speed>6.990</speed><sat>25</sat></trkpt>
  <trkpt lat="15.47530399" lon="73.96379899"><ele>-60.850</ele><time>2026-09-25T12:52:41Z</time><speed>6.140</speed><sat>25</sat></trkpt>
  <trkpt lat="15.47535946" lon="73.96377299"><ele>-61.037</ele><time>2026-09-25T12:52:42Z</time><speed>5.960</speed><sat>25</sat></trkpt>
  <trkpt lat="15.47540495" lon="73.96374388"><ele>-61.146</ele><time>2026-09-25T12:52:43Z</time><speed>5.830</speed><sat>27</sat></trkpt>
  <trkpt lat="15.47546570" lon="73.96371254"><ele>-61.133</ele><time>2026-09-25T12:52:44Z</time><speed>6.370</speed><sat>25</sat></trkpt>
  <trkpt lat="15.47552454" lon="73.96367951"><ele>-61.337</ele><time>2026-09-25T12:52:45Z</time><speed>6.500</speed><sat>27</sat></trkpt>
  <trkpt lat="15.47558850" lon="73.96363869"><ele>-61.455</ele><time>2026-09-25T12:52:46Z</time><speed>7.110</speed><sat>27</sat></trkpt>
  <trkpt lat="15.47563447" lon="73.96360786"><ele>-61.793</ele><time>2026-09-25T12:52:47Z</time><speed>5.720</speed><sat>27</sat></trkpt>
  <trkpt lat="15.47567006" lon="73.96357804"><ele>-61.293</ele><time>2026-09-25T12:52:48Z</time><speed>5.090</speed><sat>26</sat></trkpt>
  <trkpt lat="15.47573337" lon="73.96354831"><ele>-61.495</ele><time>2026-09-25T12:52:49Z</time><speed>6.170</speed><sat>24</sat></trkpt>
  <trkpt lat="15.47579201" lon="73.96350817"><ele>-62.824</ele><time>2026-09-25T12:52:50Z</time><speed>6.740</speed><sat>25</sat></trkpt>
  <trkpt lat="15.47591580" lon="73.96347116"><ele>-63.206</ele><time>2026-09-25T12:52:51Z</time><speed>9.850</speed><sat>24</sat></trkpt>
  <trkpt lat="15.47599723" lon="73.96342378"><ele>-64.028</ele><time>2026-09-25T12:52:52Z</time><speed>10.130</speed><sat>25</sat></trkpt>
  <trkpt lat="15.47609278" lon="73.96336330"><ele>-64.744</ele><time>2026-09-25T12:52:53Z</time><speed>10.720</speed><sat>25</sat></trkpt>
  <trkpt lat="15.47616795" lon="73.96333162"><ele>-65.306</ele><time>2026-09-25T12:52:54Z</time><speed>9.080</speed><sat>25</sat></trkpt>
  <trkpt lat="15.47624430" lon="73.96329966"><ele>-65.214</ele><time>2026-09-25T12:52:55Z</time><speed>8.030</speed><sat>25</sat></trkpt>
  <trkpt lat="15.47632692" lon="73.96328455"><ele>-64.558</ele><time>2026-09-25T12:52:56Z</time><speed>7.900</speed><sat>26</sat></trkpt>
  <trkpt lat="15.47639575" lon="73.96325300"><ele>-64.684</ele><time>2026-09-25T12:52:57Z</time><speed>7.960</speed><sat>26</sat></trkpt>
  <trkpt lat="15.47646601" lon="73.96322105"><ele>-63.882</ele><time>2026-09-25T12:52:58Z</time><speed>8.140</speed><sat>25</sat></trkpt>
  <trkpt lat="15.47652997" lon="73.96318618"><ele>-63.701</ele><time>2026-09-25T12:52:59Z</time><speed>7.840</speed><sat>25</sat></trkpt>
  <trkpt lat="15.47657790" lon="73.96315158"><ele>-62.821</ele><time>2026-09-25T12:53:00Z</time><speed>6.490</speed><sat>28</sat></trkpt>
  <trkpt lat="15.47663460" lon="73.96311656"><ele>-61.873</ele><time>2026-09-25T12:53:01Z</time><speed>5.890</speed><sat>27</sat></trkpt>
  <trkpt lat="15.47668813" lon="73.96307167"><ele>-61.593</ele><time>2026-09-25T12:53:02Z</time><speed>7.070</speed><sat>27</sat></trkpt>
  <trkpt lat="15.47675072" lon="73.96301460"><ele>-61.341</ele><time>2026-09-25T12:53:03Z</time><speed>8.500</speed><sat>27</sat></trkpt>
  <trkpt lat="15.47681215" lon="73.96295382"><ele>-61.603</ele><time>2026-09-25T12:53:04Z</time><speed>8.780</speed><sat>27</sat></trkpt>
  <trkpt lat="15.47689014" lon="73.96288555"><ele>-61.417</ele><time>2026-09-25T12:53:05Z</time><speed>9.040</speed><sat>27</sat></trkpt>
  <trkpt lat="15.47695118" lon="73.96282708"><ele>-61.199</ele><time>2026-09-25T12:53:06Z</time><speed>9.110</speed><sat>27</sat></trkpt>
  <trkpt lat="15.47702554" lon="73.96276404"><ele>-59.754</ele><time>2026-09-25T12:53:07Z</time><speed>10.250</speed><sat>25</sat></trkpt>
  <trkpt lat="15.47708725" lon="73.96269694"><ele>-58.463</ele><time>2026-09-25T12:53:08Z</time><speed>10.160</speed><sat>22</sat></trkpt>
  <trkpt lat="15.47715005" lon="73.96262584"><ele>-59.144</ele><time>2026-09-25T12:53:09Z</time><speed>9.080</speed><sat>23</sat></trkpt>
  <trkpt lat="15.47722696" lon="73.96256498"><ele>-59.705</ele><time>2026-09-25T12:53:10Z</time><speed>9.630</speed><sat>26</sat></trkpt>
  <trkpt lat="15.47730187" lon="73.96250105"><ele>-59.881</ele><time>2026-09-25T12:53:11Z</time><speed>10.230</speed><sat>27</sat></trkpt>
  <trkpt lat="15.47739701" lon="73.96243313"><ele>-60.578</ele><time>2026-09-25T12:53:12Z</time><speed>11.060</speed><sat>27</sat></trkpt>
  <trkpt lat="15.47751200" lon="73.96237443"><ele>-59.485</ele><time>2026-09-25T12:53:13Z</time><speed>12.090</speed><sat>27</sat></trkpt>
  <trkpt lat="15.47760262" lon="73.96231692"><ele>-59.210</ele><time>2026-09-25T12:53:14Z</time><speed>10.660</speed><sat>27</sat></trkpt>
  <trkpt lat="15.47768864" lon="73.96227434"><ele>-57.936</ele><time>2026-09-25T12:53:15Z</time><speed>10.170</speed><sat>27</sat></trkpt>
  <trkpt lat="15.47776748" lon="73.96223597"><ele>-58.031</ele><time>2026-09-25T12:53:16Z</time><speed>9.250</speed><sat>26</sat></trkpt>
  <trkpt lat="15.47784343" lon="73.96219459"><ele>-58.298</ele><time>2026-09-25T12:53:17Z</time><speed>9.290</speed><sat>25</sat></trkpt>
  <trkpt lat="15.47791551" lon="73.96214922"><ele>-58.423</ele><time>2026-09-25T12:53:18Z</time><speed>9.260</speed><sat>25</sat></trkpt>
  <trkpt lat="15.47800391" lon="73.96210545"><ele>-57.989</ele><time>2026-09-25T12:53:19Z</time><speed>9.740</speed><sat>25</sat></trkpt>
  <trkpt lat="15.47809975" lon="73.96205647"><ele>-59.059</ele><time>2026-09-25T12:53:20Z</time><speed>9.780</speed><sat>26</sat></trkpt>
  <trkpt lat="15.47817499" lon="73.96201279"><ele>-59.141</ele><time>2026-09-25T12:53:21Z</time><speed>9.640</speed><sat>26</sat></trkpt>
  <trkpt lat="15.47825854" lon="73.96198105"><ele>-58.509</ele><time>2026-09-25T12:53:22Z</time><speed>8.960</speed><sat>27</sat></trkpt>
  <trkpt lat="15.47836258" lon="73.96192739"><ele>-59.735</ele><time>2026-09-25T12:53:23Z</time><speed>10.420</speed><sat>27</sat></trkpt>
  <trkpt lat="15.47845980" lon="73.96188190"><ele>-59.812</ele><time>2026-09-25T12:53:24Z</time><speed>11.040</speed><sat>29</sat></trkpt>
  <trkpt lat="15.47854046" lon="73.96182836"><ele>-59.492</ele><time>2026-09-25T12:53:25Z</time><speed>10.520</speed><sat>30</sat></trkpt>
  <trkpt lat="15.47862684" lon="73.96176645"><ele>-60.069</ele><time>2026-09-25T12:53:26Z</time><speed>11.360</speed><sat>30</sat></trkpt>
  <trkpt lat="15.47870590" lon="73.96169262"><ele>-60.546</ele><time>2026-09-25T12:53:27Z</time><speed>11.730</speed><sat>29</sat></trkpt>
  <trkpt lat="15.47879301" lon="73.96162464"><ele>-60.480</ele><time>2026-09-25T12:53:28Z</time><speed>11.950</speed><sat>29</sat></trkpt>
  <trkpt lat="15.47888038" lon="73.96155374"><ele>-60.718</ele><time>2026-09-25T12:53:29Z</time><speed>12.210</speed><sat>29</sat></trkpt>
  <trkpt lat="15.47898385" lon="73.96150251"><ele>-60.641</ele><time>2026-09-25T12:53:30Z</time><speed>12.560</speed><sat>28</sat></trkpt>
  <trkpt lat="15.47907862" lon="73.96143716"><ele>-61.076</ele><time>2026-09-25T12:53:31Z</time><speed>12.370</speed><sat>28</sat></trkpt>
  <trkpt lat="15.47917311" lon="73.96135958"><ele>-61.292</ele><time>2026-09-25T12:53:32Z</time><speed>12.910</speed><sat>28</sat></trkpt>
  <trkpt lat="15.47928338" lon="73.96129547"><ele>-61.583</ele><time>2026-09-25T12:53:33Z</time><speed>12.860</speed><sat>27</sat></trkpt>
  <trkpt lat="15.47938940" lon="73.96122591"><ele>-60.800</ele><time>2026-09-25T12:53:34Z</time><speed>13.220</speed><sat>26</sat></trkpt>
  <trkpt lat="15.47949793" lon="73.96115952"><ele>-60.121</ele><time>2026-09-25T12:53:35Z</time><speed>13.290</speed><sat>26</sat></trkpt>
  <trkpt lat="15.47959743" lon="73.96108571"><ele>-60.501</ele><time>2026-09-25T12:53:36Z</time><speed>13.210</speed><sat>25</sat></trkpt>
  <trkpt lat="15.47969260" lon="73.96101298"><ele>-60.654</ele><time>2026-09-25T12:53:37Z</time><speed>13.160</speed><sat>25</sat></trkpt>
  <trkpt lat="15.47978741" lon="73.96094253"><ele>-61.513</ele><time>2026-09-25T12:53:38Z</time><speed>12.710</speed><sat>25</sat></trkpt>
  <trkpt lat="15.47988112" lon="73.96087669"><ele>-61.871</ele><time>2026-09-25T12:53:39Z</time><speed>12.510</speed><sat>25</sat></trkpt>
  <trkpt lat="15.47997663" lon="73.96081836"><ele>-62.067</ele><time>2026-09-25T12:53:40Z</time><speed>12.510</speed><sat>25</sat></trkpt>
  <trkpt lat="15.48007207" lon="73.96076028"><ele>-61.725</ele><time>2026-09-25T12:53:41Z</time><speed>12.380</speed><sat>25</sat></trkpt>
  <trkpt lat="15.48017114" lon="73.96070345"><ele>-61.747</ele><time>2026-09-25T12:53:42Z</time><speed>12.160</speed><sat>25</sat></trkpt>
  <trkpt lat="15.48026537" lon="73.96064988"><ele>-62.062</ele><time>2026-09-25T12:53:43Z</time><speed>11.910</speed><sat>24</sat></trkpt>
  <trkpt lat="15.48036360" lon="73.96060063"><ele>-62.302</ele><time>2026-09-25T12:53:44Z</time><speed>12.050</speed><sat>25</sat></trkpt>
  <trkpt lat="15.48046565" lon="73.96055358"><ele>-61.686</ele><time>2026-09-25T12:53:45Z</time><speed>12.350</speed><sat>23</sat></trkpt>
  <trkpt lat="15.48055804" lon="73.96050703"><ele>-62.319</ele><time>2026-09-25T12:53:46Z</time><speed>12.340</speed><sat>23</sat></trkpt>
  <trkpt lat="15.48066213" lon="73.96046454"><ele>-62.443</ele><time>2026-09-25T12:53:47Z</time><speed>12.210</speed><sat>25</sat></trkpt>
  <trkpt lat="15.48075374" lon="73.96042703"><ele>-60.544</ele><time>2026-09-25T12:53:48Z</time><speed>11.150</speed><sat>26</sat></trkpt>
  <trkpt lat="15.48084204" lon="73.96037896"><ele>-58.510</ele><time>2026-09-25T12:53:49Z</time><speed>10.890</speed><sat>28</sat></trkpt>
  <trkpt lat="15.48092810" lon="73.96034308"><ele>-57.389</ele><time>2026-09-25T12:53:50Z</time><speed>10.480</speed><sat>28</sat></trkpt>
  <trkpt lat="15.48100741" lon="73.96030107"><ele>-58.138</ele><time>2026-09-25T12:53:51Z</time><speed>9.980</speed><sat>28</sat></trkpt>
  <trkpt lat="15.48108219" lon="73.96026376"><ele>-57.951</ele><time>2026-09-25T12:53:52Z</time><speed>9.770</speed><sat>27</sat></trkpt>
  <trkpt lat="15.48115516" lon="73.96022272"><ele>-58.215</ele><time>2026-09-25T12:53:53Z</time><speed>9.260</speed><sat>26</sat></trkpt>
  <trkpt lat="15.48122471" lon="73.96018597"><ele>-57.901</ele><time>2026-09-25T12:53:54Z</time><speed>8.580</speed><sat>27</sat></trkpt>
  <trkpt lat="15.48129349" lon="73.96014295"><ele>-58.332</ele><time>2026-09-25T12:53:55Z</time><speed>8.750</speed><sat>27</sat></trkpt>
  <trkpt lat="15.48136854" lon="73.96010385"><ele>-58.282</ele><time>2026-09-25T12:53:56Z</time><speed>9.130</speed><sat>26</sat></trkpt>
  <trkpt lat="15.48144351" lon="73.96006757"><ele>-58.079</ele><time>2026-09-25T12:53:57Z</time><speed>9.390</speed><sat>26</sat></trkpt>
  <trkpt lat="15.48152118" lon="73.96002454"><ele>-58.700</ele><time>2026-09-25T12:53:58Z</time><speed>9.630</speed><sat>25</sat></trkpt>
  <trkpt lat="15.48159877" lon="73.95997448"><ele>-59.751</ele><time>2026-09-25T12:53:59Z</time><speed>10.280</speed><sat>25</sat></trkpt>
  <trkpt lat="15.48167127" lon="73.95991983"><ele>-59.534</ele><time>2026-09-25T12:54:00Z</time><speed>10.300</speed><sat>23</sat></trkpt>
  <trkpt lat="15.48175685" lon="73.95985312"><ele>-61.719</ele><time>2026-09-25T12:54:01Z</time><speed>11.120</speed><sat>22</sat></trkpt>
  <trkpt lat="15.48185117" lon="73.95980085"><ele>-62.865</ele><time>2026-09-25T12:54:02Z</time><speed>11.090</speed><sat>24</sat></trkpt>
  <trkpt lat="15.48193352" lon="73.95974701"><ele>-62.664</ele><time>2026-09-25T12:54:03Z</time><speed>11.140</speed><sat>25</sat></trkpt>
  <trkpt lat="15.48203499" lon="73.95968211"><ele>-63.861</ele><time>2026-09-25T12:54:04Z</time><speed>11.780</speed><sat>26</sat></trkpt>
  <trkpt lat="15.48213927" lon="73.95961534"><ele>-63.033</ele><time>2026-09-25T12:54:05Z</time><speed>13.630</speed><sat>27</sat></trkpt>
  <trkpt lat="15.48223638" lon="73.95955429"><ele>-62.852</ele><time>2026-09-25T12:54:06Z</time><speed>12.300</speed><sat>27</sat></trkpt>
  <trkpt lat="15.48233490" lon="73.95949434"><ele>-62.308</ele><time>2026-09-25T12:54:07Z</time><speed>11.420</speed><sat>28</sat></trkpt>
  <trkpt lat="15.48241108" lon="73.95944250"><ele>-63.935</ele><time>2026-09-25T12:54:08Z</time><speed>9.930</speed><sat>29</sat></trkpt>
  <trkpt lat="15.48249280" lon="73.95938950"><ele>-64.554</ele><time>2026-09-25T12:54:09Z</time><speed>10.250</speed><sat>29</sat></trkpt>
  <trkpt lat="15.48257630" lon="73.95932796"><ele>-64.850</ele><time>2026-09-25T12:54:10Z</time><speed>10.660</speed><sat>28</sat></trkpt>
  <trkpt lat="15.48266704" lon="73.95926836"><ele>-66.218</ele><time>2026-09-25T12:54:11Z</time><speed>11.210</speed><sat>27</sat></trkpt>
  <trkpt lat="15.48277405" lon="73.95921022"><ele>-66.964</ele><time>2026-09-25T12:54:12Z</time><speed>11.930</speed><sat>27</sat></trkpt>
  <trkpt lat="15.48288037" lon="73.95916098"><ele>-66.394</ele><time>2026-09-25T12:54:13Z</time><speed>11.870</speed><sat>25</sat></trkpt>
  <trkpt lat="15.48297118" lon="73.95914064"><ele>-67.036</ele><time>2026-09-25T12:54:14Z</time><speed>10.960</speed><sat>24</sat></trkpt>
  <trkpt lat="15.48310118" lon="73.95916168"><ele>-66.674</ele><time>2026-09-25T12:54:15Z</time><speed>12.250</speed><sat>23</sat></trkpt>
  <trkpt lat="15.48322201" lon="73.95921926"><ele>-68.468</ele><time>2026-09-25T12:54:16Z</time><speed>11.490</speed><sat>23</sat></trkpt>
  <trkpt lat="15.48330992" lon="73.95918964"><ele>-68.483</ele><time>2026-09-25T12:54:17Z</time><speed>10.410</speed><sat>24</sat></trkpt>
  <trkpt lat="15.48335318" lon="73.95919693"><ele>-69.133</ele><time>2026-09-25T12:54:18Z</time><speed>3.170</speed><sat>23</sat></trkpt>
  <trkpt lat="15.48339922" lon="73.95918481"><ele>-68.351</ele><time>2026-09-25T12:54:19Z</time><speed>4.920</speed><sat>25</sat></trkpt>
  <trkpt lat="15.48347056" lon="73.95916870"><ele>-67.788</ele><time>2026-09-25T12:54:20Z</time><speed>5.530</speed><sat>24</sat></trkpt>
  <trkpt lat="15.48351243" lon="73.95912906"><ele>-66.799</ele><time>2026-09-25T12:54:21Z</time><speed>3.410</speed><sat>26</sat></trkpt>
  <trkpt lat="15.48354144" lon="73.95910418"><ele>-66.473</ele><time>2026-09-25T12:54:22Z</time><speed>3.070</speed><sat>25</sat></trkpt>
  <trkpt lat="15.48361615" lon="73.95906981"><ele>-68.248</ele><time>2026-09-25T12:54:23Z</time><speed>6.320</speed><sat>26</sat></trkpt>
  <trkpt lat="15.48363711" lon="73.95904897"><ele>-69.364</ele><time>2026-09-25T12:54:24Z</time><speed>2.420</speed><sat>26</sat></trkpt>
  <trkpt lat="15.48370566" lon="73.95903019"><ele>-70.160</ele><time>2026-09-25T12:54:25Z</time><speed>4.950</speed><sat>25</sat></trkpt>
  <trkpt lat="15.48378606" lon="73.95899755"><ele>-70.361</ele><time>2026-09-25T12:54:26Z</time><speed>6.610</speed><sat>26</sat></trkpt>
  <trkpt lat="15.48389178" lon="73.95898259"><ele>-69.505</ele><time>2026-09-25T12:54:27Z</time><speed>8.660</speed><sat>26</sat></trkpt>
  <trkpt lat="15.48399372" lon="73.95895107"><ele>-70.283</ele><time>2026-09-25T12:54:28Z</time><speed>9.120</speed><sat>25</sat></trkpt>
  <trkpt lat="15.48411912" lon="73.95892677"><ele>-70.836</ele><time>2026-09-25T12:54:29Z</time><speed>10.440</speed><sat>23</sat></trkpt>
  <trkpt lat="15.48423757" lon="73.95889794"><ele>-72.728</ele><time>2026-09-25T12:54:30Z</time><speed>10.880</speed><sat>25</sat></trkpt>
  <trkpt lat="15.48434481" lon="73.95886568"><ele>-72.329</ele><time>2026-09-25T12:54:31Z</time><speed>10.160</speed><sat>25</sat></trkpt>
  <trkpt lat="15.48444380" lon="73.95885385"><ele>-70.443</ele><time>2026-09-25T12:54:32Z</time><speed>8.930</speed><sat>25</sat></trkpt>
  <trkpt lat="15.48453204" lon="73.95884051"><ele>-68.395</ele><time>2026-09-25T12:54:33Z</time><speed>8.890</speed><sat>25</sat></trkpt>
  <trkpt lat="15.48463662" lon="73.95882769"><ele>-68.560</ele><time>2026-09-25T12:54:34Z</time><speed>9.980</speed><sat>27</sat></trkpt>
  <trkpt lat="15.48474597" lon="73.95881455"><ele>-69.545</ele><time>2026-09-25T12:54:35Z</time><speed>10.750</speed><sat>28</sat></trkpt>
  <trkpt lat="15.48484331" lon="73.95879963"><ele>-70.003</ele><time>2026-09-25T12:54:36Z</time><speed>10.890</speed><sat>28</sat></trkpt>
  <trkpt lat="15.48494167" lon="73.95878453"><ele>-69.970</ele><time>2026-09-25T12:54:37Z</time><speed>11.020</speed><sat>28</sat></trkpt>
  <trkpt lat="15.48504411" lon="73.95876704"><ele>-69.881</ele><time>2026-09-25T12:54:38Z</time><speed>11.220</speed><sat>28</sat></trkpt>
  <trkpt lat="15.48514802" lon="73.95875083"><ele>-69.921</ele><time>2026-09-25T12:54:39Z</time><speed>11.670</speed><sat>27</sat></trkpt>
  <trkpt lat="15.48525416" lon="73.95872988"><ele>-69.249</ele><time>2026-09-25T12:54:40Z</time><speed>11.770</speed><sat>24</sat></trkpt>
  <trkpt lat="15.48535980" lon="73.95871029"><ele>-68.551</ele><time>2026-09-25T12:54:41Z</time><speed>11.320</speed><sat>24</sat></trkpt>
  <trkpt lat="15.48544495" lon="73.95869615"><ele>-67.912</ele><time>2026-09-25T12:54:42Z</time><speed>9.750</speed><sat>20</sat></trkpt>
  <trkpt lat="15.48551119" lon="73.95867897"><ele>-68.186</ele><time>2026-09-25T12:54:43Z</time><speed>8.490</speed><sat>21</sat></trkpt>
  <trkpt lat="15.48558146" lon="73.95866940"><ele>-67.822</ele><time>2026-09-25T12:54:44Z</time><speed>7.530</speed><sat>29</sat></trkpt>
  <trkpt lat="15.48564141" lon="73.95866247"><ele>-67.305</ele><time>2026-09-25T12:54:45Z</time><speed>6.490</speed><sat>29</sat></trkpt>
  <trkpt lat="15.48570155" lon="73.95865552"><ele>-66.768</ele><time>2026-09-25T12:54:46Z</time><speed>6.270</speed><sat>29</sat></trkpt>
  <trkpt lat="15.48575851" lon="73.95865020"><ele>-66.664</ele><time>2026-09-25T12:54:47Z</time><speed>6.090</speed><sat>29</sat></trkpt>
  <trkpt lat="15.48581606" lon="73.95864376"><ele>-66.245</ele><time>2026-09-25T12:54:48Z</time><speed>6.180</speed><sat>29</sat></trkpt>
  <trkpt lat="15.48586418" lon="73.95863467"><ele>-67.061</ele><time>2026-09-25T12:54:49Z</time><speed>6.050</speed><sat>30</sat></trkpt>
  <trkpt lat="15.48592336" lon="73.95862816"><ele>-66.845</ele><time>2026-09-25T12:54:50Z</time><speed>6.430</speed><sat>28</sat></trkpt>
  <trkpt lat="15.48598498" lon="73.95861633"><ele>-66.856</ele><time>2026-09-25T12:54:51Z</time><speed>6.840</speed><sat>27</sat></trkpt>
  <trkpt lat="15.48605251" lon="73.95860479"><ele>-67.083</ele><time>2026-09-25T12:54:52Z</time><speed>7.190</speed><sat>30</sat></trkpt>
  <trkpt lat="15.48612330" lon="73.95858427"><ele>-65.995</ele><time>2026-09-25T12:54:53Z</time><speed>7.110</speed><sat>32</sat></trkpt>
  <trkpt lat="15.48618962" lon="73.95857507"><ele>-65.280</ele><time>2026-09-25T12:54:54Z</time><speed>7.240</speed><sat>32</sat></trkpt>
  <trkpt lat="15.48625736" lon="73.95856873"><ele>-65.496</ele><time>2026-09-25T12:54:55Z</time><speed>7.160</speed><sat>32</sat></trkpt>
  <trkpt lat="15.48633264" lon="73.95854876"><ele>-65.946</ele><time>2026-09-25T12:54:56Z</time><speed>8.230</speed><sat>33</sat></trkpt>
  <trkpt lat="15.48641792" lon="73.95853164"><ele>-65.923</ele><time>2026-09-25T12:54:57Z</time><speed>8.640</speed><sat>33</sat></trkpt>
  <trkpt lat="15.48650141" lon="73.95851610"><ele>-65.477</ele><time>2026-09-25T12:54:58Z</time><speed>8.970</speed><sat>33</sat></trkpt>
  <trkpt lat="15.48658809" lon="73.95850090"><ele>-64.888</ele><time>2026-09-25T12:54:59Z</time><speed>9.310</speed><sat>32</sat></trkpt>
  <trkpt lat="15.48667707" lon="73.95848236"><ele>-64.762</ele><time>2026-09-25T12:55:00Z</time><speed>9.370</speed><sat>32</sat></trkpt>
  <trkpt lat="15.48676368" lon="73.95846732"><ele>-64.471</ele><time>2026-09-25T12:55:01Z</time><speed>9.560</speed><sat>31</sat></trkpt>
  <trkpt lat="15.48685393" lon="73.95845088"><ele>-64.018</ele><time>2026-09-25T12:55:02Z</time><speed>9.760</speed><sat>28</sat></trkpt>
  <trkpt lat="15.48693969" lon="73.95843365"><ele>-64.494</ele><time>2026-09-25T12:55:03Z</time><speed>9.980</speed><sat>21</sat></trkpt>
  <trkpt lat="15.48702922" lon="73.95842232"><ele>-64.442</ele><time>2026-09-25T12:55:04Z</time><speed>9.970</speed><sat>22</sat></trkpt>
  <trkpt lat="15.48710986" lon="73.95840806"><ele>-63.678</ele><time>2026-09-25T12:55:05Z</time><speed>9.790</speed><sat>21</sat></trkpt>
  <trkpt lat="15.48719973" lon="73.95839847"><ele>-63.800</ele><time>2026-09-25T12:55:06Z</time><speed>10.100</speed><sat>21</sat></trkpt>
  <trkpt lat="15.48729925" lon="73.95836471"><ele>-63.341</ele><time>2026-09-25T12:55:07Z</time><speed>10.480</speed><sat>21</sat></trkpt>
  <trkpt lat="15.48739182" lon="73.95834515"><ele>-63.409</ele><time>2026-09-25T12:55:08Z</time><speed>10.470</speed><sat>21</sat></trkpt>
  <trkpt lat="15.48750277" lon="73.95831183"><ele>-63.432</ele><time>2026-09-25T12:55:09Z</time><speed>10.980</speed><sat>20</sat></trkpt>
  <trkpt lat="15.48761084" lon="73.95828787"><ele>-63.536</ele><time>2026-09-25T12:55:10Z</time><speed>10.680</speed><sat>9</sat></trkpt>
  <trkpt lat="15.48771270" lon="73.95827386"><ele>-63.226</ele><time>2026-09-25T12:55:11Z</time><speed>10.410</speed><sat>21</sat></trkpt>
  <trkpt lat="15.48781416" lon="73.95825423"><ele>-63.613</ele><time>2026-09-25T12:55:12Z</time><speed>11.170</speed><sat>24</sat></trkpt>
  <trkpt lat="15.48792428" lon="73.95825130"><ele>-63.819</ele><time>2026-09-25T12:55:13Z</time><speed>11.440</speed><sat>25</sat></trkpt>
  <trkpt lat="15.48802753" lon="73.95823575"><ele>-63.770</ele><time>2026-09-25T12:55:14Z</time><speed>11.230</speed><sat>26</sat></trkpt>
  <trkpt lat="15.48813817" lon="73.95821803"><ele>-63.654</ele><time>2026-09-25T12:55:15Z</time><speed>11.490</speed><sat>26</sat></trkpt>
  <trkpt lat="15.48823926" lon="73.95819671"><ele>-63.032</ele><time>2026-09-25T12:55:16Z</time><speed>11.450</speed><sat>26</sat></trkpt>
  <trkpt lat="15.48835146" lon="73.95818083"><ele>-62.621</ele><time>2026-09-25T12:55:17Z</time><speed>11.960</speed><sat>26</sat></trkpt>
  <trkpt lat="15.48846832" lon="73.95815609"><ele>-62.848</ele><time>2026-09-25T12:55:18Z</time><speed>12.190</speed><sat>28</sat></trkpt>
  <trkpt lat="15.48858619" lon="73.95815088"><ele>-61.817</ele><time>2026-09-25T12:55:19Z</time><speed>12.150</speed><sat>27</sat></trkpt>
  <trkpt lat="15.48869787" lon="73.95813105"><ele>-61.626</ele><time>2026-09-25T12:55:20Z</time><speed>12.120</speed><sat>27</sat></trkpt>
  <trkpt lat="15.48881079" lon="73.95809154"><ele>-61.921</ele><time>2026-09-25T12:55:21Z</time><speed>12.240</speed><sat>27</sat></trkpt>
  <trkpt lat="15.48891516" lon="73.95807843"><ele>-62.610</ele><time>2026-09-25T12:55:22Z</time><speed>12.120</speed><sat>27</sat></trkpt>
  <trkpt lat="15.48902074" lon="73.95805400"><ele>-62.377</ele><time>2026-09-25T12:55:23Z</time><speed>12.110</speed><sat>27</sat></trkpt>
  <trkpt lat="15.48913057" lon="73.95801894"><ele>-62.582</ele><time>2026-09-25T12:55:24Z</time><speed>12.100</speed><sat>26</sat></trkpt>
  <trkpt lat="15.48923841" lon="73.95798555"><ele>-61.887</ele><time>2026-09-25T12:55:25Z</time><speed>12.400</speed><sat>27</sat></trkpt>
  <trkpt lat="15.48932481" lon="73.95793731"><ele>-61.327</ele><time>2026-09-25T12:55:26Z</time><speed>11.730</speed><sat>26</sat></trkpt>
  <trkpt lat="15.48942701" lon="73.95790337"><ele>-60.984</ele><time>2026-09-25T12:55:27Z</time><speed>11.970</speed><sat>30</sat></trkpt>
  <trkpt lat="15.48953277" lon="73.95785672"><ele>-60.234</ele><time>2026-09-25T12:55:28Z</time><speed>12.540</speed><sat>30</sat></trkpt>
  <trkpt lat="15.48961928" lon="73.95779463"><ele>-60.641</ele><time>2026-09-25T12:55:29Z</time><speed>11.930</speed><sat>30</sat></trkpt>
  <trkpt lat="15.48971143" lon="73.95772861"><ele>-60.687</ele><time>2026-09-25T12:55:30Z</time><speed>11.950</speed><sat>29</sat></trkpt>
  <trkpt lat="15.48981380" lon="73.95767042"><ele>-60.516</ele><time>2026-09-25T12:55:31Z</time><speed>12.350</speed><sat>28</sat></trkpt>
  <trkpt lat="15.48989376" lon="73.95760408"><ele>-59.283</ele><time>2026-09-25T12:55:32Z</time><speed>11.570</speed><sat>29</sat></trkpt>
  <trkpt lat="15.48997050" lon="73.95754849"><ele>-58.710</ele><time>2026-09-25T12:55:33Z</time><speed>10.600</speed><sat>28</sat></trkpt>
  <trkpt lat="15.49001562" lon="73.95750202"><ele>-57.901</ele><time>2026-09-25T12:55:34Z</time><speed>8.150</speed><sat>27</sat></trkpt>
  <trkpt lat="15.49005272" lon="73.95746154"><ele>-57.065</ele><time>2026-09-25T12:55:35Z</time><speed>6.270</speed><sat>27</sat></trkpt>
  <trkpt lat="15.49007873" lon="73.95742776"><ele>-57.420</ele><time>2026-09-25T12:55:36Z</time><speed>5.000</speed><sat>26</sat></trkpt>
  <trkpt lat="15.49009917" lon="73.95740525"><ele>-57.169</ele><time>2026-09-25T12:55:37Z</time><speed>3.600</speed><sat>27</sat></trkpt>
  <trkpt lat="15.49010942" lon="73.95739324"><ele>-56.900</ele><time>2026-09-25T12:55:38Z</time><speed>2.050</speed><sat>27</sat></trkpt>
  <trkpt lat="15.49011344" lon="73.95738846"><ele>-56.796</ele><time>2026-09-25T12:55:39Z</time><speed>0.770</speed><sat>26</sat></trkpt>
  <trkpt lat="15.49011233" lon="73.95738981"><ele>-56.657</ele><time>2026-09-25T12:55:40Z</time><speed>0.000</speed><sat>24</sat></trkpt>
  <trkpt lat="15.49011057" lon="73.95738987"><ele>-56.568</ele><time>2026-09-25T12:55:41Z</time><speed>0.000</speed><sat>24</sat></trkpt>
  <trkpt lat="15.49011040" lon="73.95739199"><ele>-56.795</ele><time>2026-09-25T12:55:42Z</time><speed>0.000</speed><sat>26</sat></trkpt>
  <trkpt lat="15.49010979" lon="73.95739119"><ele>-57.009</ele><time>2026-09-25T12:55:43Z</time><speed>0.000</speed><sat>26</sat></trkpt>
  <trkpt lat="15.49010928" lon="73.95738865"><ele>-57.131</ele><time>2026-09-25T12:55:44Z</time><speed>0.000</speed><sat>24</sat></trkpt>
  <trkpt lat="15.49010748" lon="73.95738998"><ele>-56.991</ele><time>2026-09-25T12:55:45Z</time><speed>0.000</speed><sat>22</sat></trkpt>
  <trkpt lat="15.49010727" lon="73.95739143"><ele>-57.340</ele><time>2026-09-25T12:55:46Z</time><speed>0.000</speed><sat>21</sat></trkpt>
  <trkpt lat="15.49010649" lon="73.95739175"><ele>-57.248</ele><time>2026-09-25T12:55:47Z</time><speed>0.000</speed><sat>22</sat></trkpt>
  <trkpt lat="15.49010605" lon="73.95739329"><ele>-57.068</ele><time>2026-09-25T12:55:48Z</time><speed>0.000</speed><sat>21</sat></trkpt>
  <trkpt lat="15.49010592" lon="73.95739428"><ele>-56.995</ele><time>2026-09-25T12:55:49Z</time><speed>0.000</speed><sat>17</sat></trkpt>
  <trkpt lat="15.49010591" lon="73.95739427"><ele>-56.996</ele><time>2026-09-25T12:55:50Z</time><speed>0.000</speed><sat>18</sat></trkpt>
  <trkpt lat="15.49010548" lon="73.95739445"><ele>-56.911</ele><time>2026-09-25T12:55:51Z</time><speed>0.000</speed><sat>17</sat></trkpt>
  <trkpt lat="15.49010536" lon="73.95739448"><ele>-56.866</ele><time>2026-09-25T12:55:52Z</time><speed>0.000</speed><sat>19</sat></trkpt>
  <trkpt lat="15.49011781" lon="73.95737030"><ele>-57.208</ele><time>2026-09-25T12:55:53Z</time><speed>1.710</speed><sat>16</sat></trkpt>
  <trkpt lat="15.49012821" lon="73.95735551"><ele>-57.259</ele><time>2026-09-25T12:55:54Z</time><speed>2.150</speed><sat>24</sat></trkpt>
  <trkpt lat="15.49015525" lon="73.95731736"><ele>-57.428</ele><time>2026-09-25T12:55:55Z</time><speed>3.600</speed><sat>25</sat></trkpt>
  <trkpt lat="15.49019819" lon="73.95728156"><ele>-55.999</ele><time>2026-09-25T12:55:56Z</time><speed>4.630</speed><sat>25</sat></trkpt>
  <trkpt lat="15.49021261" lon="73.95724263"><ele>-56.542</ele><time>2026-09-25T12:55:57Z</time><speed>4.660</speed><sat>28</sat></trkpt>
  <trkpt lat="15.49024491" lon="73.95720180"><ele>-57.325</ele><time>2026-09-25T12:55:58Z</time><speed>4.330</speed><sat>30</sat></trkpt>
  <trkpt lat="15.49025691" lon="73.95717035"><ele>-57.066</ele><time>2026-09-25T12:55:59Z</time><speed>3.780</speed><sat>32</sat></trkpt>
  <trkpt lat="15.49028239" lon="73.95713115"><ele>-57.602</ele><time>2026-09-25T12:56:00Z</time><speed>4.990</speed><sat>33</sat></trkpt>
  <trkpt lat="15.49032760" lon="73.95706887"><ele>-58.669</ele><time>2026-09-25T12:56:01Z</time><speed>6.260</speed><sat>33</sat></trkpt>
  <trkpt lat="15.49036438" lon="73.95700259"><ele>-59.320</ele><time>2026-09-25T12:56:02Z</time><speed>6.640</speed><sat>26</sat></trkpt>
  <trkpt lat="15.49038895" lon="73.95694665"><ele>-59.416</ele><time>2026-09-25T12:56:03Z</time><speed>6.580</speed><sat>26</sat></trkpt>
  <trkpt lat="15.49040885" lon="73.95687211"><ele>-58.823</ele><time>2026-09-25T12:56:04Z</time><speed>7.850</speed><sat>26</sat></trkpt>
  <trkpt lat="15.49043846" lon="73.95678723"><ele>-58.344</ele><time>2026-09-25T12:56:05Z</time><speed>8.180</speed><sat>25</sat></trkpt>
  <trkpt lat="15.49045753" lon="73.95671465"><ele>-58.433</ele><time>2026-09-25T12:56:06Z</time><speed>8.080</speed><sat>25</sat></trkpt>
  <trkpt lat="15.49047944" lon="73.95664442"><ele>-58.583</ele><time>2026-09-25T12:56:07Z</time><speed>8.020</speed><sat>22</sat></trkpt>
  <trkpt lat="15.49052450" lon="73.95655804"><ele>-60.905</ele><time>2026-09-25T12:56:08Z</time><speed>7.600</speed><sat>21</sat></trkpt>
  <trkpt lat="15.49055458" lon="73.95648649"><ele>-60.050</ele><time>2026-09-25T12:56:09Z</time><speed>7.720</speed><sat>26</sat></trkpt>
  <trkpt lat="15.49057558" lon="73.95639455"><ele>-59.683</ele><time>2026-09-25T12:56:10Z</time><speed>9.490</speed><sat>29</sat></trkpt>
  <trkpt lat="15.49060144" lon="73.95630456"><ele>-60.092</ele><time>2026-09-25T12:56:11Z</time><speed>10.050</speed><sat>30</sat></trkpt>
  <trkpt lat="15.49062423" lon="73.95621149"><ele>-60.047</ele><time>2026-09-25T12:56:12Z</time><speed>10.450</speed><sat>29</sat></trkpt>
  <trkpt lat="15.49065058" lon="73.95611060"><ele>-60.231</ele><time>2026-09-25T12:56:13Z</time><speed>10.730</speed><sat>30</sat></trkpt>
  <trkpt lat="15.49067770" lon="73.95600605"><ele>-59.706</ele><time>2026-09-25T12:56:14Z</time><speed>11.140</speed><sat>29</sat></trkpt>
  <trkpt lat="15.49070687" lon="73.95590127"><ele>-59.577</ele><time>2026-09-25T12:56:15Z</time><speed>11.450</speed><sat>23</sat></trkpt>
  <trkpt lat="15.49073897" lon="73.95579974"><ele>-59.521</ele><time>2026-09-25T12:56:16Z</time><speed>11.450</speed><sat>22</sat></trkpt>
  <trkpt lat="15.49076276" lon="73.95568714"><ele>-58.893</ele><time>2026-09-25T12:56:17Z</time><speed>12.140</speed><sat>21</sat></trkpt>
  <trkpt lat="15.49078981" lon="73.95557152"><ele>-59.174</ele><time>2026-09-25T12:56:18Z</time><speed>12.340</speed><sat>20</sat></trkpt>
  <trkpt lat="15.49081992" lon="73.95545964"><ele>-59.406</ele><time>2026-09-25T12:56:19Z</time><speed>12.880</speed><sat>21</sat></trkpt>
  <trkpt lat="15.49084971" lon="73.95534805"><ele>-59.149</ele><time>2026-09-25T12:56:20Z</time><speed>12.640</speed><sat>20</sat></trkpt>
  <trkpt lat="15.49088204" lon="73.95523254"><ele>-59.365</ele><time>2026-09-25T12:56:21Z</time><speed>12.730</speed><sat>21</sat></trkpt>
  <trkpt lat="15.49091526" lon="73.95511326"><ele>-59.463</ele><time>2026-09-25T12:56:22Z</time><speed>12.860</speed><sat>21</sat></trkpt>
  <trkpt lat="15.49095132" lon="73.95499400"><ele>-59.255</ele><time>2026-09-25T12:56:23Z</time><speed>13.080</speed><sat>21</sat></trkpt>
  <trkpt lat="15.49098452" lon="73.95487097"><ele>-59.155</ele><time>2026-09-25T12:56:24Z</time><speed>13.400</speed><sat>23</sat></trkpt>
  <trkpt lat="15.49101969" lon="73.95474762"><ele>-59.291</ele><time>2026-09-25T12:56:25Z</time><speed>13.730</speed><sat>26</sat></trkpt>
  <trkpt lat="15.49105428" lon="73.95462070"><ele>-59.680</ele><time>2026-09-25T12:56:26Z</time><speed>14.040</speed><sat>25</sat></trkpt>
  <trkpt lat="15.49108727" lon="73.95449076"><ele>-59.902</ele><time>2026-09-25T12:56:27Z</time><speed>14.400</speed><sat>25</sat></trkpt>
  <trkpt lat="15.49111988" lon="73.95435706"><ele>-60.027</ele><time>2026-09-25T12:56:28Z</time><speed>14.760</speed><sat>21</sat></trkpt>
  <trkpt lat="15.49115278" lon="73.95422379"><ele>-60.112</ele><time>2026-09-25T12:56:29Z</time><speed>14.750</speed><sat>21</sat></trkpt>
  <trkpt lat="15.49117529" lon="73.95408512"><ele>-60.610</ele><time>2026-09-25T12:56:30Z</time><speed>14.710</speed><sat>20</sat></trkpt>
  <trkpt lat="15.49120448" lon="73.95395145"><ele>-61.153</ele><time>2026-09-25T12:56:31Z</time><speed>14.640</speed><sat>18</sat></trkpt>
  <trkpt lat="15.49122900" lon="73.95381412"><ele>-61.652</ele><time>2026-09-25T12:56:32Z</time><speed>14.820</speed><sat>14</sat></trkpt>
  <trkpt lat="15.49125804" lon="73.95367377"><ele>-61.612</ele><time>2026-09-25T12:56:33Z</time><speed>15.000</speed><sat>25</sat></trkpt>
  <trkpt lat="15.49130384" lon="73.95352505"><ele>-61.778</ele><time>2026-09-25T12:56:34Z</time><speed>15.920</speed><sat>27</sat></trkpt>
  <trkpt lat="15.49134189" lon="73.95337845"><ele>-61.816</ele><time>2026-09-25T12:56:35Z</time><speed>16.160</speed><sat>27</sat></trkpt>
  <trkpt lat="15.49137154" lon="73.95322240"><ele>-62.518</ele><time>2026-09-25T12:56:36Z</time><speed>16.460</speed><sat>27</sat></trkpt>
  <trkpt lat="15.49140932" lon="73.95306814"><ele>-63.457</ele><time>2026-09-25T12:56:37Z</time><speed>16.690</speed><sat>26</sat></trkpt>
  <trkpt lat="15.49145234" lon="73.95291513"><ele>-63.688</ele><time>2026-09-25T12:56:38Z</time><speed>16.540</speed><sat>22</sat></trkpt>
  <trkpt lat="15.49151400" lon="73.95276055"><ele>-61.501</ele><time>2026-09-25T12:56:39Z</time><speed>16.580</speed><sat>22</sat></trkpt>
  <trkpt lat="15.49155571" lon="73.95261111"><ele>-62.084</ele><time>2026-09-25T12:56:40Z</time><speed>16.450</speed><sat>26</sat></trkpt>
  <trkpt lat="15.49159640" lon="73.95246181"><ele>-62.525</ele><time>2026-09-25T12:56:41Z</time><speed>16.510</speed><sat>22</sat></trkpt>
  <trkpt lat="15.49162896" lon="73.95231172"><ele>-62.774</ele><time>2026-09-25T12:56:42Z</time><speed>16.500</speed><sat>21</sat></trkpt>
  <trkpt lat="15.49166767" lon="73.95216317"><ele>-63.135</ele><time>2026-09-25T12:56:43Z</time><speed>16.490</speed><sat>21</sat></trkpt>
  <trkpt lat="15.49169729" lon="73.95201744"><ele>-64.248</ele><time>2026-09-25T12:56:44Z</time><speed>16.500</speed><sat>18</sat></trkpt>
  <trkpt lat="15.49173406" lon="73.95187501"><ele>-64.412</ele><time>2026-09-25T12:56:45Z</time><speed>16.320</speed><sat>20</sat></trkpt>
  <trkpt lat="15.49179670" lon="73.95172440"><ele>-62.959</ele><time>2026-09-25T12:56:46Z</time><speed>16.340</speed><sat>20</sat></trkpt>
  <trkpt lat="15.49183302" lon="73.95157415"><ele>-62.976</ele><time>2026-09-25T12:56:47Z</time><speed>16.390</speed><sat>23</sat></trkpt>
  <trkpt lat="15.49186735" lon="73.95142608"><ele>-63.493</ele><time>2026-09-25T12:56:48Z</time><speed>16.190</speed><sat>23</sat></trkpt>
  <trkpt lat="15.49190969" lon="73.95128473"><ele>-63.960</ele><time>2026-09-25T12:56:49Z</time><speed>16.140</speed><sat>25</sat></trkpt>
  <trkpt lat="15.49194964" lon="73.95113801"><ele>-64.383</ele><time>2026-09-25T12:56:50Z</time><speed>16.300</speed><sat>26</sat></trkpt>
  <trkpt lat="15.49199264" lon="73.95099425"><ele>-63.904</ele><time>2026-09-25T12:56:51Z</time><speed>16.240</speed><sat>27</sat></trkpt>
  <trkpt lat="15.49203992" lon="73.95083784"><ele>-64.331</ele><time>2026-09-25T12:56:52Z</time><speed>16.540</speed><sat>30</sat></trkpt>
  <trkpt lat="15.49207874" lon="73.95069368"><ele>-64.837</ele><time>2026-09-25T12:56:53Z</time><speed>15.910</speed><sat>30</sat></trkpt>
  <trkpt lat="15.49211426" lon="73.95054249"><ele>-66.374</ele><time>2026-09-25T12:56:54Z</time><speed>16.000</speed><sat>30</sat></trkpt>
  <trkpt lat="15.49216178" lon="73.95039504"><ele>-66.792</ele><time>2026-09-25T12:56:55Z</time><speed>15.510</speed><sat>27</sat></trkpt>
  <trkpt lat="15.49220420" lon="73.95024541"><ele>-68.344</ele><time>2026-09-25T12:56:56Z</time><speed>15.670</speed><sat>27</sat></trkpt>
  <trkpt lat="15.49224658" lon="73.95011129"><ele>-68.485</ele><time>2026-09-25T12:56:57Z</time><speed>15.310</speed><sat>27</sat></trkpt>
  <trkpt lat="15.49228112" lon="73.94996166"><ele>-68.839</ele><time>2026-09-25T12:56:58Z</time><speed>16.150</speed><sat>27</sat></trkpt>
  <trkpt lat="15.49231676" lon="73.94981521"><ele>-68.518</ele><time>2026-09-25T12:56:59Z</time><speed>15.890</speed><sat>27</sat></trkpt>
  <trkpt lat="15.49235884" lon="73.94967645"><ele>-68.881</ele><time>2026-09-25T12:57:00Z</time><speed>15.910</speed><sat>28</sat></trkpt>
  <trkpt lat="15.49239748" lon="73.94953180"><ele>-68.917</ele><time>2026-09-25T12:57:01Z</time><speed>15.770</speed><sat>28</sat></trkpt>
  <trkpt lat="15.49244372" lon="73.94939069"><ele>-68.857</ele><time>2026-09-25T12:57:02Z</time><speed>15.890</speed><sat>25</sat></trkpt>
  <trkpt lat="15.49248876" lon="73.94925754"><ele>-68.576</ele><time>2026-09-25T12:57:03Z</time><speed>15.570</speed><sat>25</sat></trkpt>
  <trkpt lat="15.49251426" lon="73.94911926"><ele>-67.970</ele><time>2026-09-25T12:57:04Z</time><speed>15.200</speed><sat>25</sat></trkpt>
  <trkpt lat="15.49254300" lon="73.94898440"><ele>-68.234</ele><time>2026-09-25T12:57:05Z</time><speed>14.930</speed><sat>25</sat></trkpt>
  <trkpt lat="15.49256993" lon="73.94884217"><ele>-68.124</ele><time>2026-09-25T12:57:06Z</time><speed>15.180</speed><sat>23</sat></trkpt>
  <trkpt lat="15.49259990" lon="73.94870348"><ele>-68.776</ele><time>2026-09-25T12:57:07Z</time><speed>15.290</speed><sat>21</sat></trkpt>
  <trkpt lat="15.49262995" lon="73.94856113"><ele>-68.908</ele><time>2026-09-25T12:57:08Z</time><speed>15.470</speed><sat>21</sat></trkpt>
  <trkpt lat="15.49266064" lon="73.94842090"><ele>-69.014</ele><time>2026-09-25T12:57:09Z</time><speed>15.560</speed><sat>22</sat></trkpt>
  <trkpt lat="15.49269004" lon="73.94827723"><ele>-69.072</ele><time>2026-09-25T12:57:10Z</time><speed>15.570</speed><sat>18</sat></trkpt>
  <trkpt lat="15.49272991" lon="73.94813797"><ele>-69.010</ele><time>2026-09-25T12:57:11Z</time><speed>15.560</speed><sat>18</sat></trkpt>
  <trkpt lat="15.49275056" lon="73.94800390"><ele>-69.548</ele><time>2026-09-25T12:57:12Z</time><speed>15.300</speed><sat>18</sat></trkpt>
  <trkpt lat="15.49279620" lon="73.94784926"><ele>-70.298</ele><time>2026-09-25T12:57:13Z</time><speed>15.130</speed><sat>17</sat></trkpt>
  <trkpt lat="15.49281578" lon="73.94772610"><ele>-70.928</ele><time>2026-09-25T12:57:14Z</time><speed>14.950</speed><sat>15</sat></trkpt>
  <trkpt lat="15.49284327" lon="73.94760060"><ele>-69.983</ele><time>2026-09-25T12:57:15Z</time><speed>14.840</speed><sat>22</sat></trkpt>
  <trkpt lat="15.49287243" lon="73.94746041"><ele>-71.078</ele><time>2026-09-25T12:57:16Z</time><speed>14.670</speed><sat>22</sat></trkpt>
  <trkpt lat="15.49289698" lon="73.94732490"><ele>-71.029</ele><time>2026-09-25T12:57:17Z</time><speed>14.680</speed><sat>24</sat></trkpt>
  <trkpt lat="15.49291759" lon="73.94718905"><ele>-70.420</ele><time>2026-09-25T12:57:18Z</time><speed>14.470</speed><sat>24</sat></trkpt>
  <trkpt lat="15.49292952" lon="73.94705737"><ele>-71.445</ele><time>2026-09-25T12:57:19Z</time><speed>14.600</speed><sat>24</sat></trkpt>
  <trkpt lat="15.49293824" lon="73.94691918"><ele>-71.536</ele><time>2026-09-25T12:57:20Z</time><speed>14.780</speed><sat>27</sat></trkpt>
  <trkpt lat="15.49294615" lon="73.94677958"><ele>-71.211</ele><time>2026-09-25T12:57:21Z</time><speed>14.930</speed><sat>27</sat></trkpt>
  <trkpt lat="15.49294981" lon="73.94663431"><ele>-71.096</ele><time>2026-09-25T12:57:22Z</time><speed>15.260</speed><sat>26</sat></trkpt>
  <trkpt lat="15.49295482" lon="73.94649175"><ele>-71.062</ele><time>2026-09-25T12:57:23Z</time><speed>15.330</speed><sat>18</sat></trkpt>
  <trkpt lat="15.49295920" lon="73.94634931"><ele>-71.016</ele><time>2026-09-25T12:57:24Z</time><speed>15.280</speed><sat>18</sat></trkpt>
  <trkpt lat="15.49296309" lon="73.94620588"><ele>-71.496</ele><time>2026-09-25T12:57:25Z</time><speed>15.640</speed><sat>18</sat></trkpt>
  <trkpt lat="15.49297017" lon="73.94605751"><ele>-71.580</ele><time>2026-09-25T12:57:26Z</time><speed>15.840</speed><sat>15</sat></trkpt>
  <trkpt lat="15.49297837" lon="73.94589810"><ele>-71.236</ele><time>2026-09-25T12:57:27Z</time><speed>16.160</speed><sat>15</sat></trkpt>
  <trkpt lat="15.49298723" lon="73.94574527"><ele>-70.983</ele><time>2026-09-25T12:57:28Z</time><speed>16.440</speed><sat>18</sat></trkpt>
  <trkpt lat="15.49298994" lon="73.94560022"><ele>-70.554</ele><time>2026-09-25T12:57:29Z</time><speed>15.990</speed><sat>17</sat></trkpt>
  <trkpt lat="15.49299176" lon="73.94546131"><ele>-70.509</ele><time>2026-09-25T12:57:30Z</time><speed>15.000</speed><sat>18</sat></trkpt>
  <trkpt lat="15.49299683" lon="73.94532818"><ele>-70.247</ele><time>2026-09-25T12:57:31Z</time><speed>14.110</speed><sat>18</sat></trkpt>
  <trkpt lat="15.49300406" lon="73.94520369"><ele>-70.036</ele><time>2026-09-25T12:57:32Z</time><speed>13.730</speed><sat>18</sat></trkpt>
  <trkpt lat="15.49301010" lon="73.94507370"><ele>-69.802</ele><time>2026-09-25T12:57:33Z</time><speed>13.660</speed><sat>20</sat></trkpt>
  <trkpt lat="15.49303146" lon="73.94494956"><ele>-69.819</ele><time>2026-09-25T12:57:34Z</time><speed>13.570</speed><sat>20</sat></trkpt>
  <trkpt lat="15.49304240" lon="73.94483543"><ele>-68.306</ele><time>2026-09-25T12:57:35Z</time><speed>12.320</speed><sat>24</sat></trkpt>
  <trkpt lat="15.49305165" lon="73.94471982"><ele>-68.049</ele><time>2026-09-25T12:57:36Z</time><speed>11.240</speed><sat>22</sat></trkpt>
  <trkpt lat="15.49306342" lon="73.94461142"><ele>-68.011</ele><time>2026-09-25T12:57:37Z</time><speed>11.500</speed><sat>22</sat></trkpt>
  <trkpt lat="15.49304281" lon="73.94454499"><ele>-67.659</ele><time>2026-09-25T12:57:38Z</time><speed>9.040</speed><sat>22</sat></trkpt>
  <trkpt lat="15.49304163" lon="73.94447514"><ele>-67.633</ele><time>2026-09-25T12:57:39Z</time><speed>7.490</speed><sat>21</sat></trkpt>
  <trkpt lat="15.49304835" lon="73.94443934"><ele>-66.301</ele><time>2026-09-25T12:57:40Z</time><speed>3.510</speed><sat>20</sat></trkpt>
  <trkpt lat="15.49305091" lon="73.94442105"><ele>-66.394</ele><time>2026-09-25T12:57:41Z</time><speed>1.930</speed><sat>23</sat></trkpt>
  <trkpt lat="15.49304892" lon="73.94442357"><ele>-65.851</ele><time>2026-09-25T12:57:42Z</time><speed>0.000</speed><sat>24</sat></trkpt>
  <trkpt lat="15.49306488" lon="73.94440481"><ele>-65.565</ele><time>2026-09-25T12:57:43Z</time><speed>1.260</speed><sat>23</sat></trkpt>
  <trkpt lat="15.49307212" lon="73.94438288"><ele>-65.270</ele><time>2026-09-25T12:57:44Z</time><speed>3.220</speed><sat>25</sat></trkpt>
  <trkpt lat="15.49307228" lon="73.94434431"><ele>-65.198</ele><time>2026-09-25T12:57:45Z</time><speed>4.850</speed><sat>27</sat></trkpt>
  <trkpt lat="15.49307764" lon="73.94429326"><ele>-65.747</ele><time>2026-09-25T12:57:46Z</time><speed>6.000</speed><sat>28</sat></trkpt>
  <trkpt lat="15.49308142" lon="73.94423972"><ele>-66.121</ele><time>2026-09-25T12:57:47Z</time><speed>6.440</speed><sat>28</sat></trkpt>
  <trkpt lat="15.49307862" lon="73.94417327"><ele>-66.650</ele><time>2026-09-25T12:57:48Z</time><speed>7.420</speed><sat>28</sat></trkpt>
  <trkpt lat="15.49307594" lon="73.94409723"><ele>-66.261</ele><time>2026-09-25T12:57:49Z</time><speed>8.310</speed><sat>28</sat></trkpt>
  <trkpt lat="15.49307991" lon="73.94401744"><ele>-66.448</ele><time>2026-09-25T12:57:50Z</time><speed>9.210</speed><sat>30</sat></trkpt>
  <trkpt lat="15.49308405" lon="73.94392901"><ele>-66.134</ele><time>2026-09-25T12:57:51Z</time><speed>10.140</speed><sat>29</sat></trkpt>
  <trkpt lat="15.49308583" lon="73.94383092"><ele>-66.031</ele><time>2026-09-25T12:57:52Z</time><speed>10.780</speed><sat>28</sat></trkpt>
  <trkpt lat="15.49308894" lon="73.94372527"><ele>-65.981</ele><time>2026-09-25T12:57:53Z</time><speed>11.490</speed><sat>28</sat></trkpt>
  <trkpt lat="15.49309093" lon="73.94361747"><ele>-66.421</ele><time>2026-09-25T12:57:54Z</time><speed>11.970</speed><sat>27</sat></trkpt>
  <trkpt lat="15.49309219" lon="73.94350138"><ele>-66.049</ele><time>2026-09-25T12:57:55Z</time><speed>12.100</speed><sat>24</sat></trkpt>
  <trkpt lat="15.49309195" lon="73.94339015"><ele>-66.096</ele><time>2026-09-25T12:57:56Z</time><speed>12.100</speed><sat>21</sat></trkpt>
  <trkpt lat="15.49309511" lon="73.94326855"><ele>-66.210</ele><time>2026-09-25T12:57:57Z</time><speed>12.780</speed><sat>21</sat></trkpt>
  <trkpt lat="15.49308500" lon="73.94314751"><ele>-67.783</ele><time>2026-09-25T12:57:58Z</time><speed>12.570</speed><sat>21</sat></trkpt>
  <trkpt lat="15.49308322" lon="73.94302943"><ele>-68.234</ele><time>2026-09-25T12:57:59Z</time><speed>12.930</speed><sat>18</sat></trkpt>
  <trkpt lat="15.49307645" lon="73.94290455"><ele>-68.209</ele><time>2026-09-25T12:58:00Z</time><speed>13.330</speed><sat>24</sat></trkpt>
  <trkpt lat="15.49307723" lon="73.94277068"><ele>-68.065</ele><time>2026-09-25T12:58:01Z</time><speed>13.940</speed><sat>22</sat></trkpt>
  <trkpt lat="15.49307446" lon="73.94263745"><ele>-68.385</ele><time>2026-09-25T12:58:02Z</time><speed>14.350</speed><sat>18</sat></trkpt>
  <trkpt lat="15.49307062" lon="73.94249875"><ele>-68.408</ele><time>2026-09-25T12:58:03Z</time><speed>14.830</speed><sat>19</sat></trkpt>
  <trkpt lat="15.49306773" lon="73.94235798"><ele>-68.452</ele><time>2026-09-25T12:58:04Z</time><speed>15.090</speed><sat>19</sat></trkpt>
  <trkpt lat="15.49307260" lon="73.94221967"><ele>-69.306</ele><time>2026-09-25T12:58:05Z</time><speed>15.420</speed><sat>18</sat></trkpt>
  <trkpt lat="15.49308261" lon="73.94208724"><ele>-69.765</ele><time>2026-09-25T12:58:06Z</time><speed>15.620</speed><sat>25</sat></trkpt>
  <trkpt lat="15.49309680" lon="73.94193767"><ele>-70.191</ele><time>2026-09-25T12:58:07Z</time><speed>15.940</speed><sat>28</sat></trkpt>
  <trkpt lat="15.49313169" lon="73.94177929"><ele>-69.534</ele><time>2026-09-25T12:58:08Z</time><speed>16.200</speed><sat>28</sat></trkpt>
  <trkpt lat="15.49315977" lon="73.94163145"><ele>-69.477</ele><time>2026-09-25T12:58:09Z</time><speed>16.460</speed><sat>31</sat></trkpt>
  <trkpt lat="15.49318412" lon="73.94148524"><ele>-69.504</ele><time>2026-09-25T12:58:10Z</time><speed>16.370</speed><sat>31</sat></trkpt>
  <trkpt lat="15.49321580" lon="73.94133723"><ele>-69.405</ele><time>2026-09-25T12:58:11Z</time><speed>16.610</speed><sat>31</sat></trkpt>
  <trkpt lat="15.49325010" lon="73.94119637"><ele>-68.710</ele><time>2026-09-25T12:58:12Z</time><speed>15.950</speed><sat>30</sat></trkpt>
  <trkpt lat="15.49329302" lon="73.94106185"><ele>-69.056</ele><time>2026-09-25T12:58:13Z</time><speed>15.420</speed><sat>30</sat></trkpt>
  <trkpt lat="15.49333846" lon="73.94091697"><ele>-69.202</ele><time>2026-09-25T12:58:14Z</time><speed>16.300</speed><sat>30</sat></trkpt>
  <trkpt lat="15.49338814" lon="73.94076924"><ele>-69.354</ele><time>2026-09-25T12:58:15Z</time><speed>16.670</speed><sat>28</sat></trkpt>
  <trkpt lat="15.49344141" lon="73.94062348"><ele>-69.322</ele><time>2026-09-25T12:58:16Z</time><speed>16.640</speed><sat>23</sat></trkpt>
  <trkpt lat="15.49349426" lon="73.94047808"><ele>-69.243</ele><time>2026-09-25T12:58:17Z</time><speed>16.640</speed><sat>23</sat></trkpt>
  <trkpt lat="15.49355411" lon="73.94033595"><ele>-69.130</ele><time>2026-09-25T12:58:18Z</time><speed>16.270</speed><sat>21</sat></trkpt>
  <trkpt lat="15.49361207" lon="73.94019800"><ele>-68.557</ele><time>2026-09-25T12:58:19Z</time><speed>16.100</speed><sat>16</sat></trkpt>
  <trkpt lat="15.49366485" lon="73.94005814"><ele>-68.635</ele><time>2026-09-25T12:58:20Z</time><speed>16.090</speed><sat>16</sat></trkpt>
  <trkpt lat="15.49372555" lon="73.93991864"><ele>-69.502</ele><time>2026-09-25T12:58:21Z</time><speed>16.100</speed><sat>21</sat></trkpt>
  <trkpt lat="15.49377774" lon="73.93977725"><ele>-69.271</ele><time>2026-09-25T12:58:22Z</time><speed>15.540</speed><sat>20</sat></trkpt>
  <trkpt lat="15.49384303" lon="73.93963210"><ele>-68.426</ele><time>2026-09-25T12:58:23Z</time><speed>15.000</speed><sat>20</sat></trkpt>
  <trkpt lat="15.49388592" lon="73.93948070"><ele>-68.388</ele><time>2026-09-25T12:58:24Z</time><speed>15.690</speed><sat>24</sat></trkpt>
  <trkpt lat="15.49393705" lon="73.93934374"><ele>-67.721</ele><time>2026-09-25T12:58:25Z</time><speed>16.010</speed><sat>28</sat></trkpt>
  <trkpt lat="15.49399366" lon="73.93920385"><ele>-67.326</ele><time>2026-09-25T12:58:26Z</time><speed>16.370</speed><sat>29</sat></trkpt>
  <trkpt lat="15.49404879" lon="73.93905474"><ele>-67.476</ele><time>2026-09-25T12:58:27Z</time><speed>16.840</speed><sat>29</sat></trkpt>
  <trkpt lat="15.49410566" lon="73.93890621"><ele>-67.796</ele><time>2026-09-25T12:58:28Z</time><speed>17.080</speed><sat>29</sat></trkpt>
  <trkpt lat="15.49416229" lon="73.93875532"><ele>-67.487</ele><time>2026-09-25T12:58:29Z</time><speed>17.320</speed><sat>29</sat></trkpt>
  <trkpt lat="15.49422430" lon="73.93860793"><ele>-66.930</ele><time>2026-09-25T12:58:30Z</time><speed>17.270</speed><sat>28</sat></trkpt>
  <trkpt lat="15.49427851" lon="73.93845200"><ele>-65.898</ele><time>2026-09-25T12:58:31Z</time><speed>17.540</speed><sat>26</sat></trkpt>
  <trkpt lat="15.49433996" lon="73.93829441"><ele>-65.603</ele><time>2026-09-25T12:58:32Z</time><speed>17.870</speed><sat>26</sat></trkpt>
  <trkpt lat="15.49439893" lon="73.93813379"><ele>-65.572</ele><time>2026-09-25T12:58:33Z</time><speed>18.080</speed><sat>25</sat></trkpt>
  <trkpt lat="15.49445849" lon="73.93797785"><ele>-65.704</ele><time>2026-09-25T12:58:34Z</time><speed>18.000</speed><sat>26</sat></trkpt>
  <trkpt lat="15.49452002" lon="73.93782198"><ele>-65.575</ele><time>2026-09-25T12:58:35Z</time><speed>18.110</speed><sat>26</sat></trkpt>
  <trkpt lat="15.49458302" lon="73.93766459"><ele>-65.939</ele><time>2026-09-25T12:58:36Z</time><speed>18.170</speed><sat>26</sat></trkpt>
  <trkpt lat="15.49463985" lon="73.93750996"><ele>-66.087</ele><time>2026-09-25T12:58:37Z</time><speed>18.170</speed><sat>26</sat></trkpt>
  <trkpt lat="15.49469943" lon="73.93735682"><ele>-66.065</ele><time>2026-09-25T12:58:38Z</time><speed>18.070</speed><sat>26</sat></trkpt>
  <trkpt lat="15.49475721" lon="73.93721386"><ele>-65.714</ele><time>2026-09-25T12:58:39Z</time><speed>17.030</speed><sat>28</sat></trkpt>
  <trkpt lat="15.49480910" lon="73.93708082"><ele>-65.754</ele><time>2026-09-25T12:58:40Z</time><speed>15.690</speed><sat>29</sat></trkpt>
  <trkpt lat="15.49485873" lon="73.93695699"><ele>-65.688</ele><time>2026-09-25T12:58:41Z</time><speed>14.650</speed><sat>29</sat></trkpt>
  <trkpt lat="15.49490583" lon="73.93683680"><ele>-65.156</ele><time>2026-09-25T12:58:42Z</time><speed>13.930</speed><sat>29</sat></trkpt>
  <trkpt lat="15.49494896" lon="73.93672545"><ele>-64.857</ele><time>2026-09-25T12:58:43Z</time><speed>12.860</speed><sat>28</sat></trkpt>
  <trkpt lat="15.49499470" lon="73.93662861"><ele>-64.677</ele><time>2026-09-25T12:58:44Z</time><speed>11.620</speed><sat>22</sat></trkpt>
  <trkpt lat="15.49502139" lon="73.93655074"><ele>-63.755</ele><time>2026-09-25T12:58:45Z</time><speed>9.160</speed><sat>17</sat></trkpt>
  <trkpt lat="15.49505143" lon="73.93648429"><ele>-63.301</ele><time>2026-09-25T12:58:46Z</time><speed>7.010</speed><sat>20</sat></trkpt>
  <trkpt lat="15.49508076" lon="73.93642561"><ele>-63.197</ele><time>2026-09-25T12:58:47Z</time><speed>6.710</speed><sat>18</sat></trkpt>
  <trkpt lat="15.49508452" lon="73.93636815"><ele>-64.050</ele><time>2026-09-25T12:58:48Z</time><speed>5.720</speed><sat>18</sat></trkpt>
  <trkpt lat="15.49509329" lon="73.93632663"><ele>-64.005</ele><time>2026-09-25T12:58:49Z</time><speed>4.240</speed><sat>16</sat></trkpt>
  <trkpt lat="15.49510753" lon="73.93629401"><ele>-63.856</ele><time>2026-09-25T12:58:50Z</time><speed>3.430</speed><sat>17</sat></trkpt>
  <trkpt lat="15.49511090" lon="73.93627422"><ele>-63.539</ele><time>2026-09-25T12:58:51Z</time><speed>2.210</speed><sat>14</sat></trkpt>
  <trkpt lat="15.49511796" lon="73.93625895"><ele>-63.425</ele><time>2026-09-25T12:58:52Z</time><speed>1.000</speed><sat>15</sat></trkpt>
  <trkpt lat="15.49512034" lon="73.93624964"><ele>-63.378</ele><time>2026-09-25T12:58:53Z</time><speed>0.990</speed><sat>15</sat></trkpt>
  <trkpt lat="15.49514240" lon="73.93623710"><ele>-60.806</ele><time>2026-09-25T12:58:54Z</time><speed>0.000</speed><sat>14</sat></trkpt>
  <trkpt lat="15.49513806" lon="73.93624008"><ele>-61.236</ele><time>2026-09-25T12:58:55Z</time><speed>0.000</speed><sat>15</sat></trkpt>
  <trkpt lat="15.49513859" lon="73.93624102"><ele>-61.343</ele><time>2026-09-25T12:58:56Z</time><speed>0.000</speed><sat>17</sat></trkpt>
  <trkpt lat="15.49513858" lon="73.93624188"><ele>-61.639</ele><time>2026-09-25T12:58:57Z</time><speed>0.000</speed><sat>16</sat></trkpt>
  <trkpt lat="15.49514960" lon="73.93622342"><ele>-61.006</ele><time>2026-09-25T12:58:58Z</time><speed>1.930</speed><sat>13</sat></trkpt>
  <trkpt lat="15.49515688" lon="73.93621169"><ele>-61.433</ele><time>2026-09-25T12:58:59Z</time><speed>2.270</speed><sat>14</sat></trkpt>
  <trkpt lat="15.49516836" lon="73.93619520"><ele>-61.351</ele><time>2026-09-25T12:59:00Z</time><speed>2.200</speed><sat>14</sat></trkpt>
  <trkpt lat="15.49518238" lon="73.93617792"><ele>-61.645</ele><time>2026-09-25T12:59:01Z</time><speed>1.990</speed><sat>12</sat></trkpt>
  <trkpt lat="15.49519765" lon="73.93614689"><ele>-61.232</ele><time>2026-09-25T12:59:02Z</time><speed>3.620</speed><sat>17</sat></trkpt>
  <trkpt lat="15.49521433" lon="73.93611120"><ele>-60.731</ele><time>2026-09-25T12:59:03Z</time><speed>4.410</speed><sat>16</sat></trkpt>
  <trkpt lat="15.49522902" lon="73.93606441"><ele>-60.646</ele><time>2026-09-25T12:59:04Z</time><speed>5.190</speed><sat>14</sat></trkpt>
  <trkpt lat="15.49524710" lon="73.93602009"><ele>-60.387</ele><time>2026-09-25T12:59:05Z</time><speed>5.120</speed><sat>14</sat></trkpt>
  <trkpt lat="15.49528420" lon="73.93597983"><ele>-58.054</ele><time>2026-09-25T12:59:06Z</time><speed>3.980</speed><sat>17</sat></trkpt>
  <trkpt lat="15.49529293" lon="73.93594381"><ele>-57.911</ele><time>2026-09-25T12:59:07Z</time><speed>3.670</speed><sat>10</sat></trkpt>
  <trkpt lat="15.49530509" lon="73.93591206"><ele>-58.081</ele><time>2026-09-25T12:59:08Z</time><speed>3.570</speed><sat>21</sat></trkpt>
  <trkpt lat="15.49531177" lon="73.93586504"><ele>-58.595</ele><time>2026-09-25T12:59:09Z</time><speed>4.280</speed><sat>26</sat></trkpt>
  <trkpt lat="15.49533336" lon="73.93582608"><ele>-59.181</ele><time>2026-09-25T12:59:10Z</time><speed>4.610</speed><sat>26</sat></trkpt>
  <trkpt lat="15.49536317" lon="73.93575307"><ele>-60.126</ele><time>2026-09-25T12:59:11Z</time><speed>6.670</speed><sat>26</sat></trkpt>
  <trkpt lat="15.49539167" lon="73.93566755"><ele>-59.600</ele><time>2026-09-25T12:59:12Z</time><speed>7.700</speed><sat>27</sat></trkpt>
  <trkpt lat="15.49541787" lon="73.93559436"><ele>-59.718</ele><time>2026-09-25T12:59:13Z</time><speed>8.170</speed><sat>28</sat></trkpt>
  <trkpt lat="15.49544500" lon="73.93551514"><ele>-59.383</ele><time>2026-09-25T12:59:14Z</time><speed>8.610</speed><sat>28</sat></trkpt>
  <trkpt lat="15.49548314" lon="73.93542248"><ele>-59.794</ele><time>2026-09-25T12:59:15Z</time><speed>8.860</speed><sat>28</sat></trkpt>
  <trkpt lat="15.49549527" lon="73.93534035"><ele>-60.507</ele><time>2026-09-25T12:59:16Z</time><speed>8.690</speed><sat>30</sat></trkpt>
  <trkpt lat="15.49552198" lon="73.93527013"><ele>-61.046</ele><time>2026-09-25T12:59:17Z</time><speed>8.060</speed><sat>31</sat></trkpt>
  <trkpt lat="15.49554900" lon="73.93519283"><ele>-61.341</ele><time>2026-09-25T12:59:18Z</time><speed>8.280</speed><sat>32</sat></trkpt>
  <trkpt lat="15.49557894" lon="73.93511170"><ele>-61.326</ele><time>2026-09-25T12:59:19Z</time><speed>8.750</speed><sat>32</sat></trkpt>
  <trkpt lat="15.49560980" lon="73.93503341"><ele>-61.735</ele><time>2026-09-25T12:59:20Z</time><speed>8.950</speed><sat>32</sat></trkpt>
  <trkpt lat="15.49563751" lon="73.93495157"><ele>-61.790</ele><time>2026-09-25T12:59:21Z</time><speed>9.140</speed><sat>32</sat></trkpt>
  <trkpt lat="15.49566538" lon="73.93487003"><ele>-62.033</ele><time>2026-09-25T12:59:22Z</time><speed>9.250</speed><sat>32</sat></trkpt>
  <trkpt lat="15.49569552" lon="73.93478892"><ele>-61.827</ele><time>2026-09-25T12:59:23Z</time><speed>9.080</speed><sat>28</sat></trkpt>
  <trkpt lat="15.49572069" lon="73.93471750"><ele>-61.582</ele><time>2026-09-25T12:59:24Z</time><speed>8.440</speed><sat>26</sat></trkpt>
  <trkpt lat="15.49574058" lon="73.93465337"><ele>-61.587</ele><time>2026-09-25T12:59:25Z</time><speed>7.350</speed><sat>26</sat></trkpt>
  <trkpt lat="15.49576066" lon="73.93459330"><ele>-61.514</ele><time>2026-09-25T12:59:26Z</time><speed>6.620</speed><sat>26</sat></trkpt>
  <trkpt lat="15.49578241" lon="73.93453588"><ele>-61.315</ele><time>2026-09-25T12:59:27Z</time><speed>6.340</speed><sat>26</sat></trkpt>
  <trkpt lat="15.49580234" lon="73.93448207"><ele>-61.060</ele><time>2026-09-25T12:59:28Z</time><speed>6.100</speed><sat>25</sat></trkpt>
  <trkpt lat="15.49582338" lon="73.93442450"><ele>-60.872</ele><time>2026-09-25T12:59:29Z</time><speed>6.030</speed><sat>25</sat></trkpt>
  <trkpt lat="15.49584010" lon="73.93437390"><ele>-60.973</ele><time>2026-09-25T12:59:30Z</time><speed>5.760</speed><sat>26</sat></trkpt>
  <trkpt lat="15.49585649" lon="73.93432911"><ele>-60.317</ele><time>2026-09-25T12:59:31Z</time><speed>5.090</speed><sat>20</sat></trkpt>
  <trkpt lat="15.49586931" lon="73.93428351"><ele>-60.356</ele><time>2026-09-25T12:59:32Z</time><speed>5.090</speed><sat>21</sat></trkpt>
  <trkpt lat="15.49588417" lon="73.93426159"><ele>-60.071</ele><time>2026-09-25T12:59:33Z</time><speed>4.030</speed><sat>21</sat></trkpt>
  <trkpt lat="15.49589231" lon="73.93421489"><ele>-61.071</ele><time>2026-09-25T12:59:34Z</time><speed>3.890</speed><sat>20</sat></trkpt>
  <trkpt lat="15.49589888" lon="73.93418066"><ele>-62.319</ele><time>2026-09-25T12:59:35Z</time><speed>4.130</speed><sat>16</sat></trkpt>
  <trkpt lat="15.49591201" lon="73.93414337"><ele>-63.966</ele><time>2026-09-25T12:59:36Z</time><speed>3.640</speed><sat>16</sat></trkpt>
  <trkpt lat="15.49592529" lon="73.93410116"><ele>-64.556</ele><time>2026-09-25T12:59:37Z</time><speed>4.710</speed><sat>20</sat></trkpt>
  <trkpt lat="15.49593276" lon="73.93405623"><ele>-65.041</ele><time>2026-09-25T12:59:38Z</time><speed>4.460</speed><sat>15</sat></trkpt>
  <trkpt lat="15.49594482" lon="73.93400526"><ele>-64.602</ele><time>2026-09-25T12:59:39Z</time><speed>5.310</speed><sat>17</sat></trkpt>
  <trkpt lat="15.49596196" lon="73.93394748"><ele>-63.913</ele><time>2026-09-25T12:59:40Z</time><speed>5.940</speed><sat>19</sat></trkpt>
  <trkpt lat="15.49597721" lon="73.93389170"><ele>-64.840</ele><time>2026-09-25T12:59:41Z</time><speed>6.390</speed><sat>16</sat></trkpt>
  <trkpt lat="15.49599619" lon="73.93383179"><ele>-65.023</ele><time>2026-09-25T12:59:42Z</time><speed>6.430</speed><sat>15</sat></trkpt>
  <trkpt lat="15.49601189" lon="73.93377410"><ele>-65.376</ele><time>2026-09-25T12:59:43Z</time><speed>6.330</speed><sat>13</sat></trkpt>
  <trkpt lat="15.49604291" lon="73.93371528"><ele>-65.936</ele><time>2026-09-25T12:59:44Z</time><speed>6.380</speed><sat>12</sat></trkpt>
  <trkpt lat="15.49605931" lon="73.93365853"><ele>-66.041</ele><time>2026-09-25T12:59:45Z</time><speed>6.380</speed><sat>12</sat></trkpt>
  <trkpt lat="15.49606501" lon="73.93359551"><ele>-68.685</ele><time>2026-09-25T12:59:46Z</time><speed>6.370</speed><sat>16</sat></trkpt>
  <trkpt lat="15.49607982" lon="73.93353664"><ele>-69.741</ele><time>2026-09-25T12:59:47Z</time><speed>6.860</speed><sat>15</sat></trkpt>
  <trkpt lat="15.49609935" lon="73.93347143"><ele>-69.466</ele><time>2026-09-25T12:59:48Z</time><speed>7.460</speed><sat>15</sat></trkpt>
  <trkpt lat="15.49611884" lon="73.93340513"><ele>-69.953</ele><time>2026-09-25T12:59:49Z</time><speed>7.410</speed><sat>15</sat></trkpt>
  <trkpt lat="15.49613757" lon="73.93334077"><ele>-70.655</ele><time>2026-09-25T12:59:50Z</time><speed>6.990</speed><sat>15</sat></trkpt>
  <trkpt lat="15.49615714" lon="73.93327627"><ele>-70.316</ele><time>2026-09-25T12:59:51Z</time><speed>6.680</speed><sat>14</sat></trkpt>
  <trkpt lat="15.49616516" lon="73.93322216"><ele>-70.184</ele><time>2026-09-25T12:59:52Z</time><speed>5.810</speed><sat>13</sat></trkpt>
  <trkpt lat="15.49617692" lon="73.93316942"><ele>-70.404</ele><time>2026-09-25T12:59:53Z</time><speed>5.790</speed><sat>13</sat></trkpt>
  <trkpt lat="15.49620104" lon="73.93310528"><ele>-72.271</ele><time>2026-09-25T12:59:54Z</time><speed>5.500</speed><sat>13</sat></trkpt>
  <trkpt lat="15.49621647" lon="73.93306090"><ele>-71.649</ele><time>2026-09-25T12:59:55Z</time><speed>5.270</speed><sat>12</sat></trkpt>
  <trkpt lat="15.49621352" lon="73.93302768"><ele>-72.169</ele><time>2026-09-25T12:59:56Z</time><speed>4.500</speed><sat>17</sat></trkpt>
  <trkpt lat="15.49622228" lon="73.93296013"><ele>-72.665</ele><time>2026-09-25T12:59:57Z</time><speed>5.980</speed><sat>25</sat></trkpt>
  <trkpt lat="15.49623882" lon="73.93290819"><ele>-72.629</ele><time>2026-09-25T12:59:58Z</time><speed>5.950</speed><sat>25</sat></trkpt>
  <trkpt lat="15.49625033" lon="73.93283165"><ele>-72.574</ele><time>2026-09-25T12:59:59Z</time><speed>7.210</speed><sat>25</sat></trkpt>
  <trkpt lat="15.49626202" lon="73.93275478"><ele>-72.839</ele><time>2026-09-25T13:00:00Z</time><speed>7.690</speed><sat>26</sat></trkpt>
  <trkpt lat="15.49627766" lon="73.93267461"><ele>-72.582</ele><time>2026-09-25T13:00:01Z</time><speed>7.750</speed><sat>27</sat></trkpt>
  <trkpt lat="15.49629347" lon="73.93258026"><ele>-71.723</ele><time>2026-09-25T13:00:02Z</time><speed>7.390</speed><sat>26</sat></trkpt>
  <trkpt lat="15.49631842" lon="73.93250617"><ele>-71.206</ele><time>2026-09-25T13:00:03Z</time><speed>7.040</speed><sat>24</sat></trkpt>
  <trkpt lat="15.49635170" lon="73.93244603"><ele>-70.625</ele><time>2026-09-25T13:00:04Z</time><speed>6.560</speed><sat>28</sat></trkpt>
  <trkpt lat="15.49636998" lon="73.93239067"><ele>-69.429</ele><time>2026-09-25T13:00:05Z</time><speed>5.740</speed><sat>29</sat></trkpt>
  <trkpt lat="15.49637984" lon="73.93233474"><ele>-69.835</ele><time>2026-09-25T13:00:06Z</time><speed>5.620</speed><sat>29</sat></trkpt>
  <trkpt lat="15.49640266" lon="73.93229287"><ele>-68.825</ele><time>2026-09-25T13:00:07Z</time><speed>4.820</speed><sat>31</sat></trkpt>
  <trkpt lat="15.49641533" lon="73.93226025"><ele>-67.552</ele><time>2026-09-25T13:00:08Z</time><speed>3.990</speed><sat>31</sat></trkpt>
  <trkpt lat="15.49641778" lon="73.93222577"><ele>-67.664</ele><time>2026-09-25T13:00:09Z</time><speed>3.380</speed><sat>31</sat></trkpt>
  <trkpt lat="15.49642679" lon="73.93220295"><ele>-67.603</ele><time>2026-09-25T13:00:10Z</time><speed>2.490</speed><sat>31</sat></trkpt>
  <trkpt lat="15.49643285" lon="73.93218155"><ele>-67.809</ele><time>2026-09-25T13:00:11Z</time><speed>2.330</speed><sat>31</sat></trkpt>
  <trkpt lat="15.49643389" lon="73.93215598"><ele>-67.768</ele><time>2026-09-25T13:00:12Z</time><speed>1.740</speed><sat>31</sat></trkpt>
  <trkpt lat="15.49643726" lon="73.93213056"><ele>-67.328</ele><time>2026-09-25T13:00:13Z</time><speed>2.440</speed><sat>30</sat></trkpt>
  <trkpt lat="15.49644406" lon="73.93210807"><ele>-67.122</ele><time>2026-09-25T13:00:14Z</time><speed>2.460</speed><sat>30</sat></trkpt>
  <trkpt lat="15.49644855" lon="73.93208107"><ele>-67.293</ele><time>2026-09-25T13:00:15Z</time><speed>2.430</speed><sat>29</sat></trkpt>
  <trkpt lat="15.49645616" lon="73.93205284"><ele>-67.402</ele><time>2026-09-25T13:00:16Z</time><speed>2.860</speed><sat>29</sat></trkpt>
  <trkpt lat="15.49646870" lon="73.93201996"><ele>-67.505</ele><time>2026-09-25T13:00:17Z</time><speed>3.210</speed><sat>28</sat></trkpt>
  <trkpt lat="15.49647307" lon="73.93198897"><ele>-67.868</ele><time>2026-09-25T13:00:18Z</time><speed>3.290</speed><sat>31</sat></trkpt>
  <trkpt lat="15.49647819" lon="73.93196174"><ele>-67.802</ele><time>2026-09-25T13:00:19Z</time><speed>2.540</speed><sat>31</sat></trkpt>
  <trkpt lat="15.49648325" lon="73.93193138"><ele>-67.870</ele><time>2026-09-25T13:00:20Z</time><speed>3.680</speed><sat>32</sat></trkpt>
  <trkpt lat="15.49649048" lon="73.93189193"><ele>-67.745</ele><time>2026-09-25T13:00:21Z</time><speed>4.410</speed><sat>32</sat></trkpt>
  <trkpt lat="15.49649973" lon="73.93184776"><ele>-67.640</ele><time>2026-09-25T13:00:22Z</time><speed>4.760</speed><sat>25</sat></trkpt>
  <trkpt lat="15.49651142" lon="73.93180192"><ele>-67.740</ele><time>2026-09-25T13:00:23Z</time><speed>4.760</speed><sat>25</sat></trkpt>
  <trkpt lat="15.49652250" lon="73.93175914"><ele>-68.696</ele><time>2026-09-25T13:00:24Z</time><speed>4.280</speed><sat>21</sat></trkpt>
  <trkpt lat="15.49653063" lon="73.93171891"><ele>-67.591</ele><time>2026-09-25T13:00:25Z</time><speed>4.790</speed><sat>22</sat></trkpt>
  <trkpt lat="15.49653773" lon="73.93167578"><ele>-67.532</ele><time>2026-09-25T13:00:26Z</time><speed>4.750</speed><sat>15</sat></trkpt>
  <trkpt lat="15.49654197" lon="73.93163609"><ele>-68.538</ele><time>2026-09-25T13:00:27Z</time><speed>4.050</speed><sat>15</sat></trkpt>
  <trkpt lat="15.49654711" lon="73.93159882"><ele>-67.889</ele><time>2026-09-25T13:00:28Z</time><speed>4.020</speed><sat>15</sat></trkpt>
  <trkpt lat="15.49655323" lon="73.93155927"><ele>-67.878</ele><time>2026-09-25T13:00:29Z</time><speed>4.350</speed><sat>17</sat></trkpt>
  <trkpt lat="15.49655970" lon="73.93151789"><ele>-67.915</ele><time>2026-09-25T13:00:30Z</time><speed>4.270</speed><sat>15</sat></trkpt>
  <trkpt lat="15.49656634" lon="73.93147772"><ele>-68.214</ele><time>2026-09-25T13:00:31Z</time><speed>4.370</speed><sat>18</sat></trkpt>
  <trkpt lat="15.49657249" lon="73.93143855"><ele>-68.582</ele><time>2026-09-25T13:00:32Z</time><speed>4.230</speed><sat>14</sat></trkpt>
  <trkpt lat="15.49657851" lon="73.93139934"><ele>-68.032</ele><time>2026-09-25T13:00:33Z</time><speed>4.320</speed><sat>14</sat></trkpt>
  <trkpt lat="15.49658424" lon="73.93135960"><ele>-67.771</ele><time>2026-09-25T13:00:34Z</time><speed>4.310</speed><sat>14</sat></trkpt>
  <trkpt lat="15.49659014" lon="73.93131938"><ele>-67.855</ele><time>2026-09-25T13:00:35Z</time><speed>4.180</speed><sat>15</sat></trkpt>
  <trkpt lat="15.49659539" lon="73.93128119"><ele>-67.448</ele><time>2026-09-25T13:00:36Z</time><speed>4.070</speed><sat>14</sat></trkpt>
  <trkpt lat="15.49660018" lon="73.93124280"><ele>-66.440</ele><time>2026-09-25T13:00:37Z</time><speed>4.290</speed><sat>16</sat></trkpt>
  <trkpt lat="15.49660439" lon="73.93120009"><ele>-65.847</ele><time>2026-09-25T13:00:38Z</time><speed>4.630</speed><sat>15</sat></trkpt>
  <trkpt lat="15.49661115" lon="73.93115483"><ele>-65.719</ele><time>2026-09-25T13:00:39Z</time><speed>4.780</speed><sat>15</sat></trkpt>
  <trkpt lat="15.49660616" lon="73.93109115"><ele>-66.102</ele><time>2026-09-25T13:00:40Z</time><speed>5.260</speed><sat>15</sat></trkpt>
  <trkpt lat="15.49661483" lon="73.93106940"><ele>-68.044</ele><time>2026-09-25T13:00:41Z</time><speed>3.300</speed><sat>17</sat></trkpt>
  <trkpt lat="15.49661930" lon="73.93103345"><ele>-68.113</ele><time>2026-09-25T13:00:42Z</time><speed>3.410</speed><sat>14</sat></trkpt>
  <trkpt lat="15.49662245" lon="73.93097628"><ele>-69.331</ele><time>2026-09-25T13:00:43Z</time><speed>3.930</speed><sat>20</sat></trkpt>
  <trkpt lat="15.49662560" lon="73.93091408"><ele>-69.707</ele><time>2026-09-25T13:00:44Z</time><speed>5.110</speed><sat>22</sat></trkpt>
  <trkpt lat="15.49663456" lon="73.93086288"><ele>-69.568</ele><time>2026-09-25T13:00:45Z</time><speed>5.010</speed><sat>21</sat></trkpt>
  <trkpt lat="15.49664260" lon="73.93080756"><ele>-69.010</ele><time>2026-09-25T13:00:46Z</time><speed>5.180</speed><sat>22</sat></trkpt>
  <trkpt lat="15.49665284" lon="73.93075921"><ele>-69.126</ele><time>2026-09-25T13:00:47Z</time><speed>4.930</speed><sat>23</sat></trkpt>
  <trkpt lat="15.49666033" lon="73.93071605"><ele>-68.260</ele><time>2026-09-25T13:00:48Z</time><speed>4.680</speed><sat>23</sat></trkpt>
  <trkpt lat="15.49667019" lon="73.93066875"><ele>-67.476</ele><time>2026-09-25T13:00:49Z</time><speed>4.450</speed><sat>23</sat></trkpt>
  <trkpt lat="15.49667707" lon="73.93062644"><ele>-67.487</ele><time>2026-09-25T13:00:50Z</time><speed>4.330</speed><sat>21</sat></trkpt>
  <trkpt lat="15.49667882" lon="73.93058350"><ele>-68.125</ele><time>2026-09-25T13:00:51Z</time><speed>4.530</speed><sat>22</sat></trkpt>
  <trkpt lat="15.49670479" lon="73.93053187"><ele>-66.981</ele><time>2026-09-25T13:00:52Z</time><speed>5.060</speed><sat>22</sat></trkpt>
  <trkpt lat="15.49672584" lon="73.93048574"><ele>-65.400</ele><time>2026-09-25T13:00:53Z</time><speed>4.950</speed><sat>26</sat></trkpt>
  <trkpt lat="15.49673323" lon="73.93043976"><ele>-66.094</ele><time>2026-09-25T13:00:54Z</time><speed>4.860</speed><sat>27</sat></trkpt>
  <trkpt lat="15.49673466" lon="73.93040152"><ele>-65.891</ele><time>2026-09-25T13:00:55Z</time><speed>4.310</speed><sat>30</sat></trkpt>
  <trkpt lat="15.49674873" lon="73.93035384"><ele>-66.831</ele><time>2026-09-25T13:00:56Z</time><speed>4.990</speed><sat>31</sat></trkpt>
  <trkpt lat="15.49673490" lon="73.93031684"><ele>-67.124</ele><time>2026-09-25T13:00:57Z</time><speed>4.370</speed><sat>31</sat></trkpt>
  <trkpt lat="15.49674209" lon="73.93028332"><ele>-67.313</ele><time>2026-09-25T13:00:58Z</time><speed>3.410</speed><sat>31</sat></trkpt>
  <trkpt lat="15.49673532" lon="73.93024979"><ele>-69.503</ele><time>2026-09-25T13:00:59Z</time><speed>3.740</speed><sat>30</sat></trkpt>
  <trkpt lat="15.49673713" lon="73.93022064"><ele>-70.420</ele><time>2026-09-25T13:01:00Z</time><speed>3.410</speed><sat>30</sat></trkpt>
  <trkpt lat="15.49674355" lon="73.93018226"><ele>-69.829</ele><time>2026-09-25T13:01:01Z</time><speed>3.680</speed><sat>28</sat></trkpt>
  <trkpt lat="15.49674848" lon="73.93018082"><ele>-70.414</ele><time>2026-09-25T13:01:02Z</time><speed>2.060</speed><sat>27</sat></trkpt>
  <trkpt lat="15.49675222" lon="73.93014594"><ele>-70.534</ele><time>2026-09-25T13:01:03Z</time><speed>4.000</speed><sat>26</sat></trkpt>
  <trkpt lat="15.49675938" lon="73.93010930"><ele>-70.736</ele><time>2026-09-25T13:01:04Z</time><speed>3.670</speed><sat>27</sat></trkpt>
  <trkpt lat="15.49676573" lon="73.93007011"><ele>-70.924</ele><time>2026-09-25T13:01:05Z</time><speed>4.400</speed><sat>27</sat></trkpt>
  <trkpt lat="15.49677186" lon="73.93002206"><ele>-70.020</ele><time>2026-09-25T13:01:06Z</time><speed>4.870</speed><sat>27</sat></trkpt>
  <trkpt lat="15.49677696" lon="73.92997216"><ele>-69.934</ele><time>2026-09-25T13:01:07Z</time><speed>4.890</speed><sat>25</sat></trkpt>
  <trkpt lat="15.49678525" lon="73.92992330"><ele>-69.418</ele><time>2026-09-25T13:01:08Z</time><speed>4.830</speed><sat>27</sat></trkpt>
  <trkpt lat="15.49679147" lon="73.92987654"><ele>-68.539</ele><time>2026-09-25T13:01:09Z</time><speed>4.500</speed><sat>27</sat></trkpt>
  <trkpt lat="15.49680084" lon="73.92983704"><ele>-70.076</ele><time>2026-09-25T13:01:10Z</time><speed>3.450</speed><sat>29</sat></trkpt>
  <trkpt lat="15.49681079" lon="73.92980135"><ele>-69.276</ele><time>2026-09-25T13:01:11Z</time><speed>3.930</speed><sat>29</sat></trkpt>
  <trkpt lat="15.49681957" lon="73.92976871"><ele>-70.003</ele><time>2026-09-25T13:01:12Z</time><speed>3.350</speed><sat>30</sat></trkpt>
  <trkpt lat="15.49682608" lon="73.92973561"><ele>-69.955</ele><time>2026-09-25T13:01:13Z</time><speed>3.350</speed><sat>29</sat></trkpt>
  <trkpt lat="15.49683504" lon="73.92969972"><ele>-69.616</ele><time>2026-09-25T13:01:14Z</time><speed>4.160</speed><sat>28</sat></trkpt>
  <trkpt lat="15.49684302" lon="73.92966199"><ele>-70.825</ele><time>2026-09-25T13:01:15Z</time><speed>3.520</speed><sat>27</sat></trkpt>
  <trkpt lat="15.49685043" lon="73.92962619"><ele>-71.059</ele><time>2026-09-25T13:01:16Z</time><speed>3.840</speed><sat>28</sat></trkpt>
  <trkpt lat="15.49685936" lon="73.92958501"><ele>-69.676</ele><time>2026-09-25T13:01:17Z</time><speed>4.850</speed><sat>28</sat></trkpt>
  <trkpt lat="15.49686811" lon="73.92954530"><ele>-69.156</ele><time>2026-09-25T13:01:18Z</time><speed>3.830</speed><sat>28</sat></trkpt>
  <trkpt lat="15.49686502" lon="73.92948892"><ele>-68.510</ele><time>2026-09-25T13:01:19Z</time><speed>5.260</speed><sat>28</sat></trkpt>
  <trkpt lat="15.49687301" lon="73.92944085"><ele>-69.341</ele><time>2026-09-25T13:01:20Z</time><speed>5.470</speed><sat>28</sat></trkpt>
  <trkpt lat="15.49687844" lon="73.92939304"><ele>-69.745</ele><time>2026-09-25T13:01:21Z</time><speed>5.410</speed><sat>29</sat></trkpt>
  <trkpt lat="15.49688790" lon="73.92933650"><ele>-70.135</ele><time>2026-09-25T13:01:22Z</time><speed>5.400</speed><sat>28</sat></trkpt>
  <trkpt lat="15.49690514" lon="73.92928566"><ele>-70.970</ele><time>2026-09-25T13:01:23Z</time><speed>5.360</speed><sat>29</sat></trkpt>
  <trkpt lat="15.49691887" lon="73.92923864"><ele>-71.252</ele><time>2026-09-25T13:01:24Z</time><speed>4.940</speed><sat>29</sat></trkpt>
  <trkpt lat="15.49693168" lon="73.92919296"><ele>-71.229</ele><time>2026-09-25T13:01:25Z</time><speed>4.550</speed><sat>30</sat></trkpt>
  <trkpt lat="15.49694416" lon="73.92915203"><ele>-71.063</ele><time>2026-09-25T13:01:26Z</time><speed>4.660</speed><sat>30</sat></trkpt>
  <trkpt lat="15.49696173" lon="73.92909991"><ele>-70.073</ele><time>2026-09-25T13:01:27Z</time><speed>5.200</speed><sat>30</sat></trkpt>
  <trkpt lat="15.49696874" lon="73.92904352"><ele>-70.264</ele><time>2026-09-25T13:01:28Z</time><speed>5.810</speed><sat>31</sat></trkpt>
  <trkpt lat="15.49697835" lon="73.92898365"><ele>-70.294</ele><time>2026-09-25T13:01:29Z</time><speed>6.340</speed><sat>32</sat></trkpt>
  <trkpt lat="15.49698898" lon="73.92891996"><ele>-69.357</ele><time>2026-09-25T13:01:30Z</time><speed>6.440</speed><sat>32</sat></trkpt>
  <trkpt lat="15.49699693" lon="73.92886090"><ele>-69.507</ele><time>2026-09-25T13:01:31Z</time><speed>6.320</speed><sat>31</sat></trkpt>
  <trkpt lat="15.49700352" lon="73.92881029"><ele>-70.101</ele><time>2026-09-25T13:01:32Z</time><speed>5.920</speed><sat>24</sat></trkpt>
  <trkpt lat="15.49701266" lon="73.92876574"><ele>-71.572</ele><time>2026-09-25T13:01:33Z</time><speed>5.390</speed><sat>21</sat></trkpt>
  <trkpt lat="15.49702425" lon="73.92871735"><ele>-71.654</ele><time>2026-09-25T13:01:34Z</time><speed>5.300</speed><sat>21</sat></trkpt>
  <trkpt lat="15.49702568" lon="73.92867311"><ele>-72.302</ele><time>2026-09-25T13:01:35Z</time><speed>4.660</speed><sat>20</sat></trkpt>
  <trkpt lat="15.49703321" lon="73.92863009"><ele>-72.815</ele><time>2026-09-25T13:01:36Z</time><speed>4.420</speed><sat>22</sat></trkpt>
  <trkpt lat="15.49704583" lon="73.92859147"><ele>-72.718</ele><time>2026-09-25T13:01:37Z</time><speed>4.300</speed><sat>18</sat></trkpt>
  <trkpt lat="15.49705331" lon="73.92855147"><ele>-73.008</ele><time>2026-09-25T13:01:38Z</time><speed>4.200</speed><sat>20</sat></trkpt>
  <trkpt lat="15.49705794" lon="73.92851045"><ele>-73.949</ele><time>2026-09-25T13:01:39Z</time><speed>4.460</speed><sat>19</sat></trkpt>
  <trkpt lat="15.49706761" lon="73.92846806"><ele>-74.036</ele><time>2026-09-25T13:01:40Z</time><speed>4.570</speed><sat>19</sat></trkpt>
  <trkpt lat="15.49707674" lon="73.92839195"><ele>-74.194</ele><time>2026-09-25T13:01:41Z</time><speed>5.910</speed><sat>17</sat></trkpt>
  <trkpt lat="15.49708259" lon="73.92833805"><ele>-75.274</ele><time>2026-09-25T13:01:42Z</time><speed>6.220</speed><sat>18</sat></trkpt>
  <trkpt lat="15.49709897" lon="73.92828118"><ele>-75.085</ele><time>2026-09-25T13:01:43Z</time><speed>6.060</speed><sat>17</sat></trkpt>
  <trkpt lat="15.49710927" lon="73.92822381"><ele>-74.600</ele><time>2026-09-25T13:01:44Z</time><speed>5.810</speed><sat>15</sat></trkpt>
  <trkpt lat="15.49711731" lon="73.92817025"><ele>-74.625</ele><time>2026-09-25T13:01:45Z</time><speed>5.810</speed><sat>15</sat></trkpt>
  <trkpt lat="15.49712652" lon="73.92813591"><ele>-74.637</ele><time>2026-09-25T13:01:46Z</time><speed>4.810</speed><sat>19</sat></trkpt>
  <trkpt lat="15.49713548" lon="73.92810478"><ele>-74.880</ele><time>2026-09-25T13:01:47Z</time><speed>4.110</speed><sat>18</sat></trkpt>
  <trkpt lat="15.49714443" lon="73.92807266"><ele>-74.917</ele><time>2026-09-25T13:01:48Z</time><speed>4.050</speed><sat>19</sat></trkpt>
  <trkpt lat="15.49715504" lon="73.92803223"><ele>-74.561</ele><time>2026-09-25T13:01:49Z</time><speed>4.690</speed><sat>21</sat></trkpt>
  <trkpt lat="15.49716608" lon="73.92797845"><ele>-74.614</ele><time>2026-09-25T13:01:50Z</time><speed>5.150</speed><sat>15</sat></trkpt>
  <trkpt lat="15.49717537" lon="73.92791960"><ele>-74.100</ele><time>2026-09-25T13:01:51Z</time><speed>5.940</speed><sat>19</sat></trkpt>
  <trkpt lat="15.49718463" lon="73.92786456"><ele>-74.014</ele><time>2026-09-25T13:01:52Z</time><speed>5.950</speed><sat>19</sat></trkpt>
  <trkpt lat="15.49718380" lon="73.92780420"><ele>-73.750</ele><time>2026-09-25T13:01:53Z</time><speed>6.200</speed><sat>18</sat></trkpt>
  <trkpt lat="15.49719491" lon="73.92777312"><ele>-73.989</ele><time>2026-09-25T13:01:54Z</time><speed>4.460</speed><sat>19</sat></trkpt>
  <trkpt lat="15.49720203" lon="73.92772356"><ele>-73.962</ele><time>2026-09-25T13:01:55Z</time><speed>5.300</speed><sat>14</sat></trkpt>
  <trkpt lat="15.49720847" lon="73.92767415"><ele>-73.993</ele><time>2026-09-25T13:01:56Z</time><speed>5.300</speed><sat>14</sat></trkpt>
  <trkpt lat="15.49721068" lon="73.92764070"><ele>-74.021</ele><time>2026-09-25T13:01:57Z</time><speed>3.610</speed><sat>14</sat></trkpt>
  <trkpt lat="15.49721680" lon="73.92760893"><ele>-73.793</ele><time>2026-09-25T13:01:58Z</time><speed>1.890</speed><sat>20</sat></trkpt>
  <trkpt lat="15.49721720" lon="73.92760518"><ele>-74.436</ele><time>2026-09-25T13:01:59Z</time><speed>0.630</speed><sat>15</sat></trkpt>
  <trkpt lat="15.49721909" lon="73.92759750"><ele>-74.642</ele><time>2026-09-25T13:02:00Z</time><speed>0.000</speed><sat>21</sat></trkpt>
  <trkpt lat="15.49721814" lon="73.92759610"><ele>-74.720</ele><time>2026-09-25T13:02:01Z</time><speed>0.000</speed><sat>18</sat></trkpt>
  <trkpt lat="15.49721761" lon="73.92757540"><ele>-74.140</ele><time>2026-09-25T13:02:02Z</time><speed>1.930</speed><sat>20</sat></trkpt>
  <trkpt lat="15.49722024" lon="73.92755632"><ele>-73.890</ele><time>2026-09-25T13:02:03Z</time><speed>2.020</speed><sat>20</sat></trkpt>
  <trkpt lat="15.49721395" lon="73.92752006"><ele>-73.459</ele><time>2026-09-25T13:02:04Z</time><speed>2.780</speed><sat>9</sat></trkpt>
  <trkpt lat="15.49724066" lon="73.92745839"><ele>-73.661</ele><time>2026-09-25T13:02:05Z</time><speed>3.910</speed><sat>18</sat></trkpt>
  <trkpt lat="15.49725273" lon="73.92742852"><ele>-74.078</ele><time>2026-09-25T13:02:06Z</time><speed>4.100</speed><sat>28</sat></trkpt>
  <trkpt lat="15.49725819" lon="73.92739501"><ele>-73.284</ele><time>2026-09-25T13:02:07Z</time><speed>4.170</speed><sat>30</sat></trkpt>
  <trkpt lat="15.49726227" lon="73.92735932"><ele>-73.225</ele><time>2026-09-25T13:02:08Z</time><speed>4.370</speed><sat>32</sat></trkpt>
  <trkpt lat="15.49726625" lon="73.92731674"><ele>-72.854</ele><time>2026-09-25T13:02:09Z</time><speed>4.640</speed><sat>32</sat></trkpt>
  <trkpt lat="15.49727653" lon="73.92726353"><ele>-73.269</ele><time>2026-09-25T13:02:10Z</time><speed>5.390</speed><sat>32</sat></trkpt>
  <trkpt lat="15.49729209" lon="73.92721503"><ele>-72.851</ele><time>2026-09-25T13:02:11Z</time><speed>5.910</speed><sat>32</sat></trkpt>
  <trkpt lat="15.49730289" lon="73.92716337"><ele>-73.587</ele><time>2026-09-25T13:02:12Z</time><speed>6.020</speed><sat>33</sat></trkpt>
  <trkpt lat="15.49731465" lon="73.92709995"><ele>-73.715</ele><time>2026-09-25T13:02:13Z</time><speed>6.320</speed><sat>33</sat></trkpt>
  <trkpt lat="15.49732510" lon="73.92703682"><ele>-73.738</ele><time>2026-09-25T13:02:14Z</time><speed>6.670</speed><sat>34</sat></trkpt>
  <trkpt lat="15.49733099" lon="73.92697561"><ele>-74.472</ele><time>2026-09-25T13:02:15Z</time><speed>6.550</speed><sat>26</sat></trkpt>
  <trkpt lat="15.49733471" lon="73.92691503"><ele>-74.398</ele><time>2026-09-25T13:02:16Z</time><speed>6.520</speed><sat>26</sat></trkpt>
  <trkpt lat="15.49734949" lon="73.92685045"><ele>-75.083</ele><time>2026-09-25T13:02:17Z</time><speed>6.920</speed><sat>26</sat></trkpt>
  <trkpt lat="15.49737978" lon="73.92677725"><ele>-76.012</ele><time>2026-09-25T13:02:18Z</time><speed>7.480</speed><sat>23</sat></trkpt>
  <trkpt lat="15.49738670" lon="73.92670795"><ele>-76.039</ele><time>2026-09-25T13:02:19Z</time><speed>7.470</speed><sat>23</sat></trkpt>
  <trkpt lat="15.49741903" lon="73.92663571"><ele>-77.965</ele><time>2026-09-25T13:02:20Z</time><speed>7.040</speed><sat>17</sat></trkpt>
  <trkpt lat="15.49742344" lon="73.92657994"><ele>-76.911</ele><time>2026-09-25T13:02:21Z</time><speed>6.090</speed><sat>15</sat></trkpt>
  <trkpt lat="15.49742163" lon="73.92652624"><ele>-75.894</ele><time>2026-09-25T13:02:22Z</time><speed>6.440</speed><sat>11</sat></trkpt>
  <trkpt lat="15.49742836" lon="73.92649150"><ele>-75.215</ele><time>2026-09-25T13:02:23Z</time><speed>5.720</speed><sat>15</sat></trkpt>
  <trkpt lat="15.49744141" lon="73.92642038"><ele>-74.695</ele><time>2026-09-25T13:02:24Z</time><speed>6.750</speed><sat>22</sat></trkpt>
  <trkpt lat="15.49744534" lon="73.92634531"><ele>-75.000</ele><time>2026-09-25T13:02:25Z</time><speed>7.040</speed><sat>23</sat></trkpt>
  <trkpt lat="15.49746005" lon="73.92626738"><ele>-74.633</ele><time>2026-09-25T13:02:26Z</time><speed>6.960</speed><sat>27</sat></trkpt>
  <trkpt lat="15.49747197" lon="73.92619034"><ele>-74.046</ele><time>2026-09-25T13:02:27Z</time><speed>7.440</speed><sat>31</sat></trkpt>
  <trkpt lat="15.49748355" lon="73.92611433"><ele>-73.800</ele><time>2026-09-25T13:02:28Z</time><speed>7.910</speed><sat>31</sat></trkpt>
  <trkpt lat="15.49749825" lon="73.92602721"><ele>-71.781</ele><time>2026-09-25T13:02:29Z</time><speed>8.730</speed><sat>31</sat></trkpt>
  <trkpt lat="15.49751127" lon="73.92595476"><ele>-71.174</ele><time>2026-09-25T13:02:30Z</time><speed>8.430</speed><sat>31</sat></trkpt>
  <trkpt lat="15.49751563" lon="73.92586333"><ele>-70.007</ele><time>2026-09-25T13:02:31Z</time><speed>8.620</speed><sat>31</sat></trkpt>
  <trkpt lat="15.49751184" lon="73.92576916"><ele>-67.563</ele><time>2026-09-25T13:02:32Z</time><speed>8.550</speed><sat>31</sat></trkpt>
  <trkpt lat="15.49751532" lon="73.92568609"><ele>-68.248</ele><time>2026-09-25T13:02:33Z</time><speed>8.440</speed><sat>31</sat></trkpt>
  <trkpt lat="15.49752184" lon="73.92559435"><ele>-68.032</ele><time>2026-09-25T13:02:34Z</time><speed>8.990</speed><sat>31</sat></trkpt>
  <trkpt lat="15.49753685" lon="73.92549933"><ele>-66.861</ele><time>2026-09-25T13:02:35Z</time><speed>9.250</speed><sat>31</sat></trkpt>
  <trkpt lat="15.49754243" lon="73.92541579"><ele>-65.158</ele><time>2026-09-25T13:02:36Z</time><speed>9.040</speed><sat>32</sat></trkpt>
  <trkpt lat="15.49755154" lon="73.92532859"><ele>-64.685</ele><time>2026-09-25T13:02:37Z</time><speed>8.530</speed><sat>32</sat></trkpt>
  <trkpt lat="15.49755580" lon="73.92524900"><ele>-65.584</ele><time>2026-09-25T13:02:38Z</time><speed>8.790</speed><sat>32</sat></trkpt>
  <trkpt lat="15.49756387" lon="73.92516895"><ele>-66.402</ele><time>2026-09-25T13:02:39Z</time><speed>8.120</speed><sat>30</sat></trkpt>
  <trkpt lat="15.49756724" lon="73.92509320"><ele>-65.433</ele><time>2026-09-25T13:02:40Z</time><speed>8.450</speed><sat>29</sat></trkpt>
  <trkpt lat="15.49757831" lon="73.92500262"><ele>-64.496</ele><time>2026-09-25T13:02:41Z</time><speed>9.250</speed><sat>30</sat></trkpt>
  <trkpt lat="15.49758227" lon="73.92491795"><ele>-64.413</ele><time>2026-09-25T13:02:42Z</time><speed>9.110</speed><sat>31</sat></trkpt>
  <trkpt lat="15.49758389" lon="73.92482840"><ele>-64.196</ele><time>2026-09-25T13:02:43Z</time><speed>9.380</speed><sat>30</sat></trkpt>
  <trkpt lat="15.49758904" lon="73.92473852"><ele>-64.164</ele><time>2026-09-25T13:02:44Z</time><speed>9.560</speed><sat>32</sat></trkpt>
  <trkpt lat="15.49759138" lon="73.92465312"><ele>-63.943</ele><time>2026-09-25T13:02:45Z</time><speed>9.160</speed><sat>31</sat></trkpt>
  <trkpt lat="15.49759579" lon="73.92456806"><ele>-63.720</ele><time>2026-09-25T13:02:46Z</time><speed>9.200</speed><sat>31</sat></trkpt>
  <trkpt lat="15.49759882" lon="73.92448375"><ele>-63.672</ele><time>2026-09-25T13:02:47Z</time><speed>9.050</speed><sat>31</sat></trkpt>
  <trkpt lat="15.49760694" lon="73.92440374"><ele>-63.842</ele><time>2026-09-25T13:02:48Z</time><speed>8.860</speed><sat>31</sat></trkpt>
  <trkpt lat="15.49760726" lon="73.92431857"><ele>-63.559</ele><time>2026-09-25T13:02:49Z</time><speed>8.820</speed><sat>32</sat></trkpt>
  <trkpt lat="15.49761371" lon="73.92424113"><ele>-63.194</ele><time>2026-09-25T13:02:50Z</time><speed>8.160</speed><sat>32</sat></trkpt>
  <trkpt lat="15.49761805" lon="73.92416593"><ele>-62.677</ele><time>2026-09-25T13:02:51Z</time><speed>7.830</speed><sat>32</sat></trkpt>
  <trkpt lat="15.49762494" lon="73.92407214"><ele>-63.573</ele><time>2026-09-25T13:02:52Z</time><speed>8.340</speed><sat>31</sat></trkpt>
  <trkpt lat="15.49762988" lon="73.92398528"><ele>-64.421</ele><time>2026-09-25T13:02:53Z</time><speed>8.720</speed><sat>33</sat></trkpt>
  <trkpt lat="15.49762771" lon="73.92389519"><ele>-64.566</ele><time>2026-09-25T13:02:54Z</time><speed>9.510</speed><sat>33</sat></trkpt>
  <trkpt lat="15.49764434" lon="73.92381185"><ele>-66.162</ele><time>2026-09-25T13:02:55Z</time><speed>9.640</speed><sat>32</sat></trkpt>
  <trkpt lat="15.49765843" lon="73.92371989"><ele>-66.063</ele><time>2026-09-25T13:02:56Z</time><speed>9.860</speed><sat>31</sat></trkpt>
  <trkpt lat="15.49767306" lon="73.92362417"><ele>-66.515</ele><time>2026-09-25T13:02:57Z</time><speed>10.050</speed><sat>31</sat></trkpt>
  <trkpt lat="15.49768545" lon="73.92353056"><ele>-66.155</ele><time>2026-09-25T13:02:58Z</time><speed>10.180</speed><sat>31</sat></trkpt>
  <trkpt lat="15.49769837" lon="73.92344086"><ele>-66.770</ele><time>2026-09-25T13:02:59Z</time><speed>9.860</speed><sat>31</sat></trkpt>
  <trkpt lat="15.49771317" lon="73.92335351"><ele>-65.732</ele><time>2026-09-25T13:03:00Z</time><speed>9.860</speed><sat>24</sat></trkpt>
  <trkpt lat="15.49772563" lon="73.92325524"><ele>-65.279</ele><time>2026-09-25T13:03:01Z</time><speed>10.080</speed><sat>24</sat></trkpt>
  <trkpt lat="15.49776439" lon="73.92318694"><ele>-65.611</ele><time>2026-09-25T13:03:02Z</time><speed>7.610</speed><sat>20</sat></trkpt>
  <trkpt lat="15.49780498" lon="73.92313438"><ele>-65.653</ele><time>2026-09-25T13:03:03Z</time><speed>6.960</speed><sat>20</sat></trkpt>
  <trkpt lat="15.49780113" lon="73.92296984"><ele>-65.962</ele><time>2026-09-25T13:03:04Z</time><speed>7.460</speed><sat>25</sat></trkpt>
  <trkpt lat="15.49781053" lon="73.92287238"><ele>-66.329</ele><time>2026-09-25T13:03:05Z</time><speed>8.520</speed><sat>27</sat></trkpt>
  <trkpt lat="15.49781560" lon="73.92278047"><ele>-66.354</ele><time>2026-09-25T13:03:06Z</time><speed>9.240</speed><sat>26</sat></trkpt>
  <trkpt lat="15.49783105" lon="73.92272885"><ele>-66.516</ele><time>2026-09-25T13:03:07Z</time><speed>7.590</speed><sat>28</sat></trkpt>
  <trkpt lat="15.49785708" lon="73.92267078"><ele>-66.990</ele><time>2026-09-25T13:03:08Z</time><speed>6.750</speed><sat>27</sat></trkpt>
  <trkpt lat="15.49786388" lon="73.92261504"><ele>-66.718</ele><time>2026-09-25T13:03:09Z</time><speed>6.270</speed><sat>27</sat></trkpt>
  <trkpt lat="15.49788756" lon="73.92255506"><ele>-66.301</ele><time>2026-09-25T13:03:10Z</time><speed>7.220</speed><sat>29</sat></trkpt>
  <trkpt lat="15.49791154" lon="73.92249165"><ele>-65.010</ele><time>2026-09-25T13:03:11Z</time><speed>7.560</speed><sat>29</sat></trkpt>
  <trkpt lat="15.49793998" lon="73.92242608"><ele>-64.509</ele><time>2026-09-25T13:03:12Z</time><speed>7.860</speed><sat>30</sat></trkpt>
  <trkpt lat="15.49796555" lon="73.92234287"><ele>-64.169</ele><time>2026-09-25T13:03:13Z</time><speed>8.000</speed><sat>31</sat></trkpt>
  <trkpt lat="15.49799202" lon="73.92226762"><ele>-63.690</ele><time>2026-09-25T13:03:14Z</time><speed>7.860</speed><sat>30</sat></trkpt>
  <trkpt lat="15.49802136" lon="73.92218525"><ele>-63.017</ele><time>2026-09-25T13:03:15Z</time><speed>8.040</speed><sat>32</sat></trkpt>
  <trkpt lat="15.49804481" lon="73.92211116"><ele>-62.737</ele><time>2026-09-25T13:03:16Z</time><speed>7.320</speed><sat>31</sat></trkpt>
  <trkpt lat="15.49806202" lon="73.92205002"><ele>-62.343</ele><time>2026-09-25T13:03:17Z</time><speed>5.530</speed><sat>31</sat></trkpt>
  <trkpt lat="15.49808184" lon="73.92201266"><ele>-63.288</ele><time>2026-09-25T13:03:18Z</time><speed>4.090</speed><sat>32</sat></trkpt>
  <trkpt lat="15.49809606" lon="73.92197866"><ele>-64.404</ele><time>2026-09-25T13:03:19Z</time><speed>3.710</speed><sat>32</sat></trkpt>
  <trkpt lat="15.49810431" lon="73.92193984"><ele>-63.560</ele><time>2026-09-25T13:03:20Z</time><speed>3.930</speed><sat>32</sat></trkpt>
  <trkpt lat="15.49812616" lon="73.92188954"><ele>-64.695</ele><time>2026-09-25T13:03:21Z</time><speed>4.290</speed><sat>30</sat></trkpt>
  <trkpt lat="15.49815576" lon="73.92181955"><ele>-64.000</ele><time>2026-09-25T13:03:22Z</time><speed>7.020</speed><sat>31</sat></trkpt>
  <trkpt lat="15.49817725" lon="73.92174511"><ele>-64.227</ele><time>2026-09-25T13:03:23Z</time><speed>7.820</speed><sat>32</sat></trkpt>
  <trkpt lat="15.49819811" lon="73.92166828"><ele>-64.642</ele><time>2026-09-25T13:03:24Z</time><speed>8.500</speed><sat>26</sat></trkpt>
  <trkpt lat="15.49820772" lon="73.92158873"><ele>-65.173</ele><time>2026-09-25T13:03:25Z</time><speed>8.940</speed><sat>26</sat></trkpt>
  <trkpt lat="15.49822547" lon="73.92149875"><ele>-65.196</ele><time>2026-09-25T13:03:26Z</time><speed>9.790</speed><sat>20</sat></trkpt>
  <trkpt lat="15.49824403" lon="73.92140950"><ele>-65.166</ele><time>2026-09-25T13:03:27Z</time><speed>9.790</speed><sat>20</sat></trkpt>
  <trkpt lat="15.49828570" lon="73.92133769"><ele>-65.212</ele><time>2026-09-25T13:03:28Z</time><speed>9.580</speed><sat>23</sat></trkpt>
  <trkpt lat="15.49831414" lon="73.92124701"><ele>-65.052</ele><time>2026-09-25T13:03:29Z</time><speed>10.030</speed><sat>21</sat></trkpt>
  <trkpt lat="15.49833603" lon="73.92114834"><ele>-65.212</ele><time>2026-09-25T13:03:30Z</time><speed>10.640</speed><sat>20</sat></trkpt>
  <trkpt lat="15.49836437" lon="73.92104714"><ele>-65.339</ele><time>2026-09-25T13:03:31Z</time><speed>11.030</speed><sat>14</sat></trkpt>
  <trkpt lat="15.49838948" lon="73.92094769"><ele>-65.366</ele><time>2026-09-25T13:03:32Z</time><speed>11.020</speed><sat>14</sat></trkpt>
  <trkpt lat="15.49841221" lon="73.92084815"><ele>-65.663</ele><time>2026-09-25T13:03:33Z</time><speed>11.320</speed><sat>11</sat></trkpt>
  <trkpt lat="15.49843465" lon="73.92072628"><ele>-66.775</ele><time>2026-09-25T13:03:34Z</time><speed>12.280</speed><sat>15</sat></trkpt>
  <trkpt lat="15.49846519" lon="73.92061721"><ele>-67.143</ele><time>2026-09-25T13:03:35Z</time><speed>12.840</speed><sat>26</sat></trkpt>
  <trkpt lat="15.49849079" lon="73.92049031"><ele>-67.232</ele><time>2026-09-25T13:03:36Z</time><speed>13.330</speed><sat>28</sat></trkpt>
  <trkpt lat="15.49851939" lon="73.92036143"><ele>-66.974</ele><time>2026-09-25T13:03:37Z</time><speed>13.520</speed><sat>29</sat></trkpt>
  <trkpt lat="15.49854649" lon="73.92024076"><ele>-66.176</ele><time>2026-09-25T13:03:38Z</time><speed>13.410</speed><sat>30</sat></trkpt>
  <trkpt lat="15.49856651" lon="73.92011593"><ele>-66.480</ele><time>2026-09-25T13:03:39Z</time><speed>13.550</speed><sat>30</sat></trkpt>
  <trkpt lat="15.49858699" lon="73.91999071"><ele>-66.858</ele><time>2026-09-25T13:03:40Z</time><speed>13.730</speed><sat>30</sat></trkpt>
  <trkpt lat="15.49861296" lon="73.91986220"><ele>-66.714</ele><time>2026-09-25T13:03:41Z</time><speed>14.020</speed><sat>30</sat></trkpt>
  <trkpt lat="15.49863788" lon="73.91973361"><ele>-67.339</ele><time>2026-09-25T13:03:42Z</time><speed>14.220</speed><sat>30</sat></trkpt>
  <trkpt lat="15.49866834" lon="73.91959661"><ele>-67.147</ele><time>2026-09-25T13:03:43Z</time><speed>14.410</speed><sat>32</sat></trkpt>
  <trkpt lat="15.49869654" lon="73.91946118"><ele>-66.682</ele><time>2026-09-25T13:03:44Z</time><speed>14.570</speed><sat>31</sat></trkpt>
  <trkpt lat="15.49872706" lon="73.91932305"><ele>-66.581</ele><time>2026-09-25T13:03:45Z</time><speed>14.670</speed><sat>32</sat></trkpt>
  <trkpt lat="15.49875598" lon="73.91918130"><ele>-66.626</ele><time>2026-09-25T13:03:46Z</time><speed>14.920</speed><sat>33</sat></trkpt>
  <trkpt lat="15.49877745" lon="73.91904436"><ele>-66.944</ele><time>2026-09-25T13:03:47Z</time><speed>15.110</speed><sat>33</sat></trkpt>
  <trkpt lat="15.49880931" lon="73.91890308"><ele>-67.336</ele><time>2026-09-25T13:03:48Z</time><speed>15.230</speed><sat>33</sat></trkpt>
  <trkpt lat="15.49883655" lon="73.91876125"><ele>-67.558</ele><time>2026-09-25T13:03:49Z</time><speed>15.430</speed><sat>33</sat></trkpt>
  <trkpt lat="15.49886221" lon="73.91861930"><ele>-67.101</ele><time>2026-09-25T13:03:50Z</time><speed>15.430</speed><sat>33</sat></trkpt>
  <trkpt lat="15.49889096" lon="73.91847222"><ele>-67.015</ele><time>2026-09-25T13:03:51Z</time><speed>15.720</speed><sat>33</sat></trkpt>
  <trkpt lat="15.49891908" lon="73.91832199"><ele>-67.309</ele><time>2026-09-25T13:03:52Z</time><speed>15.860</speed><sat>33</sat></trkpt>
  <trkpt lat="15.49894435" lon="73.91817587"><ele>-67.734</ele><time>2026-09-25T13:03:53Z</time><speed>15.970</speed><sat>34</sat></trkpt>
  <trkpt lat="15.49897146" lon="73.91802391"><ele>-68.392</ele><time>2026-09-25T13:03:54Z</time><speed>16.170</speed><sat>33</sat></trkpt>
  <trkpt lat="15.49899784" lon="73.91787360"><ele>-68.032</ele><time>2026-09-25T13:03:55Z</time><speed>15.990</speed><sat>32</sat></trkpt>
  <trkpt lat="15.49902602" lon="73.91772930"><ele>-68.179</ele><time>2026-09-25T13:03:56Z</time><speed>15.710</speed><sat>32</sat></trkpt>
  <trkpt lat="15.49904976" lon="73.91758611"><ele>-68.578</ele><time>2026-09-25T13:03:57Z</time><speed>15.710</speed><sat>32</sat></trkpt>
  <trkpt lat="15.49907209" lon="73.91744229"><ele>-68.974</ele><time>2026-09-25T13:03:58Z</time><speed>15.360</speed><sat>32</sat></trkpt>
  <trkpt lat="15.49909830" lon="73.91730548"><ele>-68.321</ele><time>2026-09-25T13:03:59Z</time><speed>15.390</speed><sat>32</sat></trkpt>
  <trkpt lat="15.49912277" lon="73.91716258"><ele>-69.242</ele><time>2026-09-25T13:04:00Z</time><speed>15.360</speed><sat>25</sat></trkpt>
  <trkpt lat="15.49914795" lon="73.91701718"><ele>-69.865</ele><time>2026-09-25T13:04:01Z</time><speed>15.300</speed><sat>25</sat></trkpt>
  <trkpt lat="15.49916808" lon="73.91688364"><ele>-69.280</ele><time>2026-09-25T13:04:02Z</time><speed>15.080</speed><sat>18</sat></trkpt>
  <trkpt lat="15.49919147" lon="73.91674938"><ele>-70.040</ele><time>2026-09-25T13:04:03Z</time><speed>14.800</speed><sat>22</sat></trkpt>
  <trkpt lat="15.49921060" lon="73.91661219"><ele>-70.426</ele><time>2026-09-25T13:04:04Z</time><speed>14.860</speed><sat>22</sat></trkpt>
  <trkpt lat="15.49922963" lon="73.91646899"><ele>-69.974</ele><time>2026-09-25T13:04:05Z</time><speed>14.500</speed><sat>18</sat></trkpt>
  <trkpt lat="15.49925164" lon="73.91634152"><ele>-69.248</ele><time>2026-09-25T13:04:06Z</time><speed>14.440</speed><sat>24</sat></trkpt>
  <trkpt lat="15.49926928" lon="73.91620832"><ele>-68.500</ele><time>2026-09-25T13:04:07Z</time><speed>14.760</speed><sat>16</sat></trkpt>
  <trkpt lat="15.49927862" lon="73.91607395"><ele>-69.089</ele><time>2026-09-25T13:04:08Z</time><speed>14.930</speed><sat>18</sat></trkpt>
  <trkpt lat="15.49929102" lon="73.91593838"><ele>-68.779</ele><time>2026-09-25T13:04:09Z</time><speed>14.830</speed><sat>20</sat></trkpt>
  <trkpt lat="15.49930420" lon="73.91579867"><ele>-68.693</ele><time>2026-09-25T13:04:10Z</time><speed>14.780</speed><sat>15</sat></trkpt>
  <trkpt lat="15.49930938" lon="73.91565998"><ele>-69.041</ele><time>2026-09-25T13:04:11Z</time><speed>14.760</speed><sat>15</sat></trkpt>
  <trkpt lat="15.49931748" lon="73.91552276"><ele>-69.225</ele><time>2026-09-25T13:04:12Z</time><speed>14.750</speed><sat>15</sat></trkpt>
  <trkpt lat="15.49932363" lon="73.91538040"><ele>-68.918</ele><time>2026-09-25T13:04:13Z</time><speed>15.490</speed><sat>19</sat></trkpt>
  <trkpt lat="15.49933714" lon="73.91523761"><ele>-67.987</ele><time>2026-09-25T13:04:14Z</time><speed>15.200</speed><sat>17</sat></trkpt>
  <trkpt lat="15.49933928" lon="73.91509755"><ele>-68.557</ele><time>2026-09-25T13:04:15Z</time><speed>15.110</speed><sat>19</sat></trkpt>
  <trkpt lat="15.49933603" lon="73.91495720"><ele>-69.327</ele><time>2026-09-25T13:04:16Z</time><speed>15.100</speed><sat>14</sat></trkpt>
  <trkpt lat="15.49934811" lon="73.91482193"><ele>-69.830</ele><time>2026-09-25T13:04:17Z</time><speed>14.980</speed><sat>14</sat></trkpt>
  <trkpt lat="15.49935228" lon="73.91468199"><ele>-69.850</ele><time>2026-09-25T13:04:18Z</time><speed>15.010</speed><sat>14</sat></trkpt>
  <trkpt lat="15.49935296" lon="73.91454584"><ele>-69.025</ele><time>2026-09-25T13:04:19Z</time><speed>14.470</speed><sat>15</sat></trkpt>
  <trkpt lat="15.49934711" lon="73.91441572"><ele>-69.567</ele><time>2026-09-25T13:04:20Z</time><speed>14.300</speed><sat>16</sat></trkpt>
  <trkpt lat="15.49931945" lon="73.91429289"><ele>-69.738</ele><time>2026-09-25T13:04:21Z</time><speed>12.170</speed><sat>19</sat></trkpt>
  <trkpt lat="15.49930253" lon="73.91418506"><ele>-69.675</ele><time>2026-09-25T13:04:22Z</time><speed>12.520</speed><sat>19</sat></trkpt>
  <trkpt lat="15.49927383" lon="73.91408813"><ele>-69.464</ele><time>2026-09-25T13:04:23Z</time><speed>10.980</speed><sat>20</sat></trkpt>
  <trkpt lat="15.49926147" lon="73.91400443"><ele>-69.388</ele><time>2026-09-25T13:04:24Z</time><speed>8.460</speed><sat>20</sat></trkpt>
  <trkpt lat="15.49922592" lon="73.91392453"><ele>-68.722</ele><time>2026-09-25T13:04:25Z</time><speed>8.190</speed><sat>21</sat></trkpt>
  <trkpt lat="15.49918937" lon="73.91386353"><ele>-69.322</ele><time>2026-09-25T13:04:26Z</time><speed>7.090</speed><sat>22</sat></trkpt>
  <trkpt lat="15.49918105" lon="73.91379673"><ele>-69.084</ele><time>2026-09-25T13:04:27Z</time><speed>6.960</speed><sat>23</sat></trkpt>
  <trkpt lat="15.49916681" lon="73.91376103"><ele>-68.742</ele><time>2026-09-25T13:04:28Z</time><speed>5.610</speed><sat>24</sat></trkpt>
  <trkpt lat="15.49915371" lon="73.91379185"><ele>-68.313</ele><time>2026-09-25T13:04:29Z</time><speed>0.760</speed><sat>24</sat></trkpt>
  <trkpt lat="15.49914336" lon="73.91378689"><ele>-67.303</ele><time>2026-09-25T13:04:30Z</time><speed>1.230</speed><sat>25</sat></trkpt>
  <trkpt lat="15.49913913" lon="73.91379075"><ele>-66.550</ele><time>2026-09-25T13:04:31Z</time><speed>0.370</speed><sat>26</sat></trkpt>
  <trkpt lat="15.49913836" lon="73.91379595"><ele>-65.233</ele><time>2026-09-25T13:04:32Z</time><speed>0.270</speed><sat>26</sat></trkpt>
  <trkpt lat="15.49914010" lon="73.91380143"><ele>-62.904</ele><time>2026-09-25T13:04:33Z</time><speed>0.000</speed><sat>28</sat></trkpt>
  <trkpt lat="15.49914037" lon="73.91380452"><ele>-62.677</ele><time>2026-09-25T13:04:34Z</time><speed>0.000</speed><sat>29</sat></trkpt>
  <trkpt lat="15.49913894" lon="73.91380588"><ele>-62.386</ele><time>2026-09-25T13:04:35Z</time><speed>0.000</speed><sat>28</sat></trkpt>
  <trkpt lat="15.49913862" lon="73.91378891"><ele>-62.985</ele><time>2026-09-25T13:04:36Z</time><speed>1.830</speed><sat>26</sat></trkpt>
  <trkpt lat="15.49912737" lon="73.91378367"><ele>-62.972</ele><time>2026-09-25T13:04:37Z</time><speed>1.080</speed><sat>26</sat></trkpt>
  <trkpt lat="15.49911426" lon="73.91378298"><ele>-62.672</ele><time>2026-09-25T13:04:38Z</time><speed>0.670</speed><sat>29</sat></trkpt>
  <trkpt lat="15.49908717" lon="73.91378248"><ele>-63.194</ele><time>2026-09-25T13:04:39Z</time><speed>0.340</speed><sat>30</sat></trkpt>
  <trkpt lat="15.49908548" lon="73.91377387"><ele>-63.057</ele><time>2026-09-25T13:04:40Z</time><speed>0.370</speed><sat>31</sat></trkpt>
  <trkpt lat="15.49907336" lon="73.91377046"><ele>-62.043</ele><time>2026-09-25T13:04:41Z</time><speed>0.330</speed><sat>30</sat></trkpt>
  <trkpt lat="15.49906963" lon="73.91376599"><ele>-60.554</ele><time>2026-09-25T13:04:42Z</time><speed>0.590</speed><sat>31</sat></trkpt>
  <trkpt lat="15.49906678" lon="73.91376146"><ele>-60.342</ele><time>2026-09-25T13:04:43Z</time><speed>0.560</speed><sat>30</sat></trkpt>
  <trkpt lat="15.49906550" lon="73.91375923"><ele>-60.431</ele><time>2026-09-25T13:04:44Z</time><speed>0.310</speed><sat>29</sat></trkpt>
  <trkpt lat="15.49906569" lon="73.91375444"><ele>-59.643</ele><time>2026-09-25T13:04:45Z</time><speed>0.680</speed><sat>30</sat></trkpt>
  <trkpt lat="15.49906448" lon="73.91374736"><ele>-60.387</ele><time>2026-09-25T13:04:46Z</time><speed>0.600</speed><sat>30</sat></trkpt>
  <trkpt lat="15.49906281" lon="73.91373678"><ele>-59.708</ele><time>2026-09-25T13:04:47Z</time><speed>1.230</speed><sat>30</sat></trkpt>
  <trkpt lat="15.49906127" lon="73.91372271"><ele>-61.046</ele><time>2026-09-25T13:04:48Z</time><speed>1.220</speed><sat>29</sat></trkpt>
  <trkpt lat="15.49906213" lon="73.91370397"><ele>-62.542</ele><time>2026-09-25T13:04:49Z</time><speed>2.060</speed><sat>30</sat></trkpt>
  <trkpt lat="15.49905993" lon="73.91367886"><ele>-61.853</ele><time>2026-09-25T13:04:50Z</time><speed>2.830</speed><sat>30</sat></trkpt>
  <trkpt lat="15.49905304" lon="73.91364758"><ele>-61.517</ele><time>2026-09-25T13:04:51Z</time><speed>3.520</speed><sat>30</sat></trkpt>
  <trkpt lat="15.49904399" lon="73.91361644"><ele>-61.879</ele><time>2026-09-25T13:04:52Z</time><speed>3.220</speed><sat>30</sat></trkpt>
  <trkpt lat="15.49903333" lon="73.91358227"><ele>-61.778</ele><time>2026-09-25T13:04:53Z</time><speed>4.110</speed><sat>28</sat></trkpt>
  <trkpt lat="15.49902067" lon="73.91354090"><ele>-61.498</ele><time>2026-09-25T13:04:54Z</time><speed>4.930</speed><sat>28</sat></trkpt>
  <trkpt lat="15.49902023" lon="73.91348467"><ele>-62.029</ele><time>2026-09-25T13:04:55Z</time><speed>6.030</speed><sat>27</sat></trkpt>
  <trkpt lat="15.49901702" lon="73.91343582"><ele>-63.952</ele><time>2026-09-25T13:04:56Z</time><speed>3.770</speed><sat>28</sat></trkpt>
  <trkpt lat="15.49900348" lon="73.91340308"><ele>-63.240</ele><time>2026-09-25T13:04:57Z</time><speed>4.650</speed><sat>26</sat></trkpt>
  <trkpt lat="15.49901200" lon="73.91335923"><ele>-64.644</ele><time>2026-09-25T13:04:58Z</time><speed>3.850</speed><sat>24</sat></trkpt>
  <trkpt lat="15.49898761" lon="73.91331716"><ele>-63.853</ele><time>2026-09-25T13:04:59Z</time><speed>5.650</speed><sat>24</sat></trkpt>
  <trkpt lat="15.49897803" lon="73.91327043"><ele>-61.461</ele><time>2026-09-25T13:05:00Z</time><speed>5.390</speed><sat>23</sat></trkpt>
  <trkpt lat="15.49894082" lon="73.91321079"><ele>-60.885</ele><time>2026-09-25T13:05:01Z</time><speed>7.330</speed><sat>23</sat></trkpt>
  <trkpt lat="15.49890865" lon="73.91316081"><ele>-60.395</ele><time>2026-09-25T13:05:02Z</time><speed>6.650</speed><sat>25</sat></trkpt>
  <trkpt lat="15.49888233" lon="73.91310219"><ele>-59.970</ele><time>2026-09-25T13:05:03Z</time><speed>6.850</speed><sat>27</sat></trkpt>
  <trkpt lat="15.49884943" lon="73.91302911"><ele>-60.339</ele><time>2026-09-25T13:05:04Z</time><speed>7.530</speed><sat>27</sat></trkpt>
  <trkpt lat="15.49882906" lon="73.91296380"><ele>-60.191</ele><time>2026-09-25T13:05:05Z</time><speed>7.210</speed><sat>26</sat></trkpt>
  <trkpt lat="15.49875266" lon="73.91291132"><ele>-60.124</ele><time>2026-09-25T13:05:06Z</time><speed>8.380</speed><sat>26</sat></trkpt>
  <trkpt lat="15.49871484" lon="73.91283782"><ele>-62.349</ele><time>2026-09-25T13:05:07Z</time><speed>9.620</speed><sat>26</sat></trkpt>
  <trkpt lat="15.49865135" lon="73.91275817"><ele>-60.988</ele><time>2026-09-25T13:05:08Z</time><speed>9.890</speed><sat>27</sat></trkpt>
  <trkpt lat="15.49859809" lon="73.91266944"><ele>-62.515</ele><time>2026-09-25T13:05:09Z</time><speed>10.250</speed><sat>28</sat></trkpt>
  <trkpt lat="15.49855947" lon="73.91258993"><ele>-63.126</ele><time>2026-09-25T13:05:10Z</time><speed>9.290</speed><sat>28</sat></trkpt>
  <trkpt lat="15.49851596" lon="73.91249367"><ele>-62.654</ele><time>2026-09-25T13:05:11Z</time><speed>10.240</speed><sat>29</sat></trkpt>
  <trkpt lat="15.49846558" lon="73.91242806"><ele>-61.378</ele><time>2026-09-25T13:05:12Z</time><speed>9.000</speed><sat>29</sat></trkpt>
  <trkpt lat="15.49842951" lon="73.91235717"><ele>-59.654</ele><time>2026-09-25T13:05:13Z</time><speed>8.640</speed><sat>26</sat></trkpt>
  <trkpt lat="15.49838855" lon="73.91228009"><ele>-58.953</ele><time>2026-09-25T13:05:14Z</time><speed>9.710</speed><sat>26</sat></trkpt>
  <trkpt lat="15.49835108" lon="73.91219082"><ele>-58.912</ele><time>2026-09-25T13:05:15Z</time><speed>9.630</speed><sat>27</sat></trkpt>
  <trkpt lat="15.49830676" lon="73.91211058"><ele>-59.976</ele><time>2026-09-25T13:05:16Z</time><speed>9.640</speed><sat>29</sat></trkpt>
  <trkpt lat="15.49826477" lon="73.91202925"><ele>-60.087</ele><time>2026-09-25T13:05:17Z</time><speed>9.650</speed><sat>32</sat></trkpt>
  <trkpt lat="15.49822111" lon="73.91195379"><ele>-59.649</ele><time>2026-09-25T13:05:18Z</time><speed>9.150</speed><sat>32</sat></trkpt>
  <trkpt lat="15.49817685" lon="73.91186272"><ele>-60.737</ele><time>2026-09-25T13:05:19Z</time><speed>9.770</speed><sat>31</sat></trkpt>
  <trkpt lat="15.49813970" lon="73.91178238"><ele>-62.373</ele><time>2026-09-25T13:05:20Z</time><speed>9.750</speed><sat>31</sat></trkpt>
  <trkpt lat="15.49808644" lon="73.91170239"><ele>-62.671</ele><time>2026-09-25T13:05:21Z</time><speed>9.930</speed><sat>31</sat></trkpt>
  <trkpt lat="15.49803318" lon="73.91162574"><ele>-63.036</ele><time>2026-09-25T13:05:22Z</time><speed>9.890</speed><sat>31</sat></trkpt>
  <trkpt lat="15.49797976" lon="73.91154170"><ele>-64.199</ele><time>2026-09-25T13:05:23Z</time><speed>9.930</speed><sat>32</sat></trkpt>
  <trkpt lat="15.49792558" lon="73.91146672"><ele>-63.906</ele><time>2026-09-25T13:05:24Z</time><speed>9.920</speed><sat>32</sat></trkpt>
  <trkpt lat="15.49787613" lon="73.91139658"><ele>-63.644</ele><time>2026-09-25T13:05:25Z</time><speed>9.900</speed><sat>32</sat></trkpt>
  <trkpt lat="15.49782327" lon="73.91131998"><ele>-62.742</ele><time>2026-09-25T13:05:26Z</time><speed>10.350</speed><sat>32</sat></trkpt>
  <trkpt lat="15.49777291" lon="73.91124722"><ele>-61.729</ele><time>2026-09-25T13:05:27Z</time><speed>10.370</speed><sat>31</sat></trkpt>
  <trkpt lat="15.49771837" lon="73.91117232"><ele>-62.001</ele><time>2026-09-25T13:05:28Z</time><speed>10.170</speed><sat>32</sat></trkpt>
  <trkpt lat="15.49766039" lon="73.91108976"><ele>-61.363</ele><time>2026-09-25T13:05:29Z</time><speed>10.180</speed><sat>30</sat></trkpt>
  <trkpt lat="15.49759944" lon="73.91100974"><ele>-60.015</ele><time>2026-09-25T13:05:30Z</time><speed>10.260</speed><sat>30</sat></trkpt>
  <trkpt lat="15.49754736" lon="73.91094382"><ele>-60.446</ele><time>2026-09-25T13:05:31Z</time><speed>10.140</speed><sat>32</sat></trkpt>
  <trkpt lat="15.49748160" lon="73.91087980"><ele>-60.101</ele><time>2026-09-25T13:05:32Z</time><speed>10.170</speed><sat>32</sat></trkpt>
  <trkpt lat="15.49741328" lon="73.91081446"><ele>-58.959</ele><time>2026-09-25T13:05:33Z</time><speed>9.980</speed><sat>32</sat></trkpt>
  <trkpt lat="15.49734045" lon="73.91074858"><ele>-57.704</ele><time>2026-09-25T13:05:34Z</time><speed>10.050</speed><sat>32</sat></trkpt>
  <trkpt lat="15.49726751" lon="73.91069480"><ele>-56.773</ele><time>2026-09-25T13:05:35Z</time><speed>9.990</speed><sat>31</sat></trkpt>
  <trkpt lat="15.49720214" lon="73.91063027"><ele>-55.781</ele><time>2026-09-25T13:05:36Z</time><speed>10.170</speed><sat>31</sat></trkpt>
  <trkpt lat="15.49712536" lon="73.91057534"><ele>-55.302</ele><time>2026-09-25T13:05:37Z</time><speed>10.270</speed><sat>34</sat></trkpt>
  <trkpt lat="15.49704762" lon="73.91052107"><ele>-53.735</ele><time>2026-09-25T13:05:38Z</time><speed>10.410</speed><sat>34</sat></trkpt>
  <trkpt lat="15.49696700" lon="73.91046657"><ele>-53.297</ele><time>2026-09-25T13:05:39Z</time><speed>10.570</speed><sat>34</sat></trkpt>
  <trkpt lat="15.49688603" lon="73.91041256"><ele>-53.393</ele><time>2026-09-25T13:05:40Z</time><speed>10.530</speed><sat>34</sat></trkpt>
  <trkpt lat="15.49680098" lon="73.91035976"><ele>-52.872</ele><time>2026-09-25T13:05:41Z</time><speed>10.630</speed><sat>34</sat></trkpt>
  <trkpt lat="15.49671600" lon="73.91031684"><ele>-53.334</ele><time>2026-09-25T13:05:42Z</time><speed>10.660</speed><sat>34</sat></trkpt>
  <trkpt lat="15.49663428" lon="73.91026658"><ele>-52.023</ele><time>2026-09-25T13:05:43Z</time><speed>10.550</speed><sat>33</sat></trkpt>
  <trkpt lat="15.49654875" lon="73.91021664"><ele>-51.448</ele><time>2026-09-25T13:05:44Z</time><speed>10.980</speed><sat>33</sat></trkpt>
  <trkpt lat="15.49646317" lon="73.91016639"><ele>-50.551</ele><time>2026-09-25T13:05:45Z</time><speed>10.800</speed><sat>33</sat></trkpt>
  <trkpt lat="15.49638025" lon="73.91011731"><ele>-50.212</ele><time>2026-09-25T13:05:46Z</time><speed>10.750</speed><sat>32</sat></trkpt>
  <trkpt lat="15.49629276" lon="73.91007177"><ele>-50.284</ele><time>2026-09-25T13:05:47Z</time><speed>11.270</speed><sat>32</sat></trkpt>
  <trkpt lat="15.49621314" lon="73.91002205"><ele>-49.996</ele><time>2026-09-25T13:05:48Z</time><speed>10.380</speed><sat>32</sat></trkpt>
  <trkpt lat="15.49613114" lon="73.90997307"><ele>-50.216</ele><time>2026-09-25T13:05:49Z</time><speed>10.750</speed><sat>32</sat></trkpt>
  <trkpt lat="15.49604085" lon="73.90991806"><ele>-48.676</ele><time>2026-09-25T13:05:50Z</time><speed>11.120</speed><sat>31</sat></trkpt>
  <trkpt lat="15.49592599" lon="73.90985826"><ele>-47.300</ele><time>2026-09-25T13:05:51.398Z</time><speed>10.710</speed><sat>32</sat></trkpt>
  <trkpt lat="15.49580429" lon="73.90981525"><ele>-47.062</ele><time>2026-09-25T13:05:52.741Z</time><speed>11.290</speed><sat>28</sat></trkpt>
  <trkpt lat="15.49567559" lon="73.90975745"><ele>-46.812</ele><time>2026-09-25T13:05:54Z</time><speed>11.820</speed><sat>28</sat></trkpt>
  <trkpt lat="15.49558529" lon="73.90969518"><ele>-46.552</ele><time>2026-09-25T13:05:55Z</time><speed>11.070</speed><sat>28</sat></trkpt>
  <trkpt lat="15.49549879" lon="73.90964297"><ele>-46.219</ele><time>2026-09-25T13:05:56Z</time><speed>11.460</speed><sat>28</sat></trkpt>
  <trkpt lat="15.49540710" lon="73.90959408"><ele>-46.411</ele><time>2026-09-25T13:05:57Z</time><speed>11.410</speed><sat>26</sat></trkpt>
  <trkpt lat="15.49531574" lon="73.90954401"><ele>-45.668</ele><time>2026-09-25T13:05:58Z</time><speed>11.500</speed><sat>27</sat></trkpt>
  <trkpt lat="15.49522785" lon="73.90948955"><ele>-44.602</ele><time>2026-09-25T13:05:59Z</time><speed>11.540</speed><sat>30</sat></trkpt>
  <trkpt lat="15.49512328" lon="73.90944182"><ele>-43.011</ele><time>2026-09-25T13:06:00Z</time><speed>11.770</speed><sat>30</sat></trkpt>
  <trkpt lat="15.49503161" lon="73.90939420"><ele>-41.715</ele><time>2026-09-25T13:06:01Z</time><speed>11.620</speed><sat>30</sat></trkpt>
  <trkpt lat="15.49493744" lon="73.90934389"><ele>-40.536</ele><time>2026-09-25T13:06:02Z</time><speed>11.740</speed><sat>30</sat></trkpt>
  <trkpt lat="15.49483710" lon="73.90929258"><ele>-38.746</ele><time>2026-09-25T13:06:03Z</time><speed>11.860</speed><sat>30</sat></trkpt>
  <trkpt lat="15.49474172" lon="73.90924331"><ele>-37.292</ele><time>2026-09-25T13:06:04Z</time><speed>11.830</speed><sat>29</sat></trkpt>
  <trkpt lat="15.49464545" lon="73.90919146"><ele>-36.709</ele><time>2026-09-25T13:06:05Z</time><speed>11.910</speed><sat>30</sat></trkpt>
  <trkpt lat="15.49454874" lon="73.90914019"><ele>-36.735</ele><time>2026-09-25T13:06:06Z</time><speed>12.090</speed><sat>30</sat></trkpt>
  <trkpt lat="15.49439081" lon="73.90906328"><ele>-36.180</ele><time>2026-09-25T13:06:07.597Z</time><speed>12.090</speed><sat>31</sat></trkpt>
  <trkpt lat="15.49425747" lon="73.90898638"><ele>-35.685</ele><time>2026-09-25T13:06:09Z</time><speed>11.990</speed><sat>31</sat></trkpt>
  <trkpt lat="15.49416453" lon="73.90893089"><ele>-35.453</ele><time>2026-09-25T13:06:10Z</time><speed>12.260</speed><sat>31</sat></trkpt>
  <trkpt lat="15.49406591" lon="73.90887551"><ele>-34.555</ele><time>2026-09-25T13:06:11Z</time><speed>12.270</speed><sat>30</sat></trkpt>
  <trkpt lat="15.49396771" lon="73.90882359"><ele>-33.903</ele><time>2026-09-25T13:06:12Z</time><speed>12.310</speed><sat>30</sat></trkpt>
  <trkpt lat="15.49386825" lon="73.90877152"><ele>-33.004</ele><time>2026-09-25T13:06:13Z</time><speed>12.280</speed><sat>31</sat></trkpt>
  <trkpt lat="15.49376963" lon="73.90871788"><ele>-31.996</ele><time>2026-09-25T13:06:14Z</time><speed>12.410</speed><sat>32</sat></trkpt>
  <trkpt lat="15.49367452" lon="73.90866262"><ele>-31.460</ele><time>2026-09-25T13:06:15Z</time><speed>12.380</speed><sat>32</sat></trkpt>
  <trkpt lat="15.49357778" lon="73.90860866"><ele>-30.969</ele><time>2026-09-25T13:06:16Z</time><speed>12.410</speed><sat>31</sat></trkpt>
  <trkpt lat="15.49347264" lon="73.90855402"><ele>-29.832</ele><time>2026-09-25T13:06:17Z</time><speed>12.510</speed><sat>31</sat></trkpt>
  <trkpt lat="15.49337109" lon="73.90850177"><ele>-28.665</ele><time>2026-09-25T13:06:18Z</time><speed>12.650</speed><sat>31</sat></trkpt>
  <trkpt lat="15.49326579" lon="73.90844953"><ele>-28.873</ele><time>2026-09-25T13:06:19Z</time><speed>12.710</speed><sat>32</sat></trkpt>
  <trkpt lat="15.49316456" lon="73.90839370"><ele>-28.183</ele><time>2026-09-25T13:06:20Z</time><speed>12.780</speed><sat>32</sat></trkpt>
  <trkpt lat="15.49306239" lon="73.90834036"><ele>-27.615</ele><time>2026-09-25T13:06:21Z</time><speed>12.830</speed><sat>32</sat></trkpt>
  <trkpt lat="15.49295733" lon="73.90828598"><ele>-27.026</ele><time>2026-09-25T13:06:22Z</time><speed>12.850</speed><sat>33</sat></trkpt>
  <trkpt lat="15.49285640" lon="73.90823159"><ele>-26.766</ele><time>2026-09-25T13:06:23Z</time><speed>13.040</speed><sat>32</sat></trkpt>
  <trkpt lat="15.49275469" lon="73.90816993"><ele>-26.749</ele><time>2026-09-25T13:06:24Z</time><speed>13.060</speed><sat>33</sat></trkpt>
  <trkpt lat="15.49265611" lon="73.90812109"><ele>-26.281</ele><time>2026-09-25T13:06:25Z</time><speed>12.560</speed><sat>33</sat></trkpt>
  <trkpt lat="15.49255653" lon="73.90806372"><ele>-25.563</ele><time>2026-09-25T13:06:26Z</time><speed>12.840</speed><sat>32</sat></trkpt>
  <trkpt lat="15.49244764" lon="73.90800799"><ele>-24.970</ele><time>2026-09-25T13:06:27Z</time><speed>13.090</speed><sat>32</sat></trkpt>
  <trkpt lat="15.49233321" lon="73.90795645"><ele>-23.918</ele><time>2026-09-25T13:06:28Z</time><speed>13.300</speed><sat>32</sat></trkpt>
  <trkpt lat="15.49221478" lon="73.90789974"><ele>-24.274</ele><time>2026-09-25T13:06:29Z</time><speed>14.120</speed><sat>32</sat></trkpt>
  <trkpt lat="15.49210490" lon="73.90784068"><ele>-24.416</ele><time>2026-09-25T13:06:30Z</time><speed>12.910</speed><sat>32</sat></trkpt>
  <trkpt lat="15.49199947" lon="73.90778747"><ele>-23.998</ele><time>2026-09-25T13:06:31Z</time><speed>12.980</speed><sat>33</sat></trkpt>
  <trkpt lat="15.49189604" lon="73.90772478"><ele>-23.733</ele><time>2026-09-25T13:06:32Z</time><speed>13.230</speed><sat>33</sat></trkpt>
  <trkpt lat="15.49179023" lon="73.90766787"><ele>-22.840</ele><time>2026-09-25T13:06:33Z</time><speed>13.260</speed><sat>33</sat></trkpt>
  <trkpt lat="15.49168170" lon="73.90760909"><ele>-22.727</ele><time>2026-09-25T13:06:34Z</time><speed>13.250</speed><sat>32</sat></trkpt>
  <trkpt lat="15.49157279" lon="73.90755431"><ele>-22.391</ele><time>2026-09-25T13:06:35Z</time><speed>13.230</speed><sat>32</sat></trkpt>
  <trkpt lat="15.49146195" lon="73.90750012"><ele>-21.651</ele><time>2026-09-25T13:06:36Z</time><speed>13.130</speed><sat>32</sat></trkpt>
  <trkpt lat="15.49136629" lon="73.90744637"><ele>-22.198</ele><time>2026-09-25T13:06:37Z</time><speed>12.360</speed><sat>31</sat></trkpt>
  <trkpt lat="15.49126652" lon="73.90739688"><ele>-22.705</ele><time>2026-09-25T13:06:38Z</time><speed>12.490</speed><sat>31</sat></trkpt>
  <trkpt lat="15.49116860" lon="73.90734647"><ele>-22.368</ele><time>2026-09-25T13:06:39Z</time><speed>12.420</speed><sat>31</sat></trkpt>
  <trkpt lat="15.49106919" lon="73.90729588"><ele>-23.031</ele><time>2026-09-25T13:06:40Z</time><speed>12.210</speed><sat>31</sat></trkpt>
  <trkpt lat="15.49097725" lon="73.90724402"><ele>-22.734</ele><time>2026-09-25T13:06:41Z</time><speed>11.720</speed><sat>31</sat></trkpt>
  <trkpt lat="15.49089457" lon="73.90719570"><ele>-22.165</ele><time>2026-09-25T13:06:42Z</time><speed>11.400</speed><sat>30</sat></trkpt>
  <trkpt lat="15.49080142" lon="73.90714960"><ele>-20.283</ele><time>2026-09-25T13:06:43Z</time><speed>11.400</speed><sat>29</sat></trkpt>
  <trkpt lat="15.49070441" lon="73.90709627"><ele>-19.305</ele><time>2026-09-25T13:06:44Z</time><speed>10.990</speed><sat>30</sat></trkpt>
  <trkpt lat="15.49062241" lon="73.90705051"><ele>-18.140</ele><time>2026-09-25T13:06:45Z</time><speed>11.040</speed><sat>29</sat></trkpt>
  <trkpt lat="15.49053850" lon="73.90700633"><ele>-17.826</ele><time>2026-09-25T13:06:46Z</time><speed>10.640</speed><sat>28</sat></trkpt>
  <trkpt lat="15.49045274" lon="73.90696271"><ele>-17.669</ele><time>2026-09-25T13:06:47Z</time><speed>10.590</speed><sat>28</sat></trkpt>
  <trkpt lat="15.49037387" lon="73.90691206"><ele>-17.535</ele><time>2026-09-25T13:06:48Z</time><speed>10.220</speed><sat>28</sat></trkpt>
  <trkpt lat="15.49029541" lon="73.90685868"><ele>-17.471</ele><time>2026-09-25T13:06:49Z</time><speed>10.370</speed><sat>28</sat></trkpt>
  <trkpt lat="15.49021679" lon="73.90680391"><ele>-17.628</ele><time>2026-09-25T13:06:50Z</time><speed>10.580</speed><sat>27</sat></trkpt>
  <trkpt lat="15.49012943" lon="73.90677147"><ele>-16.384</ele><time>2026-09-25T13:06:51Z</time><speed>10.260</speed><sat>25</sat></trkpt>
  <trkpt lat="15.49005984" lon="73.90673167"><ele>-15.702</ele><time>2026-09-25T13:06:52Z</time><speed>10.010</speed><sat>24</sat></trkpt>
  <trkpt lat="15.48998998" lon="73.90668556"><ele>-15.106</ele><time>2026-09-25T13:06:53Z</time><speed>10.340</speed><sat>21</sat></trkpt>
  <trkpt lat="15.48991484" lon="73.90663706"><ele>-14.765</ele><time>2026-09-25T13:06:54Z</time><speed>10.530</speed><sat>21</sat></trkpt>
  <trkpt lat="15.48982978" lon="73.90658367"><ele>-13.302</ele><time>2026-09-25T13:06:55Z</time><speed>10.320</speed><sat>21</sat></trkpt>
  <trkpt lat="15.48976066" lon="73.90653835"><ele>-12.553</ele><time>2026-09-25T13:06:56Z</time><speed>9.200</speed><sat>22</sat></trkpt>
  <trkpt lat="15.48966739" lon="73.90649130"><ele>-12.668</ele><time>2026-09-25T13:06:57Z</time><speed>11.380</speed><sat>22</sat></trkpt>
  <trkpt lat="15.48958139" lon="73.90643539"><ele>-11.579</ele><time>2026-09-25T13:06:58Z</time><speed>11.300</speed><sat>21</sat></trkpt>
  <trkpt lat="15.48949539" lon="73.90637516"><ele>-11.365</ele><time>2026-09-25T13:06:59Z</time><speed>11.820</speed><sat>21</sat></trkpt>
  <trkpt lat="15.48941303" lon="73.90631306"><ele>-9.316</ele><time>2026-09-25T13:07:00Z</time><speed>11.190</speed><sat>24</sat></trkpt>
  <trkpt lat="15.48932393" lon="73.90625778"><ele>-8.275</ele><time>2026-09-25T13:07:01Z</time><speed>11.690</speed><sat>24</sat></trkpt>
  <trkpt lat="15.48923644" lon="73.90619967"><ele>-6.034</ele><time>2026-09-25T13:07:02Z</time><speed>11.960</speed><sat>23</sat></trkpt>
 </trkseg>
</trk>

</gpx>
 