<?xml version='1.0' encoding='UTF-8' standalone='yes' ?>
<kml xmlns="http://www.opengis.net/kml/2.2" xmlns:atom="http://www.w3.org/2005/Atom" xmlns:gx="http://www.google.com/kml/ext/2.2">
  <Document>
    <open>1</open>
    <visibility>1</visibility>
    <name>Mashem to Margao </name>
    <atom:author>
      <atom:name>Recorded in Geo Tracker for iOS from Ilya Bogdanovich</atom:name>
    </atom:author>
    <atom:link href="https://apps.apple.com/app/geo-tracker-gps-tracker/id1610586137" />
    <TimeStamp>
      <when>2026-09-26T04:13:26Z</when>
    </TimeStamp>
    <Style id="track">
      <LineStyle>
        <color>ffff9509</color>
        <width>4</width>
      </LineStyle>
    </Style>
    <Schema id="geotrackerTrackSchema">
      <gx:SimpleArrayField name="speed" type="float">
        <displayName>Speed, meters per second</displayName>
      </gx:SimpleArrayField>
      <gx:SimpleArrayField name="course" type="float">
        <displayName>Course, radians</displayName>
      </gx:SimpleArrayField>
    </Schema>
    <Placemark>
      <name>Stop for ~2 min</name>
      <description>Elevation: 2 m
Time from start: 00:23:23
Distance from start: 14.09 km</description>
      <ExtendedData>
        <Data name="emoji">
          <value>⏱️</value>
        </Data>
      </ExtendedData>
      <TimeStamp>
        <when>2026-09-26T04:39:16Z</when>
      </TimeStamp>
      <Point>
        <coordinates>74.0440132,15.00873875,1.7</coordinates>
      </Point>
    </Placemark>
    <Placemark id="tour">
      <name>26 Sep 2026 at 9:45:53 AM</name>
      <atom:author>
        <atom:name>Recorded in Geo Tracker for iOS from Ilya Bogdanovich</atom:name>
      </atom:author>
      <atom:link href="https://apps.apple.com/app/geo-tracker-gps-tracker/id1610586137" />
      <ExtendedData>
        <Data name="activity">
          <value>0</value>
        </Data>
      </ExtendedData>
      <TimeSpan>
        <begin>2026-09-26T04:15:53Z</begin>
        <end>2026-09-26T05:45:40.794Z</end>
      </TimeSpan>
      <styleUrl>#track</styleUrl>
      <gx:MultiTrack>
        <altitudeMode>absolute</altitudeMode>
        <gx:interpolate>0</gx:interpolate>
        <gx:Track>
          <when>2026-09-26T04:16:01Z</when>
          <when>2026-09-26T04:16:02Z</when>
          <when>2026-09-26T04:16:03Z</when>
          <when>2026-09-26T04:16:04Z</when>
          <when>2026-09-26T04:16:05Z</when>
          <when>2026-09-26T04:16:06Z</when>
          <when>2026-09-26T04:16:07Z</when>
          <when>2026-09-26T04:16:08Z</when>
          <when>2026-09-26T04:16:09Z</when>
          <when>2026-09-26T04:16:10Z</when>
          <when>2026-09-26T04:16:11Z</when>
          <when>2026-09-26T04:16:13Z</when>
          <when>2026-09-26T04:16:14Z</when>
          <when>2026-09-26T04:16:15Z</when>
          <when>2026-09-26T04:16:16Z</when>
          <when>2026-09-26T04:16:17Z</when>
          <when>2026-09-26T04:16:18Z</when>
          <when>2026-09-26T04:16:19Z</when>
          <when>2026-09-26T04:16:20Z</when>
          <when>2026-09-26T04:16:21Z</when>
          <when>2026-09-26T04:16:22Z</when>
          <when>2026-09-26T04:16:23Z</when>
          <when>2026-09-26T04:16:24Z</when>
          <when>2026-09-26T04:16:25Z</when>
          <when>2026-09-26T04:16:26Z</when>
          <when>2026-09-26T04:16:27Z</when>
          <when>2026-09-26T04:16:28Z</when>
          <when>2026-09-26T04:16:29Z</when>
          <when>2026-09-26T04:16:30Z</when>
          <when>2026-09-26T04:16:31Z</when>
          <when>2026-09-26T04:16:32Z</when>
          <when>2026-09-26T04:16:33Z</when>
          <when>2026-09-26T04:16:34Z</when>
          <when>2026-09-26T04:16:35Z</when>
          <when>2026-09-26T04:16:36Z</when>
          <when>2026-09-26T04:16:37Z</when>
          <when>2026-09-26T04:16:38Z</when>
          <when>2026-09-26T04:16:39Z</when>
          <when>2026-09-26T04:16:40Z</when>
          <when>2026-09-26T04:16:41Z</when>
          <when>2026-09-26T04:16:42Z</when>
          <when>2026-09-26T04:16:44Z</when>
          <when>2026-09-26T04:16:45Z</when>
          <when>2026-09-26T04:16:47Z</when>
          <when>2026-09-26T04:16:48Z</when>
          <when>2026-09-26T04:16:49Z</when>
          <when>2026-09-26T04:16:50Z</when>
          <when>2026-09-26T04:16:51Z</when>
          <when>2026-09-26T04:16:52Z</when>
          <when>2026-09-26T04:16:53Z</when>
          <when>2026-09-26T04:16:54Z</when>
          <when>2026-09-26T04:16:55Z</when>
          <when>2026-09-26T04:16:56Z</when>
          <when>2026-09-26T04:16:57Z</when>
          <when>2026-09-26T04:16:58Z</when>
          <when>2026-09-26T04:16:59Z</when>
          <when>2026-09-26T04:17:00Z</when>
          <when>2026-09-26T04:17:01Z</when>
          <when>2026-09-26T04:17:02Z</when>
          <when>2026-09-26T04:17:03Z</when>
          <when>2026-09-26T04:17:04Z</when>
          <when>2026-09-26T04:17:05Z</when>
          <when>2026-09-26T04:17:06Z</when>
          <when>2026-09-26T04:17:07Z</when>
          <when>2026-09-26T04:17:08Z</when>
          <when>2026-09-26T04:17:09Z</when>
          <when>2026-09-26T04:17:10Z</when>
          <when>2026-09-26T04:17:11Z</when>
          <when>2026-09-26T04:17:12Z</when>
          <when>2026-09-26T04:17:13Z</when>
          <when>2026-09-26T04:17:14Z</when>
          <when>2026-09-26T04:17:15Z</when>
          <when>2026-09-26T04:17:16Z</when>
          <when>2026-09-26T04:17:17Z</when>
          <when>2026-09-26T04:17:18Z</when>
          <when>2026-09-26T04:17:19Z</when>
          <when>2026-09-26T04:17:21Z</when>
          <when>2026-09-26T04:17:22Z</when>
          <when>2026-09-26T04:17:23Z</when>
          <when>2026-09-26T04:17:24Z</when>
          <when>2026-09-26T04:17:25Z</when>
          <when>2026-09-26T04:17:26Z</when>
          <when>2026-09-26T04:17:27Z</when>
          <when>2026-09-26T04:17:28Z</when>
          <when>2026-09-26T04:17:29Z</when>
          <when>2026-09-26T04:17:30Z</when>
          <when>2026-09-26T04:17:31Z</when>
          <when>2026-09-26T04:17:32Z</when>
          <when>2026-09-26T04:17:33Z</when>
          <when>2026-09-26T04:17:34Z</when>
          <when>2026-09-26T04:17:35Z</when>
          <when>2026-09-26T04:17:36Z</when>
          <when>2026-09-26T04:17:37Z</when>
          <when>2026-09-26T04:17:38Z</when>
          <when>2026-09-26T04:17:39Z</when>
          <when>2026-09-26T04:17:40Z</when>
          <when>2026-09-26T04:17:41Z</when>
          <when>2026-09-26T04:17:42Z</when>
          <when>2026-09-26T04:17:43Z</when>
          <when>2026-09-26T04:17:44Z</when>
          <when>2026-09-26T04:17:45Z</when>
          <when>2026-09-26T04:17:46Z</when>
          <when>2026-09-26T04:17:47Z</when>
          <when>2026-09-26T04:17:49Z</when>
          <when>2026-09-26T04:17:50Z</when>
          <when>2026-09-26T04:17:51Z</when>
          <when>2026-09-26T04:17:52Z</when>
          <when>2026-09-26T04:17:53Z</when>
          <when>2026-09-26T04:17:54Z</when>
          <when>2026-09-26T04:17:55Z</when>
          <when>2026-09-26T04:17:56Z</when>
          <when>2026-09-26T04:17:57Z</when>
          <when>2026-09-26T04:17:58Z</when>
          <when>2026-09-26T04:17:59Z</when>
          <when>2026-09-26T04:18:00Z</when>
          <when>2026-09-26T04:18:01Z</when>
          <when>2026-09-26T04:18:02Z</when>
          <when>2026-09-26T04:18:03Z</when>
          <when>2026-09-26T04:18:04Z</when>
          <when>2026-09-26T04:18:05Z</when>
          <when>2026-09-26T04:18:06Z</when>
          <when>2026-09-26T04:18:07Z</when>
          <when>2026-09-26T04:18:08Z</when>
          <when>2026-09-26T04:18:09Z</when>
          <when>2026-09-26T04:18:10Z</when>
          <when>2026-09-26T04:18:11Z</when>
          <when>2026-09-26T04:18:12Z</when>
          <when>2026-09-26T04:18:13Z</when>
          <when>2026-09-26T04:18:14Z</when>
          <when>2026-09-26T04:18:15Z</when>
          <when>2026-09-26T04:18:16Z</when>
          <when>2026-09-26T04:18:17Z</when>
          <when>2026-09-26T04:18:18Z</when>
          <when>2026-09-26T04:18:19Z</when>
          <when>2026-09-26T04:18:20Z</when>
          <when>2026-09-26T04:18:21Z</when>
          <when>2026-09-26T04:18:22Z</when>
          <when>2026-09-26T04:18:23Z</when>
          <when>2026-09-26T04:18:24Z</when>
          <when>2026-09-26T04:18:25Z</when>
          <when>2026-09-26T04:18:26Z</when>
          <when>2026-09-26T04:18:27Z</when>
          <when>2026-09-26T04:18:28Z</when>
          <when>2026-09-26T04:18:29Z</when>
          <when>2026-09-26T04:18:30Z</when>
          <when>2026-09-26T04:18:31Z</when>
          <when>2026-09-26T04:18:32Z</when>
          <when>2026-09-26T04:18:33Z</when>
          <when>2026-09-26T04:18:34Z</when>
          <when>2026-09-26T04:18:36Z</when>
          <when>2026-09-26T04:18:38Z</when>
          <when>2026-09-26T04:18:44Z</when>
          <when>2026-09-26T04:18:46Z</when>
          <when>2026-09-26T04:18:48Z</when>
          <when>2026-09-26T04:18:50Z</when>
          <when>2026-09-26T04:18:52Z</when>
          <when>2026-09-26T04:18:53Z</when>
          <when>2026-09-26T04:18:55Z</when>
          <when>2026-09-26T04:18:56Z</when>
          <when>2026-09-26T04:18:57Z</when>
          <when>2026-09-26T04:18:58Z</when>
          <when>2026-09-26T04:18:59Z</when>
          <when>2026-09-26T04:19:01Z</when>
          <when>2026-09-26T04:19:02Z</when>
          <when>2026-09-26T04:19:03Z</when>
          <when>2026-09-26T04:19:05Z</when>
          <when>2026-09-26T04:19:06Z</when>
          <when>2026-09-26T04:19:07Z</when>
          <when>2026-09-26T04:19:08Z</when>
          <when>2026-09-26T04:19:09Z</when>
          <when>2026-09-26T04:19:10Z</when>
          <when>2026-09-26T04:19:11Z</when>
          <when>2026-09-26T04:19:12Z</when>
          <when>2026-09-26T04:19:14Z</when>
          <when>2026-09-26T04:19:15Z</when>
          <when>2026-09-26T04:19:16Z</when>
          <when>2026-09-26T04:19:17Z</when>
          <when>2026-09-26T04:19:18Z</when>
          <when>2026-09-26T04:19:19Z</when>
          <when>2026-09-26T04:19:20Z</when>
          <when>2026-09-26T04:19:21Z</when>
          <when>2026-09-26T04:19:22Z</when>
          <when>2026-09-26T04:19:23Z</when>
          <when>2026-09-26T04:19:24Z</when>
          <when>2026-09-26T04:19:25Z</when>
          <when>2026-09-26T04:19:26Z</when>
          <when>2026-09-26T04:19:27Z</when>
          <when>2026-09-26T04:19:28Z</when>
          <when>2026-09-26T04:19:29Z</when>
          <when>2026-09-26T04:19:30Z</when>
          <when>2026-09-26T04:19:31Z</when>
          <when>2026-09-26T04:19:32Z</when>
          <when>2026-09-26T04:19:33Z</when>
          <when>2026-09-26T04:19:34Z</when>
          <when>2026-09-26T04:19:35Z</when>
          <when>2026-09-26T04:19:36Z</when>
          <when>2026-09-26T04:19:37Z</when>
          <when>2026-09-26T04:19:38Z</when>
          <when>2026-09-26T04:19:39Z</when>
          <when>2026-09-26T04:19:41Z</when>
          <when>2026-09-26T04:19:43Z</when>
          <when>2026-09-26T04:19:45Z</when>
          <when>2026-09-26T04:19:48Z</when>
          <when>2026-09-26T04:20:18Z</when>
          <when>2026-09-26T04:20:34Z</when>
          <when>2026-09-26T04:20:37Z</when>
          <when>2026-09-26T04:20:39Z</when>
          <when>2026-09-26T04:20:40Z</when>
          <when>2026-09-26T04:20:42Z</when>
          <when>2026-09-26T04:20:44Z</when>
          <when>2026-09-26T04:20:47Z</when>
          <when>2026-09-26T04:20:49Z</when>
          <when>2026-09-26T04:20:51Z</when>
          <when>2026-09-26T04:20:53Z</when>
          <when>2026-09-26T04:20:55Z</when>
          <when>2026-09-26T04:20:57Z</when>
          <when>2026-09-26T04:20:59Z</when>
          <when>2026-09-26T04:21:01Z</when>
          <when>2026-09-26T04:21:03Z</when>
          <when>2026-09-26T04:21:05Z</when>
          <when>2026-09-26T04:21:07Z</when>
          <when>2026-09-26T04:21:08Z</when>
          <when>2026-09-26T04:21:09Z</when>
          <when>2026-09-26T04:21:10Z</when>
          <when>2026-09-26T04:21:11Z</when>
          <when>2026-09-26T04:21:12Z</when>
          <when>2026-09-26T04:21:13Z</when>
          <when>2026-09-26T04:21:14Z</when>
          <when>2026-09-26T04:21:15Z</when>
          <when>2026-09-26T04:21:16Z</when>
          <when>2026-09-26T04:21:17Z</when>
          <when>2026-09-26T04:21:18Z</when>
          <when>2026-09-26T04:21:19Z</when>
          <when>2026-09-26T04:21:20Z</when>
          <when>2026-09-26T04:21:21Z</when>
          <when>2026-09-26T04:21:22Z</when>
          <when>2026-09-26T04:21:23Z</when>
          <when>2026-09-26T04:21:24Z</when>
          <when>2026-09-26T04:21:25Z</when>
          <when>2026-09-26T04:21:26Z</when>
          <when>2026-09-26T04:21:27Z</when>
          <when>2026-09-26T04:21:28Z</when>
          <when>2026-09-26T04:21:29Z</when>
          <when>2026-09-26T04:21:31Z</when>
          <when>2026-09-26T04:21:32Z</when>
          <when>2026-09-26T04:21:33Z</when>
          <when>2026-09-26T04:21:35Z</when>
          <when>2026-09-26T04:21:45Z</when>
          <when>2026-09-26T04:21:47Z</when>
          <when>2026-09-26T04:21:49Z</when>
          <when>2026-09-26T04:21:51Z</when>
          <when>2026-09-26T04:21:52Z</when>
          <when>2026-09-26T04:21:53Z</when>
          <when>2026-09-26T04:21:54Z</when>
          <when>2026-09-26T04:21:55Z</when>
          <when>2026-09-26T04:21:55Z</when>
          <when>2026-09-26T04:21:56Z</when>
          <when>2026-09-26T04:21:57Z</when>
          <when>2026-09-26T04:21:58Z</when>
          <when>2026-09-26T04:21:59Z</when>
          <when>2026-09-26T04:22:00Z</when>
          <when>2026-09-26T04:22:01Z</when>
          <when>2026-09-26T04:22:02Z</when>
          <when>2026-09-26T04:22:03Z</when>
          <when>2026-09-26T04:22:04Z</when>
          <when>2026-09-26T04:22:05Z</when>
          <when>2026-09-26T04:22:06Z</when>
          <when>2026-09-26T04:22:07Z</when>
          <when>2026-09-26T04:22:08Z</when>
          <when>2026-09-26T04:22:09Z</when>
          <when>2026-09-26T04:22:10Z</when>
          <when>2026-09-26T04:22:11Z</when>
          <when>2026-09-26T04:22:12Z</when>
          <when>2026-09-26T04:22:13Z</when>
          <when>2026-09-26T04:22:14Z</when>
          <when>2026-09-26T04:22:15Z</when>
          <when>2026-09-26T04:22:16Z</when>
          <when>2026-09-26T04:22:17Z</when>
          <when>2026-09-26T04:22:18Z</when>
          <when>2026-09-26T04:22:19Z</when>
          <when>2026-09-26T04:22:21Z</when>
          <when>2026-09-26T04:22:22Z</when>
          <when>2026-09-26T04:22:23Z</when>
          <when>2026-09-26T04:22:24Z</when>
          <when>2026-09-26T04:22:25Z</when>
          <when>2026-09-26T04:22:26Z</when>
          <when>2026-09-26T04:22:27Z</when>
          <when>2026-09-26T04:22:28Z</when>
          <when>2026-09-26T04:22:29Z</when>
          <when>2026-09-26T04:22:30Z</when>
          <when>2026-09-26T04:22:32Z</when>
          <when>2026-09-26T04:22:33Z</when>
          <when>2026-09-26T04:22:35Z</when>
          <when>2026-09-26T04:22:36Z</when>
          <when>2026-09-26T04:22:38Z</when>
          <when>2026-09-26T04:22:51Z</when>
          <when>2026-09-26T04:22:53Z</when>
          <when>2026-09-26T04:22:55Z</when>
          <when>2026-09-26T04:22:57Z</when>
          <when>2026-09-26T04:22:59Z</when>
          <when>2026-09-26T04:23:00Z</when>
          <when>2026-09-26T04:23:01Z</when>
          <when>2026-09-26T04:23:02Z</when>
          <when>2026-09-26T04:23:03Z</when>
          <when>2026-09-26T04:23:04Z</when>
          <when>2026-09-26T04:23:05Z</when>
          <when>2026-09-26T04:23:06Z</when>
          <when>2026-09-26T04:23:07Z</when>
          <when>2026-09-26T04:23:08Z</when>
          <when>2026-09-26T04:23:09Z</when>
          <when>2026-09-26T04:23:10Z</when>
          <when>2026-09-26T04:23:11Z</when>
          <when>2026-09-26T04:23:12Z</when>
          <when>2026-09-26T04:23:13Z</when>
          <when>2026-09-26T04:23:14Z</when>
          <when>2026-09-26T04:23:15Z</when>
          <when>2026-09-26T04:23:16Z</when>
          <when>2026-09-26T04:23:17Z</when>
          <when>2026-09-26T04:23:18Z</when>
          <when>2026-09-26T04:23:19Z</when>
          <when>2026-09-26T04:23:20Z</when>
          <when>2026-09-26T04:23:21Z</when>
          <when>2026-09-26T04:23:22Z</when>
          <when>2026-09-26T04:23:23Z</when>
          <when>2026-09-26T04:23:24Z</when>
          <when>2026-09-26T04:23:25Z</when>
          <when>2026-09-26T04:23:26Z</when>
          <when>2026-09-26T04:23:27Z</when>
          <when>2026-09-26T04:23:28Z</when>
          <when>2026-09-26T04:23:29Z</when>
          <when>2026-09-26T04:23:30Z</when>
          <when>2026-09-26T04:23:31Z</when>
          <when>2026-09-26T04:23:32Z</when>
          <when>2026-09-26T04:23:33Z</when>
          <when>2026-09-26T04:23:34Z</when>
          <when>2026-09-26T04:23:34Z</when>
          <when>2026-09-26T04:23:35Z</when>
          <when>2026-09-26T04:23:36Z</when>
          <when>2026-09-26T04:23:37Z</when>
          <when>2026-09-26T04:23:38Z</when>
          <when>2026-09-26T04:23:39Z</when>
          <when>2026-09-26T04:23:40Z</when>
          <when>2026-09-26T04:23:41Z</when>
          <when>2026-09-26T04:23:42Z</when>
          <when>2026-09-26T04:23:43Z</when>
          <when>2026-09-26T04:23:44Z</when>
          <when>2026-09-26T04:23:45Z</when>
          <when>2026-09-26T04:23:46Z</when>
          <when>2026-09-26T04:23:47Z</when>
          <when>2026-09-26T04:23:48Z</when>
          <when>2026-09-26T04:23:49Z</when>
          <when>2026-09-26T04:23:50Z</when>
          <when>2026-09-26T04:23:51Z</when>
          <when>2026-09-26T04:23:52Z</when>
          <when>2026-09-26T04:23:53Z</when>
          <when>2026-09-26T04:23:54Z</when>
          <when>2026-09-26T04:23:55Z</when>
          <when>2026-09-26T04:23:56Z</when>
          <when>2026-09-26T04:23:57Z</when>
          <when>2026-09-26T04:23:58Z</when>
          <when>2026-09-26T04:23:59Z</when>
          <when>2026-09-26T04:24:00Z</when>
          <when>2026-09-26T04:24:01Z</when>
          <when>2026-09-26T04:24:02Z</when>
          <when>2026-09-26T04:24:03Z</when>
          <when>2026-09-26T04:24:04Z</when>
          <when>2026-09-26T04:24:05Z</when>
          <when>2026-09-26T04:24:06Z</when>
          <when>2026-09-26T04:24:07Z</when>
          <when>2026-09-26T04:24:08Z</when>
          <when>2026-09-26T04:24:09Z</when>
          <when>2026-09-26T04:24:10Z</when>
          <when>2026-09-26T04:24:11Z</when>
          <when>2026-09-26T04:24:12Z</when>
          <when>2026-09-26T04:24:13Z</when>
          <when>2026-09-26T04:24:14Z</when>
          <when>2026-09-26T04:24:15Z</when>
          <when>2026-09-26T04:24:16Z</when>
          <when>2026-09-26T04:24:17Z</when>
          <when>2026-09-26T04:24:18Z</when>
          <when>2026-09-26T04:24:19Z</when>
          <when>2026-09-26T04:24:20Z</when>
          <when>2026-09-26T04:24:21Z</when>
          <when>2026-09-26T04:24:22Z</when>
          <when>2026-09-26T04:24:23Z</when>
          <when>2026-09-26T04:24:24Z</when>
          <when>2026-09-26T04:24:25Z</when>
          <when>2026-09-26T04:24:27Z</when>
          <when>2026-09-26T04:24:28Z</when>
          <when>2026-09-26T04:24:29Z</when>
          <when>2026-09-26T04:24:30Z</when>
          <when>2026-09-26T04:24:31Z</when>
          <when>2026-09-26T04:24:32Z</when>
          <when>2026-09-26T04:24:33Z</when>
          <when>2026-09-26T04:24:34Z</when>
          <when>2026-09-26T04:24:35Z</when>
          <when>2026-09-26T04:24:36Z</when>
          <when>2026-09-26T04:24:37Z</when>
          <when>2026-09-26T04:24:38Z</when>
          <when>2026-09-26T04:24:39Z</when>
          <when>2026-09-26T04:24:40Z</when>
          <when>2026-09-26T04:24:41Z</when>
          <when>2026-09-26T04:24:42Z</when>
          <when>2026-09-26T04:24:43Z</when>
          <when>2026-09-26T04:24:44Z</when>
          <when>2026-09-26T04:24:45Z</when>
          <when>2026-09-26T04:24:46Z</when>
          <when>2026-09-26T04:24:47Z</when>
          <when>2026-09-26T04:24:48Z</when>
          <when>2026-09-26T04:24:49Z</when>
          <when>2026-09-26T04:24:50Z</when>
          <when>2026-09-26T04:24:51Z</when>
          <when>2026-09-26T04:24:52Z</when>
          <when>2026-09-26T04:24:53Z</when>
          <when>2026-09-26T04:24:54Z</when>
          <when>2026-09-26T04:24:55Z</when>
          <when>2026-09-26T04:24:56Z</when>
          <when>2026-09-26T04:24:57Z</when>
          <when>2026-09-26T04:24:58Z</when>
          <when>2026-09-26T04:24:59Z</when>
          <when>2026-09-26T04:25:00Z</when>
          <when>2026-09-26T04:25:01Z</when>
          <when>2026-09-26T04:25:02Z</when>
          <when>2026-09-26T04:25:03Z</when>
          <when>2026-09-26T04:25:04Z</when>
          <when>2026-09-26T04:25:05Z</when>
          <when>2026-09-26T04:25:06Z</when>
          <when>2026-09-26T04:25:07Z</when>
          <when>2026-09-26T04:25:08Z</when>
          <when>2026-09-26T04:25:09Z</when>
          <when>2026-09-26T04:25:10Z</when>
          <when>2026-09-26T04:25:11Z</when>
          <when>2026-09-26T04:25:12Z</when>
          <when>2026-09-26T04:25:13Z</when>
          <when>2026-09-26T04:25:14Z</when>
          <when>2026-09-26T04:25:15Z</when>
          <when>2026-09-26T04:25:16Z</when>
          <when>2026-09-26T04:25:17Z</when>
          <when>2026-09-26T04:25:18Z</when>
          <when>2026-09-26T04:25:19Z</when>
          <when>2026-09-26T04:25:20Z</when>
          <when>2026-09-26T04:25:21Z</when>
          <when>2026-09-26T04:25:22Z</when>
          <when>2026-09-26T04:25:23Z</when>
          <when>2026-09-26T04:25:24Z</when>
          <when>2026-09-26T04:25:24Z</when>
          <when>2026-09-26T04:25:25Z</when>
          <when>2026-09-26T04:25:26Z</when>
          <when>2026-09-26T04:25:27Z</when>
          <when>2026-09-26T04:25:28Z</when>
          <when>2026-09-26T04:25:29Z</when>
          <when>2026-09-26T04:25:30Z</when>
          <when>2026-09-26T04:25:31Z</when>
          <when>2026-09-26T04:25:32Z</when>
          <when>2026-09-26T04:25:34Z</when>
          <when>2026-09-26T04:26:01Z</when>
          <when>2026-09-26T04:26:07Z</when>
          <when>2026-09-26T04:26:10Z</when>
          <when>2026-09-26T04:26:12Z</when>
          <when>2026-09-26T04:26:13Z</when>
          <when>2026-09-26T04:26:14Z</when>
          <when>2026-09-26T04:26:15Z</when>
          <when>2026-09-26T04:26:16Z</when>
          <when>2026-09-26T04:26:17Z</when>
          <when>2026-09-26T04:26:18Z</when>
          <when>2026-09-26T04:26:19Z</when>
          <when>2026-09-26T04:26:20Z</when>
          <when>2026-09-26T04:26:21Z</when>
          <when>2026-09-26T04:26:22Z</when>
          <when>2026-09-26T04:26:23Z</when>
          <when>2026-09-26T04:26:24Z</when>
          <when>2026-09-26T04:26:25Z</when>
          <when>2026-09-26T04:26:26Z</when>
          <when>2026-09-26T04:26:27Z</when>
          <when>2026-09-26T04:26:28Z</when>
          <when>2026-09-26T04:26:29Z</when>
          <when>2026-09-26T04:26:30Z</when>
          <when>2026-09-26T04:26:31Z</when>
          <when>2026-09-26T04:26:33Z</when>
          <when>2026-09-26T04:26:34Z</when>
          <when>2026-09-26T04:26:35Z</when>
          <when>2026-09-26T04:26:36Z</when>
          <when>2026-09-26T04:26:37Z</when>
          <when>2026-09-26T04:26:38Z</when>
          <when>2026-09-26T04:26:39Z</when>
          <when>2026-09-26T04:26:40Z</when>
          <when>2026-09-26T04:26:41Z</when>
          <when>2026-09-26T04:26:42Z</when>
          <when>2026-09-26T04:26:43Z</when>
          <when>2026-09-26T04:26:44Z</when>
          <when>2026-09-26T04:26:45Z</when>
          <when>2026-09-26T04:26:46Z</when>
          <when>2026-09-26T04:26:47Z</when>
          <when>2026-09-26T04:26:49Z</when>
          <when>2026-09-26T04:26:50Z</when>
          <when>2026-09-26T04:26:51Z</when>
          <when>2026-09-26T04:26:52Z</when>
          <when>2026-09-26T04:26:53Z</when>
          <when>2026-09-26T04:26:54Z</when>
          <when>2026-09-26T04:26:55Z</when>
          <when>2026-09-26T04:26:56Z</when>
          <when>2026-09-26T04:26:57Z</when>
          <when>2026-09-26T04:26:58Z</when>
          <when>2026-09-26T04:26:59Z</when>
          <when>2026-09-26T04:27:00Z</when>
          <when>2026-09-26T04:27:01Z</when>
          <when>2026-09-26T04:27:02Z</when>
          <when>2026-09-26T04:27:03Z</when>
          <when>2026-09-26T04:27:04Z</when>
          <when>2026-09-26T04:27:05Z</when>
          <when>2026-09-26T04:27:06Z</when>
          <when>2026-09-26T04:27:07Z</when>
          <when>2026-09-26T04:27:08Z</when>
          <when>2026-09-26T04:27:09Z</when>
          <when>2026-09-26T04:27:10Z</when>
          <when>2026-09-26T04:27:11Z</when>
          <when>2026-09-26T04:27:12Z</when>
          <when>2026-09-26T04:27:13Z</when>
          <when>2026-09-26T04:27:14Z</when>
          <when>2026-09-26T04:27:15Z</when>
          <when>2026-09-26T04:27:16Z</when>
          <when>2026-09-26T04:27:17Z</when>
          <when>2026-09-26T04:27:18Z</when>
          <when>2026-09-26T04:27:19Z</when>
          <when>2026-09-26T04:27:20Z</when>
          <when>2026-09-26T04:27:21Z</when>
          <when>2026-09-26T04:27:22Z</when>
          <when>2026-09-26T04:27:22Z</when>
          <when>2026-09-26T04:27:23Z</when>
          <when>2026-09-26T04:27:24Z</when>
          <when>2026-09-26T04:27:25Z</when>
          <when>2026-09-26T04:27:26Z</when>
          <when>2026-09-26T04:27:27Z</when>
          <when>2026-09-26T04:27:28Z</when>
          <when>2026-09-26T04:27:29Z</when>
          <when>2026-09-26T04:27:30Z</when>
          <when>2026-09-26T04:27:31Z</when>
          <when>2026-09-26T04:27:32Z</when>
          <when>2026-09-26T04:27:33Z</when>
          <when>2026-09-26T04:27:34Z</when>
          <when>2026-09-26T04:27:35Z</when>
          <when>2026-09-26T04:27:36Z</when>
          <when>2026-09-26T04:27:37Z</when>
          <when>2026-09-26T04:27:38Z</when>
          <when>2026-09-26T04:27:39Z</when>
          <when>2026-09-26T04:27:40Z</when>
          <when>2026-09-26T04:27:41Z</when>
          <when>2026-09-26T04:27:42Z</when>
          <when>2026-09-26T04:27:43Z</when>
          <when>2026-09-26T04:27:44Z</when>
          <when>2026-09-26T04:27:45Z</when>
          <when>2026-09-26T04:27:46Z</when>
          <when>2026-09-26T04:27:47Z</when>
          <when>2026-09-26T04:27:49Z</when>
          <when>2026-09-26T04:27:50Z</when>
          <when>2026-09-26T04:27:51Z</when>
          <when>2026-09-26T04:27:52Z</when>
          <when>2026-09-26T04:27:53Z</when>
          <when>2026-09-26T04:27:54Z</when>
          <when>2026-09-26T04:27:55Z</when>
          <when>2026-09-26T04:27:57Z</when>
          <when>2026-09-26T04:28:04Z</when>
          <when>2026-09-26T04:28:06Z</when>
          <when>2026-09-26T04:28:07Z</when>
          <when>2026-09-26T04:28:08Z</when>
          <when>2026-09-26T04:28:10Z</when>
          <when>2026-09-26T04:28:12Z</when>
          <when>2026-09-26T04:28:15Z</when>
          <when>2026-09-26T04:28:42Z</when>
          <when>2026-09-26T04:28:43Z</when>
          <when>2026-09-26T04:28:51Z</when>
          <when>2026-09-26T04:28:52Z</when>
          <when>2026-09-26T04:28:53Z</when>
          <when>2026-09-26T04:28:54Z</when>
          <when>2026-09-26T04:28:55Z</when>
          <when>2026-09-26T04:28:56Z</when>
          <when>2026-09-26T04:28:57Z</when>
          <when>2026-09-26T04:28:58Z</when>
          <when>2026-09-26T04:28:59Z</when>
          <when>2026-09-26T04:29:00Z</when>
          <when>2026-09-26T04:29:01Z</when>
          <when>2026-09-26T04:29:02Z</when>
          <when>2026-09-26T04:29:03Z</when>
          <when>2026-09-26T04:29:04Z</when>
          <when>2026-09-26T04:29:05Z</when>
          <when>2026-09-26T04:29:06Z</when>
          <when>2026-09-26T04:29:07Z</when>
          <when>2026-09-26T04:29:08Z</when>
          <when>2026-09-26T04:29:09Z</when>
          <when>2026-09-26T04:29:10Z</when>
          <when>2026-09-26T04:29:11Z</when>
          <when>2026-09-26T04:29:12Z</when>
          <when>2026-09-26T04:29:13Z</when>
          <when>2026-09-26T04:29:13Z</when>
          <when>2026-09-26T04:29:14Z</when>
          <when>2026-09-26T04:29:15Z</when>
          <when>2026-09-26T04:29:17Z</when>
          <when>2026-09-26T04:29:19Z</when>
          <when>2026-09-26T04:29:21Z</when>
          <when>2026-09-26T04:29:22Z</when>
          <when>2026-09-26T04:29:23Z</when>
          <when>2026-09-26T04:29:24Z</when>
          <when>2026-09-26T04:29:25Z</when>
          <when>2026-09-26T04:29:28Z</when>
          <when>2026-09-26T04:29:41Z</when>
          <when>2026-09-26T04:29:43Z</when>
          <when>2026-09-26T04:29:45Z</when>
          <when>2026-09-26T04:29:46Z</when>
          <when>2026-09-26T04:29:47Z</when>
          <when>2026-09-26T04:29:48Z</when>
          <when>2026-09-26T04:29:49Z</when>
          <when>2026-09-26T04:29:50Z</when>
          <when>2026-09-26T04:29:51Z</when>
          <when>2026-09-26T04:29:52Z</when>
          <when>2026-09-26T04:29:53Z</when>
          <when>2026-09-26T04:29:54Z</when>
          <when>2026-09-26T04:29:55Z</when>
          <when>2026-09-26T04:29:56Z</when>
          <when>2026-09-26T04:29:57Z</when>
          <when>2026-09-26T04:29:58Z</when>
          <when>2026-09-26T04:29:59Z</when>
          <when>2026-09-26T04:30:00Z</when>
          <when>2026-09-26T04:30:01Z</when>
          <when>2026-09-26T04:30:02Z</when>
          <when>2026-09-26T04:30:03Z</when>
          <when>2026-09-26T04:30:04Z</when>
          <when>2026-09-26T04:30:05Z</when>
          <when>2026-09-26T04:30:06Z</when>
          <when>2026-09-26T04:30:07Z</when>
          <when>2026-09-26T04:30:08Z</when>
          <when>2026-09-26T04:30:09Z</when>
          <when>2026-09-26T04:30:10Z</when>
          <when>2026-09-26T04:30:11Z</when>
          <when>2026-09-26T04:30:12Z</when>
          <when>2026-09-26T04:30:13Z</when>
          <when>2026-09-26T04:30:14Z</when>
          <when>2026-09-26T04:30:15Z</when>
          <when>2026-09-26T04:30:16Z</when>
          <when>2026-09-26T04:30:17Z</when>
          <when>2026-09-26T04:30:18Z</when>
          <when>2026-09-26T04:30:19Z</when>
          <when>2026-09-26T04:30:20Z</when>
          <when>2026-09-26T04:30:21Z</when>
          <when>2026-09-26T04:30:22Z</when>
          <when>2026-09-26T04:30:23Z</when>
          <when>2026-09-26T04:30:24Z</when>
          <when>2026-09-26T04:30:25Z</when>
          <when>2026-09-26T04:30:26Z</when>
          <when>2026-09-26T04:30:27Z</when>
          <when>2026-09-26T04:30:28Z</when>
          <when>2026-09-26T04:30:29Z</when>
          <when>2026-09-26T04:30:30Z</when>
          <when>2026-09-26T04:30:31Z</when>
          <when>2026-09-26T04:30:32Z</when>
          <when>2026-09-26T04:30:33Z</when>
          <when>2026-09-26T04:30:34Z</when>
          <when>2026-09-26T04:30:35Z</when>
          <when>2026-09-26T04:30:36Z</when>
          <when>2026-09-26T04:30:37Z</when>
          <when>2026-09-26T04:30:38Z</when>
          <when>2026-09-26T04:30:39Z</when>
          <when>2026-09-26T04:30:40Z</when>
          <when>2026-09-26T04:30:41Z</when>
          <when>2026-09-26T04:30:42Z</when>
          <when>2026-09-26T04:30:43Z</when>
          <when>2026-09-26T04:30:44Z</when>
          <when>2026-09-26T04:30:45Z</when>
          <when>2026-09-26T04:30:46Z</when>
          <when>2026-09-26T04:30:47Z</when>
          <when>2026-09-26T04:30:48Z</when>
          <when>2026-09-26T04:30:49Z</when>
          <when>2026-09-26T04:30:50Z</when>
          <when>2026-09-26T04:30:51Z</when>
          <when>2026-09-26T04:30:52Z</when>
          <when>2026-09-26T04:30:53Z</when>
          <when>2026-09-26T04:30:54Z</when>
          <when>2026-09-26T04:30:55Z</when>
          <when>2026-09-26T04:30:56Z</when>
          <when>2026-09-26T04:30:57Z</when>
          <when>2026-09-26T04:30:58Z</when>
          <when>2026-09-26T04:30:59Z</when>
          <when>2026-09-26T04:31:00Z</when>
          <when>2026-09-26T04:31:01Z</when>
          <when>2026-09-26T04:31:03Z</when>
          <when>2026-09-26T04:31:04Z</when>
          <when>2026-09-26T04:31:05Z</when>
          <when>2026-09-26T04:31:06Z</when>
          <when>2026-09-26T04:31:07Z</when>
          <when>2026-09-26T04:31:08Z</when>
          <when>2026-09-26T04:31:09Z</when>
          <when>2026-09-26T04:31:10Z</when>
          <when>2026-09-26T04:31:11Z</when>
          <when>2026-09-26T04:31:12Z</when>
          <when>2026-09-26T04:31:13Z</when>
          <when>2026-09-26T04:31:14Z</when>
          <when>2026-09-26T04:31:15Z</when>
          <when>2026-09-26T04:31:16Z</when>
          <when>2026-09-26T04:31:17Z</when>
          <when>2026-09-26T04:31:18Z</when>
          <when>2026-09-26T04:31:19Z</when>
          <when>2026-09-26T04:31:20Z</when>
          <when>2026-09-26T04:31:21Z</when>
          <when>2026-09-26T04:31:21Z</when>
          <when>2026-09-26T04:31:22Z</when>
          <when>2026-09-26T04:31:24Z</when>
          <when>2026-09-26T04:31:26Z</when>
          <when>2026-09-26T04:31:36Z</when>
          <when>2026-09-26T04:31:38Z</when>
          <when>2026-09-26T04:31:40Z</when>
          <when>2026-09-26T04:31:41Z</when>
          <when>2026-09-26T04:31:42Z</when>
          <when>2026-09-26T04:31:43Z</when>
          <when>2026-09-26T04:31:44Z</when>
          <when>2026-09-26T04:31:45Z</when>
          <when>2026-09-26T04:31:46Z</when>
          <when>2026-09-26T04:31:47Z</when>
          <when>2026-09-26T04:31:48Z</when>
          <when>2026-09-26T04:31:49Z</when>
          <when>2026-09-26T04:31:50Z</when>
          <when>2026-09-26T04:31:51Z</when>
          <when>2026-09-26T04:31:52Z</when>
          <when>2026-09-26T04:31:53Z</when>
          <when>2026-09-26T04:31:54Z</when>
          <when>2026-09-26T04:31:55Z</when>
          <when>2026-09-26T04:31:56Z</when>
          <when>2026-09-26T04:31:57Z</when>
          <when>2026-09-26T04:31:58Z</when>
          <when>2026-09-26T04:31:59Z</when>
          <when>2026-09-26T04:32:00Z</when>
          <when>2026-09-26T04:32:01Z</when>
          <when>2026-09-26T04:32:02Z</when>
          <when>2026-09-26T04:32:03Z</when>
          <when>2026-09-26T04:32:04Z</when>
          <when>2026-09-26T04:32:05Z</when>
          <when>2026-09-26T04:32:06Z</when>
          <when>2026-09-26T04:32:07Z</when>
          <when>2026-09-26T04:32:08Z</when>
          <when>2026-09-26T04:32:09Z</when>
          <when>2026-09-26T04:32:10Z</when>
          <when>2026-09-26T04:32:11Z</when>
          <when>2026-09-26T04:32:12Z</when>
          <when>2026-09-26T04:32:13Z</when>
          <when>2026-09-26T04:32:14Z</when>
          <when>2026-09-26T04:32:15Z</when>
          <when>2026-09-26T04:32:16Z</when>
          <when>2026-09-26T04:32:17Z</when>
          <when>2026-09-26T04:32:18Z</when>
          <when>2026-09-26T04:32:19Z</when>
          <when>2026-09-26T04:32:20Z</when>
          <when>2026-09-26T04:32:21Z</when>
          <when>2026-09-26T04:32:22Z</when>
          <when>2026-09-26T04:32:23Z</when>
          <when>2026-09-26T04:32:24Z</when>
          <when>2026-09-26T04:32:25Z</when>
          <when>2026-09-26T04:32:26Z</when>
          <when>2026-09-26T04:32:27Z</when>
          <when>2026-09-26T04:32:28Z</when>
          <when>2026-09-26T04:32:29Z</when>
          <when>2026-09-26T04:32:31Z</when>
          <when>2026-09-26T04:32:32Z</when>
          <when>2026-09-26T04:32:33Z</when>
          <when>2026-09-26T04:32:34Z</when>
          <when>2026-09-26T04:32:35Z</when>
          <when>2026-09-26T04:32:36Z</when>
          <when>2026-09-26T04:32:37Z</when>
          <when>2026-09-26T04:32:38Z</when>
          <when>2026-09-26T04:32:39Z</when>
          <when>2026-09-26T04:32:40Z</when>
          <when>2026-09-26T04:32:41Z</when>
          <when>2026-09-26T04:32:42Z</when>
          <when>2026-09-26T04:32:43Z</when>
          <when>2026-09-26T04:32:44Z</when>
          <when>2026-09-26T04:32:45Z</when>
          <when>2026-09-26T04:32:46Z</when>
          <when>2026-09-26T04:32:47Z</when>
          <when>2026-09-26T04:32:48Z</when>
          <when>2026-09-26T04:32:49Z</when>
          <when>2026-09-26T04:32:50Z</when>
          <when>2026-09-26T04:32:51Z</when>
          <when>2026-09-26T04:32:52Z</when>
          <when>2026-09-26T04:32:53Z</when>
          <when>2026-09-26T04:32:54Z</when>
          <when>2026-09-26T04:32:55Z</when>
          <when>2026-09-26T04:32:56Z</when>
          <when>2026-09-26T04:32:57Z</when>
          <when>2026-09-26T04:32:58Z</when>
          <when>2026-09-26T04:32:59Z</when>
          <when>2026-09-26T04:33:00Z</when>
          <when>2026-09-26T04:33:01Z</when>
          <when>2026-09-26T04:33:02Z</when>
          <when>2026-09-26T04:33:03Z</when>
          <when>2026-09-26T04:33:04Z</when>
          <when>2026-09-26T04:33:05Z</when>
          <when>2026-09-26T04:33:06Z</when>
          <when>2026-09-26T04:33:07Z</when>
          <when>2026-09-26T04:33:09Z</when>
          <when>2026-09-26T04:33:10Z</when>
          <when>2026-09-26T04:33:11Z</when>
          <when>2026-09-26T04:33:12Z</when>
          <when>2026-09-26T04:33:13Z</when>
          <when>2026-09-26T04:33:13Z</when>
          <when>2026-09-26T04:33:14Z</when>
          <when>2026-09-26T04:33:15Z</when>
          <when>2026-09-26T04:33:17Z</when>
          <when>2026-09-26T04:33:20Z</when>
          <when>2026-09-26T04:33:28Z</when>
          <when>2026-09-26T04:33:30Z</when>
          <when>2026-09-26T04:33:32Z</when>
          <when>2026-09-26T04:33:33Z</when>
          <when>2026-09-26T04:33:35Z</when>
          <when>2026-09-26T04:33:37Z</when>
          <when>2026-09-26T04:33:39Z</when>
          <when>2026-09-26T04:33:41Z</when>
          <when>2026-09-26T04:33:43Z</when>
          <when>2026-09-26T04:33:44Z</when>
          <when>2026-09-26T04:33:45Z</when>
          <when>2026-09-26T04:33:46Z</when>
          <when>2026-09-26T04:33:47Z</when>
          <when>2026-09-26T04:33:48Z</when>
          <when>2026-09-26T04:33:49Z</when>
          <when>2026-09-26T04:33:50Z</when>
          <when>2026-09-26T04:33:51Z</when>
          <when>2026-09-26T04:33:52Z</when>
          <when>2026-09-26T04:33:53Z</when>
          <when>2026-09-26T04:33:54Z</when>
          <when>2026-09-26T04:33:55Z</when>
          <when>2026-09-26T04:33:56Z</when>
          <when>2026-09-26T04:33:57Z</when>
          <when>2026-09-26T04:33:58Z</when>
          <when>2026-09-26T04:33:59Z</when>
          <when>2026-09-26T04:34:00Z</when>
          <when>2026-09-26T04:34:01Z</when>
          <when>2026-09-26T04:34:02Z</when>
          <when>2026-09-26T04:34:03Z</when>
          <when>2026-09-26T04:34:05Z</when>
          <when>2026-09-26T04:34:06Z</when>
          <when>2026-09-26T04:34:07Z</when>
          <when>2026-09-26T04:34:08Z</when>
          <when>2026-09-26T04:34:09Z</when>
          <when>2026-09-26T04:34:10Z</when>
          <when>2026-09-26T04:34:11Z</when>
          <when>2026-09-26T04:34:12Z</when>
          <when>2026-09-26T04:34:13Z</when>
          <when>2026-09-26T04:34:14Z</when>
          <when>2026-09-26T04:34:15Z</when>
          <when>2026-09-26T04:34:16Z</when>
          <when>2026-09-26T04:34:17Z</when>
          <when>2026-09-26T04:34:18Z</when>
          <when>2026-09-26T04:34:19Z</when>
          <when>2026-09-26T04:34:20Z</when>
          <when>2026-09-26T04:34:21Z</when>
          <when>2026-09-26T04:34:22Z</when>
          <when>2026-09-26T04:34:23Z</when>
          <when>2026-09-26T04:34:24Z</when>
          <when>2026-09-26T04:34:25Z</when>
          <when>2026-09-26T04:34:27Z</when>
          <when>2026-09-26T04:34:29Z</when>
          <when>2026-09-26T04:34:31Z</when>
          <when>2026-09-26T04:34:38Z</when>
          <when>2026-09-26T04:34:41Z</when>
          <when>2026-09-26T04:34:43Z</when>
          <when>2026-09-26T04:34:45Z</when>
          <when>2026-09-26T04:34:46Z</when>
          <when>2026-09-26T04:34:47Z</when>
          <when>2026-09-26T04:34:48Z</when>
          <when>2026-09-26T04:34:49Z</when>
          <when>2026-09-26T04:34:50Z</when>
          <when>2026-09-26T04:34:51Z</when>
          <when>2026-09-26T04:34:52Z</when>
          <when>2026-09-26T04:34:53Z</when>
          <when>2026-09-26T04:34:54Z</when>
          <when>2026-09-26T04:34:55Z</when>
          <when>2026-09-26T04:34:56Z</when>
          <when>2026-09-26T04:34:57Z</when>
          <when>2026-09-26T04:34:58Z</when>
          <when>2026-09-26T04:34:59Z</when>
          <when>2026-09-26T04:35:00Z</when>
          <when>2026-09-26T04:35:02Z</when>
          <when>2026-09-26T04:35:04Z</when>
          <when>2026-09-26T04:35:06Z</when>
          <when>2026-09-26T04:35:08Z</when>
          <when>2026-09-26T04:35:10Z</when>
          <when>2026-09-26T04:35:42Z</when>
          <when>2026-09-26T04:35:45Z</when>
          <when>2026-09-26T04:35:48Z</when>
          <when>2026-09-26T04:35:50Z</when>
          <when>2026-09-26T04:35:52Z</when>
          <when>2026-09-26T04:35:54Z</when>
          <when>2026-09-26T04:35:56Z</when>
          <when>2026-09-26T04:35:58Z</when>
          <when>2026-09-26T04:36:00Z</when>
          <when>2026-09-26T04:36:02Z</when>
          <when>2026-09-26T04:36:06Z</when>
          <when>2026-09-26T04:36:10Z</when>
          <when>2026-09-26T04:36:17Z</when>
          <when>2026-09-26T04:36:21Z</when>
          <when>2026-09-26T04:36:24Z</when>
          <when>2026-09-26T04:36:28Z</when>
          <when>2026-09-26T04:36:31Z</when>
          <when>2026-09-26T04:36:35Z</when>
          <when>2026-09-26T04:36:37Z</when>
          <when>2026-09-26T04:36:39Z</when>
          <when>2026-09-26T04:36:42Z</when>
          <when>2026-09-26T04:36:45Z</when>
          <when>2026-09-26T04:36:47Z</when>
          <when>2026-09-26T04:36:49Z</when>
          <when>2026-09-26T04:36:52Z</when>
          <when>2026-09-26T04:36:54Z</when>
          <when>2026-09-26T04:36:56Z</when>
          <when>2026-09-26T04:36:58Z</when>
          <when>2026-09-26T04:37:00Z</when>
          <when>2026-09-26T04:37:02Z</when>
          <when>2026-09-26T04:37:05Z</when>
          <when>2026-09-26T04:37:08Z</when>
          <when>2026-09-26T04:37:10Z</when>
          <when>2026-09-26T04:37:13Z</when>
          <when>2026-09-26T04:37:18Z</when>
          <when>2026-09-26T04:37:22Z</when>
          <when>2026-09-26T04:37:24Z</when>
          <when>2026-09-26T04:37:39Z</when>
          <when>2026-09-26T04:37:41Z</when>
          <when>2026-09-26T04:37:43Z</when>
          <when>2026-09-26T04:37:45Z</when>
          <when>2026-09-26T04:37:47Z</when>
          <when>2026-09-26T04:39:16Z</when>
          <when>2026-09-26T04:40:31Z</when>
          <when>2026-09-26T04:40:34Z</when>
          <when>2026-09-26T04:40:37Z</when>
          <when>2026-09-26T04:40:40Z</when>
          <when>2026-09-26T04:40:43Z</when>
          <when>2026-09-26T04:40:46Z</when>
          <when>2026-09-26T04:40:54Z</when>
          <when>2026-09-26T04:41:00Z</when>
          <when>2026-09-26T04:41:07Z</when>
          <when>2026-09-26T04:41:13Z</when>
          <when>2026-09-26T04:41:18Z</when>
          <when>2026-09-26T04:41:21Z</when>
          <when>2026-09-26T04:41:24Z</when>
          <when>2026-09-26T04:41:26Z</when>
          <when>2026-09-26T04:41:28Z</when>
          <when>2026-09-26T04:41:30Z</when>
          <when>2026-09-26T04:41:33Z</when>
          <when>2026-09-26T04:41:35Z</when>
          <when>2026-09-26T04:41:37Z</when>
          <when>2026-09-26T04:41:39Z</when>
          <when>2026-09-26T04:41:41Z</when>
          <when>2026-09-26T04:41:44Z</when>
          <when>2026-09-26T04:41:47Z</when>
          <when>2026-09-26T04:41:50Z</when>
          <when>2026-09-26T04:41:52Z</when>
          <when>2026-09-26T04:41:54Z</when>
          <when>2026-09-26T04:41:56Z</when>
          <when>2026-09-26T04:41:58Z</when>
          <when>2026-09-26T04:42:00Z</when>
          <when>2026-09-26T04:42:02Z</when>
          <when>2026-09-26T04:42:04Z</when>
          <when>2026-09-26T04:42:06Z</when>
          <when>2026-09-26T04:42:07Z</when>
          <when>2026-09-26T04:42:09Z</when>
          <when>2026-09-26T04:42:11Z</when>
          <when>2026-09-26T04:42:13Z</when>
          <when>2026-09-26T04:42:15Z</when>
          <when>2026-09-26T04:42:17Z</when>
          <when>2026-09-26T04:42:19Z</when>
          <when>2026-09-26T04:42:21Z</when>
          <when>2026-09-26T04:42:23Z</when>
          <when>2026-09-26T04:42:25Z</when>
          <when>2026-09-26T04:42:27Z</when>
          <when>2026-09-26T04:42:29Z</when>
          <when>2026-09-26T04:42:32Z</when>
          <when>2026-09-26T04:42:40Z</when>
          <when>2026-09-26T04:42:43Z</when>
          <when>2026-09-26T04:42:45Z</when>
          <when>2026-09-26T04:42:47Z</when>
          <when>2026-09-26T04:42:49Z</when>
          <when>2026-09-26T04:42:51Z</when>
          <when>2026-09-26T04:42:53Z</when>
          <when>2026-09-26T04:42:55Z</when>
          <when>2026-09-26T04:42:57Z</when>
          <when>2026-09-26T04:42:59Z</when>
          <when>2026-09-26T04:43:01Z</when>
          <when>2026-09-26T04:43:04Z</when>
          <when>2026-09-26T04:43:06Z</when>
          <when>2026-09-26T04:43:08Z</when>
          <when>2026-09-26T04:43:10Z</when>
          <when>2026-09-26T04:43:12Z</when>
          <when>2026-09-26T04:43:14Z</when>
          <when>2026-09-26T04:43:16Z</when>
          <when>2026-09-26T04:43:18Z</when>
          <when>2026-09-26T04:43:21Z</when>
          <when>2026-09-26T04:43:25Z</when>
          <when>2026-09-26T04:43:50Z</when>
          <when>2026-09-26T04:43:55Z</when>
          <when>2026-09-26T04:43:58Z</when>
          <when>2026-09-26T04:44:01Z</when>
          <when>2026-09-26T04:44:05Z</when>
          <when>2026-09-26T04:44:07Z</when>
          <when>2026-09-26T04:44:08Z</when>
          <when>2026-09-26T04:44:10Z</when>
          <when>2026-09-26T04:44:11Z</when>
          <when>2026-09-26T04:44:12Z</when>
          <when>2026-09-26T04:44:13Z</when>
          <when>2026-09-26T04:44:14Z</when>
          <when>2026-09-26T04:44:15Z</when>
          <when>2026-09-26T04:44:16Z</when>
          <when>2026-09-26T04:44:17Z</when>
          <when>2026-09-26T04:44:18Z</when>
          <when>2026-09-26T04:44:19Z</when>
          <when>2026-09-26T04:44:20Z</when>
          <when>2026-09-26T04:44:21Z</when>
          <when>2026-09-26T04:44:22Z</when>
          <when>2026-09-26T04:44:23Z</when>
          <when>2026-09-26T04:44:24Z</when>
          <when>2026-09-26T04:44:25Z</when>
          <when>2026-09-26T04:44:26Z</when>
          <when>2026-09-26T04:44:27Z</when>
          <when>2026-09-26T04:44:28Z</when>
          <when>2026-09-26T04:44:29Z</when>
          <when>2026-09-26T04:44:30Z</when>
          <when>2026-09-26T04:44:31Z</when>
          <when>2026-09-26T04:44:32Z</when>
          <when>2026-09-26T04:44:33Z</when>
          <when>2026-09-26T04:44:34Z</when>
          <when>2026-09-26T04:44:35Z</when>
          <when>2026-09-26T04:44:36Z</when>
          <when>2026-09-26T04:44:37Z</when>
          <when>2026-09-26T04:44:38Z</when>
          <when>2026-09-26T04:44:39Z</when>
          <when>2026-09-26T04:44:40Z</when>
          <when>2026-09-26T04:44:41Z</when>
          <when>2026-09-26T04:44:42Z</when>
          <when>2026-09-26T04:44:43Z</when>
          <when>2026-09-26T04:44:44Z</when>
          <when>2026-09-26T04:44:45Z</when>
          <when>2026-09-26T04:44:46Z</when>
          <when>2026-09-26T04:44:47Z</when>
          <when>2026-09-26T04:44:48Z</when>
          <when>2026-09-26T04:44:49Z</when>
          <when>2026-09-26T04:44:50Z</when>
          <when>2026-09-26T04:44:51Z</when>
          <when>2026-09-26T04:44:52Z</when>
          <when>2026-09-26T04:44:53Z</when>
          <when>2026-09-26T04:44:54Z</when>
          <when>2026-09-26T04:44:55Z</when>
          <when>2026-09-26T04:44:56Z</when>
          <when>2026-09-26T04:44:57Z</when>
          <when>2026-09-26T04:44:58Z</when>
          <when>2026-09-26T04:44:59Z</when>
          <when>2026-09-26T04:45:00Z</when>
          <when>2026-09-26T04:45:01Z</when>
          <when>2026-09-26T04:45:02Z</when>
          <when>2026-09-26T04:45:03Z</when>
          <when>2026-09-26T04:45:04Z</when>
          <when>2026-09-26T04:45:05Z</when>
          <when>2026-09-26T04:45:06Z</when>
          <when>2026-09-26T04:45:07Z</when>
          <when>2026-09-26T04:45:08Z</when>
          <when>2026-09-26T04:45:09Z</when>
          <when>2026-09-26T04:45:10Z</when>
          <when>2026-09-26T04:45:11Z</when>
          <when>2026-09-26T04:45:12Z</when>
          <when>2026-09-26T04:45:13Z</when>
          <when>2026-09-26T04:45:14Z</when>
          <when>2026-09-26T04:45:15Z</when>
          <when>2026-09-26T04:45:16Z</when>
          <when>2026-09-26T04:45:17Z</when>
          <when>2026-09-26T04:45:18Z</when>
          <when>2026-09-26T04:45:19Z</when>
          <when>2026-09-26T04:45:20Z</when>
          <when>2026-09-26T04:45:21Z</when>
          <when>2026-09-26T04:45:22Z</when>
          <when>2026-09-26T04:45:23Z</when>
          <when>2026-09-26T04:45:24Z</when>
          <when>2026-09-26T04:45:25Z</when>
          <when>2026-09-26T04:45:26Z</when>
          <when>2026-09-26T04:45:27Z</when>
          <when>2026-09-26T04:45:28Z</when>
          <when>2026-09-26T04:45:29Z</when>
          <when>2026-09-26T04:45:30Z</when>
          <when>2026-09-26T04:45:31Z</when>
          <when>2026-09-26T04:45:32Z</when>
          <when>2026-09-26T04:45:33Z</when>
          <when>2026-09-26T04:45:34Z</when>
          <when>2026-09-26T04:45:35Z</when>
          <when>2026-09-26T04:45:36Z</when>
          <when>2026-09-26T04:45:37Z</when>
          <when>2026-09-26T04:45:38Z</when>
          <when>2026-09-26T04:45:39Z</when>
          <when>2026-09-26T04:45:40Z</when>
          <when>2026-09-26T04:45:41Z</when>
          <when>2026-09-26T04:45:42Z</when>
          <when>2026-09-26T04:45:44Z</when>
          <when>2026-09-26T04:45:45Z</when>
          <when>2026-09-26T04:45:46Z</when>
          <when>2026-09-26T04:45:47Z</when>
          <when>2026-09-26T04:45:48Z</when>
          <when>2026-09-26T04:45:49Z</when>
          <when>2026-09-26T04:45:50Z</when>
          <when>2026-09-26T04:45:51Z</when>
          <when>2026-09-26T04:45:52Z</when>
          <when>2026-09-26T04:45:53Z</when>
          <when>2026-09-26T04:45:54Z</when>
          <when>2026-09-26T04:45:55Z</when>
          <when>2026-09-26T04:45:56Z</when>
          <when>2026-09-26T04:45:57Z</when>
          <when>2026-09-26T04:45:58Z</when>
          <when>2026-09-26T04:45:59Z</when>
          <when>2026-09-26T04:46:00Z</when>
          <when>2026-09-26T04:46:01Z</when>
          <when>2026-09-26T04:46:02Z</when>
          <when>2026-09-26T04:46:03Z</when>
          <when>2026-09-26T04:46:04Z</when>
          <when>2026-09-26T04:46:05Z</when>
          <when>2026-09-26T04:46:05Z</when>
          <when>2026-09-26T04:46:06Z</when>
          <when>2026-09-26T04:46:07Z</when>
          <when>2026-09-26T04:46:08Z</when>
          <when>2026-09-26T04:46:09Z</when>
          <when>2026-09-26T04:46:10Z</when>
          <when>2026-09-26T04:46:11Z</when>
          <when>2026-09-26T04:46:12Z</when>
          <when>2026-09-26T04:46:13Z</when>
          <when>2026-09-26T04:46:14Z</when>
          <when>2026-09-26T04:46:15Z</when>
          <when>2026-09-26T04:46:16Z</when>
          <when>2026-09-26T04:46:17Z</when>
          <when>2026-09-26T04:46:18Z</when>
          <when>2026-09-26T04:46:19Z</when>
          <when>2026-09-26T04:46:20Z</when>
          <when>2026-09-26T04:46:21Z</when>
          <when>2026-09-26T04:46:22Z</when>
          <when>2026-09-26T04:46:23Z</when>
          <when>2026-09-26T04:46:24Z</when>
          <when>2026-09-26T04:46:25Z</when>
          <when>2026-09-26T04:46:26Z</when>
          <when>2026-09-26T04:46:27Z</when>
          <when>2026-09-26T04:46:28Z</when>
          <when>2026-09-26T04:46:29Z</when>
          <when>2026-09-26T04:46:30Z</when>
          <when>2026-09-26T04:46:31Z</when>
          <when>2026-09-26T04:46:32Z</when>
          <when>2026-09-26T04:46:33Z</when>
          <when>2026-09-26T04:46:34Z</when>
          <when>2026-09-26T04:46:35Z</when>
          <when>2026-09-26T04:46:36Z</when>
          <when>2026-09-26T04:46:37Z</when>
          <when>2026-09-26T04:46:38Z</when>
          <when>2026-09-26T04:46:39Z</when>
          <when>2026-09-26T04:46:40Z</when>
          <when>2026-09-26T04:46:41Z</when>
          <when>2026-09-26T04:46:42Z</when>
          <when>2026-09-26T04:46:43Z</when>
          <when>2026-09-26T04:46:44Z</when>
          <when>2026-09-26T04:46:45Z</when>
          <when>2026-09-26T04:46:46Z</when>
          <when>2026-09-26T04:46:47Z</when>
          <when>2026-09-26T04:46:48Z</when>
          <when>2026-09-26T04:46:49Z</when>
          <when>2026-09-26T04:46:50Z</when>
          <when>2026-09-26T04:46:51Z</when>
          <when>2026-09-26T04:46:52Z</when>
          <when>2026-09-26T04:46:53Z</when>
          <when>2026-09-26T04:46:54Z</when>
          <when>2026-09-26T04:46:55Z</when>
          <when>2026-09-26T04:46:56Z</when>
          <when>2026-09-26T04:46:57Z</when>
          <when>2026-09-26T04:46:58Z</when>
          <when>2026-09-26T04:46:59Z</when>
          <when>2026-09-26T04:47:00Z</when>
          <when>2026-09-26T04:47:01Z</when>
          <when>2026-09-26T04:47:02Z</when>
          <when>2026-09-26T04:47:03Z</when>
          <when>2026-09-26T04:47:04Z</when>
          <when>2026-09-26T04:47:05Z</when>
          <when>2026-09-26T04:47:07Z</when>
          <when>2026-09-26T04:47:09Z</when>
          <when>2026-09-26T04:47:11Z</when>
          <when>2026-09-26T04:47:13Z</when>
          <when>2026-09-26T04:47:15Z</when>
          <when>2026-09-26T04:47:17Z</when>
          <when>2026-09-26T04:47:19Z</when>
          <when>2026-09-26T04:47:21Z</when>
          <when>2026-09-26T04:47:23Z</when>
          <when>2026-09-26T04:47:25Z</when>
          <when>2026-09-26T04:47:27Z</when>
          <when>2026-09-26T04:47:29Z</when>
          <when>2026-09-26T04:47:31Z</when>
          <when>2026-09-26T04:47:33Z</when>
          <when>2026-09-26T04:47:38Z</when>
          <when>2026-09-26T04:47:40Z</when>
          <when>2026-09-26T04:47:42Z</when>
          <when>2026-09-26T04:47:43Z</when>
          <when>2026-09-26T04:47:44Z</when>
          <when>2026-09-26T04:47:45Z</when>
          <when>2026-09-26T04:47:46Z</when>
          <when>2026-09-26T04:47:47Z</when>
          <when>2026-09-26T04:47:48Z</when>
          <when>2026-09-26T04:47:49Z</when>
          <when>2026-09-26T04:47:50Z</when>
          <when>2026-09-26T04:47:51Z</when>
          <when>2026-09-26T04:47:52Z</when>
          <when>2026-09-26T04:47:53Z</when>
          <when>2026-09-26T04:47:54Z</when>
          <when>2026-09-26T04:47:55Z</when>
          <when>2026-09-26T04:47:56Z</when>
          <when>2026-09-26T04:47:57Z</when>
          <when>2026-09-26T04:47:58Z</when>
          <when>2026-09-26T04:47:59Z</when>
          <when>2026-09-26T04:48:00Z</when>
          <when>2026-09-26T04:48:01Z</when>
          <when>2026-09-26T04:48:02Z</when>
          <when>2026-09-26T04:48:03Z</when>
          <when>2026-09-26T04:48:04Z</when>
          <when>2026-09-26T04:48:05Z</when>
          <when>2026-09-26T04:48:06Z</when>
          <when>2026-09-26T04:48:07Z</when>
          <when>2026-09-26T04:48:08Z</when>
          <when>2026-09-26T04:48:09Z</when>
          <when>2026-09-26T04:48:10Z</when>
          <when>2026-09-26T04:48:11Z</when>
          <when>2026-09-26T04:48:13Z</when>
          <when>2026-09-26T04:48:14Z</when>
          <when>2026-09-26T04:48:15Z</when>
          <when>2026-09-26T04:48:16Z</when>
          <when>2026-09-26T04:48:17Z</when>
          <when>2026-09-26T04:48:18Z</when>
          <when>2026-09-26T04:48:19Z</when>
          <when>2026-09-26T04:48:20Z</when>
          <when>2026-09-26T04:48:21Z</when>
          <when>2026-09-26T04:48:22Z</when>
          <when>2026-09-26T04:48:23Z</when>
          <when>2026-09-26T04:48:24Z</when>
          <when>2026-09-26T04:48:25Z</when>
          <when>2026-09-26T04:48:26Z</when>
          <when>2026-09-26T04:48:27Z</when>
          <when>2026-09-26T04:48:28Z</when>
          <when>2026-09-26T04:48:29Z</when>
          <when>2026-09-26T04:48:30Z</when>
          <when>2026-09-26T04:48:31Z</when>
          <when>2026-09-26T04:48:32Z</when>
          <when>2026-09-26T04:48:33Z</when>
          <when>2026-09-26T04:48:34Z</when>
          <when>2026-09-26T04:48:35Z</when>
          <when>2026-09-26T04:48:36Z</when>
          <when>2026-09-26T04:48:37Z</when>
          <when>2026-09-26T04:48:38Z</when>
          <when>2026-09-26T04:48:39Z</when>
          <when>2026-09-26T04:48:40Z</when>
          <when>2026-09-26T04:48:41Z</when>
          <when>2026-09-26T04:48:42Z</when>
          <when>2026-09-26T04:48:43Z</when>
          <when>2026-09-26T04:48:44Z</when>
          <when>2026-09-26T04:48:45Z</when>
          <when>2026-09-26T04:48:46Z</when>
          <when>2026-09-26T04:48:47Z</when>
          <when>2026-09-26T04:48:48Z</when>
          <when>2026-09-26T04:48:50Z</when>
          <when>2026-09-26T04:48:52Z</when>
          <when>2026-09-26T04:48:54Z</when>
          <when>2026-09-26T04:48:56Z</when>
          <when>2026-09-26T04:48:58Z</when>
          <when>2026-09-26T04:49:00Z</when>
          <when>2026-09-26T04:49:02Z</when>
          <when>2026-09-26T04:49:04Z</when>
          <when>2026-09-26T04:49:05Z</when>
          <when>2026-09-26T04:49:06Z</when>
          <when>2026-09-26T04:49:08Z</when>
          <when>2026-09-26T04:49:10Z</when>
          <when>2026-09-26T04:49:12Z</when>
          <when>2026-09-26T04:49:14Z</when>
          <when>2026-09-26T04:49:16Z</when>
          <when>2026-09-26T04:49:18Z</when>
          <when>2026-09-26T04:49:20Z</when>
          <when>2026-09-26T04:49:22Z</when>
          <when>2026-09-26T04:49:24Z</when>
          <when>2026-09-26T04:49:26Z</when>
          <when>2026-09-26T04:49:28Z</when>
          <when>2026-09-26T04:49:30Z</when>
          <when>2026-09-26T04:49:32Z</when>
          <when>2026-09-26T04:49:34Z</when>
          <when>2026-09-26T04:49:36Z</when>
          <when>2026-09-26T04:49:38Z</when>
          <when>2026-09-26T04:49:40Z</when>
          <when>2026-09-26T04:49:42Z</when>
          <when>2026-09-26T04:49:43Z</when>
          <when>2026-09-26T04:49:44Z</when>
          <when>2026-09-26T04:49:45Z</when>
          <when>2026-09-26T04:49:46Z</when>
          <when>2026-09-26T04:49:47Z</when>
          <when>2026-09-26T04:49:48Z</when>
          <when>2026-09-26T04:49:50Z</when>
          <when>2026-09-26T04:49:52Z</when>
          <when>2026-09-26T04:49:54Z</when>
          <when>2026-09-26T04:49:55Z</when>
          <when>2026-09-26T04:49:56Z</when>
          <when>2026-09-26T04:49:58Z</when>
          <when>2026-09-26T04:49:59Z</when>
          <when>2026-09-26T04:50:00Z</when>
          <when>2026-09-26T04:50:01Z</when>
          <when>2026-09-26T04:50:02Z</when>
          <when>2026-09-26T04:50:03Z</when>
          <when>2026-09-26T04:50:04Z</when>
          <when>2026-09-26T04:50:05Z</when>
          <when>2026-09-26T04:50:06Z</when>
          <when>2026-09-26T04:50:07Z</when>
          <when>2026-09-26T04:50:08Z</when>
          <when>2026-09-26T04:50:09Z</when>
          <when>2026-09-26T04:50:10Z</when>
          <when>2026-09-26T04:50:11Z</when>
          <when>2026-09-26T04:50:12Z</when>
          <when>2026-09-26T04:50:13Z</when>
          <when>2026-09-26T04:50:14Z</when>
          <when>2026-09-26T04:50:15Z</when>
          <when>2026-09-26T04:50:16Z</when>
          <when>2026-09-26T04:50:17Z</when>
          <when>2026-09-26T04:50:18Z</when>
          <when>2026-09-26T04:50:19Z</when>
          <when>2026-09-26T04:50:20Z</when>
          <when>2026-09-26T04:50:21Z</when>
          <when>2026-09-26T04:50:22Z</when>
          <when>2026-09-26T04:50:23Z</when>
          <when>2026-09-26T04:50:24Z</when>
          <when>2026-09-26T04:50:25Z</when>
          <when>2026-09-26T04:50:26Z</when>
          <when>2026-09-26T04:50:27Z</when>
          <when>2026-09-26T04:50:28Z</when>
          <when>2026-09-26T04:50:29Z</when>
          <when>2026-09-26T04:50:30Z</when>
          <when>2026-09-26T04:50:31Z</when>
          <when>2026-09-26T04:50:32Z</when>
          <when>2026-09-26T04:50:33Z</when>
          <when>2026-09-26T04:50:34Z</when>
          <when>2026-09-26T04:50:35Z</when>
          <when>2026-09-26T04:50:36Z</when>
          <when>2026-09-26T04:50:37Z</when>
          <when>2026-09-26T04:50:38Z</when>
          <when>2026-09-26T04:50:39Z</when>
          <when>2026-09-26T04:50:40Z</when>
          <when>2026-09-26T04:50:41Z</when>
          <when>2026-09-26T04:50:42Z</when>
          <when>2026-09-26T04:50:43Z</when>
          <when>2026-09-26T04:50:44Z</when>
          <when>2026-09-26T04:50:45Z</when>
          <when>2026-09-26T04:50:46Z</when>
          <when>2026-09-26T04:50:47Z</when>
          <when>2026-09-26T04:50:48Z</when>
          <when>2026-09-26T04:50:49Z</when>
          <when>2026-09-26T04:50:50Z</when>
          <when>2026-09-26T04:50:51Z</when>
          <when>2026-09-26T04:50:52Z</when>
          <when>2026-09-26T04:50:53Z</when>
          <when>2026-09-26T04:50:54Z</when>
          <when>2026-09-26T04:50:55Z</when>
          <when>2026-09-26T04:50:56Z</when>
          <when>2026-09-26T04:50:57Z</when>
          <when>2026-09-26T04:50:58Z</when>
          <when>2026-09-26T04:50:59Z</when>
          <when>2026-09-26T04:51:00Z</when>
          <when>2026-09-26T04:51:01Z</when>
          <when>2026-09-26T04:51:03Z</when>
          <when>2026-09-26T04:51:05Z</when>
          <when>2026-09-26T04:51:06Z</when>
          <when>2026-09-26T04:51:08Z</when>
          <when>2026-09-26T04:51:10Z</when>
          <when>2026-09-26T04:51:12Z</when>
          <when>2026-09-26T04:51:14Z</when>
          <when>2026-09-26T04:51:16Z</when>
          <when>2026-09-26T04:51:18Z</when>
          <when>2026-09-26T04:51:20Z</when>
          <when>2026-09-26T04:51:21Z</when>
          <when>2026-09-26T04:51:22Z</when>
          <when>2026-09-26T04:51:23Z</when>
          <when>2026-09-26T04:51:25Z</when>
          <when>2026-09-26T04:51:26Z</when>
          <when>2026-09-26T04:51:27Z</when>
          <when>2026-09-26T04:51:28Z</when>
          <when>2026-09-26T04:51:29Z</when>
          <when>2026-09-26T04:51:31Z</when>
          <when>2026-09-26T04:51:33Z</when>
          <when>2026-09-26T04:51:35Z</when>
          <when>2026-09-26T04:51:37Z</when>
          <when>2026-09-26T04:51:38Z</when>
          <when>2026-09-26T04:51:40Z</when>
          <when>2026-09-26T04:51:41Z</when>
          <when>2026-09-26T04:51:42Z</when>
          <when>2026-09-26T04:51:43Z</when>
          <when>2026-09-26T04:51:44Z</when>
          <when>2026-09-26T04:51:45Z</when>
          <when>2026-09-26T04:51:46Z</when>
          <when>2026-09-26T04:51:47Z</when>
          <when>2026-09-26T04:51:48Z</when>
          <when>2026-09-26T04:51:49Z</when>
          <when>2026-09-26T04:51:50Z</when>
          <when>2026-09-26T04:51:51Z</when>
          <when>2026-09-26T04:51:52Z</when>
          <when>2026-09-26T04:51:53Z</when>
          <when>2026-09-26T04:51:54Z</when>
          <when>2026-09-26T04:51:55Z</when>
          <when>2026-09-26T04:51:56Z</when>
          <when>2026-09-26T04:51:57Z</when>
          <when>2026-09-26T04:51:58Z</when>
          <when>2026-09-26T04:51:59Z</when>
          <when>2026-09-26T04:52:00Z</when>
          <when>2026-09-26T04:52:01Z</when>
          <when>2026-09-26T04:52:02Z</when>
          <when>2026-09-26T04:52:03Z</when>
          <when>2026-09-26T04:52:04Z</when>
          <when>2026-09-26T04:52:05Z</when>
          <when>2026-09-26T04:52:06Z</when>
          <when>2026-09-26T04:52:07Z</when>
          <when>2026-09-26T04:52:08Z</when>
          <when>2026-09-26T04:52:09Z</when>
          <when>2026-09-26T04:52:10Z</when>
          <when>2026-09-26T04:52:11Z</when>
          <when>2026-09-26T04:52:12Z</when>
          <when>2026-09-26T04:52:13Z</when>
          <when>2026-09-26T04:52:15Z</when>
          <when>2026-09-26T04:52:17Z</when>
          <when>2026-09-26T04:52:19Z</when>
          <when>2026-09-26T04:52:21Z</when>
          <when>2026-09-26T04:52:22Z</when>
          <when>2026-09-26T04:52:23Z</when>
          <when>2026-09-26T04:52:24Z</when>
          <when>2026-09-26T04:52:25Z</when>
          <when>2026-09-26T04:52:26Z</when>
          <when>2026-09-26T04:52:27Z</when>
          <when>2026-09-26T04:52:28Z</when>
          <when>2026-09-26T04:52:29Z</when>
          <when>2026-09-26T04:52:30Z</when>
          <when>2026-09-26T04:52:31Z</when>
          <when>2026-09-26T04:52:33Z</when>
          <when>2026-09-26T04:52:35Z</when>
          <when>2026-09-26T04:52:36Z</when>
          <when>2026-09-26T04:52:37Z</when>
          <when>2026-09-26T04:52:38Z</when>
          <when>2026-09-26T04:52:39Z</when>
          <when>2026-09-26T04:52:40Z</when>
          <when>2026-09-26T04:52:41Z</when>
          <when>2026-09-26T04:52:42Z</when>
          <when>2026-09-26T04:52:43Z</when>
          <when>2026-09-26T04:52:44Z</when>
          <when>2026-09-26T04:52:45Z</when>
          <when>2026-09-26T04:52:46Z</when>
          <when>2026-09-26T04:52:47Z</when>
          <when>2026-09-26T04:52:48Z</when>
          <when>2026-09-26T04:52:49Z</when>
          <when>2026-09-26T04:52:50Z</when>
          <when>2026-09-26T04:52:51Z</when>
          <when>2026-09-26T04:52:52Z</when>
          <when>2026-09-26T04:52:53Z</when>
          <when>2026-09-26T04:52:54Z</when>
          <when>2026-09-26T04:52:55Z</when>
          <when>2026-09-26T04:52:56Z</when>
          <when>2026-09-26T04:52:57Z</when>
          <when>2026-09-26T04:52:58Z</when>
          <when>2026-09-26T04:52:59Z</when>
          <when>2026-09-26T04:53:00Z</when>
          <when>2026-09-26T04:53:01Z</when>
          <when>2026-09-26T04:53:02Z</when>
          <when>2026-09-26T04:53:03Z</when>
          <when>2026-09-26T04:53:04Z</when>
          <when>2026-09-26T04:53:05Z</when>
          <when>2026-09-26T04:53:06Z</when>
          <when>2026-09-26T04:53:07Z</when>
          <when>2026-09-26T04:53:08Z</when>
          <when>2026-09-26T04:53:09Z</when>
          <when>2026-09-26T04:53:10Z</when>
          <when>2026-09-26T04:53:11Z</when>
          <when>2026-09-26T04:53:12Z</when>
          <when>2026-09-26T04:53:13Z</when>
          <when>2026-09-26T04:53:14Z</when>
          <when>2026-09-26T04:53:15Z</when>
          <when>2026-09-26T04:53:16Z</when>
          <when>2026-09-26T04:53:17Z</when>
          <when>2026-09-26T04:53:18Z</when>
          <when>2026-09-26T04:53:19Z</when>
          <when>2026-09-26T04:53:20Z</when>
          <when>2026-09-26T04:53:21Z</when>
          <when>2026-09-26T04:53:22Z</when>
          <when>2026-09-26T04:53:23Z</when>
          <when>2026-09-26T04:53:24Z</when>
          <when>2026-09-26T04:53:25Z</when>
          <when>2026-09-26T04:53:26Z</when>
          <when>2026-09-26T04:53:27Z</when>
          <when>2026-09-26T04:53:28Z</when>
          <when>2026-09-26T04:53:29Z</when>
          <when>2026-09-26T04:53:30Z</when>
          <when>2026-09-26T04:53:31Z</when>
          <when>2026-09-26T04:53:32Z</when>
          <when>2026-09-26T04:53:34Z</when>
          <when>2026-09-26T04:53:35Z</when>
          <when>2026-09-26T04:53:36Z</when>
          <when>2026-09-26T04:53:37Z</when>
          <when>2026-09-26T04:53:38Z</when>
          <when>2026-09-26T04:53:39Z</when>
          <when>2026-09-26T04:53:40Z</when>
          <when>2026-09-26T04:53:41Z</when>
          <when>2026-09-26T04:53:42Z</when>
          <when>2026-09-26T04:53:43Z</when>
          <when>2026-09-26T04:53:44Z</when>
          <when>2026-09-26T04:53:45Z</when>
          <when>2026-09-26T04:53:46Z</when>
          <when>2026-09-26T04:53:47Z</when>
          <when>2026-09-26T04:53:48Z</when>
          <when>2026-09-26T04:53:49Z</when>
          <when>2026-09-26T04:53:50Z</when>
          <when>2026-09-26T04:53:51Z</when>
          <when>2026-09-26T04:53:52Z</when>
          <when>2026-09-26T04:53:54Z</when>
          <when>2026-09-26T04:53:56Z</when>
          <when>2026-09-26T04:53:57Z</when>
          <when>2026-09-26T04:53:58Z</when>
          <when>2026-09-26T04:53:59Z</when>
          <when>2026-09-26T04:54:00Z</when>
          <when>2026-09-26T04:54:01Z</when>
          <when>2026-09-26T04:54:02Z</when>
          <when>2026-09-26T04:54:03Z</when>
          <when>2026-09-26T04:54:04Z</when>
          <when>2026-09-26T04:54:05Z</when>
          <when>2026-09-26T04:54:06Z</when>
          <when>2026-09-26T04:54:07Z</when>
          <when>2026-09-26T04:54:08Z</when>
          <when>2026-09-26T04:54:09Z</when>
          <when>2026-09-26T04:54:10Z</when>
          <when>2026-09-26T04:54:11Z</when>
          <when>2026-09-26T04:54:12Z</when>
          <when>2026-09-26T04:54:13Z</when>
          <when>2026-09-26T04:54:14Z</when>
          <when>2026-09-26T04:54:15Z</when>
          <when>2026-09-26T04:54:16Z</when>
          <when>2026-09-26T04:54:17Z</when>
          <when>2026-09-26T04:54:18Z</when>
          <when>2026-09-26T04:54:19Z</when>
          <when>2026-09-26T04:54:20Z</when>
          <when>2026-09-26T04:54:21Z</when>
          <when>2026-09-26T04:54:22Z</when>
          <when>2026-09-26T04:54:23Z</when>
          <when>2026-09-26T04:54:24Z</when>
          <when>2026-09-26T04:54:25Z</when>
          <when>2026-09-26T04:54:26Z</when>
          <when>2026-09-26T04:54:27Z</when>
          <when>2026-09-26T04:54:28Z</when>
          <when>2026-09-26T04:54:29Z</when>
          <when>2026-09-26T04:54:30Z</when>
          <when>2026-09-26T04:54:31Z</when>
          <when>2026-09-26T04:54:32Z</when>
          <when>2026-09-26T04:54:33Z</when>
          <when>2026-09-26T04:54:34Z</when>
          <when>2026-09-26T04:54:35Z</when>
          <when>2026-09-26T04:54:36Z</when>
          <when>2026-09-26T04:54:37Z</when>
          <when>2026-09-26T04:54:38Z</when>
          <when>2026-09-26T04:54:39Z</when>
          <when>2026-09-26T04:54:40Z</when>
          <when>2026-09-26T04:54:41Z</when>
          <when>2026-09-26T04:54:42Z</when>
          <when>2026-09-26T04:54:43Z</when>
          <when>2026-09-26T04:54:44Z</when>
          <when>2026-09-26T04:54:45Z</when>
          <when>2026-09-26T04:54:46Z</when>
          <when>2026-09-26T04:54:47Z</when>
          <when>2026-09-26T04:54:48Z</when>
          <when>2026-09-26T04:54:49Z</when>
          <when>2026-09-26T04:54:50Z</when>
          <when>2026-09-26T04:54:51Z</when>
          <when>2026-09-26T04:54:52Z</when>
          <when>2026-09-26T04:54:53Z</when>
          <when>2026-09-26T04:54:54Z</when>
          <when>2026-09-26T04:54:55Z</when>
          <when>2026-09-26T04:54:56Z</when>
          <when>2026-09-26T04:54:57Z</when>
          <when>2026-09-26T04:54:58Z</when>
          <when>2026-09-26T04:54:59Z</when>
          <when>2026-09-26T04:55:00Z</when>
          <when>2026-09-26T04:55:01Z</when>
          <when>2026-09-26T04:55:02Z</when>
          <when>2026-09-26T04:55:03Z</when>
          <when>2026-09-26T04:55:04Z</when>
          <when>2026-09-26T04:55:05Z</when>
          <when>2026-09-26T04:55:06Z</when>
          <when>2026-09-26T04:55:07Z</when>
          <when>2026-09-26T04:55:08Z</when>
          <when>2026-09-26T04:55:09Z</when>
          <when>2026-09-26T04:55:10Z</when>
          <when>2026-09-26T04:55:11Z</when>
          <when>2026-09-26T04:55:12Z</when>
          <when>2026-09-26T04:55:13Z</when>
          <when>2026-09-26T04:55:14Z</when>
          <when>2026-09-26T04:55:15Z</when>
          <when>2026-09-26T04:55:16Z</when>
          <when>2026-09-26T04:55:17Z</when>
          <when>2026-09-26T04:55:18Z</when>
          <when>2026-09-26T04:55:19Z</when>
          <when>2026-09-26T04:55:20Z</when>
          <when>2026-09-26T04:55:21Z</when>
          <when>2026-09-26T04:55:22Z</when>
          <when>2026-09-26T04:55:23Z</when>
          <when>2026-09-26T04:55:24Z</when>
          <when>2026-09-26T04:55:25Z</when>
          <when>2026-09-26T04:55:26Z</when>
          <when>2026-09-26T04:55:27Z</when>
          <when>2026-09-26T04:55:28Z</when>
          <when>2026-09-26T04:55:30Z</when>
          <when>2026-09-26T04:55:32Z</when>
          <when>2026-09-26T04:55:34Z</when>
          <when>2026-09-26T04:55:36Z</when>
          <when>2026-09-26T04:55:38Z</when>
          <when>2026-09-26T04:55:39Z</when>
          <when>2026-09-26T04:55:40Z</when>
          <when>2026-09-26T04:55:41Z</when>
          <when>2026-09-26T04:55:42Z</when>
          <when>2026-09-26T04:55:43Z</when>
          <when>2026-09-26T04:55:44Z</when>
          <when>2026-09-26T04:55:46Z</when>
          <when>2026-09-26T04:55:47Z</when>
          <when>2026-09-26T04:55:48Z</when>
          <when>2026-09-26T04:55:49Z</when>
          <when>2026-09-26T04:55:50Z</when>
          <when>2026-09-26T04:55:51Z</when>
          <when>2026-09-26T04:55:52Z</when>
          <when>2026-09-26T04:55:53Z</when>
          <when>2026-09-26T04:55:54Z</when>
          <when>2026-09-26T04:55:55Z</when>
          <when>2026-09-26T04:55:56Z</when>
          <when>2026-09-26T04:55:57Z</when>
          <when>2026-09-26T04:55:58Z</when>
          <when>2026-09-26T04:55:59Z</when>
          <when>2026-09-26T04:56:00Z</when>
          <when>2026-09-26T04:56:01Z</when>
          <when>2026-09-26T04:56:02Z</when>
          <when>2026-09-26T04:56:03Z</when>
          <when>2026-09-26T04:56:04Z</when>
          <when>2026-09-26T04:56:05Z</when>
          <when>2026-09-26T04:56:06Z</when>
          <when>2026-09-26T04:56:07Z</when>
          <when>2026-09-26T04:56:08Z</when>
          <when>2026-09-26T04:56:09Z</when>
          <when>2026-09-26T04:56:10Z</when>
          <when>2026-09-26T04:56:11Z</when>
          <when>2026-09-26T04:56:12Z</when>
          <when>2026-09-26T04:56:13Z</when>
          <when>2026-09-26T04:56:14Z</when>
          <when>2026-09-26T04:56:15Z</when>
          <when>2026-09-26T04:56:17Z</when>
          <when>2026-09-26T04:56:18Z</when>
          <when>2026-09-26T04:56:19Z</when>
          <when>2026-09-26T04:56:20Z</when>
          <when>2026-09-26T04:56:21Z</when>
          <when>2026-09-26T04:56:22Z</when>
          <when>2026-09-26T04:56:23Z</when>
          <when>2026-09-26T04:56:24Z</when>
          <when>2026-09-26T04:56:25Z</when>
          <when>2026-09-26T04:56:26Z</when>
          <when>2026-09-26T04:56:27Z</when>
          <when>2026-09-26T04:56:28Z</when>
          <when>2026-09-26T04:56:30Z</when>
          <when>2026-09-26T04:56:32Z</when>
          <when>2026-09-26T04:56:34Z</when>
          <when>2026-09-26T04:56:36Z</when>
          <when>2026-09-26T04:56:38Z</when>
          <when>2026-09-26T04:56:40Z</when>
          <when>2026-09-26T04:56:42Z</when>
          <when>2026-09-26T04:56:44Z</when>
          <when>2026-09-26T04:56:46Z</when>
          <when>2026-09-26T04:56:48Z</when>
          <when>2026-09-26T04:56:50Z</when>
          <when>2026-09-26T04:56:52Z</when>
          <when>2026-09-26T04:56:54Z</when>
          <when>2026-09-26T04:56:56Z</when>
          <when>2026-09-26T04:56:58Z</when>
          <when>2026-09-26T04:57:00Z</when>
          <when>2026-09-26T04:57:02Z</when>
          <when>2026-09-26T04:57:04Z</when>
          <when>2026-09-26T04:57:05Z</when>
          <when>2026-09-26T04:57:06Z</when>
          <when>2026-09-26T04:57:07Z</when>
          <when>2026-09-26T04:57:08Z</when>
          <when>2026-09-26T04:57:09Z</when>
          <when>2026-09-26T04:57:10Z</when>
          <when>2026-09-26T04:57:11Z</when>
          <when>2026-09-26T04:57:12Z</when>
          <when>2026-09-26T04:57:13Z</when>
          <when>2026-09-26T04:57:14Z</when>
          <when>2026-09-26T04:57:15Z</when>
          <when>2026-09-26T04:57:16Z</when>
          <when>2026-09-26T04:57:17Z</when>
          <when>2026-09-26T04:57:18Z</when>
          <when>2026-09-26T04:57:19Z</when>
          <when>2026-09-26T04:57:20Z</when>
          <when>2026-09-26T04:57:21Z</when>
          <when>2026-09-26T04:57:22Z</when>
          <when>2026-09-26T04:57:23Z</when>
          <when>2026-09-26T04:57:24Z</when>
          <when>2026-09-26T04:57:25Z</when>
          <when>2026-09-26T04:57:26Z</when>
          <when>2026-09-26T04:57:27Z</when>
          <when>2026-09-26T04:57:28Z</when>
          <when>2026-09-26T04:57:29Z</when>
          <when>2026-09-26T04:57:30Z</when>
          <when>2026-09-26T04:57:31Z</when>
          <when>2026-09-26T04:57:32Z</when>
          <when>2026-09-26T04:57:33Z</when>
          <when>2026-09-26T04:57:34Z</when>
          <when>2026-09-26T04:57:35Z</when>
          <when>2026-09-26T04:57:36Z</when>
          <when>2026-09-26T04:57:37Z</when>
          <when>2026-09-26T04:57:38Z</when>
          <when>2026-09-26T04:57:39Z</when>
          <when>2026-09-26T04:57:40Z</when>
          <when>2026-09-26T04:57:41Z</when>
          <when>2026-09-26T04:57:42Z</when>
          <when>2026-09-26T04:57:43Z</when>
          <when>2026-09-26T04:57:44Z</when>
          <when>2026-09-26T04:57:45Z</when>
          <when>2026-09-26T04:57:46Z</when>
          <when>2026-09-26T04:57:47Z</when>
          <when>2026-09-26T04:57:48Z</when>
          <when>2026-09-26T04:57:49Z</when>
          <when>2026-09-26T04:57:50Z</when>
          <when>2026-09-26T04:57:52Z</when>
          <when>2026-09-26T04:57:55Z</when>
          <when>2026-09-26T04:57:57Z</when>
          <when>2026-09-26T04:57:59Z</when>
          <when>2026-09-26T04:58:00Z</when>
          <when>2026-09-26T04:58:01Z</when>
          <when>2026-09-26T04:58:02Z</when>
          <when>2026-09-26T04:58:03Z</when>
          <when>2026-09-26T04:58:04Z</when>
          <when>2026-09-26T04:58:05Z</when>
          <when>2026-09-26T04:58:06Z</when>
          <when>2026-09-26T04:58:07Z</when>
          <when>2026-09-26T04:58:08Z</when>
          <when>2026-09-26T04:58:09Z</when>
          <when>2026-09-26T04:58:10Z</when>
          <when>2026-09-26T04:58:11Z</when>
          <when>2026-09-26T04:58:12Z</when>
          <when>2026-09-26T04:58:13Z</when>
          <when>2026-09-26T04:58:14Z</when>
          <when>2026-09-26T04:58:15Z</when>
          <when>2026-09-26T04:58:16Z</when>
          <when>2026-09-26T04:58:18Z</when>
          <when>2026-09-26T04:58:22Z</when>
          <when>2026-09-26T04:58:24Z</when>
          <when>2026-09-26T04:58:26Z</when>
          <when>2026-09-26T04:58:27Z</when>
          <when>2026-09-26T04:58:28Z</when>
          <when>2026-09-26T04:58:29Z</when>
          <when>2026-09-26T04:58:30Z</when>
          <when>2026-09-26T04:58:31Z</when>
          <when>2026-09-26T04:58:32Z</when>
          <when>2026-09-26T04:58:33Z</when>
          <when>2026-09-26T04:58:34Z</when>
          <when>2026-09-26T04:58:35Z</when>
          <when>2026-09-26T04:58:36Z</when>
          <when>2026-09-26T04:58:37Z</when>
          <when>2026-09-26T04:58:38Z</when>
          <when>2026-09-26T04:58:39Z</when>
          <when>2026-09-26T04:58:40Z</when>
          <when>2026-09-26T04:58:41Z</when>
          <when>2026-09-26T04:58:42Z</when>
          <when>2026-09-26T04:58:43Z</when>
          <when>2026-09-26T04:58:44Z</when>
          <when>2026-09-26T04:58:45Z</when>
          <when>2026-09-26T04:58:46Z</when>
          <when>2026-09-26T04:58:47Z</when>
          <when>2026-09-26T04:58:48Z</when>
          <when>2026-09-26T04:58:49Z</when>
          <when>2026-09-26T04:58:50Z</when>
          <when>2026-09-26T04:58:51Z</when>
          <when>2026-09-26T04:58:52Z</when>
          <when>2026-09-26T04:58:54Z</when>
          <when>2026-09-26T04:58:55Z</when>
          <when>2026-09-26T04:58:56Z</when>
          <when>2026-09-26T04:58:57Z</when>
          <when>2026-09-26T04:58:58Z</when>
          <when>2026-09-26T04:58:59Z</when>
          <when>2026-09-26T04:59:00Z</when>
          <when>2026-09-26T04:59:01Z</when>
          <when>2026-09-26T04:59:02Z</when>
          <when>2026-09-26T04:59:03Z</when>
          <when>2026-09-26T04:59:04Z</when>
          <when>2026-09-26T04:59:05Z</when>
          <when>2026-09-26T04:59:06Z</when>
          <when>2026-09-26T04:59:07Z</when>
          <when>2026-09-26T04:59:08Z</when>
          <when>2026-09-26T04:59:09Z</when>
          <when>2026-09-26T04:59:10Z</when>
          <when>2026-09-26T04:59:11Z</when>
          <when>2026-09-26T04:59:12Z</when>
          <when>2026-09-26T04:59:13Z</when>
          <when>2026-09-26T04:59:14Z</when>
          <when>2026-09-26T04:59:15Z</when>
          <when>2026-09-26T04:59:16Z</when>
          <when>2026-09-26T04:59:17Z</when>
          <when>2026-09-26T04:59:18Z</when>
          <when>2026-09-26T04:59:19Z</when>
          <when>2026-09-26T04:59:20Z</when>
          <when>2026-09-26T04:59:21Z</when>
          <when>2026-09-26T04:59:22Z</when>
          <when>2026-09-26T04:59:23Z</when>
          <when>2026-09-26T04:59:24Z</when>
          <when>2026-09-26T04:59:25Z</when>
          <when>2026-09-26T04:59:26Z</when>
          <when>2026-09-26T04:59:27Z</when>
          <when>2026-09-26T04:59:28Z</when>
          <when>2026-09-26T04:59:29Z</when>
          <when>2026-09-26T04:59:30Z</when>
          <when>2026-09-26T04:59:31Z</when>
          <when>2026-09-26T04:59:32Z</when>
          <when>2026-09-26T04:59:33Z</when>
          <when>2026-09-26T04:59:34Z</when>
          <when>2026-09-26T04:59:35Z</when>
          <when>2026-09-26T04:59:36Z</when>
          <when>2026-09-26T04:59:37Z</when>
          <when>2026-09-26T04:59:38Z</when>
          <when>2026-09-26T04:59:39Z</when>
          <when>2026-09-26T04:59:40Z</when>
          <when>2026-09-26T04:59:41Z</when>
          <when>2026-09-26T04:59:42Z</when>
          <when>2026-09-26T04:59:43Z</when>
          <when>2026-09-26T04:59:44Z</when>
          <when>2026-09-26T04:59:45Z</when>
          <when>2026-09-26T04:59:46Z</when>
          <when>2026-09-26T04:59:47Z</when>
          <when>2026-09-26T04:59:48Z</when>
          <when>2026-09-26T04:59:49Z</when>
          <when>2026-09-26T04:59:50Z</when>
          <when>2026-09-26T04:59:52Z</when>
          <when>2026-09-26T04:59:53Z</when>
          <when>2026-09-26T04:59:54Z</when>
          <when>2026-09-26T04:59:55Z</when>
          <when>2026-09-26T04:59:56Z</when>
          <when>2026-09-26T04:59:57Z</when>
          <when>2026-09-26T04:59:58Z</when>
          <when>2026-09-26T04:59:59Z</when>
          <when>2026-09-26T05:00:00Z</when>
          <when>2026-09-26T05:00:01Z</when>
          <when>2026-09-26T05:00:02Z</when>
          <when>2026-09-26T05:00:03Z</when>
          <when>2026-09-26T05:00:04Z</when>
          <when>2026-09-26T05:00:05Z</when>
          <when>2026-09-26T05:00:06Z</when>
          <when>2026-09-26T05:00:07Z</when>
          <when>2026-09-26T05:00:08Z</when>
          <when>2026-09-26T05:00:09Z</when>
          <when>2026-09-26T05:00:10Z</when>
          <when>2026-09-26T05:00:11Z</when>
          <when>2026-09-26T05:00:12Z</when>
          <when>2026-09-26T05:00:13Z</when>
          <when>2026-09-26T05:00:14Z</when>
          <when>2026-09-26T05:00:15Z</when>
          <when>2026-09-26T05:00:16Z</when>
          <when>2026-09-26T05:00:17Z</when>
          <when>2026-09-26T05:00:18Z</when>
          <when>2026-09-26T05:00:19Z</when>
          <when>2026-09-26T05:00:20Z</when>
          <when>2026-09-26T05:00:21Z</when>
          <when>2026-09-26T05:00:22Z</when>
          <when>2026-09-26T05:00:23Z</when>
          <when>2026-09-26T05:00:24Z</when>
          <when>2026-09-26T05:00:25Z</when>
          <when>2026-09-26T05:00:26Z</when>
          <when>2026-09-26T05:00:27Z</when>
          <when>2026-09-26T05:00:28Z</when>
          <when>2026-09-26T05:00:29Z</when>
          <when>2026-09-26T05:00:30Z</when>
          <when>2026-09-26T05:00:31Z</when>
          <when>2026-09-26T05:00:32Z</when>
          <when>2026-09-26T05:00:33Z</when>
          <when>2026-09-26T05:00:34Z</when>
          <when>2026-09-26T05:00:35Z</when>
          <when>2026-09-26T05:00:36Z</when>
          <when>2026-09-26T05:00:37Z</when>
          <when>2026-09-26T05:00:38Z</when>
          <when>2026-09-26T05:00:39Z</when>
          <when>2026-09-26T05:00:40Z</when>
          <when>2026-09-26T05:00:41Z</when>
          <when>2026-09-26T05:00:42Z</when>
          <when>2026-09-26T05:00:43Z</when>
          <when>2026-09-26T05:00:44Z</when>
          <when>2026-09-26T05:00:45Z</when>
          <when>2026-09-26T05:00:46Z</when>
          <when>2026-09-26T05:00:47Z</when>
          <when>2026-09-26T05:00:48Z</when>
          <when>2026-09-26T05:00:49Z</when>
          <when>2026-09-26T05:00:50Z</when>
          <when>2026-09-26T05:00:51Z</when>
          <when>2026-09-26T05:00:52Z</when>
          <when>2026-09-26T05:00:53Z</when>
          <when>2026-09-26T05:00:54Z</when>
          <when>2026-09-26T05:00:55Z</when>
          <when>2026-09-26T05:00:56Z</when>
          <when>2026-09-26T05:00:57Z</when>
          <when>2026-09-26T05:00:58Z</when>
          <when>2026-09-26T05:00:59Z</when>
          <when>2026-09-26T05:01:00Z</when>
          <when>2026-09-26T05:01:01Z</when>
          <when>2026-09-26T05:01:02Z</when>
          <when>2026-09-26T05:01:03Z</when>
          <when>2026-09-26T05:01:04Z</when>
          <when>2026-09-26T05:01:05Z</when>
          <when>2026-09-26T05:01:06Z</when>
          <when>2026-09-26T05:01:07Z</when>
          <when>2026-09-26T05:01:08Z</when>
          <when>2026-09-26T05:01:09Z</when>
          <when>2026-09-26T05:01:10Z</when>
          <when>2026-09-26T05:01:11Z</when>
          <when>2026-09-26T05:01:12Z</when>
          <when>2026-09-26T05:01:13Z</when>
          <when>2026-09-26T05:01:14Z</when>
          <when>2026-09-26T05:01:15Z</when>
          <when>2026-09-26T05:01:16Z</when>
          <when>2026-09-26T05:01:17Z</when>
          <when>2026-09-26T05:01:18Z</when>
          <when>2026-09-26T05:01:19Z</when>
          <when>2026-09-26T05:01:20Z</when>
          <when>2026-09-26T05:01:21Z</when>
          <when>2026-09-26T05:01:22Z</when>
          <when>2026-09-26T05:01:23Z</when>
          <when>2026-09-26T05:01:24Z</when>
          <when>2026-09-26T05:01:25Z</when>
          <when>2026-09-26T05:01:26Z</when>
          <when>2026-09-26T05:01:27Z</when>
          <when>2026-09-26T05:01:28Z</when>
          <when>2026-09-26T05:01:29Z</when>
          <when>2026-09-26T05:01:30Z</when>
          <when>2026-09-26T05:01:31Z</when>
          <when>2026-09-26T05:01:32Z</when>
          <when>2026-09-26T05:01:33Z</when>
          <when>2026-09-26T05:01:34Z</when>
          <when>2026-09-26T05:01:35Z</when>
          <when>2026-09-26T05:01:36Z</when>
          <when>2026-09-26T05:01:37Z</when>
          <when>2026-09-26T05:01:38Z</when>
          <when>2026-09-26T05:01:39Z</when>
          <when>2026-09-26T05:01:40Z</when>
          <when>2026-09-26T05:01:41Z</when>
          <when>2026-09-26T05:01:42Z</when>
          <when>2026-09-26T05:01:43Z</when>
          <when>2026-09-26T05:01:44Z</when>
          <when>2026-09-26T05:01:45Z</when>
          <when>2026-09-26T05:01:46Z</when>
          <when>2026-09-26T05:01:47Z</when>
          <when>2026-09-26T05:01:48Z</when>
          <when>2026-09-26T05:01:50Z</when>
          <when>2026-09-26T05:01:52Z</when>
          <when>2026-09-26T05:01:53Z</when>
          <when>2026-09-26T05:01:54Z</when>
          <when>2026-09-26T05:01:55Z</when>
          <when>2026-09-26T05:01:56Z</when>
          <when>2026-09-26T05:01:57Z</when>
          <when>2026-09-26T05:01:58Z</when>
          <when>2026-09-26T05:01:59Z</when>
          <when>2026-09-26T05:02:00Z</when>
          <when>2026-09-26T05:02:01Z</when>
          <when>2026-09-26T05:02:02Z</when>
          <when>2026-09-26T05:02:03Z</when>
          <when>2026-09-26T05:02:04Z</when>
          <when>2026-09-26T05:02:05Z</when>
          <when>2026-09-26T05:02:06Z</when>
          <when>2026-09-26T05:02:07Z</when>
          <when>2026-09-26T05:02:08Z</when>
          <when>2026-09-26T05:02:09Z</when>
          <when>2026-09-26T05:02:10Z</when>
          <when>2026-09-26T05:02:11Z</when>
          <when>2026-09-26T05:02:12Z</when>
          <when>2026-09-26T05:02:13Z</when>
          <when>2026-09-26T05:02:14Z</when>
          <when>2026-09-26T05:02:15Z</when>
          <when>2026-09-26T05:02:16Z</when>
          <when>2026-09-26T05:02:17Z</when>
          <when>2026-09-26T05:02:18Z</when>
          <when>2026-09-26T05:02:19Z</when>
          <when>2026-09-26T05:02:21Z</when>
          <when>2026-09-26T05:02:23Z</when>
          <when>2026-09-26T05:02:24Z</when>
          <when>2026-09-26T05:02:25Z</when>
          <when>2026-09-26T05:02:26Z</when>
          <when>2026-09-26T05:02:27Z</when>
          <when>2026-09-26T05:02:28Z</when>
          <when>2026-09-26T05:02:29Z</when>
          <when>2026-09-26T05:02:30Z</when>
          <when>2026-09-26T05:02:31Z</when>
          <when>2026-09-26T05:02:32Z</when>
          <when>2026-09-26T05:02:33Z</when>
          <when>2026-09-26T05:02:34Z</when>
          <when>2026-09-26T05:02:35Z</when>
          <when>2026-09-26T05:02:36Z</when>
          <when>2026-09-26T05:02:37Z</when>
          <when>2026-09-26T05:02:38Z</when>
          <when>2026-09-26T05:02:39Z</when>
          <when>2026-09-26T05:02:40Z</when>
          <when>2026-09-26T05:02:41Z</when>
          <when>2026-09-26T05:02:42Z</when>
          <when>2026-09-26T05:02:43Z</when>
          <when>2026-09-26T05:02:44Z</when>
          <when>2026-09-26T05:02:45Z</when>
          <when>2026-09-26T05:02:46Z</when>
          <when>2026-09-26T05:02:47Z</when>
          <when>2026-09-26T05:02:48Z</when>
          <when>2026-09-26T05:02:49Z</when>
          <when>2026-09-26T05:02:50Z</when>
          <when>2026-09-26T05:02:51Z</when>
          <when>2026-09-26T05:02:52Z</when>
          <when>2026-09-26T05:02:53Z</when>
          <when>2026-09-26T05:02:54Z</when>
          <when>2026-09-26T05:02:55Z</when>
          <when>2026-09-26T05:02:56Z</when>
          <when>2026-09-26T05:02:57Z</when>
          <when>2026-09-26T05:02:58Z</when>
          <when>2026-09-26T05:02:59Z</when>
          <when>2026-09-26T05:03:00Z</when>
          <when>2026-09-26T05:03:01Z</when>
          <when>2026-09-26T05:03:02Z</when>
          <when>2026-09-26T05:03:03Z</when>
          <when>2026-09-26T05:03:04Z</when>
          <when>2026-09-26T05:03:05Z</when>
          <when>2026-09-26T05:03:06Z</when>
          <when>2026-09-26T05:03:07Z</when>
          <when>2026-09-26T05:03:08Z</when>
          <when>2026-09-26T05:03:09Z</when>
          <when>2026-09-26T05:03:10Z</when>
          <when>2026-09-26T05:03:11Z</when>
          <when>2026-09-26T05:03:12Z</when>
          <when>2026-09-26T05:03:13Z</when>
          <when>2026-09-26T05:03:14Z</when>
          <when>2026-09-26T05:03:15Z</when>
          <when>2026-09-26T05:03:16Z</when>
          <when>2026-09-26T05:03:17Z</when>
          <when>2026-09-26T05:03:18Z</when>
          <when>2026-09-26T05:03:19Z</when>
          <when>2026-09-26T05:03:20Z</when>
          <when>2026-09-26T05:03:21Z</when>
          <when>2026-09-26T05:03:22Z</when>
          <when>2026-09-26T05:03:23Z</when>
          <when>2026-09-26T05:03:24Z</when>
          <when>2026-09-26T05:03:25Z</when>
          <when>2026-09-26T05:03:26Z</when>
          <when>2026-09-26T05:03:27Z</when>
          <when>2026-09-26T05:03:28Z</when>
          <when>2026-09-26T05:03:29Z</when>
          <when>2026-09-26T05:03:30Z</when>
          <when>2026-09-26T05:03:31Z</when>
          <when>2026-09-26T05:03:32Z</when>
          <when>2026-09-26T05:03:33Z</when>
          <when>2026-09-26T05:03:34Z</when>
          <when>2026-09-26T05:03:35Z</when>
          <when>2026-09-26T05:03:36Z</when>
          <when>2026-09-26T05:03:37Z</when>
          <when>2026-09-26T05:03:38Z</when>
          <when>2026-09-26T05:03:39Z</when>
          <when>2026-09-26T05:03:40Z</when>
          <when>2026-09-26T05:03:41Z</when>
          <when>2026-09-26T05:03:42Z</when>
          <when>2026-09-26T05:03:43Z</when>
          <when>2026-09-26T05:03:44Z</when>
          <when>2026-09-26T05:03:45Z</when>
          <when>2026-09-26T05:03:46Z</when>
          <when>2026-09-26T05:03:47Z</when>
          <when>2026-09-26T05:03:48Z</when>
          <when>2026-09-26T05:03:49Z</when>
          <when>2026-09-26T05:03:50Z</when>
          <when>2026-09-26T05:03:51Z</when>
          <when>2026-09-26T05:03:52Z</when>
          <when>2026-09-26T05:03:53Z</when>
          <when>2026-09-26T05:03:54Z</when>
          <when>2026-09-26T05:03:55Z</when>
          <when>2026-09-26T05:03:56Z</when>
          <when>2026-09-26T05:03:57Z</when>
          <when>2026-09-26T05:03:58Z</when>
          <when>2026-09-26T05:03:59Z</when>
          <when>2026-09-26T05:04:00Z</when>
          <when>2026-09-26T05:04:01Z</when>
          <when>2026-09-26T05:04:02Z</when>
          <when>2026-09-26T05:04:03Z</when>
          <when>2026-09-26T05:04:04Z</when>
          <when>2026-09-26T05:04:05Z</when>
          <when>2026-09-26T05:04:06Z</when>
          <when>2026-09-26T05:04:07Z</when>
          <when>2026-09-26T05:04:08Z</when>
          <when>2026-09-26T05:04:09Z</when>
          <when>2026-09-26T05:04:10Z</when>
          <when>2026-09-26T05:04:11Z</when>
          <when>2026-09-26T05:04:12Z</when>
          <when>2026-09-26T05:04:13Z</when>
          <when>2026-09-26T05:04:14Z</when>
          <when>2026-09-26T05:04:15Z</when>
          <when>2026-09-26T05:04:16Z</when>
          <when>2026-09-26T05:04:17Z</when>
          <when>2026-09-26T05:04:18Z</when>
          <when>2026-09-26T05:04:19Z</when>
          <when>2026-09-26T05:04:20Z</when>
          <when>2026-09-26T05:04:21Z</when>
          <when>2026-09-26T05:04:22Z</when>
          <when>2026-09-26T05:04:24Z</when>
          <when>2026-09-26T05:04:25Z</when>
          <when>2026-09-26T05:04:26Z</when>
          <when>2026-09-26T05:04:27Z</when>
          <when>2026-09-26T05:04:28Z</when>
          <when>2026-09-26T05:04:29Z</when>
          <when>2026-09-26T05:04:30Z</when>
          <when>2026-09-26T05:04:31Z</when>
          <when>2026-09-26T05:04:32Z</when>
          <when>2026-09-26T05:04:33Z</when>
          <when>2026-09-26T05:04:34Z</when>
          <when>2026-09-26T05:04:35Z</when>
          <when>2026-09-26T05:04:36Z</when>
          <when>2026-09-26T05:04:37Z</when>
          <when>2026-09-26T05:04:38Z</when>
          <when>2026-09-26T05:04:39Z</when>
          <when>2026-09-26T05:04:40Z</when>
          <when>2026-09-26T05:04:41Z</when>
          <when>2026-09-26T05:04:42Z</when>
          <when>2026-09-26T05:04:43Z</when>
          <when>2026-09-26T05:04:44Z</when>
          <when>2026-09-26T05:04:45Z</when>
          <when>2026-09-26T05:04:46Z</when>
          <when>2026-09-26T05:04:47Z</when>
          <when>2026-09-26T05:04:48Z</when>
          <when>2026-09-26T05:04:49Z</when>
          <when>2026-09-26T05:04:50Z</when>
          <when>2026-09-26T05:04:51Z</when>
          <when>2026-09-26T05:04:52Z</when>
          <when>2026-09-26T05:04:53Z</when>
          <when>2026-09-26T05:04:54Z</when>
          <when>2026-09-26T05:04:55Z</when>
          <when>2026-09-26T05:04:56Z</when>
          <when>2026-09-26T05:04:57Z</when>
          <when>2026-09-26T05:04:58Z</when>
          <when>2026-09-26T05:04:59Z</when>
          <when>2026-09-26T05:05:00Z</when>
          <when>2026-09-26T05:05:01Z</when>
          <when>2026-09-26T05:05:02Z</when>
          <when>2026-09-26T05:05:03Z</when>
          <when>2026-09-26T05:05:04Z</when>
          <when>2026-09-26T05:05:05Z</when>
          <when>2026-09-26T05:05:06Z</when>
          <when>2026-09-26T05:05:07Z</when>
          <when>2026-09-26T05:05:08Z</when>
          <when>2026-09-26T05:05:09Z</when>
          <when>2026-09-26T05:05:10Z</when>
          <when>2026-09-26T05:05:11Z</when>
          <when>2026-09-26T05:05:12Z</when>
          <when>2026-09-26T05:05:13Z</when>
          <when>2026-09-26T05:05:14Z</when>
          <when>2026-09-26T05:05:15Z</when>
          <when>2026-09-26T05:05:16Z</when>
          <when>2026-09-26T05:05:17Z</when>
          <when>2026-09-26T05:05:18Z</when>
          <when>2026-09-26T05:05:19Z</when>
          <when>2026-09-26T05:05:20Z</when>
          <when>2026-09-26T05:05:21Z</when>
          <when>2026-09-26T05:05:22Z</when>
          <when>2026-09-26T05:05:23Z</when>
          <when>2026-09-26T05:05:24Z</when>
          <when>2026-09-26T05:05:25Z</when>
          <when>2026-09-26T05:05:26Z</when>
          <when>2026-09-26T05:05:27Z</when>
          <when>2026-09-26T05:05:28Z</when>
          <when>2026-09-26T05:05:29Z</when>
          <when>2026-09-26T05:05:30Z</when>
          <when>2026-09-26T05:05:31Z</when>
          <when>2026-09-26T05:05:32Z</when>
          <when>2026-09-26T05:05:33Z</when>
          <when>2026-09-26T05:05:34Z</when>
          <when>2026-09-26T05:05:35Z</when>
          <when>2026-09-26T05:05:36Z</when>
          <when>2026-09-26T05:05:37Z</when>
          <when>2026-09-26T05:05:38Z</when>
          <when>2026-09-26T05:05:39Z</when>
          <when>2026-09-26T05:05:40Z</when>
          <when>2026-09-26T05:05:41Z</when>
          <when>2026-09-26T05:05:42Z</when>
          <when>2026-09-26T05:05:43Z</when>
          <when>2026-09-26T05:05:44Z</when>
          <when>2026-09-26T05:05:45Z</when>
          <when>2026-09-26T05:05:46Z</when>
          <when>2026-09-26T05:05:47Z</when>
          <when>2026-09-26T05:05:48Z</when>
          <when>2026-09-26T05:05:49Z</when>
          <when>2026-09-26T05:05:50Z</when>
          <when>2026-09-26T05:05:51Z</when>
          <when>2026-09-26T05:05:52Z</when>
          <when>2026-09-26T05:05:53Z</when>
          <when>2026-09-26T05:05:54Z</when>
          <when>2026-09-26T05:05:55Z</when>
          <when>2026-09-26T05:05:56Z</when>
          <when>2026-09-26T05:05:57Z</when>
          <when>2026-09-26T05:05:58Z</when>
          <when>2026-09-26T05:05:59Z</when>
          <when>2026-09-26T05:06:00Z</when>
          <when>2026-09-26T05:06:01Z</when>
          <when>2026-09-26T05:06:02Z</when>
          <when>2026-09-26T05:06:03Z</when>
          <when>2026-09-26T05:06:04Z</when>
          <when>2026-09-26T05:06:05Z</when>
          <when>2026-09-26T05:06:06Z</when>
          <when>2026-09-26T05:06:07Z</when>
          <when>2026-09-26T05:06:08Z</when>
          <when>2026-09-26T05:06:09Z</when>
          <when>2026-09-26T05:06:10Z</when>
          <when>2026-09-26T05:06:11Z</when>
          <when>2026-09-26T05:06:12Z</when>
          <when>2026-09-26T05:06:13Z</when>
          <when>2026-09-26T05:06:14Z</when>
          <when>2026-09-26T05:06:15Z</when>
          <when>2026-09-26T05:06:16Z</when>
          <when>2026-09-26T05:06:17Z</when>
          <when>2026-09-26T05:06:18Z</when>
          <when>2026-09-26T05:06:19Z</when>
          <when>2026-09-26T05:06:20Z</when>
          <when>2026-09-26T05:06:21Z</when>
          <when>2026-09-26T05:06:22Z</when>
          <when>2026-09-26T05:06:23Z</when>
          <when>2026-09-26T05:06:24Z</when>
          <when>2026-09-26T05:06:25Z</when>
          <when>2026-09-26T05:06:26Z</when>
          <when>2026-09-26T05:06:27Z</when>
          <when>2026-09-26T05:06:28Z</when>
          <when>2026-09-26T05:06:29Z</when>
          <when>2026-09-26T05:06:30Z</when>
          <when>2026-09-26T05:06:31Z</when>
          <when>2026-09-26T05:06:32Z</when>
          <when>2026-09-26T05:06:33Z</when>
          <when>2026-09-26T05:06:34Z</when>
          <when>2026-09-26T05:06:35Z</when>
          <when>2026-09-26T05:06:36Z</when>
          <when>2026-09-26T05:06:37Z</when>
          <when>2026-09-26T05:06:38Z</when>
          <when>2026-09-26T05:06:39Z</when>
          <when>2026-09-26T05:06:41Z</when>
          <when>2026-09-26T05:06:43Z</when>
          <when>2026-09-26T05:06:46Z</when>
          <when>2026-09-26T05:06:48Z</when>
          <when>2026-09-26T05:06:50Z</when>
          <when>2026-09-26T05:06:51Z</when>
          <when>2026-09-26T05:06:52Z</when>
          <when>2026-09-26T05:06:53Z</when>
          <when>2026-09-26T05:06:54Z</when>
          <when>2026-09-26T05:06:55Z</when>
          <when>2026-09-26T05:06:56Z</when>
          <when>2026-09-26T05:06:57Z</when>
          <when>2026-09-26T05:06:58Z</when>
          <when>2026-09-26T05:06:59Z</when>
          <when>2026-09-26T05:07:00Z</when>
          <when>2026-09-26T05:07:01Z</when>
          <when>2026-09-26T05:07:02Z</when>
          <when>2026-09-26T05:07:03Z</when>
          <when>2026-09-26T05:07:04Z</when>
          <when>2026-09-26T05:07:05Z</when>
          <when>2026-09-26T05:07:06Z</when>
          <when>2026-09-26T05:07:07Z</when>
          <when>2026-09-26T05:07:08Z</when>
          <when>2026-09-26T05:07:09Z</when>
          <when>2026-09-26T05:07:10Z</when>
          <when>2026-09-26T05:07:11Z</when>
          <when>2026-09-26T05:07:12Z</when>
          <when>2026-09-26T05:07:13Z</when>
          <when>2026-09-26T05:07:14Z</when>
          <when>2026-09-26T05:07:15Z</when>
          <when>2026-09-26T05:07:16Z</when>
          <when>2026-09-26T05:07:17Z</when>
          <when>2026-09-26T05:07:19Z</when>
          <when>2026-09-26T05:07:21Z</when>
          <when>2026-09-26T05:07:23Z</when>
          <when>2026-09-26T05:07:25Z</when>
          <when>2026-09-26T05:07:27Z</when>
          <when>2026-09-26T05:07:28Z</when>
          <when>2026-09-26T05:07:29Z</when>
          <when>2026-09-26T05:07:30Z</when>
          <when>2026-09-26T05:07:31Z</when>
          <when>2026-09-26T05:07:32Z</when>
          <when>2026-09-26T05:07:33Z</when>
          <when>2026-09-26T05:07:34Z</when>
          <when>2026-09-26T05:07:35Z</when>
          <when>2026-09-26T05:07:36Z</when>
          <when>2026-09-26T05:07:37Z</when>
          <when>2026-09-26T05:07:38Z</when>
          <when>2026-09-26T05:07:39Z</when>
          <when>2026-09-26T05:07:40Z</when>
          <when>2026-09-26T05:07:41Z</when>
          <when>2026-09-26T05:07:42Z</when>
          <when>2026-09-26T05:07:44Z</when>
          <when>2026-09-26T05:07:45Z</when>
          <when>2026-09-26T05:07:46Z</when>
          <when>2026-09-26T05:07:47Z</when>
          <when>2026-09-26T05:07:48Z</when>
          <when>2026-09-26T05:07:49Z</when>
          <when>2026-09-26T05:07:50Z</when>
          <when>2026-09-26T05:07:51Z</when>
          <when>2026-09-26T05:07:52Z</when>
          <when>2026-09-26T05:07:53Z</when>
          <when>2026-09-26T05:07:54Z</when>
          <when>2026-09-26T05:07:55Z</when>
          <when>2026-09-26T05:07:56Z</when>
          <when>2026-09-26T05:07:57Z</when>
          <when>2026-09-26T05:07:58Z</when>
          <when>2026-09-26T05:07:59Z</when>
          <when>2026-09-26T05:08:00Z</when>
          <when>2026-09-26T05:08:01Z</when>
          <when>2026-09-26T05:08:02Z</when>
          <when>2026-09-26T05:08:03Z</when>
          <when>2026-09-26T05:08:04Z</when>
          <when>2026-09-26T05:08:05Z</when>
          <when>2026-09-26T05:08:06Z</when>
          <when>2026-09-26T05:08:07Z</when>
          <when>2026-09-26T05:08:08Z</when>
          <when>2026-09-26T05:08:10Z</when>
          <when>2026-09-26T05:08:12Z</when>
          <when>2026-09-26T05:08:14Z</when>
          <when>2026-09-26T05:08:16Z</when>
          <when>2026-09-26T05:08:18Z</when>
          <when>2026-09-26T05:08:20Z</when>
          <when>2026-09-26T05:08:22Z</when>
          <when>2026-09-26T05:08:24Z</when>
          <when>2026-09-26T05:08:26Z</when>
          <when>2026-09-26T05:08:28Z</when>
          <when>2026-09-26T05:08:30Z</when>
          <when>2026-09-26T05:08:32Z</when>
          <when>2026-09-26T05:08:34Z</when>
          <when>2026-09-26T05:08:36Z</when>
          <when>2026-09-26T05:08:38Z</when>
          <when>2026-09-26T05:08:40Z</when>
          <when>2026-09-26T05:08:42Z</when>
          <when>2026-09-26T05:08:46Z</when>
          <when>2026-09-26T05:08:49Z</when>
          <when>2026-09-26T05:08:52Z</when>
          <when>2026-09-26T05:08:55Z</when>
          <when>2026-09-26T05:08:57Z</when>
          <when>2026-09-26T05:09:00Z</when>
          <when>2026-09-26T05:09:07Z</when>
          <when>2026-09-26T05:09:09Z</when>
          <when>2026-09-26T05:09:11Z</when>
          <when>2026-09-26T05:09:13Z</when>
          <when>2026-09-26T05:09:14Z</when>
          <when>2026-09-26T05:09:15Z</when>
          <when>2026-09-26T05:09:16Z</when>
          <when>2026-09-26T05:09:17Z</when>
          <when>2026-09-26T05:09:18Z</when>
          <when>2026-09-26T05:09:19Z</when>
          <when>2026-09-26T05:09:20Z</when>
          <when>2026-09-26T05:09:21Z</when>
          <when>2026-09-26T05:09:22Z</when>
          <when>2026-09-26T05:09:23Z</when>
          <when>2026-09-26T05:09:24Z</when>
          <when>2026-09-26T05:09:25Z</when>
          <when>2026-09-26T05:09:26Z</when>
          <when>2026-09-26T05:09:27Z</when>
          <when>2026-09-26T05:09:28Z</when>
          <when>2026-09-26T05:09:29Z</when>
          <when>2026-09-26T05:09:30Z</when>
          <when>2026-09-26T05:09:31Z</when>
          <when>2026-09-26T05:09:32Z</when>
          <when>2026-09-26T05:09:33Z</when>
          <when>2026-09-26T05:09:35Z</when>
          <when>2026-09-26T05:09:37Z</when>
          <when>2026-09-26T05:09:39Z</when>
          <when>2026-09-26T05:09:40Z</when>
          <when>2026-09-26T05:09:41Z</when>
          <when>2026-09-26T05:09:42Z</when>
          <when>2026-09-26T05:09:43Z</when>
          <when>2026-09-26T05:09:44Z</when>
          <when>2026-09-26T05:09:45Z</when>
          <when>2026-09-26T05:09:46Z</when>
          <when>2026-09-26T05:09:47Z</when>
          <when>2026-09-26T05:09:48Z</when>
          <when>2026-09-26T05:09:49Z</when>
          <when>2026-09-26T05:09:50Z</when>
          <when>2026-09-26T05:09:51Z</when>
          <when>2026-09-26T05:09:52Z</when>
          <when>2026-09-26T05:09:53Z</when>
          <when>2026-09-26T05:09:54Z</when>
          <when>2026-09-26T05:09:55Z</when>
          <when>2026-09-26T05:09:56Z</when>
          <when>2026-09-26T05:09:58Z</when>
          <when>2026-09-26T05:10:00Z</when>
          <when>2026-09-26T05:10:02Z</when>
          <when>2026-09-26T05:10:04Z</when>
          <when>2026-09-26T05:10:06Z</when>
          <when>2026-09-26T05:10:08Z</when>
          <when>2026-09-26T05:10:10Z</when>
          <when>2026-09-26T05:10:12Z</when>
          <when>2026-09-26T05:10:14Z</when>
          <when>2026-09-26T05:10:16Z</when>
          <when>2026-09-26T05:10:18Z</when>
          <when>2026-09-26T05:10:19Z</when>
          <when>2026-09-26T05:10:20Z</when>
          <when>2026-09-26T05:10:21Z</when>
          <when>2026-09-26T05:10:22Z</when>
          <when>2026-09-26T05:10:23Z</when>
          <when>2026-09-26T05:10:24Z</when>
          <when>2026-09-26T05:10:25Z</when>
          <when>2026-09-26T05:10:26Z</when>
          <when>2026-09-26T05:10:27Z</when>
          <when>2026-09-26T05:10:28Z</when>
          <when>2026-09-26T05:10:29Z</when>
          <when>2026-09-26T05:10:30Z</when>
          <when>2026-09-26T05:10:31Z</when>
          <when>2026-09-26T05:10:32Z</when>
          <when>2026-09-26T05:10:33Z</when>
          <when>2026-09-26T05:10:34Z</when>
          <when>2026-09-26T05:10:35Z</when>
          <when>2026-09-26T05:10:36Z</when>
          <when>2026-09-26T05:10:37Z</when>
          <when>2026-09-26T05:10:38Z</when>
          <when>2026-09-26T05:10:39Z</when>
          <when>2026-09-26T05:10:40Z</when>
          <when>2026-09-26T05:10:41Z</when>
          <when>2026-09-26T05:10:42Z</when>
          <when>2026-09-26T05:10:44Z</when>
          <when>2026-09-26T05:10:47Z</when>
          <when>2026-09-26T05:10:49Z</when>
          <when>2026-09-26T05:10:52Z</when>
          <when>2026-09-26T05:10:53Z</when>
          <when>2026-09-26T05:10:54Z</when>
          <when>2026-09-26T05:10:55Z</when>
          <when>2026-09-26T05:10:56Z</when>
          <when>2026-09-26T05:10:57Z</when>
          <when>2026-09-26T05:10:58Z</when>
          <when>2026-09-26T05:10:59Z</when>
          <when>2026-09-26T05:11:00Z</when>
          <when>2026-09-26T05:11:01Z</when>
          <when>2026-09-26T05:11:02Z</when>
          <when>2026-09-26T05:11:03Z</when>
          <when>2026-09-26T05:11:05Z</when>
          <when>2026-09-26T05:11:08Z</when>
          <when>2026-09-26T05:11:10Z</when>
          <when>2026-09-26T05:11:12Z</when>
          <when>2026-09-26T05:11:13Z</when>
          <when>2026-09-26T05:11:14Z</when>
          <when>2026-09-26T05:11:15Z</when>
          <when>2026-09-26T05:11:16Z</when>
          <when>2026-09-26T05:11:17Z</when>
          <when>2026-09-26T05:11:18Z</when>
          <when>2026-09-26T05:11:19Z</when>
          <when>2026-09-26T05:11:20Z</when>
          <when>2026-09-26T05:11:21Z</when>
          <when>2026-09-26T05:11:22Z</when>
          <when>2026-09-26T05:11:23Z</when>
          <when>2026-09-26T05:11:24Z</when>
          <when>2026-09-26T05:11:25Z</when>
          <when>2026-09-26T05:11:26Z</when>
          <when>2026-09-26T05:11:27Z</when>
          <when>2026-09-26T05:11:28Z</when>
          <when>2026-09-26T05:11:29Z</when>
          <when>2026-09-26T05:11:30Z</when>
          <when>2026-09-26T05:11:31Z</when>
          <when>2026-09-26T05:11:32Z</when>
          <when>2026-09-26T05:11:33Z</when>
          <when>2026-09-26T05:11:34Z</when>
          <when>2026-09-26T05:11:35Z</when>
          <when>2026-09-26T05:11:36Z</when>
          <when>2026-09-26T05:11:37Z</when>
          <when>2026-09-26T05:11:38Z</when>
          <when>2026-09-26T05:11:39Z</when>
          <when>2026-09-26T05:11:40Z</when>
          <when>2026-09-26T05:11:41Z</when>
          <when>2026-09-26T05:11:42Z</when>
          <when>2026-09-26T05:11:43Z</when>
          <when>2026-09-26T05:11:44Z</when>
          <when>2026-09-26T05:11:45Z</when>
          <when>2026-09-26T05:11:46Z</when>
          <when>2026-09-26T05:11:47Z</when>
          <when>2026-09-26T05:11:48Z</when>
          <when>2026-09-26T05:11:49Z</when>
          <when>2026-09-26T05:11:50Z</when>
          <when>2026-09-26T05:11:51Z</when>
          <when>2026-09-26T05:11:52Z</when>
          <when>2026-09-26T05:11:53Z</when>
          <when>2026-09-26T05:11:54Z</when>
          <when>2026-09-26T05:11:55Z</when>
          <when>2026-09-26T05:11:56Z</when>
          <when>2026-09-26T05:11:57Z</when>
          <when>2026-09-26T05:11:58Z</when>
          <when>2026-09-26T05:11:58Z</when>
          <when>2026-09-26T05:11:59Z</when>
          <when>2026-09-26T05:12:00Z</when>
          <when>2026-09-26T05:12:01Z</when>
          <when>2026-09-26T05:12:02Z</when>
          <when>2026-09-26T05:12:03Z</when>
          <when>2026-09-26T05:12:04Z</when>
          <when>2026-09-26T05:12:05Z</when>
          <when>2026-09-26T05:12:06Z</when>
          <when>2026-09-26T05:12:07Z</when>
          <when>2026-09-26T05:12:08Z</when>
          <when>2026-09-26T05:12:09Z</when>
          <when>2026-09-26T05:12:10Z</when>
          <when>2026-09-26T05:12:11Z</when>
          <when>2026-09-26T05:12:13Z</when>
          <when>2026-09-26T05:12:15Z</when>
          <when>2026-09-26T05:12:17Z</when>
          <when>2026-09-26T05:12:18Z</when>
          <when>2026-09-26T05:12:19Z</when>
          <when>2026-09-26T05:12:20Z</when>
          <when>2026-09-26T05:12:22Z</when>
          <when>2026-09-26T05:12:23Z</when>
          <when>2026-09-26T05:12:25Z</when>
          <when>2026-09-26T05:12:27Z</when>
          <when>2026-09-26T05:12:29Z</when>
          <when>2026-09-26T05:12:31Z</when>
          <when>2026-09-26T05:12:32Z</when>
          <when>2026-09-26T05:12:33Z</when>
          <when>2026-09-26T05:12:34Z</when>
          <when>2026-09-26T05:12:35Z</when>
          <when>2026-09-26T05:12:37Z</when>
          <when>2026-09-26T05:12:39Z</when>
          <when>2026-09-26T05:12:41Z</when>
          <when>2026-09-26T05:12:43Z</when>
          <when>2026-09-26T05:12:45Z</when>
          <when>2026-09-26T05:12:46Z</when>
          <when>2026-09-26T05:12:47Z</when>
          <when>2026-09-26T05:12:48Z</when>
          <when>2026-09-26T05:12:49Z</when>
          <when>2026-09-26T05:12:50Z</when>
          <when>2026-09-26T05:12:51Z</when>
          <when>2026-09-26T05:12:52Z</when>
          <when>2026-09-26T05:12:53Z</when>
          <when>2026-09-26T05:12:54Z</when>
          <when>2026-09-26T05:12:55Z</when>
          <when>2026-09-26T05:12:57Z</when>
          <when>2026-09-26T05:12:59Z</when>
          <when>2026-09-26T05:13:01Z</when>
          <when>2026-09-26T05:13:02Z</when>
          <when>2026-09-26T05:13:03Z</when>
          <when>2026-09-26T05:13:04Z</when>
          <when>2026-09-26T05:13:05Z</when>
          <when>2026-09-26T05:13:07Z</when>
          <when>2026-09-26T05:13:09Z</when>
          <when>2026-09-26T05:13:11Z</when>
          <when>2026-09-26T05:13:13Z</when>
          <when>2026-09-26T05:13:14Z</when>
          <when>2026-09-26T05:13:15Z</when>
          <when>2026-09-26T05:13:16Z</when>
          <when>2026-09-26T05:13:17Z</when>
          <when>2026-09-26T05:13:18Z</when>
          <when>2026-09-26T05:13:19Z</when>
          <when>2026-09-26T05:13:20Z</when>
          <when>2026-09-26T05:13:22Z</when>
          <when>2026-09-26T05:13:24Z</when>
          <when>2026-09-26T05:13:27Z</when>
          <when>2026-09-26T05:13:32Z</when>
          <when>2026-09-26T05:13:35Z</when>
          <when>2026-09-26T05:13:37Z</when>
          <when>2026-09-26T05:13:39Z</when>
          <when>2026-09-26T05:13:43Z</when>
          <when>2026-09-26T05:13:47Z</when>
          <when>2026-09-26T05:13:49Z</when>
          <when>2026-09-26T05:13:51Z</when>
          <when>2026-09-26T05:13:53Z</when>
          <when>2026-09-26T05:13:54Z</when>
          <when>2026-09-26T05:13:56Z</when>
          <when>2026-09-26T05:13:58Z</when>
          <when>2026-09-26T05:14:00Z</when>
          <when>2026-09-26T05:14:02Z</when>
          <when>2026-09-26T05:14:04Z</when>
          <when>2026-09-26T05:14:06Z</when>
          <when>2026-09-26T05:14:08Z</when>
          <when>2026-09-26T05:14:10Z</when>
          <when>2026-09-26T05:14:20Z</when>
          <when>2026-09-26T05:14:24Z</when>
          <when>2026-09-26T05:14:27Z</when>
          <when>2026-09-26T05:14:30Z</when>
          <when>2026-09-26T05:14:33Z</when>
          <when>2026-09-26T05:14:35Z</when>
          <when>2026-09-26T05:14:37Z</when>
          <when>2026-09-26T05:14:39Z</when>
          <when>2026-09-26T05:14:41Z</when>
          <when>2026-09-26T05:14:43Z</when>
          <when>2026-09-26T05:14:45Z</when>
          <when>2026-09-26T05:14:47Z</when>
          <when>2026-09-26T05:14:49Z</when>
          <when>2026-09-26T05:14:51Z</when>
          <when>2026-09-26T05:14:53Z</when>
          <when>2026-09-26T05:14:56Z</when>
          <when>2026-09-26T05:14:59Z</when>
          <when>2026-09-26T05:15:03Z</when>
          <when>2026-09-26T05:15:09Z</when>
          <when>2026-09-26T05:15:12Z</when>
          <when>2026-09-26T05:15:15Z</when>
          <when>2026-09-26T05:15:17Z</when>
          <when>2026-09-26T05:15:19Z</when>
          <when>2026-09-26T05:15:21Z</when>
          <when>2026-09-26T05:15:23Z</when>
          <when>2026-09-26T05:15:25Z</when>
          <when>2026-09-26T05:15:27Z</when>
          <when>2026-09-26T05:15:29Z</when>
          <when>2026-09-26T05:15:30Z</when>
          <when>2026-09-26T05:15:31Z</when>
          <when>2026-09-26T05:15:32Z</when>
          <when>2026-09-26T05:15:33Z</when>
          <when>2026-09-26T05:15:34Z</when>
          <when>2026-09-26T05:15:36Z</when>
          <when>2026-09-26T05:15:37Z</when>
          <when>2026-09-26T05:15:38Z</when>
          <when>2026-09-26T05:15:39Z</when>
          <when>2026-09-26T05:15:40Z</when>
          <when>2026-09-26T05:15:41Z</when>
          <when>2026-09-26T05:15:43Z</when>
          <when>2026-09-26T05:15:44Z</when>
          <when>2026-09-26T05:15:48Z</when>
          <when>2026-09-26T05:15:50Z</when>
          <when>2026-09-26T05:15:52Z</when>
          <when>2026-09-26T05:15:54Z</when>
          <when>2026-09-26T05:15:55Z</when>
          <when>2026-09-26T05:15:56Z</when>
          <when>2026-09-26T05:15:57Z</when>
          <when>2026-09-26T05:15:59Z</when>
          <when>2026-09-26T05:16:01Z</when>
          <when>2026-09-26T05:16:04Z</when>
          <when>2026-09-26T05:16:08Z</when>
          <when>2026-09-26T05:16:10Z</when>
          <when>2026-09-26T05:16:12Z</when>
          <when>2026-09-26T05:16:14Z</when>
          <when>2026-09-26T05:16:17Z</when>
          <when>2026-09-26T05:16:19Z</when>
          <when>2026-09-26T05:16:21Z</when>
          <when>2026-09-26T05:16:23Z</when>
          <when>2026-09-26T05:16:27Z</when>
          <when>2026-09-26T05:17:32Z</when>
          <when>2026-09-26T05:17:38Z</when>
          <when>2026-09-26T05:17:46Z</when>
          <when>2026-09-26T05:17:51Z</when>
          <when>2026-09-26T05:17:58Z</when>
          <when>2026-09-26T05:18:02Z</when>
          <when>2026-09-26T05:18:04Z</when>
          <when>2026-09-26T05:18:06Z</when>
          <when>2026-09-26T05:18:07Z</when>
          <when>2026-09-26T05:18:08Z</when>
          <when>2026-09-26T05:18:09Z</when>
          <when>2026-09-26T05:18:10Z</when>
          <when>2026-09-26T05:18:11Z</when>
          <when>2026-09-26T05:18:12Z</when>
          <when>2026-09-26T05:18:13Z</when>
          <when>2026-09-26T05:18:14Z</when>
          <when>2026-09-26T05:18:15Z</when>
          <when>2026-09-26T05:18:16Z</when>
          <when>2026-09-26T05:18:17Z</when>
          <when>2026-09-26T05:18:18Z</when>
          <when>2026-09-26T05:18:19Z</when>
          <when>2026-09-26T05:18:20Z</when>
          <when>2026-09-26T05:18:21Z</when>
          <when>2026-09-26T05:18:22Z</when>
          <when>2026-09-26T05:18:23Z</when>
          <when>2026-09-26T05:18:24Z</when>
          <when>2026-09-26T05:18:25Z</when>
          <when>2026-09-26T05:18:26Z</when>
          <when>2026-09-26T05:18:27Z</when>
          <when>2026-09-26T05:18:28Z</when>
          <when>2026-09-26T05:18:29Z</when>
          <when>2026-09-26T05:18:30Z</when>
          <when>2026-09-26T05:18:31Z</when>
          <when>2026-09-26T05:18:32Z</when>
          <when>2026-09-26T05:18:33Z</when>
          <when>2026-09-26T05:18:34Z</when>
          <when>2026-09-26T05:18:36Z</when>
          <when>2026-09-26T05:18:37Z</when>
          <when>2026-09-26T05:18:38Z</when>
          <when>2026-09-26T05:18:39Z</when>
          <when>2026-09-26T05:18:40Z</when>
          <when>2026-09-26T05:18:41Z</when>
          <when>2026-09-26T05:18:42Z</when>
          <when>2026-09-26T05:18:43Z</when>
          <when>2026-09-26T05:18:44Z</when>
          <when>2026-09-26T05:18:45Z</when>
          <when>2026-09-26T05:18:46Z</when>
          <when>2026-09-26T05:18:47Z</when>
          <when>2026-09-26T05:18:48Z</when>
          <when>2026-09-26T05:18:49Z</when>
          <when>2026-09-26T05:18:50Z</when>
          <when>2026-09-26T05:18:51Z</when>
          <when>2026-09-26T05:18:52Z</when>
          <when>2026-09-26T05:18:53Z</when>
          <when>2026-09-26T05:18:54Z</when>
          <when>2026-09-26T05:18:55Z</when>
          <when>2026-09-26T05:18:56Z</when>
          <when>2026-09-26T05:18:57Z</when>
          <when>2026-09-26T05:18:58Z</when>
          <when>2026-09-26T05:18:59Z</when>
          <when>2026-09-26T05:19:00Z</when>
          <when>2026-09-26T05:19:01Z</when>
          <when>2026-09-26T05:19:02Z</when>
          <when>2026-09-26T05:19:03Z</when>
          <when>2026-09-26T05:19:04Z</when>
          <when>2026-09-26T05:19:05Z</when>
          <when>2026-09-26T05:19:06Z</when>
          <when>2026-09-26T05:19:07Z</when>
          <when>2026-09-26T05:19:08Z</when>
          <when>2026-09-26T05:19:09Z</when>
          <when>2026-09-26T05:19:10Z</when>
          <when>2026-09-26T05:19:12Z</when>
          <when>2026-09-26T05:19:16Z</when>
          <when>2026-09-26T05:19:27Z</when>
          <when>2026-09-26T05:19:29Z</when>
          <when>2026-09-26T05:19:31Z</when>
          <when>2026-09-26T05:19:32Z</when>
          <when>2026-09-26T05:19:33Z</when>
          <when>2026-09-26T05:19:34Z</when>
          <when>2026-09-26T05:19:35Z</when>
          <when>2026-09-26T05:19:36Z</when>
          <when>2026-09-26T05:19:37Z</when>
          <when>2026-09-26T05:19:38Z</when>
          <when>2026-09-26T05:19:39Z</when>
          <when>2026-09-26T05:19:40Z</when>
          <when>2026-09-26T05:19:41Z</when>
          <when>2026-09-26T05:19:41Z</when>
          <when>2026-09-26T05:19:42Z</when>
          <when>2026-09-26T05:19:43Z</when>
          <when>2026-09-26T05:19:44Z</when>
          <when>2026-09-26T05:19:45Z</when>
          <when>2026-09-26T05:19:46Z</when>
          <when>2026-09-26T05:19:47Z</when>
          <when>2026-09-26T05:19:48Z</when>
          <when>2026-09-26T05:19:49Z</when>
          <when>2026-09-26T05:19:50Z</when>
          <when>2026-09-26T05:19:51Z</when>
          <when>2026-09-26T05:19:52Z</when>
          <when>2026-09-26T05:19:53Z</when>
          <when>2026-09-26T05:19:54Z</when>
          <when>2026-09-26T05:19:55Z</when>
          <when>2026-09-26T05:19:56Z</when>
          <when>2026-09-26T05:19:57Z</when>
          <when>2026-09-26T05:19:58Z</when>
          <when>2026-09-26T05:19:59Z</when>
          <when>2026-09-26T05:20:00Z</when>
          <when>2026-09-26T05:20:01Z</when>
          <when>2026-09-26T05:20:02Z</when>
          <when>2026-09-26T05:20:03Z</when>
          <when>2026-09-26T05:20:04Z</when>
          <when>2026-09-26T05:20:05Z</when>
          <when>2026-09-26T05:20:06Z</when>
          <when>2026-09-26T05:20:07Z</when>
          <when>2026-09-26T05:20:08Z</when>
          <when>2026-09-26T05:20:09Z</when>
          <when>2026-09-26T05:20:10Z</when>
          <when>2026-09-26T05:20:11Z</when>
          <when>2026-09-26T05:20:12Z</when>
          <when>2026-09-26T05:20:13Z</when>
          <when>2026-09-26T05:20:14Z</when>
          <when>2026-09-26T05:20:15Z</when>
          <when>2026-09-26T05:20:16Z</when>
          <when>2026-09-26T05:20:17Z</when>
          <when>2026-09-26T05:20:18Z</when>
          <when>2026-09-26T05:20:19Z</when>
          <when>2026-09-26T05:20:20Z</when>
          <when>2026-09-26T05:20:21Z</when>
          <when>2026-09-26T05:20:22Z</when>
          <when>2026-09-26T05:20:23Z</when>
          <when>2026-09-26T05:20:24Z</when>
          <when>2026-09-26T05:20:25Z</when>
          <when>2026-09-26T05:20:26Z</when>
          <when>2026-09-26T05:20:27Z</when>
          <when>2026-09-26T05:20:28Z</when>
          <when>2026-09-26T05:20:29Z</when>
          <when>2026-09-26T05:20:30Z</when>
          <when>2026-09-26T05:20:31Z</when>
          <when>2026-09-26T05:20:32Z</when>
          <when>2026-09-26T05:20:33Z</when>
          <when>2026-09-26T05:20:34Z</when>
          <when>2026-09-26T05:20:35Z</when>
          <when>2026-09-26T05:20:37Z</when>
          <when>2026-09-26T05:20:40Z</when>
          <when>2026-09-26T05:20:42Z</when>
          <when>2026-09-26T05:20:44Z</when>
          <when>2026-09-26T05:20:45Z</when>
          <when>2026-09-26T05:20:46Z</when>
          <when>2026-09-26T05:20:47Z</when>
          <when>2026-09-26T05:20:48Z</when>
          <when>2026-09-26T05:20:49Z</when>
          <when>2026-09-26T05:20:50Z</when>
          <when>2026-09-26T05:20:51Z</when>
          <when>2026-09-26T05:20:52Z</when>
          <when>2026-09-26T05:20:53Z</when>
          <when>2026-09-26T05:20:54Z</when>
          <when>2026-09-26T05:20:56Z</when>
          <when>2026-09-26T05:20:58Z</when>
          <when>2026-09-26T05:21:01Z</when>
          <when>2026-09-26T05:21:04Z</when>
          <when>2026-09-26T05:21:06Z</when>
          <when>2026-09-26T05:21:08Z</when>
          <when>2026-09-26T05:21:09Z</when>
          <when>2026-09-26T05:21:10Z</when>
          <when>2026-09-26T05:21:11Z</when>
          <when>2026-09-26T05:21:12Z</when>
          <when>2026-09-26T05:21:13Z</when>
          <when>2026-09-26T05:21:14Z</when>
          <when>2026-09-26T05:21:15Z</when>
          <when>2026-09-26T05:21:16Z</when>
          <when>2026-09-26T05:21:17Z</when>
          <when>2026-09-26T05:21:19Z</when>
          <when>2026-09-26T05:21:20Z</when>
          <when>2026-09-26T05:21:21Z</when>
          <when>2026-09-26T05:21:22Z</when>
          <when>2026-09-26T05:21:23Z</when>
          <when>2026-09-26T05:21:24Z</when>
          <when>2026-09-26T05:21:25Z</when>
          <when>2026-09-26T05:21:26Z</when>
          <when>2026-09-26T05:21:27Z</when>
          <when>2026-09-26T05:21:28Z</when>
          <when>2026-09-26T05:21:29Z</when>
          <when>2026-09-26T05:21:30Z</when>
          <when>2026-09-26T05:21:31Z</when>
          <when>2026-09-26T05:21:32Z</when>
          <when>2026-09-26T05:21:33Z</when>
          <when>2026-09-26T05:21:34Z</when>
          <when>2026-09-26T05:21:35Z</when>
          <when>2026-09-26T05:21:36Z</when>
          <when>2026-09-26T05:21:37Z</when>
          <when>2026-09-26T05:21:38Z</when>
          <when>2026-09-26T05:21:39Z</when>
          <when>2026-09-26T05:21:40Z</when>
          <when>2026-09-26T05:21:41Z</when>
          <when>2026-09-26T05:21:42Z</when>
          <when>2026-09-26T05:21:43Z</when>
          <when>2026-09-26T05:21:43Z</when>
          <when>2026-09-26T05:21:44Z</when>
          <when>2026-09-26T05:21:45Z</when>
          <when>2026-09-26T05:21:46Z</when>
          <when>2026-09-26T05:21:47Z</when>
          <when>2026-09-26T05:21:48Z</when>
          <when>2026-09-26T05:21:49Z</when>
          <when>2026-09-26T05:21:50Z</when>
          <when>2026-09-26T05:21:51Z</when>
          <when>2026-09-26T05:21:52Z</when>
          <when>2026-09-26T05:21:53Z</when>
          <when>2026-09-26T05:21:54Z</when>
          <when>2026-09-26T05:21:55Z</when>
          <when>2026-09-26T05:21:56Z</when>
          <when>2026-09-26T05:21:57Z</when>
          <when>2026-09-26T05:21:58Z</when>
          <when>2026-09-26T05:21:59Z</when>
          <when>2026-09-26T05:22:00Z</when>
          <when>2026-09-26T05:22:01Z</when>
          <when>2026-09-26T05:22:02Z</when>
          <when>2026-09-26T05:22:03Z</when>
          <when>2026-09-26T05:22:04Z</when>
          <when>2026-09-26T05:22:05Z</when>
          <when>2026-09-26T05:22:06Z</when>
          <when>2026-09-26T05:22:07Z</when>
          <when>2026-09-26T05:22:08Z</when>
          <when>2026-09-26T05:22:09Z</when>
          <when>2026-09-26T05:22:10Z</when>
          <when>2026-09-26T05:22:11Z</when>
          <when>2026-09-26T05:22:12Z</when>
          <when>2026-09-26T05:22:13Z</when>
          <when>2026-09-26T05:22:14Z</when>
          <when>2026-09-26T05:22:15Z</when>
          <when>2026-09-26T05:22:16Z</when>
          <when>2026-09-26T05:22:17Z</when>
          <when>2026-09-26T05:22:18Z</when>
          <when>2026-09-26T05:22:19Z</when>
          <when>2026-09-26T05:22:20Z</when>
          <when>2026-09-26T05:22:21Z</when>
          <when>2026-09-26T05:22:22Z</when>
          <when>2026-09-26T05:22:23Z</when>
          <when>2026-09-26T05:22:24Z</when>
          <when>2026-09-26T05:22:25Z</when>
          <when>2026-09-26T05:22:26Z</when>
          <when>2026-09-26T05:22:27Z</when>
          <when>2026-09-26T05:22:28Z</when>
          <when>2026-09-26T05:22:29Z</when>
          <when>2026-09-26T05:22:30Z</when>
          <when>2026-09-26T05:22:31Z</when>
          <when>2026-09-26T05:22:32Z</when>
          <when>2026-09-26T05:22:33Z</when>
          <when>2026-09-26T05:22:34Z</when>
          <when>2026-09-26T05:22:35Z</when>
          <when>2026-09-26T05:22:36Z</when>
          <when>2026-09-26T05:22:37Z</when>
          <when>2026-09-26T05:22:38Z</when>
          <when>2026-09-26T05:22:39Z</when>
          <when>2026-09-26T05:22:40Z</when>
          <when>2026-09-26T05:22:41Z</when>
          <when>2026-09-26T05:22:42Z</when>
          <when>2026-09-26T05:22:43Z</when>
          <when>2026-09-26T05:22:44Z</when>
          <when>2026-09-26T05:22:45Z</when>
          <when>2026-09-26T05:22:46Z</when>
          <when>2026-09-26T05:22:48Z</when>
          <when>2026-09-26T05:22:50Z</when>
          <when>2026-09-26T05:22:53Z</when>
          <when>2026-09-26T05:22:55Z</when>
          <when>2026-09-26T05:22:57Z</when>
          <when>2026-09-26T05:22:59Z</when>
          <when>2026-09-26T05:23:01Z</when>
          <when>2026-09-26T05:23:04Z</when>
          <when>2026-09-26T05:23:06Z</when>
          <when>2026-09-26T05:23:08Z</when>
          <when>2026-09-26T05:23:09Z</when>
          <when>2026-09-26T05:23:10Z</when>
          <when>2026-09-26T05:23:11Z</when>
          <when>2026-09-26T05:23:12Z</when>
          <when>2026-09-26T05:23:13Z</when>
          <when>2026-09-26T05:23:14Z</when>
          <when>2026-09-26T05:23:15Z</when>
          <when>2026-09-26T05:23:16Z</when>
          <when>2026-09-26T05:23:17Z</when>
          <when>2026-09-26T05:23:18Z</when>
          <when>2026-09-26T05:23:19Z</when>
          <when>2026-09-26T05:23:21Z</when>
          <when>2026-09-26T05:23:22Z</when>
          <when>2026-09-26T05:23:24Z</when>
          <when>2026-09-26T05:23:25Z</when>
          <when>2026-09-26T05:23:26Z</when>
          <when>2026-09-26T05:23:27Z</when>
          <when>2026-09-26T05:23:28Z</when>
          <when>2026-09-26T05:23:29Z</when>
          <when>2026-09-26T05:23:30Z</when>
          <when>2026-09-26T05:23:31Z</when>
          <when>2026-09-26T05:23:32Z</when>
          <when>2026-09-26T05:23:33Z</when>
          <when>2026-09-26T05:23:34Z</when>
          <when>2026-09-26T05:23:35Z</when>
          <when>2026-09-26T05:23:36Z</when>
          <when>2026-09-26T05:23:37Z</when>
          <when>2026-09-26T05:23:38Z</when>
          <when>2026-09-26T05:23:39Z</when>
          <when>2026-09-26T05:23:40Z</when>
          <when>2026-09-26T05:23:41Z</when>
          <when>2026-09-26T05:23:42Z</when>
          <when>2026-09-26T05:23:43Z</when>
          <when>2026-09-26T05:23:44Z</when>
          <when>2026-09-26T05:23:44Z</when>
          <when>2026-09-26T05:23:45Z</when>
          <when>2026-09-26T05:23:46Z</when>
          <when>2026-09-26T05:23:47Z</when>
          <when>2026-09-26T05:23:48Z</when>
          <when>2026-09-26T05:23:49Z</when>
          <when>2026-09-26T05:23:50Z</when>
          <when>2026-09-26T05:23:51Z</when>
          <when>2026-09-26T05:23:52Z</when>
          <when>2026-09-26T05:23:53Z</when>
          <when>2026-09-26T05:23:54Z</when>
          <when>2026-09-26T05:23:56Z</when>
          <when>2026-09-26T05:23:57Z</when>
          <when>2026-09-26T05:23:58Z</when>
          <when>2026-09-26T05:23:59Z</when>
          <when>2026-09-26T05:24:01Z</when>
          <when>2026-09-26T05:24:03Z</when>
          <when>2026-09-26T05:24:09Z</when>
          <when>2026-09-26T05:24:12Z</when>
          <when>2026-09-26T05:24:14Z</when>
          <when>2026-09-26T05:24:16Z</when>
          <when>2026-09-26T05:24:17Z</when>
          <when>2026-09-26T05:24:18Z</when>
          <when>2026-09-26T05:24:19Z</when>
          <when>2026-09-26T05:24:20Z</when>
          <when>2026-09-26T05:24:21Z</when>
          <when>2026-09-26T05:24:22Z</when>
          <when>2026-09-26T05:24:23Z</when>
          <when>2026-09-26T05:24:24Z</when>
          <when>2026-09-26T05:24:25Z</when>
          <when>2026-09-26T05:24:26Z</when>
          <when>2026-09-26T05:24:27Z</when>
          <when>2026-09-26T05:24:28Z</when>
          <when>2026-09-26T05:24:29Z</when>
          <when>2026-09-26T05:24:30Z</when>
          <when>2026-09-26T05:24:31Z</when>
          <when>2026-09-26T05:24:32Z</when>
          <when>2026-09-26T05:24:33Z</when>
          <when>2026-09-26T05:24:34Z</when>
          <when>2026-09-26T05:24:35Z</when>
          <when>2026-09-26T05:24:36Z</when>
          <when>2026-09-26T05:24:37Z</when>
          <when>2026-09-26T05:24:38Z</when>
          <when>2026-09-26T05:24:39Z</when>
          <when>2026-09-26T05:24:40Z</when>
          <when>2026-09-26T05:24:41Z</when>
          <when>2026-09-26T05:24:42Z</when>
          <when>2026-09-26T05:24:43Z</when>
          <when>2026-09-26T05:24:44Z</when>
          <when>2026-09-26T05:24:45Z</when>
          <when>2026-09-26T05:24:46Z</when>
          <when>2026-09-26T05:24:47Z</when>
          <when>2026-09-26T05:24:48Z</when>
          <when>2026-09-26T05:24:49Z</when>
          <when>2026-09-26T05:24:50Z</when>
          <when>2026-09-26T05:24:51Z</when>
          <when>2026-09-26T05:24:52Z</when>
          <when>2026-09-26T05:24:53Z</when>
          <when>2026-09-26T05:24:55Z</when>
          <when>2026-09-26T05:24:58Z</when>
          <when>2026-09-26T05:25:01Z</when>
          <when>2026-09-26T05:25:03Z</when>
          <when>2026-09-26T05:25:05Z</when>
          <when>2026-09-26T05:25:06Z</when>
          <when>2026-09-26T05:25:07Z</when>
          <when>2026-09-26T05:25:08Z</when>
          <when>2026-09-26T05:25:09Z</when>
          <when>2026-09-26T05:25:10Z</when>
          <when>2026-09-26T05:25:11Z</when>
          <when>2026-09-26T05:25:12Z</when>
          <when>2026-09-26T05:25:13Z</when>
          <when>2026-09-26T05:25:14Z</when>
          <when>2026-09-26T05:25:15Z</when>
          <when>2026-09-26T05:25:16Z</when>
          <when>2026-09-26T05:25:18Z</when>
          <when>2026-09-26T05:25:21Z</when>
          <when>2026-09-26T05:25:24Z</when>
          <when>2026-09-26T05:25:26Z</when>
          <when>2026-09-26T05:25:29Z</when>
          <when>2026-09-26T05:25:31Z</when>
          <when>2026-09-26T05:25:33Z</when>
          <when>2026-09-26T05:25:36Z</when>
          <when>2026-09-26T05:25:38Z</when>
          <when>2026-09-26T05:25:40Z</when>
          <when>2026-09-26T05:25:42Z</when>
          <when>2026-09-26T05:25:42Z</when>
          <when>2026-09-26T05:25:43Z</when>
          <when>2026-09-26T05:25:44Z</when>
          <when>2026-09-26T05:25:45Z</when>
          <when>2026-09-26T05:25:46Z</when>
          <when>2026-09-26T05:25:47Z</when>
          <when>2026-09-26T05:25:48Z</when>
          <when>2026-09-26T05:25:49Z</when>
          <when>2026-09-26T05:25:50Z</when>
          <when>2026-09-26T05:25:51Z</when>
          <when>2026-09-26T05:25:52Z</when>
          <when>2026-09-26T05:25:53Z</when>
          <when>2026-09-26T05:25:54Z</when>
          <when>2026-09-26T05:25:55Z</when>
          <when>2026-09-26T05:25:56Z</when>
          <when>2026-09-26T05:25:57Z</when>
          <when>2026-09-26T05:25:58Z</when>
          <when>2026-09-26T05:25:59Z</when>
          <when>2026-09-26T05:26:00Z</when>
          <when>2026-09-26T05:26:01Z</when>
          <when>2026-09-26T05:26:02Z</when>
          <when>2026-09-26T05:26:03Z</when>
          <when>2026-09-26T05:26:04Z</when>
          <when>2026-09-26T05:26:05Z</when>
          <when>2026-09-26T05:26:06Z</when>
          <when>2026-09-26T05:26:07Z</when>
          <when>2026-09-26T05:26:08Z</when>
          <when>2026-09-26T05:26:09Z</when>
          <when>2026-09-26T05:26:10Z</when>
          <when>2026-09-26T05:26:11Z</when>
          <when>2026-09-26T05:26:12Z</when>
          <when>2026-09-26T05:26:13Z</when>
          <when>2026-09-26T05:26:14Z</when>
          <when>2026-09-26T05:26:15Z</when>
          <when>2026-09-26T05:26:16Z</when>
          <when>2026-09-26T05:26:17Z</when>
          <when>2026-09-26T05:26:18Z</when>
          <when>2026-09-26T05:26:19Z</when>
          <when>2026-09-26T05:26:20Z</when>
          <when>2026-09-26T05:26:21Z</when>
          <when>2026-09-26T05:26:22Z</when>
          <when>2026-09-26T05:26:23Z</when>
          <when>2026-09-26T05:26:24Z</when>
          <when>2026-09-26T05:26:25Z</when>
          <when>2026-09-26T05:26:26Z</when>
          <when>2026-09-26T05:26:27Z</when>
          <when>2026-09-26T05:26:28Z</when>
          <when>2026-09-26T05:26:29Z</when>
          <when>2026-09-26T05:26:30Z</when>
          <when>2026-09-26T05:26:31Z</when>
          <when>2026-09-26T05:26:32Z</when>
          <when>2026-09-26T05:26:33Z</when>
          <when>2026-09-26T05:26:34Z</when>
          <when>2026-09-26T05:26:35Z</when>
          <when>2026-09-26T05:26:36Z</when>
          <when>2026-09-26T05:26:37Z</when>
          <when>2026-09-26T05:26:38Z</when>
          <when>2026-09-26T05:26:40Z</when>
          <when>2026-09-26T05:26:43Z</when>
          <when>2026-09-26T05:26:46Z</when>
          <when>2026-09-26T05:26:48Z</when>
          <when>2026-09-26T05:26:50Z</when>
          <when>2026-09-26T05:26:53Z</when>
          <when>2026-09-26T05:26:55Z</when>
          <when>2026-09-26T05:26:57Z</when>
          <when>2026-09-26T05:26:59Z</when>
          <when>2026-09-26T05:27:00Z</when>
          <when>2026-09-26T05:27:01Z</when>
          <when>2026-09-26T05:27:02Z</when>
          <when>2026-09-26T05:27:03Z</when>
          <when>2026-09-26T05:27:04Z</when>
          <when>2026-09-26T05:27:05Z</when>
          <when>2026-09-26T05:27:06Z</when>
          <when>2026-09-26T05:27:07Z</when>
          <when>2026-09-26T05:27:08Z</when>
          <when>2026-09-26T05:27:09Z</when>
          <when>2026-09-26T05:27:10Z</when>
          <when>2026-09-26T05:27:11Z</when>
          <when>2026-09-26T05:27:12Z</when>
          <when>2026-09-26T05:27:13Z</when>
          <when>2026-09-26T05:27:14Z</when>
          <when>2026-09-26T05:27:15Z</when>
          <when>2026-09-26T05:27:16Z</when>
          <when>2026-09-26T05:27:17Z</when>
          <when>2026-09-26T05:27:18Z</when>
          <when>2026-09-26T05:27:19Z</when>
          <when>2026-09-26T05:27:20Z</when>
          <when>2026-09-26T05:27:21Z</when>
          <when>2026-09-26T05:27:22Z</when>
          <when>2026-09-26T05:27:24Z</when>
          <when>2026-09-26T05:27:26Z</when>
          <when>2026-09-26T05:27:28Z</when>
          <when>2026-09-26T05:27:30Z</when>
          <when>2026-09-26T05:27:32Z</when>
          <when>2026-09-26T05:27:33Z</when>
          <when>2026-09-26T05:27:35Z</when>
          <when>2026-09-26T05:27:38Z</when>
          <when>2026-09-26T05:27:40Z</when>
          <when>2026-09-26T05:27:42Z</when>
          <when>2026-09-26T05:27:43Z</when>
          <when>2026-09-26T05:27:44Z</when>
          <when>2026-09-26T05:27:45Z</when>
          <when>2026-09-26T05:27:46Z</when>
          <when>2026-09-26T05:27:47Z</when>
          <when>2026-09-26T05:27:48Z</when>
          <when>2026-09-26T05:27:49Z</when>
          <when>2026-09-26T05:27:50Z</when>
          <when>2026-09-26T05:27:51Z</when>
          <when>2026-09-26T05:27:52Z</when>
          <when>2026-09-26T05:27:53Z</when>
          <when>2026-09-26T05:27:54Z</when>
          <when>2026-09-26T05:27:55Z</when>
          <when>2026-09-26T05:27:56Z</when>
          <when>2026-09-26T05:27:57Z</when>
          <when>2026-09-26T05:27:58Z</when>
          <when>2026-09-26T05:27:59Z</when>
          <when>2026-09-26T05:28:00Z</when>
          <when>2026-09-26T05:28:01Z</when>
          <when>2026-09-26T05:28:02Z</when>
          <when>2026-09-26T05:28:03Z</when>
          <when>2026-09-26T05:28:04Z</when>
          <when>2026-09-26T05:28:05Z</when>
          <when>2026-09-26T05:28:07Z</when>
          <when>2026-09-26T05:28:09Z</when>
          <when>2026-09-26T05:28:11Z</when>
          <when>2026-09-26T05:28:14Z</when>
          <when>2026-09-26T05:28:16Z</when>
          <when>2026-09-26T05:28:18Z</when>
          <when>2026-09-26T05:28:19Z</when>
          <when>2026-09-26T05:28:20Z</when>
          <when>2026-09-26T05:28:21Z</when>
          <when>2026-09-26T05:28:22Z</when>
          <when>2026-09-26T05:28:23Z</when>
          <when>2026-09-26T05:28:24Z</when>
          <when>2026-09-26T05:28:25Z</when>
          <when>2026-09-26T05:28:27Z</when>
          <when>2026-09-26T05:28:29Z</when>
          <when>2026-09-26T05:28:32Z</when>
          <when>2026-09-26T05:28:34Z</when>
          <when>2026-09-26T05:28:36Z</when>
          <when>2026-09-26T05:28:38Z</when>
          <when>2026-09-26T05:28:39Z</when>
          <when>2026-09-26T05:28:40Z</when>
          <when>2026-09-26T05:28:41Z</when>
          <when>2026-09-26T05:28:42Z</when>
          <when>2026-09-26T05:28:43Z</when>
          <when>2026-09-26T05:28:44Z</when>
          <when>2026-09-26T05:28:45Z</when>
          <when>2026-09-26T05:28:46Z</when>
          <when>2026-09-26T05:28:47Z</when>
          <when>2026-09-26T05:28:48Z</when>
          <when>2026-09-26T05:28:49Z</when>
          <when>2026-09-26T05:28:50Z</when>
          <when>2026-09-26T05:28:51Z</when>
          <when>2026-09-26T05:28:52Z</when>
          <when>2026-09-26T05:28:53Z</when>
          <when>2026-09-26T05:28:54Z</when>
          <when>2026-09-26T05:28:55Z</when>
          <when>2026-09-26T05:28:56Z</when>
          <when>2026-09-26T05:28:57Z</when>
          <when>2026-09-26T05:28:58Z</when>
          <when>2026-09-26T05:28:59Z</when>
          <when>2026-09-26T05:29:00Z</when>
          <when>2026-09-26T05:29:01Z</when>
          <when>2026-09-26T05:29:02Z</when>
          <when>2026-09-26T05:29:04Z</when>
          <when>2026-09-26T05:29:06Z</when>
          <when>2026-09-26T05:29:08Z</when>
          <when>2026-09-26T05:29:11Z</when>
          <when>2026-09-26T05:29:13Z</when>
          <when>2026-09-26T05:29:15Z</when>
          <when>2026-09-26T05:29:17Z</when>
          <when>2026-09-26T05:29:18Z</when>
          <when>2026-09-26T05:29:19Z</when>
          <when>2026-09-26T05:29:20Z</when>
          <when>2026-09-26T05:29:21Z</when>
          <when>2026-09-26T05:29:22Z</when>
          <when>2026-09-26T05:29:23Z</when>
          <when>2026-09-26T05:29:24Z</when>
          <when>2026-09-26T05:29:25Z</when>
          <when>2026-09-26T05:29:26Z</when>
          <when>2026-09-26T05:29:27Z</when>
          <when>2026-09-26T05:29:28Z</when>
          <when>2026-09-26T05:29:29Z</when>
          <when>2026-09-26T05:29:30Z</when>
          <when>2026-09-26T05:29:31Z</when>
          <when>2026-09-26T05:29:32Z</when>
          <when>2026-09-26T05:29:33Z</when>
          <when>2026-09-26T05:29:34Z</when>
          <when>2026-09-26T05:29:35Z</when>
          <when>2026-09-26T05:29:36Z</when>
          <when>2026-09-26T05:29:37Z</when>
          <when>2026-09-26T05:29:38Z</when>
          <when>2026-09-26T05:29:39Z</when>
          <when>2026-09-26T05:29:40Z</when>
          <when>2026-09-26T05:29:41Z</when>
          <when>2026-09-26T05:29:42Z</when>
          <when>2026-09-26T05:29:43Z</when>
          <when>2026-09-26T05:29:44Z</when>
          <when>2026-09-26T05:29:45Z</when>
          <when>2026-09-26T05:29:46Z</when>
          <when>2026-09-26T05:29:47Z</when>
          <when>2026-09-26T05:29:48Z</when>
          <when>2026-09-26T05:29:49Z</when>
          <when>2026-09-26T05:29:50Z</when>
          <when>2026-09-26T05:29:51Z</when>
          <when>2026-09-26T05:29:52Z</when>
          <when>2026-09-26T05:29:53Z</when>
          <when>2026-09-26T05:29:54Z</when>
          <when>2026-09-26T05:29:55Z</when>
          <when>2026-09-26T05:29:56Z</when>
          <when>2026-09-26T05:29:57Z</when>
          <when>2026-09-26T05:29:58Z</when>
          <when>2026-09-26T05:29:59Z</when>
          <when>2026-09-26T05:30:00Z</when>
          <when>2026-09-26T05:30:01Z</when>
          <when>2026-09-26T05:30:02Z</when>
          <when>2026-09-26T05:30:03Z</when>
          <when>2026-09-26T05:30:04Z</when>
          <when>2026-09-26T05:30:05Z</when>
          <when>2026-09-26T05:30:06Z</when>
          <when>2026-09-26T05:30:07Z</when>
          <when>2026-09-26T05:30:08Z</when>
          <when>2026-09-26T05:30:09Z</when>
          <when>2026-09-26T05:30:10Z</when>
          <when>2026-09-26T05:30:11Z</when>
          <when>2026-09-26T05:30:12Z</when>
          <when>2026-09-26T05:30:13Z</when>
          <when>2026-09-26T05:30:14Z</when>
          <when>2026-09-26T05:30:15Z</when>
          <when>2026-09-26T05:30:16Z</when>
          <when>2026-09-26T05:30:17Z</when>
          <when>2026-09-26T05:30:18Z</when>
          <when>2026-09-26T05:30:19Z</when>
          <when>2026-09-26T05:30:21Z</when>
          <when>2026-09-26T05:30:24Z</when>
          <when>2026-09-26T05:30:27Z</when>
          <when>2026-09-26T05:30:29Z</when>
          <when>2026-09-26T05:30:31Z</when>
          <when>2026-09-26T05:30:33Z</when>
          <when>2026-09-26T05:30:35Z</when>
          <when>2026-09-26T05:30:37Z</when>
          <when>2026-09-26T05:30:47Z</when>
          <when>2026-09-26T05:30:49Z</when>
          <when>2026-09-26T05:30:51Z</when>
          <when>2026-09-26T05:30:53Z</when>
          <when>2026-09-26T05:30:54Z</when>
          <when>2026-09-26T05:30:56Z</when>
          <when>2026-09-26T05:30:58Z</when>
          <when>2026-09-26T05:31:00Z</when>
          <when>2026-09-26T05:31:02Z</when>
          <when>2026-09-26T05:31:04Z</when>
          <when>2026-09-26T05:31:06Z</when>
          <when>2026-09-26T05:31:09Z</when>
          <when>2026-09-26T05:31:12Z</when>
          <when>2026-09-26T05:31:15Z</when>
          <when>2026-09-26T05:31:18Z</when>
          <when>2026-09-26T05:31:20Z</when>
          <when>2026-09-26T05:31:22Z</when>
          <when>2026-09-26T05:31:24Z</when>
          <when>2026-09-26T05:31:26Z</when>
          <when>2026-09-26T05:31:28Z</when>
          <when>2026-09-26T05:31:30Z</when>
          <when>2026-09-26T05:31:32Z</when>
          <when>2026-09-26T05:31:34Z</when>
          <when>2026-09-26T05:31:36Z</when>
          <when>2026-09-26T05:31:38Z</when>
          <when>2026-09-26T05:31:40Z</when>
          <when>2026-09-26T05:31:42Z</when>
          <when>2026-09-26T05:31:44Z</when>
          <when>2026-09-26T05:31:46Z</when>
          <when>2026-09-26T05:31:48Z</when>
          <when>2026-09-26T05:31:49Z</when>
          <when>2026-09-26T05:31:50Z</when>
          <when>2026-09-26T05:31:51Z</when>
          <when>2026-09-26T05:31:52Z</when>
          <when>2026-09-26T05:31:53Z</when>
          <when>2026-09-26T05:31:54Z</when>
          <when>2026-09-26T05:31:55Z</when>
          <when>2026-09-26T05:31:56Z</when>
          <when>2026-09-26T05:31:57Z</when>
          <when>2026-09-26T05:31:58Z</when>
          <when>2026-09-26T05:31:59Z</when>
          <when>2026-09-26T05:32:00Z</when>
          <when>2026-09-26T05:32:01Z</when>
          <when>2026-09-26T05:32:02Z</when>
          <when>2026-09-26T05:32:03Z</when>
          <when>2026-09-26T05:32:04Z</when>
          <when>2026-09-26T05:32:05Z</when>
          <when>2026-09-26T05:32:06Z</when>
          <when>2026-09-26T05:32:07Z</when>
          <when>2026-09-26T05:32:08Z</when>
          <when>2026-09-26T05:32:09Z</when>
          <when>2026-09-26T05:32:10Z</when>
          <when>2026-09-26T05:32:11Z</when>
          <when>2026-09-26T05:32:12Z</when>
          <when>2026-09-26T05:32:13Z</when>
          <when>2026-09-26T05:32:14Z</when>
          <when>2026-09-26T05:32:15Z</when>
          <when>2026-09-26T05:32:16Z</when>
          <when>2026-09-26T05:32:17Z</when>
          <when>2026-09-26T05:32:18Z</when>
          <when>2026-09-26T05:32:19Z</when>
          <when>2026-09-26T05:32:20Z</when>
          <when>2026-09-26T05:32:21Z</when>
          <when>2026-09-26T05:32:22Z</when>
          <when>2026-09-26T05:32:23Z</when>
          <when>2026-09-26T05:32:24Z</when>
          <when>2026-09-26T05:32:25Z</when>
          <when>2026-09-26T05:32:26Z</when>
          <when>2026-09-26T05:32:27Z</when>
          <when>2026-09-26T05:32:28Z</when>
          <when>2026-09-26T05:32:29Z</when>
          <when>2026-09-26T05:32:30Z</when>
          <when>2026-09-26T05:32:31Z</when>
          <when>2026-09-26T05:32:32Z</when>
          <when>2026-09-26T05:32:33Z</when>
          <when>2026-09-26T05:32:34Z</when>
          <when>2026-09-26T05:32:36Z</when>
          <when>2026-09-26T05:32:38Z</when>
          <when>2026-09-26T05:32:40Z</when>
          <when>2026-09-26T05:32:43Z</when>
          <when>2026-09-26T05:32:48Z</when>
          <when>2026-09-26T05:32:51Z</when>
          <when>2026-09-26T05:32:54Z</when>
          <when>2026-09-26T05:32:57Z</when>
          <when>2026-09-26T05:33:00Z</when>
          <when>2026-09-26T05:33:06Z</when>
          <when>2026-09-26T05:33:10Z</when>
          <when>2026-09-26T05:33:14Z</when>
          <when>2026-09-26T05:33:16Z</when>
          <when>2026-09-26T05:33:18Z</when>
          <when>2026-09-26T05:33:20Z</when>
          <when>2026-09-26T05:33:22Z</when>
          <when>2026-09-26T05:33:24Z</when>
          <when>2026-09-26T05:33:26Z</when>
          <when>2026-09-26T05:33:28Z</when>
          <when>2026-09-26T05:33:30Z</when>
          <when>2026-09-26T05:33:32Z</when>
          <when>2026-09-26T05:33:33Z</when>
          <when>2026-09-26T05:33:34Z</when>
          <when>2026-09-26T05:33:35Z</when>
          <when>2026-09-26T05:33:36Z</when>
          <when>2026-09-26T05:33:37Z</when>
          <when>2026-09-26T05:33:38Z</when>
          <when>2026-09-26T05:33:39Z</when>
          <when>2026-09-26T05:33:40Z</when>
          <when>2026-09-26T05:33:41Z</when>
          <when>2026-09-26T05:33:43Z</when>
          <when>2026-09-26T05:33:45Z</when>
          <when>2026-09-26T05:33:47Z</when>
          <when>2026-09-26T05:33:49Z</when>
          <when>2026-09-26T05:33:51Z</when>
          <when>2026-09-26T05:33:53Z</when>
          <when>2026-09-26T05:33:55Z</when>
          <when>2026-09-26T05:33:56Z</when>
          <when>2026-09-26T05:33:57Z</when>
          <when>2026-09-26T05:33:58Z</when>
          <when>2026-09-26T05:34:00Z</when>
          <when>2026-09-26T05:34:02Z</when>
          <when>2026-09-26T05:34:04Z</when>
          <when>2026-09-26T05:34:06Z</when>
          <when>2026-09-26T05:34:08Z</when>
          <when>2026-09-26T05:34:10Z</when>
          <when>2026-09-26T05:34:12Z</when>
          <when>2026-09-26T05:34:13Z</when>
          <when>2026-09-26T05:34:14Z</when>
          <when>2026-09-26T05:34:15Z</when>
          <when>2026-09-26T05:34:16Z</when>
          <when>2026-09-26T05:34:17Z</when>
          <when>2026-09-26T05:34:18Z</when>
          <when>2026-09-26T05:34:19Z</when>
          <when>2026-09-26T05:34:20Z</when>
          <when>2026-09-26T05:34:22Z</when>
          <when>2026-09-26T05:34:24Z</when>
          <when>2026-09-26T05:34:26Z</when>
          <when>2026-09-26T05:34:28Z</when>
          <when>2026-09-26T05:34:31Z</when>
          <when>2026-09-26T05:34:34Z</when>
          <when>2026-09-26T05:34:50Z</when>
          <when>2026-09-26T05:35:05Z</when>
          <when>2026-09-26T05:35:16Z</when>
          <when>2026-09-26T05:35:18Z</when>
          <when>2026-09-26T05:35:24Z</when>
          <when>2026-09-26T05:35:39Z</when>
          <when>2026-09-26T05:35:50Z</when>
          <when>2026-09-26T05:36:04Z</when>
          <when>2026-09-26T05:36:20Z</when>
          <when>2026-09-26T05:36:21Z</when>
          <when>2026-09-26T05:36:32Z</when>
          <when>2026-09-26T05:36:38Z</when>
          <when>2026-09-26T05:36:41Z</when>
          <when>2026-09-26T05:36:45Z</when>
          <when>2026-09-26T05:36:48Z</when>
          <when>2026-09-26T05:36:52Z</when>
          <when>2026-09-26T05:36:54Z</when>
          <when>2026-09-26T05:36:55Z</when>
          <when>2026-09-26T05:36:58Z</when>
          <when>2026-09-26T05:37:00Z</when>
          <when>2026-09-26T05:37:02Z</when>
          <when>2026-09-26T05:37:04Z</when>
          <when>2026-09-26T05:37:06Z</when>
          <when>2026-09-26T05:37:09Z</when>
          <when>2026-09-26T05:37:12Z</when>
          <when>2026-09-26T05:37:16Z</when>
          <when>2026-09-26T05:37:19Z</when>
          <when>2026-09-26T05:37:23Z</when>
          <when>2026-09-26T05:37:26Z</when>
          <when>2026-09-26T05:37:29Z</when>
          <when>2026-09-26T05:37:31Z</when>
          <when>2026-09-26T05:37:34Z</when>
          <when>2026-09-26T05:37:37Z</when>
          <when>2026-09-26T05:37:45Z</when>
          <when>2026-09-26T05:37:52Z</when>
          <when>2026-09-26T05:37:59Z</when>
          <when>2026-09-26T05:38:01Z</when>
          <when>2026-09-26T05:38:03Z</when>
          <when>2026-09-26T05:38:14Z</when>
          <when>2026-09-26T05:38:17Z</when>
          <when>2026-09-26T05:38:23Z</when>
          <when>2026-09-26T05:38:24Z</when>
          <when>2026-09-26T05:38:25Z</when>
          <when>2026-09-26T05:38:26Z</when>
          <when>2026-09-26T05:38:28Z</when>
          <when>2026-09-26T05:38:30Z</when>
          <when>2026-09-26T05:38:31Z</when>
          <when>2026-09-26T05:38:32Z</when>
          <when>2026-09-26T05:38:33Z</when>
          <when>2026-09-26T05:38:34Z</when>
          <when>2026-09-26T05:38:35Z</when>
          <when>2026-09-26T05:38:36Z</when>
          <when>2026-09-26T05:38:37Z</when>
          <when>2026-09-26T05:38:38Z</when>
          <when>2026-09-26T05:38:39Z</when>
          <when>2026-09-26T05:38:40Z</when>
          <when>2026-09-26T05:38:41Z</when>
          <when>2026-09-26T05:38:42Z</when>
          <when>2026-09-26T05:38:43Z</when>
          <when>2026-09-26T05:38:44Z</when>
          <when>2026-09-26T05:38:45Z</when>
          <when>2026-09-26T05:38:47Z</when>
          <when>2026-09-26T05:38:49Z</when>
          <when>2026-09-26T05:38:52Z</when>
          <when>2026-09-26T05:38:57Z</when>
          <when>2026-09-26T05:38:59Z</when>
          <when>2026-09-26T05:39:01Z</when>
          <when>2026-09-26T05:39:02Z</when>
          <when>2026-09-26T05:39:03Z</when>
          <when>2026-09-26T05:39:04Z</when>
          <when>2026-09-26T05:39:05Z</when>
          <when>2026-09-26T05:39:06Z</when>
          <when>2026-09-26T05:39:07Z</when>
          <when>2026-09-26T05:39:08Z</when>
          <when>2026-09-26T05:39:10Z</when>
          <when>2026-09-26T05:39:18Z</when>
          <when>2026-09-26T05:39:22Z</when>
          <when>2026-09-26T05:39:25Z</when>
          <when>2026-09-26T05:39:27Z</when>
          <when>2026-09-26T05:39:29Z</when>
          <when>2026-09-26T05:39:31Z</when>
          <when>2026-09-26T05:39:33Z</when>
          <when>2026-09-26T05:39:35Z</when>
          <when>2026-09-26T05:39:36Z</when>
          <when>2026-09-26T05:39:38Z</when>
          <when>2026-09-26T05:39:40Z</when>
          <when>2026-09-26T05:39:42Z</when>
          <when>2026-09-26T05:39:44Z</when>
          <when>2026-09-26T05:39:46Z</when>
          <when>2026-09-26T05:39:47Z</when>
          <when>2026-09-26T05:39:49Z</when>
          <when>2026-09-26T05:40:01Z</when>
          <when>2026-09-26T05:40:07Z</when>
          <when>2026-09-26T05:40:10Z</when>
          <when>2026-09-26T05:40:13Z</when>
          <when>2026-09-26T05:40:15Z</when>
          <when>2026-09-26T05:40:18Z</when>
          <when>2026-09-26T05:40:20Z</when>
          <when>2026-09-26T05:40:22Z</when>
          <when>2026-09-26T05:40:23Z</when>
          <when>2026-09-26T05:40:25Z</when>
          <when>2026-09-26T05:40:27Z</when>
          <when>2026-09-26T05:40:29Z</when>
          <when>2026-09-26T05:40:31Z</when>
          <when>2026-09-26T05:40:34Z</when>
          <when>2026-09-26T05:40:36Z</when>
          <when>2026-09-26T05:40:39Z</when>
          <when>2026-09-26T05:40:42Z</when>
          <when>2026-09-26T05:40:43Z</when>
          <when>2026-09-26T05:40:44Z</when>
          <when>2026-09-26T05:40:45Z</when>
          <when>2026-09-26T05:40:47Z</when>
          <when>2026-09-26T05:40:49Z</when>
          <when>2026-09-26T05:40:51Z</when>
          <when>2026-09-26T05:40:53Z</when>
          <when>2026-09-26T05:40:56Z</when>
          <when>2026-09-26T05:40:58Z</when>
          <when>2026-09-26T05:41:00Z</when>
          <when>2026-09-26T05:41:02Z</when>
          <when>2026-09-26T05:41:04Z</when>
          <when>2026-09-26T05:41:07Z</when>
          <when>2026-09-26T05:41:13Z</when>
          <when>2026-09-26T05:41:18Z</when>
          <when>2026-09-26T05:41:24Z</when>
          <when>2026-09-26T05:41:28Z</when>
          <when>2026-09-26T05:41:30Z</when>
          <when>2026-09-26T05:41:32Z</when>
          <when>2026-09-26T05:41:34Z</when>
          <when>2026-09-26T05:41:36Z</when>
          <when>2026-09-26T05:41:38Z</when>
          <when>2026-09-26T05:41:40Z</when>
          <when>2026-09-26T05:41:42Z</when>
          <when>2026-09-26T05:41:44Z</when>
          <when>2026-09-26T05:41:46Z</when>
          <when>2026-09-26T05:41:48Z</when>
          <when>2026-09-26T05:41:50Z</when>
          <when>2026-09-26T05:41:52Z</when>
          <when>2026-09-26T05:41:54Z</when>
          <when>2026-09-26T05:41:56Z</when>
          <when>2026-09-26T05:41:58Z</when>
          <when>2026-09-26T05:42:00Z</when>
          <when>2026-09-26T05:42:02Z</when>
          <when>2026-09-26T05:42:05Z</when>
          <when>2026-09-26T05:42:09Z</when>
          <when>2026-09-26T05:42:12Z</when>
          <when>2026-09-26T05:42:14Z</when>
          <when>2026-09-26T05:42:16Z</when>
          <when>2026-09-26T05:42:18Z</when>
          <when>2026-09-26T05:42:20Z</when>
          <when>2026-09-26T05:42:22Z</when>
          <when>2026-09-26T05:42:24Z</when>
          <when>2026-09-26T05:42:26Z</when>
          <when>2026-09-26T05:42:28Z</when>
          <when>2026-09-26T05:42:30Z</when>
          <when>2026-09-26T05:42:35Z</when>
          <when>2026-09-26T05:43:03Z</when>
          <when>2026-09-26T05:43:07Z</when>
          <when>2026-09-26T05:43:10Z</when>
          <when>2026-09-26T05:43:12Z</when>
          <when>2026-09-26T05:43:14Z</when>
          <when>2026-09-26T05:43:16Z</when>
          <when>2026-09-26T05:43:18Z</when>
          <when>2026-09-26T05:43:20Z</when>
          <when>2026-09-26T05:43:23Z</when>
          <when>2026-09-26T05:43:27Z</when>
          <when>2026-09-26T05:43:30Z</when>
          <when>2026-09-26T05:43:32Z</when>
          <when>2026-09-26T05:43:34Z</when>
          <when>2026-09-26T05:43:37Z</when>
          <when>2026-09-26T05:43:49Z</when>
          <when>2026-09-26T05:44:30Z</when>
          <when>2026-09-26T05:44:39Z</when>
          <when>2026-09-26T05:44:49Z</when>
          <when>2026-09-26T05:44:57Z</when>
          <when>2026-09-26T05:45:23Z</when>
          <gx:coord>74.05971199 14.96758611 18.93</gx:coord>
          <gx:coord>74.0597854 14.96771533 18.31</gx:coord>
          <gx:coord>74.05982726 14.96791307 17.31</gx:coord>
          <gx:coord>74.05986497 14.96810454 5.68</gx:coord>
          <gx:coord>74.0599231 14.9682649 4.03</gx:coord>
          <gx:coord>74.05998532 14.96841507 3.5</gx:coord>
          <gx:coord>74.06005879 14.96856167 3.61</gx:coord>
          <gx:coord>74.06014925 14.96870064 3.63</gx:coord>
          <gx:coord>74.06024758 14.96883476 3.63</gx:coord>
          <gx:coord>74.06036169 14.96895245 3.58</gx:coord>
          <gx:coord>74.06045958 14.96905541 3.58</gx:coord>
          <gx:coord>74.06057881 14.96921129 3.25</gx:coord>
          <gx:coord>74.0606618 14.96928765 3.58</gx:coord>
          <gx:coord>74.06074132 14.96936739 3.95</gx:coord>
          <gx:coord>74.0608232 14.96943027 2.48</gx:coord>
          <gx:coord>74.06104802 14.96931647 2.98</gx:coord>
          <gx:coord>74.06119168 14.96931972 2.97</gx:coord>
          <gx:coord>74.06135863 14.96929176 2.2</gx:coord>
          <gx:coord>74.06150966 14.96931647 1.96</gx:coord>
          <gx:coord>74.06168623 14.96926348 1.63</gx:coord>
          <gx:coord>74.06184432 14.96928714 1.63</gx:coord>
          <gx:coord>74.06202065 14.96931055 -0.03</gx:coord>
          <gx:coord>74.06220829 14.96927752 0.35</gx:coord>
          <gx:coord>74.06239008 14.96922277 1.41</gx:coord>
          <gx:coord>74.06258802 14.9691499 2.04</gx:coord>
          <gx:coord>74.06278561 14.96912746 1.12</gx:coord>
          <gx:coord>74.0629456 14.9691508 0.9</gx:coord>
          <gx:coord>74.06310945 14.96915938 0.69</gx:coord>
          <gx:coord>74.06327294 14.96915931 0.05</gx:coord>
          <gx:coord>74.06342431 14.96916603 -0.51</gx:coord>
          <gx:coord>74.06355553 14.96919046 -0.47</gx:coord>
          <gx:coord>74.06366287 14.96922783 -1.21</gx:coord>
          <gx:coord>74.06379892 14.96927859 -2.77</gx:coord>
          <gx:coord>74.06390816 14.96933879 -2.69</gx:coord>
          <gx:coord>74.0640113 14.96938995 -2.33</gx:coord>
          <gx:coord>74.06412529 14.96944118 -2.18</gx:coord>
          <gx:coord>74.06424084 14.96949494 -2.28</gx:coord>
          <gx:coord>74.06435462 14.969523 -1.88</gx:coord>
          <gx:coord>74.06445454 14.96953167 -1.31</gx:coord>
          <gx:coord>74.06454855 14.96951042 -1.51</gx:coord>
          <gx:coord>74.06464878 14.96949014 -1.52</gx:coord>
          <gx:coord>74.06483751 14.96941269 -1.45</gx:coord>
          <gx:coord>74.06493727 14.96936273 -1.63</gx:coord>
          <gx:coord>74.06513515 14.96927316 -1.94</gx:coord>
          <gx:coord>74.06525182 14.96922732 -1.94</gx:coord>
          <gx:coord>74.06537687 14.96916243 -0.78</gx:coord>
          <gx:coord>74.06551557 14.96911852 -0.11</gx:coord>
          <gx:coord>74.06563439 14.96907825 -0.11</gx:coord>
          <gx:coord>74.06577351 14.96902748 2.31</gx:coord>
          <gx:coord>74.06589342 14.96898704 2.44</gx:coord>
          <gx:coord>74.06604216 14.96896337 5.28</gx:coord>
          <gx:coord>74.06621875 14.96894635 7.96</gx:coord>
          <gx:coord>74.06635223 14.96891216 8.76</gx:coord>
          <gx:coord>74.06659175 14.96893087 14.75</gx:coord>
          <gx:coord>74.06673161 14.96902883 12.98</gx:coord>
          <gx:coord>74.06685885 14.96903069 12.98</gx:coord>
          <gx:coord>74.06701924 14.96907331 13.28</gx:coord>
          <gx:coord>74.0671335 14.96906654 13.34</gx:coord>
          <gx:coord>74.06730312 14.96910234 15.01</gx:coord>
          <gx:coord>74.06746324 14.96913776 14.39</gx:coord>
          <gx:coord>74.06766226 14.96917086 13.38</gx:coord>
          <gx:coord>74.06785138 14.96918017 12.36</gx:coord>
          <gx:coord>74.06802415 14.96920141 11.41</gx:coord>
          <gx:coord>74.06820075 14.96924976 9.67</gx:coord>
          <gx:coord>74.06844737 14.96935514 0.1</gx:coord>
          <gx:coord>74.06865578 14.96944409 -3.31</gx:coord>
          <gx:coord>74.06882056 14.96948737 -3.31</gx:coord>
          <gx:coord>74.06899663 14.96951727 -3.68</gx:coord>
          <gx:coord>74.06915849 14.96950877 -3.87</gx:coord>
          <gx:coord>74.06932023 14.96956026 -4.01</gx:coord>
          <gx:coord>74.06948028 14.96960228 -4.76</gx:coord>
          <gx:coord>74.06960973 14.96960262 -6.4</gx:coord>
          <gx:coord>74.06975403 14.96959753 -6.82</gx:coord>
          <gx:coord>74.06990459 14.96950425 -6.81</gx:coord>
          <gx:coord>74.07005359 14.96944055 -6.81</gx:coord>
          <gx:coord>74.07016825 14.9693589 -7.28</gx:coord>
          <gx:coord>74.07041326 14.96917337 -10.74</gx:coord>
          <gx:coord>74.07050893 14.96908618 -11.26</gx:coord>
          <gx:coord>74.07060593 14.9689481 -10.76</gx:coord>
          <gx:coord>74.07075397 14.96882366 -9.67</gx:coord>
          <gx:coord>74.0708806 14.96870761 -9.29</gx:coord>
          <gx:coord>74.07101877 14.96858595 -9.4</gx:coord>
          <gx:coord>74.07129315 14.96810779 -36.02</gx:coord>
          <gx:coord>74.07140044 14.96798698 -33.45</gx:coord>
          <gx:coord>74.07150383 14.96790407 -25.89</gx:coord>
          <gx:coord>74.07164061 14.96782024 -27.86</gx:coord>
          <gx:coord>74.07179157 14.96776308 -28.98</gx:coord>
          <gx:coord>74.0719198 14.96774816 -23.59</gx:coord>
          <gx:coord>74.0721159 14.96778748 -37.22</gx:coord>
          <gx:coord>74.07226975 14.96776898 -37.03</gx:coord>
          <gx:coord>74.07244037 14.9677067 -38.95</gx:coord>
          <gx:coord>74.07258642 14.96766049 -33.88</gx:coord>
          <gx:coord>74.07274711 14.96761145 -32.53</gx:coord>
          <gx:coord>74.07288941 14.96754524 -32.56</gx:coord>
          <gx:coord>74.0730448 14.96746534 -33.89</gx:coord>
          <gx:coord>74.07318012 14.96738638 -33.78</gx:coord>
          <gx:coord>74.07331709 14.96730025 -32.83</gx:coord>
          <gx:coord>74.07346749 14.9671964 -32.18</gx:coord>
          <gx:coord>74.07360926 14.96710059 -28.98</gx:coord>
          <gx:coord>74.07375237 14.96700819 -27.41</gx:coord>
          <gx:coord>74.07391012 14.96689835 -24.08</gx:coord>
          <gx:coord>74.07405261 14.96680617 -21.43</gx:coord>
          <gx:coord>74.07417164 14.96674882 -16.12</gx:coord>
          <gx:coord>74.07435549 14.96668349 -7</gx:coord>
          <gx:coord>74.07448124 14.96665222 -4.86</gx:coord>
          <gx:coord>74.07461329 14.96665203 -4.37</gx:coord>
          <gx:coord>74.07475001 14.9666296 -3.25</gx:coord>
          <gx:coord>74.07488523 14.96661535 -1.88</gx:coord>
          <gx:coord>74.07503139 14.96661492 -1.31</gx:coord>
          <gx:coord>74.07517097 14.96661755 -1.26</gx:coord>
          <gx:coord>74.07531314 14.96662035 0.42</gx:coord>
          <gx:coord>74.07545428 14.96662263 0.54</gx:coord>
          <gx:coord>74.07560181 14.96661794 0.9</gx:coord>
          <gx:coord>74.07574827 14.96662122 1.7</gx:coord>
          <gx:coord>74.07589974 14.96662518 2.04</gx:coord>
          <gx:coord>74.07604879 14.96662663 2.07</gx:coord>
          <gx:coord>74.0762042 14.96663196 2.45</gx:coord>
          <gx:coord>74.07635752 14.96663661 2.7</gx:coord>
          <gx:coord>74.07651419 14.96662518 2.54</gx:coord>
          <gx:coord>74.07667091 14.9666232 0.73</gx:coord>
          <gx:coord>74.07682396 14.96662779 0.53</gx:coord>
          <gx:coord>74.07699004 14.96663344 -0.26</gx:coord>
          <gx:coord>74.07715265 14.96663378 0.69</gx:coord>
          <gx:coord>74.07731507 14.96665255 0.87</gx:coord>
          <gx:coord>74.07748685 14.96662954 2.66</gx:coord>
          <gx:coord>74.07763082 14.96656886 2.64</gx:coord>
          <gx:coord>74.07777274 14.96653079 3.96</gx:coord>
          <gx:coord>74.07791443 14.9664767 4.28</gx:coord>
          <gx:coord>74.07805032 14.96645007 5.73</gx:coord>
          <gx:coord>74.07819789 14.96642612 6.01</gx:coord>
          <gx:coord>74.07835185 14.96639055 5.18</gx:coord>
          <gx:coord>74.07850516 14.96634575 5.2</gx:coord>
          <gx:coord>74.07865263 14.96629985 6.08</gx:coord>
          <gx:coord>74.07880777 14.96624466 6.65</gx:coord>
          <gx:coord>74.07897216 14.96620775 8.03</gx:coord>
          <gx:coord>74.07914038 14.96616527 8.38</gx:coord>
          <gx:coord>74.07929837 14.96611194 8.87</gx:coord>
          <gx:coord>74.07944684 14.96606089 7.94</gx:coord>
          <gx:coord>74.07959401 14.96599818 6.52</gx:coord>
          <gx:coord>74.07973605 14.96594516 4.99</gx:coord>
          <gx:coord>74.07986497 14.96590782 3.6</gx:coord>
          <gx:coord>74.07999233 14.96589198 3.73</gx:coord>
          <gx:coord>74.08011743 14.96588368 2.88</gx:coord>
          <gx:coord>74.08025695 14.96586646 3.85</gx:coord>
          <gx:coord>74.0803714 14.96587956 2.51</gx:coord>
          <gx:coord>74.08047619 14.96589904 2.85</gx:coord>
          <gx:coord>74.08059729 14.96589461 2.6</gx:coord>
          <gx:coord>74.08070297 14.96589054 2.38</gx:coord>
          <gx:coord>74.0808234 14.96592074 2.95</gx:coord>
          <gx:coord>74.08098163 14.96591154 2.28</gx:coord>
          <gx:coord>74.08109983 14.96589996 2.9</gx:coord>
          <gx:coord>74.08121298 14.96589081 5.17</gx:coord>
          <gx:coord>74.08131381 14.96588681 7.1</gx:coord>
          <gx:coord>74.08146088 14.96587087 7.26</gx:coord>
          <gx:coord>74.08161415 14.96586 6.66</gx:coord>
          <gx:coord>74.08176098 14.96584102 7.67</gx:coord>
          <gx:coord>74.08185345 14.9658226 7.66</gx:coord>
          <gx:coord>74.0820324 14.96578997 8.71</gx:coord>
          <gx:coord>74.08212715 14.96580289 9.46</gx:coord>
          <gx:coord>74.08222235 14.96582363 10.49</gx:coord>
          <gx:coord>74.08232032 14.96585781 10.67</gx:coord>
          <gx:coord>74.0824098 14.96589258 10.85</gx:coord>
          <gx:coord>74.0825781 14.96595065 10.98</gx:coord>
          <gx:coord>74.08266557 14.96598747 10.47</gx:coord>
          <gx:coord>74.08276033 14.96601715 9.92</gx:coord>
          <gx:coord>74.08294118 14.96605732 9.96</gx:coord>
          <gx:coord>74.08304814 14.96605977 9.96</gx:coord>
          <gx:coord>74.08317073 14.96606606 8.85</gx:coord>
          <gx:coord>74.08328864 14.96604996 8.1</gx:coord>
          <gx:coord>74.08340937 14.96603853 8.09</gx:coord>
          <gx:coord>74.0835156 14.96600014 8.36</gx:coord>
          <gx:coord>74.08361634 14.96599246 8.97</gx:coord>
          <gx:coord>74.08371098 14.96597898 8.53</gx:coord>
          <gx:coord>74.08390485 14.96594911 7.08</gx:coord>
          <gx:coord>74.08402598 14.96593683 6.58</gx:coord>
          <gx:coord>74.08414365 14.96592489 4.73</gx:coord>
          <gx:coord>74.08425206 14.96590737 4.81</gx:coord>
          <gx:coord>74.08436462 14.96588584 4.58</gx:coord>
          <gx:coord>74.0844764 14.96586903 4.28</gx:coord>
          <gx:coord>74.08458995 14.96584738 4.2</gx:coord>
          <gx:coord>74.08470717 14.96582738 3.97</gx:coord>
          <gx:coord>74.08483113 14.9658329 2.63</gx:coord>
          <gx:coord>74.0849593 14.96584224 1.11</gx:coord>
          <gx:coord>74.08507887 14.96586128 -0.05</gx:coord>
          <gx:coord>74.08520969 14.96588708 -0.31</gx:coord>
          <gx:coord>74.08533295 14.96591441 -0.36</gx:coord>
          <gx:coord>74.08545234 14.96593764 -0.67</gx:coord>
          <gx:coord>74.08556088 14.9659647 -1.04</gx:coord>
          <gx:coord>74.08566661 14.96598999 -1.27</gx:coord>
          <gx:coord>74.0857621 14.96601868 -1.19</gx:coord>
          <gx:coord>74.08585881 14.96605005 -0.97</gx:coord>
          <gx:coord>74.0859489 14.96608823 -1.15</gx:coord>
          <gx:coord>74.08603349 14.96614108 -1.43</gx:coord>
          <gx:coord>74.08610604 14.96621652 -1.64</gx:coord>
          <gx:coord>74.08616451 14.9663039 -1.45</gx:coord>
          <gx:coord>74.08621033 14.96639383 -1.06</gx:coord>
          <gx:coord>74.08625725 14.96648475 -0.87</gx:coord>
          <gx:coord>74.08630243 14.96656582 -0.64</gx:coord>
          <gx:coord>74.08634861 14.96664688 -0.64</gx:coord>
          <gx:coord>74.08642922 14.96679406 -0.54</gx:coord>
          <gx:coord>74.08649186 14.96690795 -0.2</gx:coord>
          <gx:coord>74.08653486 14.96701575 0.24</gx:coord>
          <gx:coord>74.08655124 14.96712085 0.48</gx:coord>
          <gx:coord>74.08655975 14.96721445 2.78</gx:coord>
          <gx:coord>74.08653658 14.96732423 5.03</gx:coord>
          <gx:coord>74.08649832 14.96746486 5.05</gx:coord>
          <gx:coord>74.08645137 14.96759789 5.05</gx:coord>
          <gx:coord>74.08640231 14.96773482 4.97</gx:coord>
          <gx:coord>74.08638866 14.96785688 5.13</gx:coord>
          <gx:coord>74.08640825 14.96795277 4.99</gx:coord>
          <gx:coord>74.08645848 14.96806286 4.83</gx:coord>
          <gx:coord>74.08652518 14.96816232 5.71</gx:coord>
          <gx:coord>74.08658577 14.96826424 6.02</gx:coord>
          <gx:coord>74.08666474 14.96838763 6.99</gx:coord>
          <gx:coord>74.08675425 14.96852263 7.58</gx:coord>
          <gx:coord>74.0868494 14.96866499 7.55</gx:coord>
          <gx:coord>74.08694072 14.96878786 6.91</gx:coord>
          <gx:coord>74.08702291 14.96890286 6.2</gx:coord>
          <gx:coord>74.08710982 14.96901124 7.25</gx:coord>
          <gx:coord>74.0872098 14.96912346 7.76</gx:coord>
          <gx:coord>74.08733457 14.96924805 8.13</gx:coord>
          <gx:coord>74.08739995 14.96931784 8.41</gx:coord>
          <gx:coord>74.08745961 14.96939302 8.41</gx:coord>
          <gx:coord>74.0875121 14.96947766 8.35</gx:coord>
          <gx:coord>74.08757652 14.96955768 7.95</gx:coord>
          <gx:coord>74.08765156 14.96965043 7.42</gx:coord>
          <gx:coord>74.08774127 14.96975626 7.35</gx:coord>
          <gx:coord>74.08782762 14.96986058 7.29</gx:coord>
          <gx:coord>74.08792103 14.96996489 7.32</gx:coord>
          <gx:coord>74.08800833 14.97007471 7.43</gx:coord>
          <gx:coord>74.0880935 14.97018885 8.05</gx:coord>
          <gx:coord>74.08816985 14.97031165 8.58</gx:coord>
          <gx:coord>74.08824415 14.97043164 9</gx:coord>
          <gx:coord>74.08832147 14.97055127 9.54</gx:coord>
          <gx:coord>74.08840228 14.97067667 10.03</gx:coord>
          <gx:coord>74.08848445 14.97080677 10.33</gx:coord>
          <gx:coord>74.08855818 14.97093889 11.13</gx:coord>
          <gx:coord>74.0886373 14.97106831 11.86</gx:coord>
          <gx:coord>74.08872073 14.97119712 12.78</gx:coord>
          <gx:coord>74.08880053 14.97132551 13.34</gx:coord>
          <gx:coord>74.08888413 14.97145314 13.72</gx:coord>
          <gx:coord>74.08896598 14.97158428 13.78</gx:coord>
          <gx:coord>74.08904783 14.97170927 13.86</gx:coord>
          <gx:coord>74.08913424 14.9718189 13.74</gx:coord>
          <gx:coord>74.08922172 14.97191078 13.93</gx:coord>
          <gx:coord>74.08930559 14.97198577 13.35</gx:coord>
          <gx:coord>74.0894225 14.97207547 12.71</gx:coord>
          <gx:coord>74.08951765 14.9721406 12.42</gx:coord>
          <gx:coord>74.08961927 14.97220532 11.81</gx:coord>
          <gx:coord>74.08974879 14.97229363 11.78</gx:coord>
          <gx:coord>74.08990274 14.97239367 11.43</gx:coord>
          <gx:coord>74.08999231 14.97244935 11.36</gx:coord>
          <gx:coord>74.09008563 14.97252902 11.21</gx:coord>
          <gx:coord>74.09018796 14.97259535 11.59</gx:coord>
          <gx:coord>74.09028866 14.97266556 11.75</gx:coord>
          <gx:coord>74.09038927 14.97274069 11.67</gx:coord>
          <gx:coord>74.09049115 14.97281808 11.73</gx:coord>
          <gx:coord>74.09059417 14.97289632 11.68</gx:coord>
          <gx:coord>74.09069515 14.97298151 12</gx:coord>
          <gx:coord>74.09080074 14.97306469 11.91</gx:coord>
          <gx:coord>74.09091146 14.97314724 11.82</gx:coord>
          <gx:coord>74.09103059 14.97323452 11.41</gx:coord>
          <gx:coord>74.09114491 14.97331741 10.85</gx:coord>
          <gx:coord>74.09126109 14.97340209 10.16</gx:coord>
          <gx:coord>74.09137459 14.97349214 9.28</gx:coord>
          <gx:coord>74.09149575 14.97358125 9.05</gx:coord>
          <gx:coord>74.09162622 14.97366168 8.81</gx:coord>
          <gx:coord>74.09176764 14.97373176 8.78</gx:coord>
          <gx:coord>74.0919167 14.97378536 9.01</gx:coord>
          <gx:coord>74.09207167 14.97381407 9.35</gx:coord>
          <gx:coord>74.09222937 14.97382294 9.53</gx:coord>
          <gx:coord>74.09238618 14.97381908 9.69</gx:coord>
          <gx:coord>74.09254336 14.97382528 9.82</gx:coord>
          <gx:coord>74.09270679 14.97383737 10.88</gx:coord>
          <gx:coord>74.09286328 14.97384966 11.82</gx:coord>
          <gx:coord>74.09301667 14.97386013 12.79</gx:coord>
          <gx:coord>74.09316743 14.97386853 14</gx:coord>
          <gx:coord>74.09331494 14.97388134 14.99</gx:coord>
          <gx:coord>74.09345829 14.97389428 16.11</gx:coord>
          <gx:coord>74.09359875 14.97391861 17.39</gx:coord>
          <gx:coord>74.09372976 14.97395234 18.57</gx:coord>
          <gx:coord>74.09385934 14.97400269 19.61</gx:coord>
          <gx:coord>74.09397507 14.97406221 21.37</gx:coord>
          <gx:coord>74.09408624 14.97412943 22.07</gx:coord>
          <gx:coord>74.09420102 14.97418541 21.93</gx:coord>
          <gx:coord>74.09431448 14.97425106 21.88</gx:coord>
          <gx:coord>74.09443485 14.97431743 21.52</gx:coord>
          <gx:coord>74.09455378 14.97438055 21.96</gx:coord>
          <gx:coord>74.09467778 14.9744478 22.38</gx:coord>
          <gx:coord>74.09480254 14.97451642 22.8</gx:coord>
          <gx:coord>74.09506041 14.97465291 23.01</gx:coord>
          <gx:coord>74.09518088 14.97471586 22.36</gx:coord>
          <gx:coord>74.09539619 14.97483577 22.09</gx:coord>
          <gx:coord>74.09547875 14.97488155 22.44</gx:coord>
          <gx:coord>74.09559123 14.97493021 22.66</gx:coord>
          <gx:coord>74.09568125 14.97497024 22.79</gx:coord>
          <gx:coord>74.09577069 14.97501305 23.16</gx:coord>
          <gx:coord>74.09589081 14.97507948 23.75</gx:coord>
          <gx:coord>74.09604206 14.97515284 24.5</gx:coord>
          <gx:coord>74.0962072 14.9752405 25</gx:coord>
          <gx:coord>74.09629415 14.97528579 25.34</gx:coord>
          <gx:coord>74.09638849 14.97533112 25.43</gx:coord>
          <gx:coord>74.09648564 14.97537501 25.76</gx:coord>
          <gx:coord>74.09658622 14.9754254 26.06</gx:coord>
          <gx:coord>74.09668769 14.97547965 26.32</gx:coord>
          <gx:coord>74.09679373 14.97553557 26.77</gx:coord>
          <gx:coord>74.09690297 14.97559083 27.36</gx:coord>
          <gx:coord>74.09701305 14.97564624 27.7</gx:coord>
          <gx:coord>74.09712533 14.97570164 28.13</gx:coord>
          <gx:coord>74.09724197 14.97575356 28.54</gx:coord>
          <gx:coord>74.09735849 14.97581042 29.13</gx:coord>
          <gx:coord>74.09747417 14.97587114 29.2</gx:coord>
          <gx:coord>74.09759433 14.97593187 29.58</gx:coord>
          <gx:coord>74.0977153 14.97599269 30.27</gx:coord>
          <gx:coord>74.09783584 14.97605487 30.77</gx:coord>
          <gx:coord>74.09795675 14.97611912 31.19</gx:coord>
          <gx:coord>74.09807697 14.97618206 31.63</gx:coord>
          <gx:coord>74.09819579 14.97624368 32.28</gx:coord>
          <gx:coord>74.09831204 14.97629946 33.08</gx:coord>
          <gx:coord>74.09843195 14.97635015 33.86</gx:coord>
          <gx:coord>74.09854556 14.9764119 34.83</gx:coord>
          <gx:coord>74.09865484 14.97648994 35.77</gx:coord>
          <gx:coord>74.09875096 14.97657346 36.81</gx:coord>
          <gx:coord>74.09883339 14.976666 37.8</gx:coord>
          <gx:coord>74.09889818 14.9767664 38.87</gx:coord>
          <gx:coord>74.0989536 14.97686898 40.35</gx:coord>
          <gx:coord>74.09900584 14.9769705 40.94</gx:coord>
          <gx:coord>74.09906109 14.97706764 41.83</gx:coord>
          <gx:coord>74.09910867 14.9771591 42.79</gx:coord>
          <gx:coord>74.09917913 14.9772489 43.73</gx:coord>
          <gx:coord>74.09925487 14.97732277 44.18</gx:coord>
          <gx:coord>74.09933 14.97738102 45.05</gx:coord>
          <gx:coord>74.09941759 14.97742526 46.18</gx:coord>
          <gx:coord>74.09952759 14.97744833 47.22</gx:coord>
          <gx:coord>74.09963237 14.97744689 47.96</gx:coord>
          <gx:coord>74.09973642 14.97743282 49.02</gx:coord>
          <gx:coord>74.09984123 14.97740733 49.87</gx:coord>
          <gx:coord>74.09993789 14.97737208 51.08</gx:coord>
          <gx:coord>74.1000391 14.97734951 58.39</gx:coord>
          <gx:coord>74.10014252 14.97733391 59.11</gx:coord>
          <gx:coord>74.10024093 14.97731352 59.48</gx:coord>
          <gx:coord>74.10034089 14.97729582 59.41</gx:coord>
          <gx:coord>74.10043878 14.97727518 59.92</gx:coord>
          <gx:coord>74.10053972 14.97726208 60.8</gx:coord>
          <gx:coord>74.10063727 14.97724497 61.22</gx:coord>
          <gx:coord>74.10073665 14.97722636 61.01</gx:coord>
          <gx:coord>74.10084076 14.97720791 61.37</gx:coord>
          <gx:coord>74.10094711 14.97719383 61.56</gx:coord>
          <gx:coord>74.10105284 14.97718138 61.65</gx:coord>
          <gx:coord>74.1011596 14.97717628 61.73</gx:coord>
          <gx:coord>74.10127086 14.97718984 62.2</gx:coord>
          <gx:coord>74.10137884 14.97722131 62.61</gx:coord>
          <gx:coord>74.10148165 14.97727017 62.9</gx:coord>
          <gx:coord>74.1015733 14.97732714 63.66</gx:coord>
          <gx:coord>74.10166715 14.97737982 64.09</gx:coord>
          <gx:coord>74.10176483 14.97743667 64.64</gx:coord>
          <gx:coord>74.10186264 14.97749246 65.05</gx:coord>
          <gx:coord>74.10195741 14.97756708 65.15</gx:coord>
          <gx:coord>74.10204466 14.9776449 65.64</gx:coord>
          <gx:coord>74.10213709 14.97771785 66.76</gx:coord>
          <gx:coord>74.10223062 14.97778916 67.69</gx:coord>
          <gx:coord>74.10232328 14.97786453 68.16</gx:coord>
          <gx:coord>74.10240829 14.97794842 68.9</gx:coord>
          <gx:coord>74.10247738 14.97804148 69.64</gx:coord>
          <gx:coord>74.10252589 14.97814567 70.42</gx:coord>
          <gx:coord>74.10257553 14.97824766 70.95</gx:coord>
          <gx:coord>74.10262349 14.9783581 71.3</gx:coord>
          <gx:coord>74.10266057 14.97846602 72.11</gx:coord>
          <gx:coord>74.10271995 14.97857409 72.75</gx:coord>
          <gx:coord>74.10276061 14.97868808 73.33</gx:coord>
          <gx:coord>74.1027935 14.97879809 74.15</gx:coord>
          <gx:coord>74.10282243 14.97891136 75.19</gx:coord>
          <gx:coord>74.10285219 14.97901959 76.34</gx:coord>
          <gx:coord>74.10288352 14.97912758 77.69</gx:coord>
          <gx:coord>74.10292618 14.97923784 78.71</gx:coord>
          <gx:coord>74.10296671 14.97934792 79.71</gx:coord>
          <gx:coord>74.10300881 14.97945631 80.33</gx:coord>
          <gx:coord>74.10303954 14.97957831 80.83</gx:coord>
          <gx:coord>74.10307647 14.97970573 80.63</gx:coord>
          <gx:coord>74.10310885 14.97983038 81.29</gx:coord>
          <gx:coord>74.10313685 14.97994638 82.63</gx:coord>
          <gx:coord>74.10317149 14.98006586 83.53</gx:coord>
          <gx:coord>74.10320378 14.98018767 83.93</gx:coord>
          <gx:coord>74.10324417 14.9803135 84.03</gx:coord>
          <gx:coord>74.10329028 14.98043636 84.7</gx:coord>
          <gx:coord>74.10333404 14.98056173 85.27</gx:coord>
          <gx:coord>74.10337722 14.9806849 86.18</gx:coord>
          <gx:coord>74.10341424 14.98081396 86.81</gx:coord>
          <gx:coord>74.1034562 14.9809451 87.12</gx:coord>
          <gx:coord>74.10350312 14.98107754 87.76</gx:coord>
          <gx:coord>74.10354432 14.9812183 88.5</gx:coord>
          <gx:coord>74.10358901 14.98135421 89.62</gx:coord>
          <gx:coord>74.10363758 14.98149497 90.44</gx:coord>
          <gx:coord>74.10369081 14.98164383 90.82</gx:coord>
          <gx:coord>74.1037322 14.98178555 91.15</gx:coord>
          <gx:coord>74.10376347 14.98191555 91.6</gx:coord>
          <gx:coord>74.10378425 14.98204132 91.48</gx:coord>
          <gx:coord>74.10378808 14.98216862 91.77</gx:coord>
          <gx:coord>74.1037678 14.98229083 91.85</gx:coord>
          <gx:coord>74.10372863 14.98241854 91.92</gx:coord>
          <gx:coord>74.10366269 14.98254171 92.21</gx:coord>
          <gx:coord>74.10359422 14.98266518 91.57</gx:coord>
          <gx:coord>74.10353473 14.98279874 92.39</gx:coord>
          <gx:coord>74.10347301 14.98292946 92.45</gx:coord>
          <gx:coord>74.1034133 14.9830618 92.69</gx:coord>
          <gx:coord>74.10335076 14.98320988 93.54</gx:coord>
          <gx:coord>74.10327507 14.98336602 94.13</gx:coord>
          <gx:coord>74.10319552 14.98351699 93.72</gx:coord>
          <gx:coord>74.10310871 14.983672 93.16</gx:coord>
          <gx:coord>74.10301957 14.98383455 93.26</gx:coord>
          <gx:coord>74.10293892 14.98399947 93.47</gx:coord>
          <gx:coord>74.10284582 14.98416039 93.61</gx:coord>
          <gx:coord>74.10275454 14.98432333 93.19</gx:coord>
          <gx:coord>74.10266613 14.9844899 93.02</gx:coord>
          <gx:coord>74.10258323 14.98465635 92.66</gx:coord>
          <gx:coord>74.10249528 14.98482242 92.25</gx:coord>
          <gx:coord>74.10240396 14.98498826 92.19</gx:coord>
          <gx:coord>74.10230877 14.98515462 91.99</gx:coord>
          <gx:coord>74.10221879 14.98531906 91.6</gx:coord>
          <gx:coord>74.10212823 14.98548718 91.25</gx:coord>
          <gx:coord>74.10203434 14.98565474 90.79</gx:coord>
          <gx:coord>74.1019431 14.98582466 90.29</gx:coord>
          <gx:coord>74.1018461 14.9859848 89.06</gx:coord>
          <gx:coord>74.10174265 14.98614775 88.67</gx:coord>
          <gx:coord>74.10163741 14.98631197 87.49</gx:coord>
          <gx:coord>74.10153853 14.98647145 86.11</gx:coord>
          <gx:coord>74.10144748 14.98663259 85.43</gx:coord>
          <gx:coord>74.10134026 14.9867857 83.33</gx:coord>
          <gx:coord>74.10124307 14.98694233 82.62</gx:coord>
          <gx:coord>74.1011326 14.98709391 81.26</gx:coord>
          <gx:coord>74.10104179 14.98725189 80.84</gx:coord>
          <gx:coord>74.10095818 14.98740974 80.5</gx:coord>
          <gx:coord>74.10087896 14.9875651 80.61</gx:coord>
          <gx:coord>74.10079684 14.98771342 81.24</gx:coord>
          <gx:coord>74.10071042 14.98786467 81.07</gx:coord>
          <gx:coord>74.10062588 14.98801661 81.03</gx:coord>
          <gx:coord>74.10055129 14.9881701 82.01</gx:coord>
          <gx:coord>74.10047552 14.98832299 82.4</gx:coord>
          <gx:coord>74.10039578 14.9884779 82.27</gx:coord>
          <gx:coord>74.10030499 14.98862911 81.82</gx:coord>
          <gx:coord>74.10021989 14.98878564 81.73</gx:coord>
          <gx:coord>74.10013231 14.98894009 80.93</gx:coord>
          <gx:coord>74.10004359 14.98909768 80.09</gx:coord>
          <gx:coord>74.09995953 14.98925847 79.54</gx:coord>
          <gx:coord>74.09988225 14.98941294 78.9</gx:coord>
          <gx:coord>74.09980746 14.9895709 78.63</gx:coord>
          <gx:coord>74.09973789 14.98972874 78.43</gx:coord>
          <gx:coord>74.09967452 14.98987863 78.38</gx:coord>
          <gx:coord>74.09961855 14.99001279 78.23</gx:coord>
          <gx:coord>74.09957608 14.99013887 78.32</gx:coord>
          <gx:coord>74.09954164 14.99025881 78.73</gx:coord>
          <gx:coord>74.09950158 14.99036334 78.64</gx:coord>
          <gx:coord>74.09946713 14.99045763 78.74</gx:coord>
          <gx:coord>74.0994313 14.99054575 78.31</gx:coord>
          <gx:coord>74.09937862 14.99066891 77.69</gx:coord>
          <gx:coord>74.09935584 14.99075654 81.43</gx:coord>
          <gx:coord>74.09932014 14.99084797 80.42</gx:coord>
          <gx:coord>74.0992433 14.99095743 79.17</gx:coord>
          <gx:coord>74.09911708 14.99104538 77.11</gx:coord>
          <gx:coord>74.09902581 14.99109293 76.66</gx:coord>
          <gx:coord>74.09892153 14.99114 76.14</gx:coord>
          <gx:coord>74.09882856 14.9912017 74.86</gx:coord>
          <gx:coord>74.09872812 14.99126637 75.36</gx:coord>
          <gx:coord>74.0986223 14.99133996 75.52</gx:coord>
          <gx:coord>74.09850779 14.99141221 74.62</gx:coord>
          <gx:coord>74.09839527 14.9914764 73.49</gx:coord>
          <gx:coord>74.09826907 14.99152418 72.02</gx:coord>
          <gx:coord>74.09813855 14.9915477 70.33</gx:coord>
          <gx:coord>74.0980004 14.99155118 69.68</gx:coord>
          <gx:coord>74.09785907 14.99155601 69.55</gx:coord>
          <gx:coord>74.09771737 14.99155459 68.65</gx:coord>
          <gx:coord>74.09757599 14.99155528 67.14</gx:coord>
          <gx:coord>74.09745147 14.99157145 65.7</gx:coord>
          <gx:coord>74.09733657 14.99159349 64.38</gx:coord>
          <gx:coord>74.09723218 14.99165266 64.69</gx:coord>
          <gx:coord>74.09714065 14.99172854 64.35</gx:coord>
          <gx:coord>74.09704268 14.99182933 63.55</gx:coord>
          <gx:coord>74.09694508 14.99193165 62.45</gx:coord>
          <gx:coord>74.09685045 14.99203685 61.27</gx:coord>
          <gx:coord>74.09676658 14.99214187 60.07</gx:coord>
          <gx:coord>74.09668291 14.99222409 59.66</gx:coord>
          <gx:coord>74.09659588 14.9922926 57.72</gx:coord>
          <gx:coord>74.0964961 14.99234182 56.4</gx:coord>
          <gx:coord>74.09638788 14.99237292 55.14</gx:coord>
          <gx:coord>74.09627237 14.99239151 54.59</gx:coord>
          <gx:coord>74.09614229 14.99239954 53.48</gx:coord>
          <gx:coord>74.09600806 14.99240796 51.7</gx:coord>
          <gx:coord>74.09586955 14.99242756 50.76</gx:coord>
          <gx:coord>74.09573833 14.99248273 50.7</gx:coord>
          <gx:coord>74.09561331 14.992555 49.6</gx:coord>
          <gx:coord>74.09549745 14.99262045 48.75</gx:coord>
          <gx:coord>74.09541653 14.99270252 46.73</gx:coord>
          <gx:coord>74.09534441 14.99277488 45.79</gx:coord>
          <gx:coord>74.09529372 14.99295656 45.8</gx:coord>
          <gx:coord>74.09529853 14.99306035 45.6</gx:coord>
          <gx:coord>74.09531663 14.9931721 45.44</gx:coord>
          <gx:coord>74.09533107 14.99328729 44.84</gx:coord>
          <gx:coord>74.0953237 14.99340015 43.34</gx:coord>
          <gx:coord>74.09529085 14.99350197 41.99</gx:coord>
          <gx:coord>74.09523547 14.99360079 41.38</gx:coord>
          <gx:coord>74.09514791 14.99368603 40.81</gx:coord>
          <gx:coord>74.09504138 14.99376121 40.82</gx:coord>
          <gx:coord>74.0949217 14.99383175 40.38</gx:coord>
          <gx:coord>74.09480808 14.99390562 39.75</gx:coord>
          <gx:coord>74.0947083 14.99398056 37</gx:coord>
          <gx:coord>74.09462165 14.99404235 35.66</gx:coord>
          <gx:coord>74.09453739 14.99411393 35.39</gx:coord>
          <gx:coord>74.09444251 14.99418994 35.13</gx:coord>
          <gx:coord>74.09434926 14.99428587 34.35</gx:coord>
          <gx:coord>74.0942674 14.99440235 32.89</gx:coord>
          <gx:coord>74.09419132 14.99453743 32.45</gx:coord>
          <gx:coord>74.09413083 14.99469252 29.27</gx:coord>
          <gx:coord>74.09406174 14.99484498 27.29</gx:coord>
          <gx:coord>74.09399787 14.99501167 26.39</gx:coord>
          <gx:coord>74.093933 14.99517838 26.69</gx:coord>
          <gx:coord>74.09386755 14.99534417 26.94</gx:coord>
          <gx:coord>74.09380128 14.99550146 26.49</gx:coord>
          <gx:coord>74.09373946 14.99563937 26.1</gx:coord>
          <gx:coord>74.09367905 14.99576141 25.79</gx:coord>
          <gx:coord>74.09361942 14.99586657 25.49</gx:coord>
          <gx:coord>74.09355827 14.99596034 24.79</gx:coord>
          <gx:coord>74.09347943 14.99604437 24.15</gx:coord>
          <gx:coord>74.09338337 14.99611362 23.9</gx:coord>
          <gx:coord>74.09326428 14.99616245 23.81</gx:coord>
          <gx:coord>74.09312027 14.99618467 23.31</gx:coord>
          <gx:coord>74.09297151 14.99619518 22.42</gx:coord>
          <gx:coord>74.09281608 14.99620625 21.37</gx:coord>
          <gx:coord>74.09265664 14.9962232 20.61</gx:coord>
          <gx:coord>74.09249238 14.99623911 19.58</gx:coord>
          <gx:coord>74.09232539 14.99625281 18.75</gx:coord>
          <gx:coord>74.09215909 14.9962665 18</gx:coord>
          <gx:coord>74.09199021 14.99628166 16.92</gx:coord>
          <gx:coord>74.09181509 14.99629886 15.88</gx:coord>
          <gx:coord>74.09163436 14.99631587 15.25</gx:coord>
          <gx:coord>74.0914475 14.99632708 15.03</gx:coord>
          <gx:coord>74.09125837 14.99634269 14.45</gx:coord>
          <gx:coord>74.09106544 14.99635802 14.21</gx:coord>
          <gx:coord>74.09087465 14.99637676 14.01</gx:coord>
          <gx:coord>74.09068272 14.99639459 13.95</gx:coord>
          <gx:coord>74.09049134 14.99641291 13.64</gx:coord>
          <gx:coord>74.09029798 14.99643177 13.93</gx:coord>
          <gx:coord>74.09010503 14.99644771 14.16</gx:coord>
          <gx:coord>74.08991736 14.99645707 13.5</gx:coord>
          <gx:coord>74.08972868 14.99648016 14.07</gx:coord>
          <gx:coord>74.08954306 14.99649798 14.86</gx:coord>
          <gx:coord>74.08935716 14.99651761 15.13</gx:coord>
          <gx:coord>74.08917412 14.99653908 15.68</gx:coord>
          <gx:coord>74.08899642 14.99656398 16.03</gx:coord>
          <gx:coord>74.08882455 14.99658289 15.64</gx:coord>
          <gx:coord>74.08865642 14.9965945 15.46</gx:coord>
          <gx:coord>74.08850164 14.9966004 15.52</gx:coord>
          <gx:coord>74.08835697 14.99660846 15.45</gx:coord>
          <gx:coord>74.08822558 14.99662814 16.45</gx:coord>
          <gx:coord>74.08798692 14.99673247 17.51</gx:coord>
          <gx:coord>74.08788979 14.9968254 18</gx:coord>
          <gx:coord>74.08780599 14.99693219 18.3</gx:coord>
          <gx:coord>74.08772925 14.99704408 18.67</gx:coord>
          <gx:coord>74.08765562 14.99715171 18.42</gx:coord>
          <gx:coord>74.08758111 14.99724638 18.22</gx:coord>
          <gx:coord>74.08752049 14.9973223 18.11</gx:coord>
          <gx:coord>74.08744906 14.99740299 17.04</gx:coord>
          <gx:coord>74.08737697 14.99752458 19.01</gx:coord>
          <gx:coord>74.08727943 14.99763172 18.72</gx:coord>
          <gx:coord>74.08720161 14.99769121 19.9</gx:coord>
          <gx:coord>74.08713495 14.99776315 19.63</gx:coord>
          <gx:coord>74.08701412 14.99789455 18.53</gx:coord>
          <gx:coord>74.08692602 14.9979951 17.68</gx:coord>
          <gx:coord>74.0868586 14.99806139 17.88</gx:coord>
          <gx:coord>74.08663602 14.99824235 10.88</gx:coord>
          <gx:coord>74.08665108 14.99835842 16.42</gx:coord>
          <gx:coord>74.08572693 14.99894511 3.93</gx:coord>
          <gx:coord>74.08567001 14.99904363 8.93</gx:coord>
          <gx:coord>74.08562118 14.99920196 5.63</gx:coord>
          <gx:coord>74.08551296 14.9993364 -7.29</gx:coord>
          <gx:coord>74.08540379 14.99945179 -5.73</gx:coord>
          <gx:coord>74.08531326 14.99956895 -2.06</gx:coord>
          <gx:coord>74.08518049 14.99967848 0.97</gx:coord>
          <gx:coord>74.08503393 14.99977002 2.68</gx:coord>
          <gx:coord>74.08487988 14.99983395 3.39</gx:coord>
          <gx:coord>74.08472563 14.99989643 4.27</gx:coord>
          <gx:coord>74.08457249 14.99995905 5.21</gx:coord>
          <gx:coord>74.08441716 15.00002942 6.11</gx:coord>
          <gx:coord>74.08426682 15.0001032 -0.56</gx:coord>
          <gx:coord>74.08411232 15.00017576 -0.04</gx:coord>
          <gx:coord>74.08395615 15.00025293 0.16</gx:coord>
          <gx:coord>74.08380295 15.0003307 0.07</gx:coord>
          <gx:coord>74.08365495 15.00041186 0.11</gx:coord>
          <gx:coord>74.08350898 15.00049504 -0.09</gx:coord>
          <gx:coord>74.08337569 15.00057804 -0.45</gx:coord>
          <gx:coord>74.08324644 15.00065956 -0.07</gx:coord>
          <gx:coord>74.08312246 15.00074907 0.17</gx:coord>
          <gx:coord>74.08299442 15.00083722 0.18</gx:coord>
          <gx:coord>74.08286285 15.00092413 -0.19</gx:coord>
          <gx:coord>74.08273589 15.00101219 -0.1</gx:coord>
          <gx:coord>74.08263149 15.00109802 0</gx:coord>
          <gx:coord>74.08256028 15.00116793 0.19</gx:coord>
          <gx:coord>74.0824257 15.00128599 0.27</gx:coord>
          <gx:coord>74.08229902 15.00140477 0.44</gx:coord>
          <gx:coord>74.08215937 15.00152898 0.55</gx:coord>
          <gx:coord>74.08210817 15.00161523 4.39</gx:coord>
          <gx:coord>74.08203203 15.00168653 5.32</gx:coord>
          <gx:coord>74.08196023 15.00175678 5.1</gx:coord>
          <gx:coord>74.08189121 15.00182192 6.16</gx:coord>
          <gx:coord>74.08180246 15.0018851 7.75</gx:coord>
          <gx:coord>74.08168536 15.00195223 7.66</gx:coord>
          <gx:coord>74.08157443 15.00201643 7.49</gx:coord>
          <gx:coord>74.08143806 15.00209229 7.32</gx:coord>
          <gx:coord>74.08135292 15.00213627 7.19</gx:coord>
          <gx:coord>74.08126566 15.0021811 7.44</gx:coord>
          <gx:coord>74.08116967 15.00222192 7.92</gx:coord>
          <gx:coord>74.08106501 15.00225234 8.39</gx:coord>
          <gx:coord>74.08095553 15.00227407 9.73</gx:coord>
          <gx:coord>74.08083876 15.00226272 10.85</gx:coord>
          <gx:coord>74.08073126 15.00225353 11.74</gx:coord>
          <gx:coord>74.08061092 15.00224432 11.15</gx:coord>
          <gx:coord>74.08049158 15.00223851 11.3</gx:coord>
          <gx:coord>74.08037202 15.00222671 12.16</gx:coord>
          <gx:coord>74.08025029 15.00222442 12.72</gx:coord>
          <gx:coord>74.08014184 15.00221774 14.34</gx:coord>
          <gx:coord>74.08002363 15.00219877 14.75</gx:coord>
          <gx:coord>74.07989847 15.00219204 14.88</gx:coord>
          <gx:coord>74.07977153 15.00219349 15.3</gx:coord>
          <gx:coord>74.0796459 15.00217861 15.57</gx:coord>
          <gx:coord>74.07951962 15.00217145 16.09</gx:coord>
          <gx:coord>74.07939704 15.00216434 16.65</gx:coord>
          <gx:coord>74.07926214 15.00214857 16.15</gx:coord>
          <gx:coord>74.07912814 15.00213665 16.69</gx:coord>
          <gx:coord>74.07900467 15.00213119 18.01</gx:coord>
          <gx:coord>74.07888948 15.0021322 18.28</gx:coord>
          <gx:coord>74.07878561 15.00214814 19.02</gx:coord>
          <gx:coord>74.0786895 15.00218037 18.62</gx:coord>
          <gx:coord>74.07860367 15.00223314 17.95</gx:coord>
          <gx:coord>74.07853358 15.00232214 17.85</gx:coord>
          <gx:coord>74.07847708 15.00241145 18.81</gx:coord>
          <gx:coord>74.07841063 15.00249755 19.2</gx:coord>
          <gx:coord>74.07834661 15.00258214 19.45</gx:coord>
          <gx:coord>74.07827314 15.00266025 19.64</gx:coord>
          <gx:coord>74.07819969 15.00274141 19.77</gx:coord>
          <gx:coord>74.07812007 15.00281977 20.23</gx:coord>
          <gx:coord>74.07803898 15.00289607 20.36</gx:coord>
          <gx:coord>74.07796194 15.00297809 20.53</gx:coord>
          <gx:coord>74.07788178 15.0030627 20.23</gx:coord>
          <gx:coord>74.07779632 15.00315191 21.31</gx:coord>
          <gx:coord>74.07771201 15.00323921 21.97</gx:coord>
          <gx:coord>74.07763031 15.00332971 22.86</gx:coord>
          <gx:coord>74.07753415 15.00341072 23</gx:coord>
          <gx:coord>74.07744225 15.00350141 23.41</gx:coord>
          <gx:coord>74.07735173 15.00358451 23.71</gx:coord>
          <gx:coord>74.07725508 15.0036775 24.04</gx:coord>
          <gx:coord>74.07715907 15.00376616 25</gx:coord>
          <gx:coord>74.07706291 15.00385302 25.11</gx:coord>
          <gx:coord>74.07696692 15.00394382 26.34</gx:coord>
          <gx:coord>74.076864 15.00403261 26.83</gx:coord>
          <gx:coord>74.07676509 15.00413226 26.98</gx:coord>
          <gx:coord>74.07666842 15.00423576 27.68</gx:coord>
          <gx:coord>74.0765661 15.00434047 27.1</gx:coord>
          <gx:coord>74.07645978 15.00444441 27.43</gx:coord>
          <gx:coord>74.07635053 15.00455037 27.86</gx:coord>
          <gx:coord>74.07623484 15.0046536 27.92</gx:coord>
          <gx:coord>74.07611189 15.00475252 27.79</gx:coord>
          <gx:coord>74.07598105 15.00485013 27.51</gx:coord>
          <gx:coord>74.07583144 15.00493149 27.97</gx:coord>
          <gx:coord>74.0756865 15.0050157 27.93</gx:coord>
          <gx:coord>74.07554417 15.00509613 28.37</gx:coord>
          <gx:coord>74.07539063 15.0051679 28.78</gx:coord>
          <gx:coord>74.07523576 15.00524268 29.67</gx:coord>
          <gx:coord>74.07508429 15.00531678 30.14</gx:coord>
          <gx:coord>74.0749318 15.00539913 32.51</gx:coord>
          <gx:coord>74.07477539 15.00546572 31.87</gx:coord>
          <gx:coord>74.0746279 15.00553183 32.29</gx:coord>
          <gx:coord>74.07448678 15.00561852 33.11</gx:coord>
          <gx:coord>74.07435023 15.00569215 33.72</gx:coord>
          <gx:coord>74.07421772 15.00576045 34.16</gx:coord>
          <gx:coord>74.07408921 15.00582586 34.48</gx:coord>
          <gx:coord>74.07396887 15.00588492 34.5</gx:coord>
          <gx:coord>74.07385761 15.00593845 34.48</gx:coord>
          <gx:coord>74.07374331 15.00598774 35.34</gx:coord>
          <gx:coord>74.07362636 15.00603935 35.82</gx:coord>
          <gx:coord>74.07350815 15.00609526 36.23</gx:coord>
          <gx:coord>74.07338969 15.00615287 36.84</gx:coord>
          <gx:coord>74.07326904 15.00620658 37.52</gx:coord>
          <gx:coord>74.0731472 15.00626205 38.01</gx:coord>
          <gx:coord>74.07302455 15.00631825 38.46</gx:coord>
          <gx:coord>74.07290154 15.00637609 39.13</gx:coord>
          <gx:coord>74.0727784 15.0064341 39.36</gx:coord>
          <gx:coord>74.07265549 15.00649253 40.19</gx:coord>
          <gx:coord>74.07253116 15.00655048 40.7</gx:coord>
          <gx:coord>74.07240947 15.00660587 41.22</gx:coord>
          <gx:coord>74.07229002 15.00667157 41.86</gx:coord>
          <gx:coord>74.07217537 15.00674153 42.55</gx:coord>
          <gx:coord>74.07206536 15.00681445 43.43</gx:coord>
          <gx:coord>74.07196794 15.00689819 44.71</gx:coord>
          <gx:coord>74.0718834 15.00699069 45.95</gx:coord>
          <gx:coord>74.07182065 15.00709874 46.84</gx:coord>
          <gx:coord>74.07177051 15.0072085 47.01</gx:coord>
          <gx:coord>74.07172009 15.00731802 45.96</gx:coord>
          <gx:coord>74.07168096 15.00742923 46.38</gx:coord>
          <gx:coord>74.07163536 15.00753818 45.47</gx:coord>
          <gx:coord>74.07158036 15.00764473 45.01</gx:coord>
          <gx:coord>74.07152617 15.00774314 44.43</gx:coord>
          <gx:coord>74.07147091 15.00783533 43.7</gx:coord>
          <gx:coord>74.07141214 15.00791942 43.35</gx:coord>
          <gx:coord>74.07134032 15.00798794 42.98</gx:coord>
          <gx:coord>74.07126481 15.00804433 43.07</gx:coord>
          <gx:coord>74.07112572 15.00813044 44.95</gx:coord>
          <gx:coord>74.07104117 15.00816866 45.62</gx:coord>
          <gx:coord>74.07094686 15.00823788 47.7</gx:coord>
          <gx:coord>74.0708195 15.00828431 48.66</gx:coord>
          <gx:coord>74.07064134 15.00833374 49.14</gx:coord>
          <gx:coord>74.07053976 15.00835405 49.65</gx:coord>
          <gx:coord>74.07042698 15.00837857 49.84</gx:coord>
          <gx:coord>74.07029854 15.0084 47.99</gx:coord>
          <gx:coord>74.07016937 15.00842588 46.76</gx:coord>
          <gx:coord>74.07003178 15.0084506 45.76</gx:coord>
          <gx:coord>74.06988576 15.00847461 44.54</gx:coord>
          <gx:coord>74.06973177 15.00849765 43.4</gx:coord>
          <gx:coord>74.06957071 15.00852218 41.95</gx:coord>
          <gx:coord>74.06940851 15.00854483 40.46</gx:coord>
          <gx:coord>74.06925159 15.00855905 39.15</gx:coord>
          <gx:coord>74.06910944 15.00857734 38.02</gx:coord>
          <gx:coord>74.0689833 15.00857867 36.72</gx:coord>
          <gx:coord>74.06886587 15.00856334 35.39</gx:coord>
          <gx:coord>74.06875917 15.00853118 33.99</gx:coord>
          <gx:coord>74.0686654 15.00848356 32.5</gx:coord>
          <gx:coord>74.06858458 15.00841049 31.43</gx:coord>
          <gx:coord>74.06851689 15.0083199 30.63</gx:coord>
          <gx:coord>74.06846685 15.0082071 29.98</gx:coord>
          <gx:coord>74.06842274 15.00808268 28.58</gx:coord>
          <gx:coord>74.0683819 15.00795892 27.65</gx:coord>
          <gx:coord>74.06833364 15.00785611 26.95</gx:coord>
          <gx:coord>74.06827514 15.00776726 26.32</gx:coord>
          <gx:coord>74.06818833 15.00769972 25.89</gx:coord>
          <gx:coord>74.06808373 15.00765231 25.88</gx:coord>
          <gx:coord>74.06797086 15.00761171 24.84</gx:coord>
          <gx:coord>74.06784689 15.00758374 22.89</gx:coord>
          <gx:coord>74.06769934 15.00756699 21.85</gx:coord>
          <gx:coord>74.06755195 15.00755875 21.27</gx:coord>
          <gx:coord>74.06740282 15.00753364 18.95</gx:coord>
          <gx:coord>74.06724292 15.00751869 18.45</gx:coord>
          <gx:coord>74.06708644 15.00750916 17.7</gx:coord>
          <gx:coord>74.06693845 15.00749113 15.91</gx:coord>
          <gx:coord>74.06680236 15.00747306 15.19</gx:coord>
          <gx:coord>74.0666714 15.00745359 14.75</gx:coord>
          <gx:coord>74.06655009 15.00743461 14</gx:coord>
          <gx:coord>74.06643917 15.00742441 13.46</gx:coord>
          <gx:coord>74.06632477 15.007406 12.69</gx:coord>
          <gx:coord>74.06621437 15.00738019 12.5</gx:coord>
          <gx:coord>74.066105 15.00735123 12.67</gx:coord>
          <gx:coord>74.06600199 15.00731937 12.41</gx:coord>
          <gx:coord>74.06590054 15.00728234 12.79</gx:coord>
          <gx:coord>74.06580543 15.00723327 12.63</gx:coord>
          <gx:coord>74.06571065 15.00718706 12.57</gx:coord>
          <gx:coord>74.06561047 15.00713414 12.4</gx:coord>
          <gx:coord>74.0655074 15.00707338 11.96</gx:coord>
          <gx:coord>74.06537967 15.00700709 11.58</gx:coord>
          <gx:coord>74.06524297 15.00693293 10.23</gx:coord>
          <gx:coord>74.06510205 15.00686502 8.72</gx:coord>
          <gx:coord>74.0649498 15.00680743 8.4</gx:coord>
          <gx:coord>74.06462678 15.00670768 7.49</gx:coord>
          <gx:coord>74.06445729 15.00666381 7.64</gx:coord>
          <gx:coord>74.06428503 15.00662028 7.03</gx:coord>
          <gx:coord>74.06410897 15.00658207 6.82</gx:coord>
          <gx:coord>74.06393372 15.00654153 6.38</gx:coord>
          <gx:coord>74.06375685 15.00648647 5.93</gx:coord>
          <gx:coord>74.06357636 15.00643876 6.21</gx:coord>
          <gx:coord>74.06339635 15.00639444 6.52</gx:coord>
          <gx:coord>74.06321694 15.0063522 7.4</gx:coord>
          <gx:coord>74.06304317 15.00631165 8.34</gx:coord>
          <gx:coord>74.06288679 15.00627498 9.73</gx:coord>
          <gx:coord>74.0627466 15.00624945 10.71</gx:coord>
          <gx:coord>74.06260984 15.00622045 12.35</gx:coord>
          <gx:coord>74.06247776 15.00620285 13.04</gx:coord>
          <gx:coord>74.06233921 15.00619888 13.41</gx:coord>
          <gx:coord>74.06221392 15.0061952 13.61</gx:coord>
          <gx:coord>74.06209316 15.00618907 13.82</gx:coord>
          <gx:coord>74.06197279 15.00618354 14.54</gx:coord>
          <gx:coord>74.06184991 15.00618963 14.89</gx:coord>
          <gx:coord>74.06172963 15.00619583 15.05</gx:coord>
          <gx:coord>74.06161135 15.00620251 16</gx:coord>
          <gx:coord>74.06148855 15.00620908 16.93</gx:coord>
          <gx:coord>74.06136857 15.0062195 16.91</gx:coord>
          <gx:coord>74.06124881 15.00622418 17.07</gx:coord>
          <gx:coord>74.06112668 15.00622665 16.54</gx:coord>
          <gx:coord>74.06100074 15.0062238 16.46</gx:coord>
          <gx:coord>74.06086832 15.00622535 16.03</gx:coord>
          <gx:coord>74.06073419 15.00624687 16.5</gx:coord>
          <gx:coord>74.06059989 15.00627972 17</gx:coord>
          <gx:coord>74.06046737 15.0063183 17.7</gx:coord>
          <gx:coord>74.06033072 15.00636839 17.67</gx:coord>
          <gx:coord>74.06019048 15.00642157 17.67</gx:coord>
          <gx:coord>74.06004814 15.00647226 18.36</gx:coord>
          <gx:coord>74.05990076 15.00652482 19.22</gx:coord>
          <gx:coord>74.05975817 15.00656781 19.54</gx:coord>
          <gx:coord>74.05960815 15.00661788 19.83</gx:coord>
          <gx:coord>74.05945525 15.00667049 19.97</gx:coord>
          <gx:coord>74.0593007 15.00671249 19.95</gx:coord>
          <gx:coord>74.05914464 15.00673909 19.81</gx:coord>
          <gx:coord>74.05899278 15.00675127 20.74</gx:coord>
          <gx:coord>74.05884332 15.00673975 21.93</gx:coord>
          <gx:coord>74.05869622 15.00672756 22.83</gx:coord>
          <gx:coord>74.05855931 15.00671278 22.72</gx:coord>
          <gx:coord>74.05844508 15.00670564 22.61</gx:coord>
          <gx:coord>74.05834741 15.00669779 22.45</gx:coord>
          <gx:coord>74.05819814 15.00667546 22.24</gx:coord>
          <gx:coord>74.05809917 15.00665394 21.92</gx:coord>
          <gx:coord>74.05798163 15.00664194 23.07</gx:coord>
          <gx:coord>74.05783604 15.00660235 22.75</gx:coord>
          <gx:coord>74.05766216 15.00654288 22.39</gx:coord>
          <gx:coord>74.05757466 15.00651118 22.21</gx:coord>
          <gx:coord>74.05740977 15.00645153 21.28</gx:coord>
          <gx:coord>74.05725936 15.00639156 20.93</gx:coord>
          <gx:coord>74.05712664 15.00633596 20.2</gx:coord>
          <gx:coord>74.05697855 15.006304 19.65</gx:coord>
          <gx:coord>74.05681481 15.00634579 19.01</gx:coord>
          <gx:coord>74.0567296 15.00638912 18.41</gx:coord>
          <gx:coord>74.05663628 15.00644116 17.85</gx:coord>
          <gx:coord>74.05653683 15.00649891 17.29</gx:coord>
          <gx:coord>74.05642963 15.00656125 16.77</gx:coord>
          <gx:coord>74.05631695 15.00662256 15.93</gx:coord>
          <gx:coord>74.05619753 15.00667814 15.01</gx:coord>
          <gx:coord>74.05606819 15.0067268 13.67</gx:coord>
          <gx:coord>74.05593747 15.00675657 12.75</gx:coord>
          <gx:coord>74.05580306 15.00676572 12.04</gx:coord>
          <gx:coord>74.05564309 15.00675949 11.3</gx:coord>
          <gx:coord>74.05549346 15.00674127 11</gx:coord>
          <gx:coord>74.05533241 15.00673176 10.14</gx:coord>
          <gx:coord>74.05516131 15.00672752 10.01</gx:coord>
          <gx:coord>74.054989 15.00672269 8.85</gx:coord>
          <gx:coord>74.05483128 15.00671272 7.84</gx:coord>
          <gx:coord>74.05468177 15.00670524 7.32</gx:coord>
          <gx:coord>74.05454238 15.00670182 7.32</gx:coord>
          <gx:coord>74.05441126 15.00669741 7.02</gx:coord>
          <gx:coord>74.05429454 15.00669436 6.48</gx:coord>
          <gx:coord>74.05418947 15.00669324 6.09</gx:coord>
          <gx:coord>74.0540095 15.00669067 4.84</gx:coord>
          <gx:coord>74.05391381 15.0066958 4.37</gx:coord>
          <gx:coord>74.05381099 15.00669994 3.91</gx:coord>
          <gx:coord>74.05371071 15.00670512 3.44</gx:coord>
          <gx:coord>74.05360719 15.00672046 3.35</gx:coord>
          <gx:coord>74.05349648 15.00674068 2.77</gx:coord>
          <gx:coord>74.05338025 15.0067624 2.31</gx:coord>
          <gx:coord>74.05326228 15.00679125 2.44</gx:coord>
          <gx:coord>74.05314043 15.00681944 2.33</gx:coord>
          <gx:coord>74.05302266 15.00684583 2.38</gx:coord>
          <gx:coord>74.0529079 15.00687046 2.19</gx:coord>
          <gx:coord>74.05280085 15.00689357 1.99</gx:coord>
          <gx:coord>74.05269674 15.00691606 1.81</gx:coord>
          <gx:coord>74.05259503 15.00694041 1.71</gx:coord>
          <gx:coord>74.05249569 15.00696464 1.45</gx:coord>
          <gx:coord>74.05239785 15.00698823 1.33</gx:coord>
          <gx:coord>74.05229955 15.00701232 1.3</gx:coord>
          <gx:coord>74.05219629 15.00703399 1.25</gx:coord>
          <gx:coord>74.05209701 15.0070585 1.35</gx:coord>
          <gx:coord>74.05200086 15.00708234 1.46</gx:coord>
          <gx:coord>74.05190606 15.00710381 1.49</gx:coord>
          <gx:coord>74.05173345 15.00714365 1.32</gx:coord>
          <gx:coord>74.0515742 15.00717677 1.49</gx:coord>
          <gx:coord>74.05145686 15.00720123 1.71</gx:coord>
          <gx:coord>74.05135483 15.00722593 2.69</gx:coord>
          <gx:coord>74.0512183 15.00724836 2.86</gx:coord>
          <gx:coord>74.05106811 15.00726801 3.04</gx:coord>
          <gx:coord>74.05088567 15.00727863 2.1</gx:coord>
          <gx:coord>74.05077853 15.00728362 3.53</gx:coord>
          <gx:coord>74.05066771 15.00727553 3.68</gx:coord>
          <gx:coord>74.05055178 15.00726701 3.46</gx:coord>
          <gx:coord>74.05043324 15.00725878 3.22</gx:coord>
          <gx:coord>74.05030983 15.00725014 2.92</gx:coord>
          <gx:coord>74.05017982 15.00724127 2.93</gx:coord>
          <gx:coord>74.05004582 15.00723158 2.87</gx:coord>
          <gx:coord>74.04990678 15.0072208 2.71</gx:coord>
          <gx:coord>74.04976965 15.00721185 2.92</gx:coord>
          <gx:coord>74.04963733 15.00719894 2.91</gx:coord>
          <gx:coord>74.04950934 15.00719043 2.79</gx:coord>
          <gx:coord>74.04939415 15.00718049 2.81</gx:coord>
          <gx:coord>74.04928891 15.00716983 2.97</gx:coord>
          <gx:coord>74.04918978 15.00716558 3.23</gx:coord>
          <gx:coord>74.04909661 15.0071601 3.14</gx:coord>
          <gx:coord>74.04891375 15.00714177 3.09</gx:coord>
          <gx:coord>74.04874444 15.00712114 2.68</gx:coord>
          <gx:coord>74.04859391 15.00710394 2.48</gx:coord>
          <gx:coord>74.04845263 15.00709537 2.67</gx:coord>
          <gx:coord>74.04834448 15.00708986 3.17</gx:coord>
          <gx:coord>74.04824193 15.00708661 2.51</gx:coord>
          <gx:coord>74.04814536 15.00708018 2.96</gx:coord>
          <gx:coord>74.04800589 15.0070745 3.06</gx:coord>
          <gx:coord>74.04790576 15.00707968 3.16</gx:coord>
          <gx:coord>74.04779405 15.00709801 3.01</gx:coord>
          <gx:coord>74.04765121 15.00712788 2.51</gx:coord>
          <gx:coord>74.04749592 15.00717736 2.82</gx:coord>
          <gx:coord>74.0473482 15.00721502 1.72</gx:coord>
          <gx:coord>74.04721807 15.00726299 2.28</gx:coord>
          <gx:coord>74.04712031 15.00729685 2.2</gx:coord>
          <gx:coord>74.04701637 15.00733897 3.45</gx:coord>
          <gx:coord>74.04692341 15.00737299 3.64</gx:coord>
          <gx:coord>74.04683287 15.00741616 3.55</gx:coord>
          <gx:coord>74.04672785 15.00746369 2.99</gx:coord>
          <gx:coord>74.04661416 15.00751568 2.78</gx:coord>
          <gx:coord>74.04649661 15.00756133 2.25</gx:coord>
          <gx:coord>74.04640517 15.0075922 2.01</gx:coord>
          <gx:coord>74.04627067 15.00763501 2.08</gx:coord>
          <gx:coord>74.0461616 15.0076609 1.08</gx:coord>
          <gx:coord>74.04606972 15.00768662 1.48</gx:coord>
          <gx:coord>74.04594561 15.00770957 0.36</gx:coord>
          <gx:coord>74.04578392 15.00773771 0.36</gx:coord>
          <gx:coord>74.0456435 15.00776465 0.19</gx:coord>
          <gx:coord>74.04554743 15.00778415 -0.13</gx:coord>
          <gx:coord>74.04543752 15.00781427 -0.27</gx:coord>
          <gx:coord>74.04533782 15.00784293 -0.46</gx:coord>
          <gx:coord>74.04519321 15.00787282 -0.2</gx:coord>
          <gx:coord>74.04502344 15.00790906 -0.05</gx:coord>
          <gx:coord>74.04485913 15.00794848 -0.14</gx:coord>
          <gx:coord>74.04474186 15.00798266 -0.25</gx:coord>
          <gx:coord>74.04466425 15.00806221 -0.78</gx:coord>
          <gx:coord>74.04466626 15.00817367 -1.52</gx:coord>
          <gx:coord>74.04469488 15.00827153 -1.53</gx:coord>
          <gx:coord>74.04472646 15.00837156 -1.82</gx:coord>
          <gx:coord>74.04471092 15.00848513 -1.42</gx:coord>
          <gx:coord>74.04461799 15.0085876 -0.6</gx:coord>
          <gx:coord>74.04452277 15.00860838 -1.43</gx:coord>
          <gx:coord>74.04442613 15.00862682 -1.71</gx:coord>
          <gx:coord>74.0442932 15.00864979 -1.56</gx:coord>
          <gx:coord>74.04415546 15.00867937 0.29</gx:coord>
          <gx:coord>74.04402536 15.00866443 0.44</gx:coord>
          <gx:coord>74.04393308 15.00868055 0.46</gx:coord>
          <gx:coord>74.0440132 15.00873875 1.7</gx:coord>
          <gx:coord>74.04387368 15.00882515 1.28</gx:coord>
          <gx:coord>74.04376589 15.00885467 1.74</gx:coord>
          <gx:coord>74.0436603 15.008832 1.4</gx:coord>
          <gx:coord>74.04357359 15.00877672 0.77</gx:coord>
          <gx:coord>74.04352155 15.00868421 -0.18</gx:coord>
          <gx:coord>74.04350028 15.00858898 -0.15</gx:coord>
          <gx:coord>74.04348654 15.00849357 -1.28</gx:coord>
          <gx:coord>74.04347099 15.00839835 -2.4</gx:coord>
          <gx:coord>74.04345392 15.00830719 -3.13</gx:coord>
          <gx:coord>74.04338498 15.00823727 -2.58</gx:coord>
          <gx:coord>74.04328377 15.00824162 -2.73</gx:coord>
          <gx:coord>74.04314849 15.0082636 -2.69</gx:coord>
          <gx:coord>74.04302402 15.00828648 -2.5</gx:coord>
          <gx:coord>74.04293248 15.00830624 -2.28</gx:coord>
          <gx:coord>74.04282618 15.00833139 -2</gx:coord>
          <gx:coord>74.04271359 15.00835871 -1.54</gx:coord>
          <gx:coord>74.04259662 15.00838232 -1.39</gx:coord>
          <gx:coord>74.04247036 15.00840831 -1.4</gx:coord>
          <gx:coord>74.04234518 15.00843131 -1.38</gx:coord>
          <gx:coord>74.04223777 15.00845396 -1.46</gx:coord>
          <gx:coord>74.04214619 15.00847129 -1.62</gx:coord>
          <gx:coord>74.04204439 15.00849022 -1.63</gx:coord>
          <gx:coord>74.04191937 15.0085209 -1.65</gx:coord>
          <gx:coord>74.04178361 15.00855514 -1.62</gx:coord>
          <gx:coord>74.04166397 15.0085828 -1.55</gx:coord>
          <gx:coord>74.04153563 15.00861325 -1.73</gx:coord>
          <gx:coord>74.04139529 15.00864248 -1.83</gx:coord>
          <gx:coord>74.04125253 15.00867638 -1.72</gx:coord>
          <gx:coord>74.04110921 15.00871764 -1.53</gx:coord>
          <gx:coord>74.04096488 15.0087607 -1.6</gx:coord>
          <gx:coord>74.0408229 15.00881748 -1.91</gx:coord>
          <gx:coord>74.04068145 15.00888359 -1.82</gx:coord>
          <gx:coord>74.04054789 15.00896299 -1.53</gx:coord>
          <gx:coord>74.04042088 15.0090483 -1.44</gx:coord>
          <gx:coord>74.04029797 15.00913769 -1.07</gx:coord>
          <gx:coord>74.0401739 15.00922961 -0.75</gx:coord>
          <gx:coord>74.04004724 15.00932589 -0.6</gx:coord>
          <gx:coord>74.03992103 15.00942843 -0.55</gx:coord>
          <gx:coord>74.03979341 15.00953722 -0.21</gx:coord>
          <gx:coord>74.03966716 15.00964538 -0.71</gx:coord>
          <gx:coord>74.03954485 15.00974821 -0.74</gx:coord>
          <gx:coord>74.03943693 15.00984838 -1.25</gx:coord>
          <gx:coord>74.03934281 15.00993754 -1.24</gx:coord>
          <gx:coord>74.03925784 15.01000495 -1.44</gx:coord>
          <gx:coord>74.03918217 15.01006929 -1.45</gx:coord>
          <gx:coord>74.03910408 15.01014102 -1.43</gx:coord>
          <gx:coord>74.03899449 15.01021315 -1.44</gx:coord>
          <gx:coord>74.03890369 15.01028154 -1.45</gx:coord>
          <gx:coord>74.03879117 15.01036222 -1.34</gx:coord>
          <gx:coord>74.03865485 15.01043624 -1.39</gx:coord>
          <gx:coord>74.03849885 15.01048997 -1.46</gx:coord>
          <gx:coord>74.03833208 15.01053056 -1.54</gx:coord>
          <gx:coord>74.03816112 15.01057059 -1.65</gx:coord>
          <gx:coord>74.03800342 15.01060699 -1.71</gx:coord>
          <gx:coord>74.03786117 15.01064359 -1.89</gx:coord>
          <gx:coord>74.0377274 15.01067834 -1.61</gx:coord>
          <gx:coord>74.03751253 15.0107242 -1.81</gx:coord>
          <gx:coord>74.03736378 15.01075548 -1.78</gx:coord>
          <gx:coord>74.03721047 15.0107873 -2.48</gx:coord>
          <gx:coord>74.03704504 15.01082423 -2.94</gx:coord>
          <gx:coord>74.03686873 15.01086007 -2.59</gx:coord>
          <gx:coord>74.03670384 15.01089208 -2.69</gx:coord>
          <gx:coord>74.03657014 15.01092516 -2.36</gx:coord>
          <gx:coord>74.03647881 15.0109531 -2.39</gx:coord>
          <gx:coord>74.03638814 15.01100757 -1.9</gx:coord>
          <gx:coord>74.03633536 15.01110709 -1.81</gx:coord>
          <gx:coord>74.0363208 15.01120024 -2.91</gx:coord>
          <gx:coord>74.03630186 15.01130767 -3.3</gx:coord>
          <gx:coord>74.03629007 15.0114247 -2.94</gx:coord>
          <gx:coord>74.036282 15.0115297 -2.69</gx:coord>
          <gx:coord>74.03628267 15.01164012 -2.31</gx:coord>
          <gx:coord>74.03627946 15.01175413 -1.86</gx:coord>
          <gx:coord>74.03626369 15.01190481 -1.39</gx:coord>
          <gx:coord>74.03625212 15.01207636 -0.82</gx:coord>
          <gx:coord>74.03624573 15.01216891 -0.42</gx:coord>
          <gx:coord>74.03623868 15.01226455 0.17</gx:coord>
          <gx:coord>74.03623619 15.01236432 0.61</gx:coord>
          <gx:coord>74.03623534 15.01246716 0.94</gx:coord>
          <gx:coord>74.0362318 15.01257338 1.24</gx:coord>
          <gx:coord>74.03622349 15.01268237 1.77</gx:coord>
          <gx:coord>74.03621549 15.01279392 2.04</gx:coord>
          <gx:coord>74.03620883 15.01290717 2.34</gx:coord>
          <gx:coord>74.03620031 15.01302312 2.28</gx:coord>
          <gx:coord>74.03619328 15.01313808 2.19</gx:coord>
          <gx:coord>74.03618641 15.0132597 3.46</gx:coord>
          <gx:coord>74.03617892 15.01338089 4.05</gx:coord>
          <gx:coord>74.03617091 15.0135026 4.68</gx:coord>
          <gx:coord>74.0361657 15.01362507 5.32</gx:coord>
          <gx:coord>74.03616137 15.01374873 5.8</gx:coord>
          <gx:coord>74.03615672 15.01387464 6.23</gx:coord>
          <gx:coord>74.03615038 15.01399892 6.91</gx:coord>
          <gx:coord>74.0361373 15.01412306 7.87</gx:coord>
          <gx:coord>74.03610759 15.01424496 8.38</gx:coord>
          <gx:coord>74.03607659 15.01436548 8.92</gx:coord>
          <gx:coord>74.03604449 15.01447998 9.65</gx:coord>
          <gx:coord>74.03601421 15.01458879 9.95</gx:coord>
          <gx:coord>74.03598297 15.01469519 10.38</gx:coord>
          <gx:coord>74.0359479 15.01480098 10.79</gx:coord>
          <gx:coord>74.03591216 15.01490769 11.06</gx:coord>
          <gx:coord>74.03586843 15.0150142 11.5</gx:coord>
          <gx:coord>74.0358156 15.01511953 11.94</gx:coord>
          <gx:coord>74.03576062 15.01522542 12.28</gx:coord>
          <gx:coord>74.03570876 15.01533462 12.82</gx:coord>
          <gx:coord>74.03565659 15.01544648 13.08</gx:coord>
          <gx:coord>74.03560629 15.01555977 13.44</gx:coord>
          <gx:coord>74.03555114 15.01567566 13.78</gx:coord>
          <gx:coord>74.03549227 15.01579187 14.05</gx:coord>
          <gx:coord>74.03543041 15.01590829 14.34</gx:coord>
          <gx:coord>74.03536068 15.01602229 14.83</gx:coord>
          <gx:coord>74.03528757 15.01613688 15.13</gx:coord>
          <gx:coord>74.03521547 15.01625284 15.6</gx:coord>
          <gx:coord>74.03514713 15.01637129 16.14</gx:coord>
          <gx:coord>74.03508453 15.01649581 16.65</gx:coord>
          <gx:coord>74.03502436 15.01662142 17.08</gx:coord>
          <gx:coord>74.03496226 15.01674869 17.39</gx:coord>
          <gx:coord>74.03490216 15.01687861 17.89</gx:coord>
          <gx:coord>74.03483966 15.01700841 17.94</gx:coord>
          <gx:coord>74.03477637 15.01713948 18.84</gx:coord>
          <gx:coord>74.03471391 15.01727275 19.39</gx:coord>
          <gx:coord>74.03465481 15.01740528 19.96</gx:coord>
          <gx:coord>74.03459469 15.01753817 20.4</gx:coord>
          <gx:coord>74.03453477 15.01767541 20.4</gx:coord>
          <gx:coord>74.03447482 15.01781108 20.56</gx:coord>
          <gx:coord>74.03441427 15.01795157 19.91</gx:coord>
          <gx:coord>74.03434751 15.0180909 19.69</gx:coord>
          <gx:coord>74.03428387 15.01823167 18.99</gx:coord>
          <gx:coord>74.0342137 15.01837085 18.47</gx:coord>
          <gx:coord>74.03414609 15.01851438 17.33</gx:coord>
          <gx:coord>74.03407274 15.01866152 16.36</gx:coord>
          <gx:coord>74.03400116 15.01881748 15.17</gx:coord>
          <gx:coord>74.03392768 15.01897809 14.43</gx:coord>
          <gx:coord>74.03385445 15.01913951 13.75</gx:coord>
          <gx:coord>74.03378357 15.01930837 12.68</gx:coord>
          <gx:coord>74.03370991 15.01948146 11.72</gx:coord>
          <gx:coord>74.0336323 15.01965643 10.89</gx:coord>
          <gx:coord>74.03355001 15.01983243 10.22</gx:coord>
          <gx:coord>74.03347167 15.02001031 9.64</gx:coord>
          <gx:coord>74.03340626 15.02019369 8.93</gx:coord>
          <gx:coord>74.03335882 15.02038434 7.76</gx:coord>
          <gx:coord>74.03332612 15.02058045 6.64</gx:coord>
          <gx:coord>74.03330096 15.02078 6.01</gx:coord>
          <gx:coord>74.03328248 15.02098121 5.13</gx:coord>
          <gx:coord>74.03327116 15.02118462 4.34</gx:coord>
          <gx:coord>74.03326229 15.02138995 3.46</gx:coord>
          <gx:coord>74.0332616 15.02159701 2.49</gx:coord>
          <gx:coord>74.03325621 15.02180339 1.67</gx:coord>
          <gx:coord>74.03324934 15.02200503 0.95</gx:coord>
          <gx:coord>74.03324941 15.02220872 0.61</gx:coord>
          <gx:coord>74.03324553 15.02240649 0.31</gx:coord>
          <gx:coord>74.0332439 15.02259672 0.32</gx:coord>
          <gx:coord>74.03324001 15.02277991 0.09</gx:coord>
          <gx:coord>74.03323871 15.02295815 0.12</gx:coord>
          <gx:coord>74.03323693 15.02312966 0.02</gx:coord>
          <gx:coord>74.03323356 15.02329832 -0.09</gx:coord>
          <gx:coord>74.03323472 15.02346559 -0.26</gx:coord>
          <gx:coord>74.03322697 15.02363113 -0.17</gx:coord>
          <gx:coord>74.03321922 15.02379448 -0.14</gx:coord>
          <gx:coord>74.0332157 15.02395358 -0.06</gx:coord>
          <gx:coord>74.03321535 15.02411353 -0.03</gx:coord>
          <gx:coord>74.03322097 15.02427767 -0.04</gx:coord>
          <gx:coord>74.03322536 15.02444375 0.17</gx:coord>
          <gx:coord>74.03322882 15.02461259 0.15</gx:coord>
          <gx:coord>74.03323047 15.02478253 0.41</gx:coord>
          <gx:coord>74.0332302 15.02495226 0.79</gx:coord>
          <gx:coord>74.0332277 15.02512223 1.29</gx:coord>
          <gx:coord>74.03322526 15.02528729 1.41</gx:coord>
          <gx:coord>74.03322018 15.02544602 1.85</gx:coord>
          <gx:coord>74.03321405 15.02559663 2.3</gx:coord>
          <gx:coord>74.03320971 15.02574203 2.73</gx:coord>
          <gx:coord>74.03320718 15.02588172 3.04</gx:coord>
          <gx:coord>74.03320697 15.02601934 3.53</gx:coord>
          <gx:coord>74.0332068 15.02615229 3.88</gx:coord>
          <gx:coord>74.03320937 15.02628397 4.2</gx:coord>
          <gx:coord>74.033213 15.02641518 4.47</gx:coord>
          <gx:coord>74.03321609 15.02654644 4.77</gx:coord>
          <gx:coord>74.0332192 15.02667979 4.91</gx:coord>
          <gx:coord>74.03322365 15.02681606 5.42</gx:coord>
          <gx:coord>74.03322687 15.02695228 5.71</gx:coord>
          <gx:coord>74.03323123 15.02708663 6.13</gx:coord>
          <gx:coord>74.03323474 15.02722127 6.5</gx:coord>
          <gx:coord>74.03323639 15.02735559 6.86</gx:coord>
          <gx:coord>74.03323947 15.02748752 7.18</gx:coord>
          <gx:coord>74.03324145 15.02761979 7.27</gx:coord>
          <gx:coord>74.03324507 15.02775471 7.56</gx:coord>
          <gx:coord>74.03324929 15.02788756 7.89</gx:coord>
          <gx:coord>74.03325315 15.02802225 8.07</gx:coord>
          <gx:coord>74.03325808 15.02815669 8.28</gx:coord>
          <gx:coord>74.03326444 15.02829107 8.41</gx:coord>
          <gx:coord>74.03326556 15.02842265 8.69</gx:coord>
          <gx:coord>74.0332686 15.02855263 8.78</gx:coord>
          <gx:coord>74.03327379 15.02868173 9.29</gx:coord>
          <gx:coord>74.03327693 15.0288101 9.58</gx:coord>
          <gx:coord>74.03328277 15.02894098 9.68</gx:coord>
          <gx:coord>74.03328494 15.0290736 10.06</gx:coord>
          <gx:coord>74.03328756 15.0292088 10.4</gx:coord>
          <gx:coord>74.03329302 15.02934608 10.44</gx:coord>
          <gx:coord>74.03329664 15.02948631 10.89</gx:coord>
          <gx:coord>74.03330176 15.0296291 11.18</gx:coord>
          <gx:coord>74.03330496 15.02977309 11.66</gx:coord>
          <gx:coord>74.03331016 15.02991994 11.62</gx:coord>
          <gx:coord>74.03330993 15.03006752 12.09</gx:coord>
          <gx:coord>74.03331419 15.03021398 12.31</gx:coord>
          <gx:coord>74.03331793 15.03035733 12.74</gx:coord>
          <gx:coord>74.03332201 15.03050229 13.04</gx:coord>
          <gx:coord>74.03332665 15.03064733 13.28</gx:coord>
          <gx:coord>74.03333119 15.03079328 13.5</gx:coord>
          <gx:coord>74.03333449 15.03093844 13.6</gx:coord>
          <gx:coord>74.03333698 15.0310803 13.72</gx:coord>
          <gx:coord>74.03333811 15.03121856 13.87</gx:coord>
          <gx:coord>74.03334089 15.03135719 14.17</gx:coord>
          <gx:coord>74.03334374 15.03148881 14.59</gx:coord>
          <gx:coord>74.03334 15.03161392 14.86</gx:coord>
          <gx:coord>74.03332006 15.03173485 14.75</gx:coord>
          <gx:coord>74.03328031 15.0318538 14.33</gx:coord>
          <gx:coord>74.03322053 15.03197154 14.56</gx:coord>
          <gx:coord>74.033143 15.03208687 14.48</gx:coord>
          <gx:coord>74.03306179 15.03220381 14.49</gx:coord>
          <gx:coord>74.03297613 15.03232039 14.72</gx:coord>
          <gx:coord>74.03288881 15.03243928 15.05</gx:coord>
          <gx:coord>74.03279835 15.03255776 15.34</gx:coord>
          <gx:coord>74.03270762 15.03267926 15.5</gx:coord>
          <gx:coord>74.03261656 15.03279583 15.9</gx:coord>
          <gx:coord>74.03253042 15.0329103 16.2</gx:coord>
          <gx:coord>74.03244647 15.03302056 16.66</gx:coord>
          <gx:coord>74.0323657 15.03312597 16.87</gx:coord>
          <gx:coord>74.03227896 15.03323787 16.67</gx:coord>
          <gx:coord>74.03220136 15.0333498 18.57</gx:coord>
          <gx:coord>74.03212835 15.0334523 19.02</gx:coord>
          <gx:coord>74.03205589 15.03355189 19.33</gx:coord>
          <gx:coord>74.03198523 15.03364959 19.95</gx:coord>
          <gx:coord>74.03191169 15.03374525 20.1</gx:coord>
          <gx:coord>74.03184274 15.03383756 20.65</gx:coord>
          <gx:coord>74.03177687 15.0339213 21.11</gx:coord>
          <gx:coord>74.03171067 15.03400371 21.63</gx:coord>
          <gx:coord>74.03164083 15.03408516 21.96</gx:coord>
          <gx:coord>74.03156751 15.03416732 22.83</gx:coord>
          <gx:coord>74.03149206 15.03425008 23.48</gx:coord>
          <gx:coord>74.03141763 15.03433396 24.23</gx:coord>
          <gx:coord>74.03133697 15.03441351 24.7</gx:coord>
          <gx:coord>74.0312543 15.03448971 25.4</gx:coord>
          <gx:coord>74.03117422 15.03456187 26.14</gx:coord>
          <gx:coord>74.03109655 15.03463089 26.54</gx:coord>
          <gx:coord>74.03103332 15.03470025 27.36</gx:coord>
          <gx:coord>74.030962 15.03476336 28.26</gx:coord>
          <gx:coord>74.03089591 15.03483507 29.89</gx:coord>
          <gx:coord>74.03082423 15.03490073 30.43</gx:coord>
          <gx:coord>74.03075544 15.03496664 30.79</gx:coord>
          <gx:coord>74.03068689 15.03503403 31.43</gx:coord>
          <gx:coord>74.03061922 15.03509967 32.17</gx:coord>
          <gx:coord>74.03048932 15.03522737 33.78</gx:coord>
          <gx:coord>74.03037629 15.03536077 35.11</gx:coord>
          <gx:coord>74.03030524 15.0354995 36</gx:coord>
          <gx:coord>74.0302755 15.03564979 37.08</gx:coord>
          <gx:coord>74.03029389 15.03579389 38.21</gx:coord>
          <gx:coord>74.03032671 15.03592264 39.51</gx:coord>
          <gx:coord>74.030378 15.03604779 40.29</gx:coord>
          <gx:coord>74.03042658 15.03616955 41.4</gx:coord>
          <gx:coord>74.03047285 15.03628655 43.03</gx:coord>
          <gx:coord>74.03051556 15.03641806 44.01</gx:coord>
          <gx:coord>74.03054545 15.03654415 44.49</gx:coord>
          <gx:coord>74.03055167 15.03668105 45.8</gx:coord>
          <gx:coord>74.03049279 15.03681797 46.84</gx:coord>
          <gx:coord>74.03042487 15.03690433 47.21</gx:coord>
          <gx:coord>74.0303436 15.03701159 47.73</gx:coord>
          <gx:coord>74.03025408 15.03711306 47.99</gx:coord>
          <gx:coord>74.03011127 15.03720969 48.4</gx:coord>
          <gx:coord>74.03002891 15.03726361 47.85</gx:coord>
          <gx:coord>74.02994523 15.03733308 47.27</gx:coord>
          <gx:coord>74.02986144 15.03741285 46.74</gx:coord>
          <gx:coord>74.02978532 15.03750819 46.18</gx:coord>
          <gx:coord>74.02970775 15.03760877 46.12</gx:coord>
          <gx:coord>74.02962932 15.03771374 45.97</gx:coord>
          <gx:coord>74.02955244 15.03782804 46.1</gx:coord>
          <gx:coord>74.02947015 15.03794383 46.11</gx:coord>
          <gx:coord>74.02938283 15.03805896 46.19</gx:coord>
          <gx:coord>74.02929457 15.03817916 46.18</gx:coord>
          <gx:coord>74.02920779 15.03829977 46.59</gx:coord>
          <gx:coord>74.02911739 15.03842342 46.74</gx:coord>
          <gx:coord>74.02902098 15.03854724 47.06</gx:coord>
          <gx:coord>74.02892282 15.03867645 46.33</gx:coord>
          <gx:coord>74.0288227 15.03881104 45.98</gx:coord>
          <gx:coord>74.02871832 15.03894543 45.84</gx:coord>
          <gx:coord>74.02861434 15.03908317 45.57</gx:coord>
          <gx:coord>74.02851068 15.03922339 45.94</gx:coord>
          <gx:coord>74.02840804 15.03936789 46.05</gx:coord>
          <gx:coord>74.02830337 15.03951313 45.98</gx:coord>
          <gx:coord>74.02819509 15.03965895 45.83</gx:coord>
          <gx:coord>74.02808612 15.03980733 45.81</gx:coord>
          <gx:coord>74.02797724 15.03995686 45.52</gx:coord>
          <gx:coord>74.02787114 15.04011029 45.46</gx:coord>
          <gx:coord>74.02776074 15.04026039 45.66</gx:coord>
          <gx:coord>74.02764767 15.04040867 46.24</gx:coord>
          <gx:coord>74.0275403 15.04055846 46.61</gx:coord>
          <gx:coord>74.02743549 15.04071069 46.91</gx:coord>
          <gx:coord>74.02732843 15.04085914 47.5</gx:coord>
          <gx:coord>74.02711036 15.04115138 48.79</gx:coord>
          <gx:coord>74.02700212 15.04129714 49.39</gx:coord>
          <gx:coord>74.02689345 15.04144008 50.36</gx:coord>
          <gx:coord>74.02678117 15.04157936 51.17</gx:coord>
          <gx:coord>74.02666191 15.04171192 52.37</gx:coord>
          <gx:coord>74.02653386 15.04183245 53.58</gx:coord>
          <gx:coord>74.02640848 15.0419453 54.42</gx:coord>
          <gx:coord>74.02628603 15.04205128 55.16</gx:coord>
          <gx:coord>74.02618031 15.04215013 55.98</gx:coord>
          <gx:coord>74.02609931 15.04225441 56.69</gx:coord>
          <gx:coord>74.02604505 15.04236733 57.62</gx:coord>
          <gx:coord>74.02601712 15.04248855 58.71</gx:coord>
          <gx:coord>74.02601696 15.04261235 59.64</gx:coord>
          <gx:coord>74.02603164 15.04273258 60.06</gx:coord>
          <gx:coord>74.02605406 15.0428519 60.07</gx:coord>
          <gx:coord>74.02608002 15.04297009 60.28</gx:coord>
          <gx:coord>74.02610084 15.04308841 60.91</gx:coord>
          <gx:coord>74.02612328 15.04320885 61.45</gx:coord>
          <gx:coord>74.02615746 15.04333172 61.1</gx:coord>
          <gx:coord>74.02616685 15.04345004 62.13</gx:coord>
          <gx:coord>74.02618098 15.04356391 62.6</gx:coord>
          <gx:coord>74.02619175 15.04367225 63.06</gx:coord>
          <gx:coord>74.02618078 15.04378103 63.41</gx:coord>
          <gx:coord>74.02615676 15.04389041 63.35</gx:coord>
          <gx:coord>74.02612722 15.04399842 63.04</gx:coord>
          <gx:coord>74.02608629 15.04410303 64.53</gx:coord>
          <gx:coord>74.02604273 15.04421136 64.74</gx:coord>
          <gx:coord>74.02599976 15.04431857 65.66</gx:coord>
          <gx:coord>74.02596589 15.04442928 66.16</gx:coord>
          <gx:coord>74.02592351 15.04453761 67.09</gx:coord>
          <gx:coord>74.02587249 15.04464244 67.78</gx:coord>
          <gx:coord>74.02581433 15.04474611 68.15</gx:coord>
          <gx:coord>74.02573087 15.04484304 68.4</gx:coord>
          <gx:coord>74.02563332 15.04492422 69.59</gx:coord>
          <gx:coord>74.02553828 15.04500352 70.3</gx:coord>
          <gx:coord>74.02546679 15.04508177 71.26</gx:coord>
          <gx:coord>74.02539309 15.04522716 71.92</gx:coord>
          <gx:coord>74.02537419 15.04536893 73.09</gx:coord>
          <gx:coord>74.02539028 15.0455215 74.2</gx:coord>
          <gx:coord>74.02544116 15.04568502 74.31</gx:coord>
          <gx:coord>74.02550359 15.04585274 74.63</gx:coord>
          <gx:coord>74.02553951 15.04601195 74.64</gx:coord>
          <gx:coord>74.02555365 15.04615798 75.03</gx:coord>
          <gx:coord>74.02553999 15.04632182 75.95</gx:coord>
          <gx:coord>74.02552134 15.04641187 76.06</gx:coord>
          <gx:coord>74.025505 15.04650104 76.68</gx:coord>
          <gx:coord>74.02549766 15.04665515 78.21</gx:coord>
          <gx:coord>74.02553398 15.04678921 78.63</gx:coord>
          <gx:coord>74.02561845 15.04689514 79.29</gx:coord>
          <gx:coord>74.02573552 15.04699554 79.51</gx:coord>
          <gx:coord>74.02587715 15.04708897 80.96</gx:coord>
          <gx:coord>74.02601844 15.04718037 82.22</gx:coord>
          <gx:coord>74.02614876 15.04726416 83.86</gx:coord>
          <gx:coord>74.02627154 15.04733919 85.69</gx:coord>
          <gx:coord>74.02636493 15.04740594 86.44</gx:coord>
          <gx:coord>74.02641949 15.04749405 87.64</gx:coord>
          <gx:coord>74.02640594 15.0476004 90.4</gx:coord>
          <gx:coord>74.02635619 15.04771343 90.98</gx:coord>
          <gx:coord>74.02625862 15.04781172 92.92</gx:coord>
          <gx:coord>74.02613486 15.04787553 93.84</gx:coord>
          <gx:coord>74.02600582 15.04787005 95.17</gx:coord>
          <gx:coord>74.02584707 15.04784572 96.09</gx:coord>
          <gx:coord>74.02568429 15.04784522 96.64</gx:coord>
          <gx:coord>74.02551452 15.04788889 97.38</gx:coord>
          <gx:coord>74.02542393 15.04791782 97.54</gx:coord>
          <gx:coord>74.02532705 15.04793797 98.28</gx:coord>
          <gx:coord>74.02522215 15.04795675 98.51</gx:coord>
          <gx:coord>74.02512058 15.04798231 98.7</gx:coord>
          <gx:coord>74.02502823 15.04800895 98.61</gx:coord>
          <gx:coord>74.02493372 15.0480476 98.93</gx:coord>
          <gx:coord>74.02477797 15.04810252 97.8</gx:coord>
          <gx:coord>74.02464684 15.0481994 98.22</gx:coord>
          <gx:coord>74.02454158 15.04833549 97.82</gx:coord>
          <gx:coord>74.02448561 15.04841036 98.41</gx:coord>
          <gx:coord>74.02442876 15.04848447 99.1</gx:coord>
          <gx:coord>74.02430945 15.04863153 100.6</gx:coord>
          <gx:coord>74.02423322 15.04869619 102.31</gx:coord>
          <gx:coord>74.02415391 15.04876025 103.74</gx:coord>
          <gx:coord>74.02407083 15.04882085 104.72</gx:coord>
          <gx:coord>74.02398547 15.04887804 106.36</gx:coord>
          <gx:coord>74.02390553 15.04894621 107.05</gx:coord>
          <gx:coord>74.02384934 15.04902318 107.24</gx:coord>
          <gx:coord>74.02379434 15.04910225 107.74</gx:coord>
          <gx:coord>74.02373555 15.04918558 108.18</gx:coord>
          <gx:coord>74.02368555 15.04926376 108.71</gx:coord>
          <gx:coord>74.02363884 15.04935378 109.19</gx:coord>
          <gx:coord>74.02358703 15.04944656 109.75</gx:coord>
          <gx:coord>74.02353616 15.04953528 110.6</gx:coord>
          <gx:coord>74.02347709 15.04961689 111.36</gx:coord>
          <gx:coord>74.0234193 15.04970144 111.55</gx:coord>
          <gx:coord>74.02336021 15.04978704 111.34</gx:coord>
          <gx:coord>74.0233 15.04987572 112.01</gx:coord>
          <gx:coord>74.02322725 15.04995938 113.58</gx:coord>
          <gx:coord>74.02315441 15.05004035 114.34</gx:coord>
          <gx:coord>74.02308094 15.05012188 114.82</gx:coord>
          <gx:coord>74.02300466 15.05019761 114.52</gx:coord>
          <gx:coord>74.02292714 15.05028469 115.19</gx:coord>
          <gx:coord>74.02285792 15.05037344 116.7</gx:coord>
          <gx:coord>74.02279663 15.0504673 117.17</gx:coord>
          <gx:coord>74.02273112 15.05055919 118.41</gx:coord>
          <gx:coord>74.02267916 15.05066348 119.86</gx:coord>
          <gx:coord>74.02262569 15.05076521 120.41</gx:coord>
          <gx:coord>74.02256893 15.05086321 121.17</gx:coord>
          <gx:coord>74.02251117 15.05097483 121.69</gx:coord>
          <gx:coord>74.02244931 15.05107628 122.42</gx:coord>
          <gx:coord>74.02237803 15.05117358 122.43</gx:coord>
          <gx:coord>74.02230107 15.05127052 122.49</gx:coord>
          <gx:coord>74.02220351 15.0513597 123.19</gx:coord>
          <gx:coord>74.02210718 15.05145001 123.78</gx:coord>
          <gx:coord>74.02201933 15.0515344 125.46</gx:coord>
          <gx:coord>74.0219337 15.0516296 126.23</gx:coord>
          <gx:coord>74.0218664 15.05173284 127.72</gx:coord>
          <gx:coord>74.02180369 15.05183874 129.21</gx:coord>
          <gx:coord>74.02174747 15.05194936 129.63</gx:coord>
          <gx:coord>74.02169511 15.05205946 129.99</gx:coord>
          <gx:coord>74.02165465 15.05217204 130.6</gx:coord>
          <gx:coord>74.0216467 15.05228829 131.59</gx:coord>
          <gx:coord>74.0216462 15.05240338 132.26</gx:coord>
          <gx:coord>74.02166148 15.05251487 132.63</gx:coord>
          <gx:coord>74.02168204 15.05263493 132.3</gx:coord>
          <gx:coord>74.02170329 15.05275098 132.68</gx:coord>
          <gx:coord>74.02173005 15.05286532 133.48</gx:coord>
          <gx:coord>74.02175684 15.05297199 133.81</gx:coord>
          <gx:coord>74.02179858 15.05306637 134.92</gx:coord>
          <gx:coord>74.02187148 15.05315224 134.99</gx:coord>
          <gx:coord>74.02194985 15.05321546 135.04</gx:coord>
          <gx:coord>74.02205369 15.05326717 135.48</gx:coord>
          <gx:coord>74.02215532 15.05331399 135.96</gx:coord>
          <gx:coord>74.02226512 15.0533561 136.62</gx:coord>
          <gx:coord>74.02236689 15.053405 137.22</gx:coord>
          <gx:coord>74.02246443 15.05345651 137.3</gx:coord>
          <gx:coord>74.0225707 15.05350734 137.6</gx:coord>
          <gx:coord>74.02267665 15.0535364 138.33</gx:coord>
          <gx:coord>74.02278459 15.05356605 139.37</gx:coord>
          <gx:coord>74.02288569 15.05358602 140.2</gx:coord>
          <gx:coord>74.02298376 15.05358812 140.31</gx:coord>
          <gx:coord>74.02309131 15.05358956 140.22</gx:coord>
          <gx:coord>74.02319328 15.05356269 140.73</gx:coord>
          <gx:coord>74.02328288 15.05353537 140.87</gx:coord>
          <gx:coord>74.0234516 15.0535454 142.21</gx:coord>
          <gx:coord>74.02358919 15.05363567 146.48</gx:coord>
          <gx:coord>74.02363426 15.05372551 148.56</gx:coord>
          <gx:coord>74.02366671 15.05389839 149.33</gx:coord>
          <gx:coord>74.02370149 15.05406792 150.02</gx:coord>
          <gx:coord>74.02377882 15.05422988 150.4</gx:coord>
          <gx:coord>74.02386729 15.0543466 149.48</gx:coord>
          <gx:coord>74.02397011 15.05442289 149.41</gx:coord>
          <gx:coord>74.02407279 15.05451097 150.91</gx:coord>
          <gx:coord>74.02416825 15.05454646 151.31</gx:coord>
          <gx:coord>74.02426443 15.05458835 152.59</gx:coord>
          <gx:coord>74.02435467 15.05464911 152.8</gx:coord>
          <gx:coord>74.02446269 15.0547356 155.72</gx:coord>
          <gx:coord>74.02464382 15.05484066 156.08</gx:coord>
          <gx:coord>74.02475713 15.05488441 155.79</gx:coord>
          <gx:coord>74.02481736 15.05497054 156.09</gx:coord>
          <gx:coord>74.02487535 15.0550819 156.28</gx:coord>
          <gx:coord>74.02496016 15.05517288 156.61</gx:coord>
          <gx:coord>74.02505975 15.05524596 156.35</gx:coord>
          <gx:coord>74.02508537 15.0553404 157.7</gx:coord>
          <gx:coord>74.02513648 15.05550839 157.31</gx:coord>
          <gx:coord>74.02528753 15.05560917 158.53</gx:coord>
          <gx:coord>74.02534495 15.05568817 158.49</gx:coord>
          <gx:coord>74.02539026 15.05585435 158.73</gx:coord>
          <gx:coord>74.02546006 15.05591447 158.84</gx:coord>
          <gx:coord>74.02550472 15.0560024 158.74</gx:coord>
          <gx:coord>74.02558059 15.05608215 158.68</gx:coord>
          <gx:coord>74.0256823 15.05610609 157.75</gx:coord>
          <gx:coord>74.02572215 15.05618996 156.76</gx:coord>
          <gx:coord>74.02578569 15.05627207 153.24</gx:coord>
          <gx:coord>74.02578509 15.05641219 152.65</gx:coord>
          <gx:coord>74.02576119 15.05654392 149.9</gx:coord>
          <gx:coord>74.02577703 15.05666895 148.2</gx:coord>
          <gx:coord>74.02572303 15.05682808 147.36</gx:coord>
          <gx:coord>74.02565469 15.05698001 144.15</gx:coord>
          <gx:coord>74.02561443 15.05711763 142.67</gx:coord>
          <gx:coord>74.02558554 15.05724447 140.57</gx:coord>
          <gx:coord>74.02556325 15.05735956 140.08</gx:coord>
          <gx:coord>74.02556812 15.0574705 140.17</gx:coord>
          <gx:coord>74.02561229 15.05758777 138.87</gx:coord>
          <gx:coord>74.02565829 15.0576996 138.61</gx:coord>
          <gx:coord>74.02574267 15.05781319 138.09</gx:coord>
          <gx:coord>74.02581878 15.05793696 137.26</gx:coord>
          <gx:coord>74.02589809 15.05805043 137.94</gx:coord>
          <gx:coord>74.02599294 15.05816253 137.1</gx:coord>
          <gx:coord>74.02609048 15.05826886 137.45</gx:coord>
          <gx:coord>74.02619239 15.05836632 136.27</gx:coord>
          <gx:coord>74.02629171 15.05846214 135.05</gx:coord>
          <gx:coord>74.02637916 15.05855804 132.92</gx:coord>
          <gx:coord>74.02645772 15.05866984 132.2</gx:coord>
          <gx:coord>74.02652094 15.05878718 131.43</gx:coord>
          <gx:coord>74.02656483 15.0589074 131.1</gx:coord>
          <gx:coord>74.02659718 15.05901647 130.53</gx:coord>
          <gx:coord>74.02661746 15.05912189 130.12</gx:coord>
          <gx:coord>74.02661769 15.05922509 128.91</gx:coord>
          <gx:coord>74.02659552 15.05932672 127.63</gx:coord>
          <gx:coord>74.0265553 15.05941926 127.67</gx:coord>
          <gx:coord>74.02650833 15.0595762 126.74</gx:coord>
          <gx:coord>74.02653919 15.05973182 126.06</gx:coord>
          <gx:coord>74.02663448 15.05985304 124.52</gx:coord>
          <gx:coord>74.02681687 15.05995155 124.72</gx:coord>
          <gx:coord>74.02695433 15.06000188 124.4</gx:coord>
          <gx:coord>74.02708117 15.06005309 124.88</gx:coord>
          <gx:coord>74.02718655 15.06010038 123.03</gx:coord>
          <gx:coord>74.02728943 15.0601608 121.79</gx:coord>
          <gx:coord>74.02738562 15.06024699 120.92</gx:coord>
          <gx:coord>74.02745745 15.06033972 120.16</gx:coord>
          <gx:coord>74.02753985 15.06041928 119.85</gx:coord>
          <gx:coord>74.02758474 15.06052387 118.67</gx:coord>
          <gx:coord>74.02758771 15.06062879 115.54</gx:coord>
          <gx:coord>74.02755035 15.06075638 111.97</gx:coord>
          <gx:coord>74.02749865 15.06092539 108.35</gx:coord>
          <gx:coord>74.02736522 15.06104997 108.22</gx:coord>
          <gx:coord>74.02725396 15.06109653 108.24</gx:coord>
          <gx:coord>74.0271737 15.06116193 107.79</gx:coord>
          <gx:coord>74.02710119 15.06124301 107.23</gx:coord>
          <gx:coord>74.02704549 15.06134641 106.7</gx:coord>
          <gx:coord>74.027004 15.06145054 106.38</gx:coord>
          <gx:coord>74.02694305 15.06154839 104.94</gx:coord>
          <gx:coord>74.02692802 15.06167354 104.66</gx:coord>
          <gx:coord>74.02694355 15.06180091 103.16</gx:coord>
          <gx:coord>74.02697023 15.06191264 103.03</gx:coord>
          <gx:coord>74.02700171 15.06201149 101.36</gx:coord>
          <gx:coord>74.02700979 15.06212007 100.72</gx:coord>
          <gx:coord>74.02700621 15.0622365 100.19</gx:coord>
          <gx:coord>74.02700612 15.06234565 99.35</gx:coord>
          <gx:coord>74.02698668 15.06246491 98.04</gx:coord>
          <gx:coord>74.02696487 15.06258972 97.24</gx:coord>
          <gx:coord>74.02694342 15.06272011 96.91</gx:coord>
          <gx:coord>74.02692883 15.06284805 96.16</gx:coord>
          <gx:coord>74.02692346 15.06298702 95.12</gx:coord>
          <gx:coord>74.0269507 15.06311775 94.08</gx:coord>
          <gx:coord>74.02699526 15.06324374 93.38</gx:coord>
          <gx:coord>74.0270412 15.06337165 93.03</gx:coord>
          <gx:coord>74.02708348 15.06350073 92.93</gx:coord>
          <gx:coord>74.02712996 15.06362619 92.95</gx:coord>
          <gx:coord>74.02719053 15.06374586 93.14</gx:coord>
          <gx:coord>74.02727425 15.06385862 92.11</gx:coord>
          <gx:coord>74.027369 15.06396081 91.28</gx:coord>
          <gx:coord>74.02747659 15.06405324 91.43</gx:coord>
          <gx:coord>74.02758985 15.06413405 90.37</gx:coord>
          <gx:coord>74.02770817 15.06421878 89.54</gx:coord>
          <gx:coord>74.0278249 15.06431324 89.38</gx:coord>
          <gx:coord>74.02792703 15.06442003 88.21</gx:coord>
          <gx:coord>74.02801345 15.06453635 87.68</gx:coord>
          <gx:coord>74.02809101 15.06465747 87.06</gx:coord>
          <gx:coord>74.02816574 15.06477312 86.58</gx:coord>
          <gx:coord>74.02825201 15.06487053 85.67</gx:coord>
          <gx:coord>74.02834943 15.06495243 84.46</gx:coord>
          <gx:coord>74.02846362 15.06501038 83.48</gx:coord>
          <gx:coord>74.02858432 15.0650563 82.93</gx:coord>
          <gx:coord>74.02870723 15.06509519 81.93</gx:coord>
          <gx:coord>74.02883699 15.0651331 81.75</gx:coord>
          <gx:coord>74.02899026 15.06515247 81.01</gx:coord>
          <gx:coord>74.02913986 15.06518107 79.92</gx:coord>
          <gx:coord>74.02927566 15.06522902 78.99</gx:coord>
          <gx:coord>74.02941001 15.06527704 78.28</gx:coord>
          <gx:coord>74.02953855 15.0653323 76.64</gx:coord>
          <gx:coord>74.02966416 15.06539043 76</gx:coord>
          <gx:coord>74.02978622 15.06545607 76.1</gx:coord>
          <gx:coord>74.0298991 15.06552715 75.77</gx:coord>
          <gx:coord>74.02999927 15.06560795 75.19</gx:coord>
          <gx:coord>74.03008787 15.06569743 74.41</gx:coord>
          <gx:coord>74.03016632 15.06579177 73.96</gx:coord>
          <gx:coord>74.03021745 15.06587266 72.78</gx:coord>
          <gx:coord>74.03024344 15.06597527 71.63</gx:coord>
          <gx:coord>74.03025766 15.06608703 70.61</gx:coord>
          <gx:coord>74.03024878 15.06619378 70.04</gx:coord>
          <gx:coord>74.03022655 15.06630186 69.32</gx:coord>
          <gx:coord>74.03018363 15.06641377 68.77</gx:coord>
          <gx:coord>74.03009798 15.06664665 66.06</gx:coord>
          <gx:coord>74.03006511 15.06677106 64.22</gx:coord>
          <gx:coord>74.0300418 15.06690053 63.24</gx:coord>
          <gx:coord>74.030034 15.06703649 62.28</gx:coord>
          <gx:coord>74.0300468 15.0671804 60.71</gx:coord>
          <gx:coord>74.03007769 15.06732423 60.4</gx:coord>
          <gx:coord>74.03010446 15.06746224 59.66</gx:coord>
          <gx:coord>74.03011821 15.06758833 58.77</gx:coord>
          <gx:coord>74.03011308 15.06769929 57.71</gx:coord>
          <gx:coord>74.0300825 15.06780279 57.16</gx:coord>
          <gx:coord>74.03002618 15.06789766 56.89</gx:coord>
          <gx:coord>74.02994757 15.06797987 56.49</gx:coord>
          <gx:coord>74.02986186 15.0680592 56.24</gx:coord>
          <gx:coord>74.02976979 15.0681386 56.15</gx:coord>
          <gx:coord>74.02967804 15.06822041 56.02</gx:coord>
          <gx:coord>74.02957476 15.06828464 55.65</gx:coord>
          <gx:coord>74.02946264 15.06832664 55.36</gx:coord>
          <gx:coord>74.02934669 15.06835588 55.2</gx:coord>
          <gx:coord>74.02924226 15.06838434 54.97</gx:coord>
          <gx:coord>74.02910307 15.06847992 54.05</gx:coord>
          <gx:coord>74.02902393 15.06864711 52.99</gx:coord>
          <gx:coord>74.02900977 15.0687522 52.54</gx:coord>
          <gx:coord>74.02899205 15.06886175 52.35</gx:coord>
          <gx:coord>74.02896582 15.06898215 51.33</gx:coord>
          <gx:coord>74.02892538 15.06910098 51.12</gx:coord>
          <gx:coord>74.0288662 15.06921599 50.4</gx:coord>
          <gx:coord>74.02880987 15.06933244 50.08</gx:coord>
          <gx:coord>74.02875639 15.0694472 49.03</gx:coord>
          <gx:coord>74.02872032 15.06956291 48.55</gx:coord>
          <gx:coord>74.02870989 15.06968298 48.27</gx:coord>
          <gx:coord>74.02871733 15.06980112 47.83</gx:coord>
          <gx:coord>74.02873584 15.06991982 47.49</gx:coord>
          <gx:coord>74.0287517 15.07004455 46.89</gx:coord>
          <gx:coord>74.02875187 15.07016771 46.08</gx:coord>
          <gx:coord>74.02875025 15.07028732 45.35</gx:coord>
          <gx:coord>74.02872788 15.07040024 44.44</gx:coord>
          <gx:coord>74.02868117 15.07050976 43.63</gx:coord>
          <gx:coord>74.02862368 15.07061545 43.13</gx:coord>
          <gx:coord>74.02856286 15.07072071 42.72</gx:coord>
          <gx:coord>74.0285 15.07082946 42.04</gx:coord>
          <gx:coord>74.02843669 15.07093994 41.13</gx:coord>
          <gx:coord>74.02837832 15.07105499 40.68</gx:coord>
          <gx:coord>74.02832541 15.07117665 39.56</gx:coord>
          <gx:coord>74.02828354 15.07130702 38.49</gx:coord>
          <gx:coord>74.02823489 15.07143608 37.49</gx:coord>
          <gx:coord>74.02818611 15.07156888 36.69</gx:coord>
          <gx:coord>74.02813587 15.0717015 35.9</gx:coord>
          <gx:coord>74.02808832 15.0718298 35.04</gx:coord>
          <gx:coord>74.0280423 15.07194536 34.48</gx:coord>
          <gx:coord>74.02797944 15.07204914 33.43</gx:coord>
          <gx:coord>74.02790035 15.07214165 32.87</gx:coord>
          <gx:coord>74.02780884 15.07222337 32.18</gx:coord>
          <gx:coord>74.02771078 15.07229761 31.29</gx:coord>
          <gx:coord>74.02761615 15.07236864 31.03</gx:coord>
          <gx:coord>74.02753299 15.07243924 30.57</gx:coord>
          <gx:coord>74.02746385 15.07250935 30.24</gx:coord>
          <gx:coord>74.02741307 15.0725875 29.79</gx:coord>
          <gx:coord>74.02737946 15.07267314 29.41</gx:coord>
          <gx:coord>74.02736919 15.07277614 28.87</gx:coord>
          <gx:coord>74.02737157 15.07288162 27.83</gx:coord>
          <gx:coord>74.02739806 15.0730001 27.53</gx:coord>
          <gx:coord>74.02743297 15.07312161 26.85</gx:coord>
          <gx:coord>74.02747801 15.07324787 26.74</gx:coord>
          <gx:coord>74.02752713 15.07337207 26.7</gx:coord>
          <gx:coord>74.02758263 15.07349721 26.75</gx:coord>
          <gx:coord>74.02764558 15.07360512 26.62</gx:coord>
          <gx:coord>74.02771258 15.07370331 26.45</gx:coord>
          <gx:coord>74.02779956 15.07379158 26.48</gx:coord>
          <gx:coord>74.02789452 15.07387782 26.74</gx:coord>
          <gx:coord>74.02798301 15.07397309 27.1</gx:coord>
          <gx:coord>74.02807245 15.07407028 27.2</gx:coord>
          <gx:coord>74.02816536 15.07416651 27.62</gx:coord>
          <gx:coord>74.02827919 15.07425517 27.69</gx:coord>
          <gx:coord>74.02838026 15.07435083 28.12</gx:coord>
          <gx:coord>74.02847857 15.07444657 28.44</gx:coord>
          <gx:coord>74.02857776 15.07453875 28.57</gx:coord>
          <gx:coord>74.02867572 15.07463581 29.07</gx:coord>
          <gx:coord>74.02877785 15.0747294 29.33</gx:coord>
          <gx:coord>74.02888125 15.07482704 29.58</gx:coord>
          <gx:coord>74.0289885 15.07492378 30.14</gx:coord>
          <gx:coord>74.02909487 15.0750237 30.46</gx:coord>
          <gx:coord>74.02920279 15.07512113 30.74</gx:coord>
          <gx:coord>74.02931072 15.075224 30.88</gx:coord>
          <gx:coord>74.02942199 15.07533274 31.08</gx:coord>
          <gx:coord>74.02953296 15.07543757 31.12</gx:coord>
          <gx:coord>74.02964005 15.07554182 31.57</gx:coord>
          <gx:coord>74.02974917 15.07564572 31.93</gx:coord>
          <gx:coord>74.02985622 15.07575516 32.56</gx:coord>
          <gx:coord>74.02995852 15.07586288 33.02</gx:coord>
          <gx:coord>74.03005562 15.075971 33.79</gx:coord>
          <gx:coord>74.03015008 15.07607974 34.14</gx:coord>
          <gx:coord>74.03024298 15.0761868 34.93</gx:coord>
          <gx:coord>74.03032864 15.07630387 35.14</gx:coord>
          <gx:coord>74.0304139 15.07641572 35.58</gx:coord>
          <gx:coord>74.03050083 15.07652596 36.34</gx:coord>
          <gx:coord>74.03058419 15.07663236 37.07</gx:coord>
          <gx:coord>74.0306644 15.07674113 37.14</gx:coord>
          <gx:coord>74.03073485 15.0768428 37.59</gx:coord>
          <gx:coord>74.03080395 15.07694838 37.75</gx:coord>
          <gx:coord>74.03088274 15.07704781 38.56</gx:coord>
          <gx:coord>74.03096211 15.07714426 39.74</gx:coord>
          <gx:coord>74.0310535 15.07723699 40.26</gx:coord>
          <gx:coord>74.03115128 15.07731966 40.59</gx:coord>
          <gx:coord>74.0312476 15.07739459 40.91</gx:coord>
          <gx:coord>74.03134184 15.07746207 41.15</gx:coord>
          <gx:coord>74.03143311 15.07752456 41.29</gx:coord>
          <gx:coord>74.03152699 15.07758791 41.36</gx:coord>
          <gx:coord>74.03162066 15.07764934 42.01</gx:coord>
          <gx:coord>74.03170242 15.07772194 42.49</gx:coord>
          <gx:coord>74.03178512 15.0777882 42.06</gx:coord>
          <gx:coord>74.03186639 15.07784629 42.83</gx:coord>
          <gx:coord>74.03194587 15.07791607 43.8</gx:coord>
          <gx:coord>74.03202739 15.07797682 43.98</gx:coord>
          <gx:coord>74.03215982 15.07809278 44.65</gx:coord>
          <gx:coord>74.03227475 15.07822181 45.9</gx:coord>
          <gx:coord>74.03233925 15.07836591 45.81</gx:coord>
          <gx:coord>74.03235561 15.07850632 45.14</gx:coord>
          <gx:coord>74.0323428 15.07865672 44.27</gx:coord>
          <gx:coord>74.03231739 15.0787442 43.97</gx:coord>
          <gx:coord>74.03227856 15.07883135 43.75</gx:coord>
          <gx:coord>74.03221665 15.07891895 43.48</gx:coord>
          <gx:coord>74.03213829 15.07899459 43.54</gx:coord>
          <gx:coord>74.03203856 15.07904285 42.11</gx:coord>
          <gx:coord>74.03195178 15.07907765 40.43</gx:coord>
          <gx:coord>74.0317723 15.07912091 39.8</gx:coord>
          <gx:coord>74.03166742 15.0791418 39.82</gx:coord>
          <gx:coord>74.03156574 15.07916517 40.05</gx:coord>
          <gx:coord>74.03146926 15.07921845 39.99</gx:coord>
          <gx:coord>74.03139783 15.07928823 39.75</gx:coord>
          <gx:coord>74.03135169 15.07937715 39.67</gx:coord>
          <gx:coord>74.03132979 15.07947791 39.8</gx:coord>
          <gx:coord>74.03132029 15.0795885 39.41</gx:coord>
          <gx:coord>74.03130742 15.07969506 38.82</gx:coord>
          <gx:coord>74.03128155 15.07979497 37.9</gx:coord>
          <gx:coord>74.0312312 15.0798888 37.24</gx:coord>
          <gx:coord>74.03116089 15.07997782 36.6</gx:coord>
          <gx:coord>74.0310723 15.08005974 36.03</gx:coord>
          <gx:coord>74.03097843 15.0801482 35.02</gx:coord>
          <gx:coord>74.03088591 15.08025129 34.3</gx:coord>
          <gx:coord>74.03079024 15.08037523 34.04</gx:coord>
          <gx:coord>74.03069625 15.08050327 33.79</gx:coord>
          <gx:coord>74.03060581 15.08063951 33.13</gx:coord>
          <gx:coord>74.03050632 15.08077356 32.3</gx:coord>
          <gx:coord>74.03040052 15.08090306 31.41</gx:coord>
          <gx:coord>74.03029682 15.08102673 30.84</gx:coord>
          <gx:coord>74.03019951 15.08113933 30.35</gx:coord>
          <gx:coord>74.03011067 15.0812468 29.98</gx:coord>
          <gx:coord>74.03003555 15.08133935 30</gx:coord>
          <gx:coord>74.02997969 15.08142977 29.76</gx:coord>
          <gx:coord>74.02994884 15.08152345 30.09</gx:coord>
          <gx:coord>74.0299387 15.08161776 30.57</gx:coord>
          <gx:coord>74.02995145 15.08170857 31.41</gx:coord>
          <gx:coord>74.02998366 15.08179617 32.09</gx:coord>
          <gx:coord>74.0300337 15.0818786 32.98</gx:coord>
          <gx:coord>74.03016851 15.08199821 33.86</gx:coord>
          <gx:coord>74.03025194 15.08204274 34.67</gx:coord>
          <gx:coord>74.03033646 15.08208705 35.66</gx:coord>
          <gx:coord>74.03042633 15.08212898 36.44</gx:coord>
          <gx:coord>74.03051251 15.08217054 37</gx:coord>
          <gx:coord>74.03060132 15.08221835 37.83</gx:coord>
          <gx:coord>74.0306945 15.08226513 38.5</gx:coord>
          <gx:coord>74.03078199 15.08231671 38.89</gx:coord>
          <gx:coord>74.03088283 15.08236406 39.21</gx:coord>
          <gx:coord>74.03097714 15.08242205 38.92</gx:coord>
          <gx:coord>74.03104424 15.08250496 39.3</gx:coord>
          <gx:coord>74.03109822 15.0825852 40.71</gx:coord>
          <gx:coord>74.03119715 15.08273094 41.24</gx:coord>
          <gx:coord>74.03127967 15.08286525 41.57</gx:coord>
          <gx:coord>74.03135147 15.08300843 43.42</gx:coord>
          <gx:coord>74.03137211 15.08317096 44.34</gx:coord>
          <gx:coord>74.03134774 15.083335 45.42</gx:coord>
          <gx:coord>74.03130731 15.08349071 45.5</gx:coord>
          <gx:coord>74.03129003 15.08365636 46.29</gx:coord>
          <gx:coord>74.03127382 15.08381261 47.08</gx:coord>
          <gx:coord>74.03133213 15.08397093 47.83</gx:coord>
          <gx:coord>74.03138704 15.08411857 48.19</gx:coord>
          <gx:coord>74.0314708 15.08425187 48.65</gx:coord>
          <gx:coord>74.03157328 15.0843768 49.62</gx:coord>
          <gx:coord>74.03166592 15.08450182 50.2</gx:coord>
          <gx:coord>74.03174168 15.08465376 50.02</gx:coord>
          <gx:coord>74.03178757 15.08482504 51.14</gx:coord>
          <gx:coord>74.03180218 15.08498652 51.96</gx:coord>
          <gx:coord>74.03179675 15.08515834 53.52</gx:coord>
          <gx:coord>74.03176038 15.08534199 54.34</gx:coord>
          <gx:coord>74.03173482 15.08543578 54.4</gx:coord>
          <gx:coord>74.03170943 15.0855303 54.24</gx:coord>
          <gx:coord>74.03168194 15.08562437 55.59</gx:coord>
          <gx:coord>74.03164894 15.0857189 55.75</gx:coord>
          <gx:coord>74.0316185 15.08581055 55.73</gx:coord>
          <gx:coord>74.03159033 15.08589764 56.63</gx:coord>
          <gx:coord>74.03156251 15.08598769 57.06</gx:coord>
          <gx:coord>74.03153422 15.08608337 57.17</gx:coord>
          <gx:coord>74.03150768 15.08617734 57.81</gx:coord>
          <gx:coord>74.03148367 15.08627799 57.78</gx:coord>
          <gx:coord>74.0314552 15.08637981 57.88</gx:coord>
          <gx:coord>74.03142281 15.08648263 57.98</gx:coord>
          <gx:coord>74.03138881 15.08658646 58.39</gx:coord>
          <gx:coord>74.03135034 15.086693 58.51</gx:coord>
          <gx:coord>74.03130962 15.08679642 59.38</gx:coord>
          <gx:coord>74.03127977 15.08690001 59.91</gx:coord>
          <gx:coord>74.0312457 15.08700017 60.58</gx:coord>
          <gx:coord>74.03121738 15.08709975 60.95</gx:coord>
          <gx:coord>74.03118982 15.08719833 61.36</gx:coord>
          <gx:coord>74.03116489 15.08729667 61.92</gx:coord>
          <gx:coord>74.03114409 15.08739382 62.25</gx:coord>
          <gx:coord>74.03112181 15.08749177 63</gx:coord>
          <gx:coord>74.03110182 15.08759432 63.57</gx:coord>
          <gx:coord>74.03108248 15.08769341 64.11</gx:coord>
          <gx:coord>74.03106392 15.08779227 64.57</gx:coord>
          <gx:coord>74.03104427 15.08789395 65.19</gx:coord>
          <gx:coord>74.03102438 15.08799569 65.68</gx:coord>
          <gx:coord>74.03100513 15.08809802 66.11</gx:coord>
          <gx:coord>74.03098494 15.08820081 66.57</gx:coord>
          <gx:coord>74.03096225 15.08830358 67.16</gx:coord>
          <gx:coord>74.03093967 15.08840828 67.33</gx:coord>
          <gx:coord>74.03091618 15.08851347 67.58</gx:coord>
          <gx:coord>74.03089247 15.08862375 67.65</gx:coord>
          <gx:coord>74.0308707 15.08874055 67.34</gx:coord>
          <gx:coord>74.03085013 15.08886042 67.38</gx:coord>
          <gx:coord>74.0308346 15.08898625 66.86</gx:coord>
          <gx:coord>74.03082664 15.08911547 66.67</gx:coord>
          <gx:coord>74.03083265 15.08924586 66.45</gx:coord>
          <gx:coord>74.03084438 15.08937432 66.35</gx:coord>
          <gx:coord>74.03086073 15.08950415 66.1</gx:coord>
          <gx:coord>74.03087948 15.08963618 65.94</gx:coord>
          <gx:coord>74.03090129 15.08976953 65.84</gx:coord>
          <gx:coord>74.03092377 15.08990073 65.67</gx:coord>
          <gx:coord>74.03094493 15.09002982 65.78</gx:coord>
          <gx:coord>74.03096295 15.09015127 66.08</gx:coord>
          <gx:coord>74.03097385 15.09025745 66.17</gx:coord>
          <gx:coord>74.03099115 15.09039726 66.82</gx:coord>
          <gx:coord>74.03101554 15.09051783 66.96</gx:coord>
          <gx:coord>74.03103933 15.09065127 66.93</gx:coord>
          <gx:coord>74.03106804 15.09081648 67.03</gx:coord>
          <gx:coord>74.03108326 15.09091061 67.11</gx:coord>
          <gx:coord>74.03110036 15.09101282 66.85</gx:coord>
          <gx:coord>74.03111919 15.09111958 66.61</gx:coord>
          <gx:coord>74.03113812 15.09123002 66.73</gx:coord>
          <gx:coord>74.03115702 15.09134451 66.94</gx:coord>
          <gx:coord>74.0311772 15.09146375 67</gx:coord>
          <gx:coord>74.03119564 15.09158758 67.09</gx:coord>
          <gx:coord>74.03121425 15.09171401 67.1</gx:coord>
          <gx:coord>74.03123161 15.09184304 67.45</gx:coord>
          <gx:coord>74.03124863 15.09197411 67.59</gx:coord>
          <gx:coord>74.03126577 15.09210899 67.7</gx:coord>
          <gx:coord>74.03127337 15.09224482 67.66</gx:coord>
          <gx:coord>74.0312711 15.09237828 67.48</gx:coord>
          <gx:coord>74.03125155 15.09251097 67.37</gx:coord>
          <gx:coord>74.0312179 15.09263835 67.25</gx:coord>
          <gx:coord>74.03117313 15.0927571 67.78</gx:coord>
          <gx:coord>74.03112875 15.09285694 67.52</gx:coord>
          <gx:coord>74.03108083 15.0929648 67.69</gx:coord>
          <gx:coord>74.03103974 15.09305158 67.66</gx:coord>
          <gx:coord>74.030984 15.09316748 67.45</gx:coord>
          <gx:coord>74.03090633 15.09331843 67.16</gx:coord>
          <gx:coord>74.0308611 15.09340179 66.85</gx:coord>
          <gx:coord>74.03081033 15.09348781 67.17</gx:coord>
          <gx:coord>74.03075769 15.09357817 67.55</gx:coord>
          <gx:coord>74.03070912 15.09367236 67.86</gx:coord>
          <gx:coord>74.03067053 15.09377285 68.04</gx:coord>
          <gx:coord>74.03063956 15.09387967 68.27</gx:coord>
          <gx:coord>74.03062085 15.0939957 68.06</gx:coord>
          <gx:coord>74.03060756 15.09411467 67.67</gx:coord>
          <gx:coord>74.03059403 15.09424386 67.69</gx:coord>
          <gx:coord>74.03057473 15.09437359 67.84</gx:coord>
          <gx:coord>74.03055014 15.09450724 68.1</gx:coord>
          <gx:coord>74.03052161 15.09464043 68.54</gx:coord>
          <gx:coord>74.03048833 15.09477538 69.07</gx:coord>
          <gx:coord>74.03044849 15.09490952 69.46</gx:coord>
          <gx:coord>74.03040231 15.09503975 69.79</gx:coord>
          <gx:coord>74.03034722 15.09516343 69.65</gx:coord>
          <gx:coord>74.03027016 15.09528358 69.6</gx:coord>
          <gx:coord>74.03016574 15.09538865 69.93</gx:coord>
          <gx:coord>74.0300382 15.09547401 70.69</gx:coord>
          <gx:coord>74.0299065 15.09554418 72.2</gx:coord>
          <gx:coord>74.02978094 15.09562061 73.21</gx:coord>
          <gx:coord>74.02966124 15.09569842 74.22</gx:coord>
          <gx:coord>74.02954514 15.09577732 75.22</gx:coord>
          <gx:coord>74.02943582 15.09586569 76.35</gx:coord>
          <gx:coord>74.02933303 15.09595716 77.3</gx:coord>
          <gx:coord>74.02924677 15.09606051 78.54</gx:coord>
          <gx:coord>74.02912315 15.09629597 79.28</gx:coord>
          <gx:coord>74.02908898 15.09642901 79.51</gx:coord>
          <gx:coord>74.02905874 15.0965634 80.1</gx:coord>
          <gx:coord>74.02902901 15.09669904 80.69</gx:coord>
          <gx:coord>74.02899427 15.09683378 81.4</gx:coord>
          <gx:coord>74.0289488 15.0969637 82.35</gx:coord>
          <gx:coord>74.02888857 15.09708437 83.99</gx:coord>
          <gx:coord>74.02884526 15.0972088 85.4</gx:coord>
          <gx:coord>74.02882396 15.09732068 85.95</gx:coord>
          <gx:coord>74.02883105 15.09743199 86.58</gx:coord>
          <gx:coord>74.0288644 15.09753994 87.18</gx:coord>
          <gx:coord>74.02892046 15.09763856 87.87</gx:coord>
          <gx:coord>74.02899657 15.09772219 88.45</gx:coord>
          <gx:coord>74.02909137 15.09779122 88.34</gx:coord>
          <gx:coord>74.02919431 15.0978479 88.99</gx:coord>
          <gx:coord>74.02930349 15.09789628 89.76</gx:coord>
          <gx:coord>74.02941744 15.09793793 90.25</gx:coord>
          <gx:coord>74.02952675 15.09798919 90.87</gx:coord>
          <gx:coord>74.02963793 15.09804201 90.96</gx:coord>
          <gx:coord>74.02975012 15.09809664 91.83</gx:coord>
          <gx:coord>74.0298658 15.09814752 92.25</gx:coord>
          <gx:coord>74.02997038 15.09821945 93.08</gx:coord>
          <gx:coord>74.03006688 15.09830696 93.78</gx:coord>
          <gx:coord>74.0301446 15.09841091 93.73</gx:coord>
          <gx:coord>74.03020315 15.09852055 93.88</gx:coord>
          <gx:coord>74.03025198 15.09862996 94.53</gx:coord>
          <gx:coord>74.03030197 15.09873986 94.45</gx:coord>
          <gx:coord>74.03034958 15.09885423 94.82</gx:coord>
          <gx:coord>74.03039699 15.09897 95.18</gx:coord>
          <gx:coord>74.03044405 15.09908014 95.2</gx:coord>
          <gx:coord>74.03049333 15.09918526 95.16</gx:coord>
          <gx:coord>74.03054604 15.09928801 95.48</gx:coord>
          <gx:coord>74.03059947 15.09938596 95.67</gx:coord>
          <gx:coord>74.03065129 15.09948104 96.04</gx:coord>
          <gx:coord>74.03070162 15.0995713 96.44</gx:coord>
          <gx:coord>74.03075223 15.09965862 96.7</gx:coord>
          <gx:coord>74.03080434 15.09974122 96.89</gx:coord>
          <gx:coord>74.03085766 15.09982537 97.21</gx:coord>
          <gx:coord>74.03091272 15.0999093 97.33</gx:coord>
          <gx:coord>74.03096381 15.09999293 97.74</gx:coord>
          <gx:coord>74.03101145 15.10007758 104.94</gx:coord>
          <gx:coord>74.03106117 15.10015793 105.39</gx:coord>
          <gx:coord>74.03110868 15.10023869 106.48</gx:coord>
          <gx:coord>74.03115688 15.10031603 107.24</gx:coord>
          <gx:coord>74.03120371 15.10039787 108.29</gx:coord>
          <gx:coord>74.03125359 15.1004805 108.87</gx:coord>
          <gx:coord>74.03130415 15.10056346 109.33</gx:coord>
          <gx:coord>74.03135585 15.10064724 109.89</gx:coord>
          <gx:coord>74.03140578 15.10073327 110.36</gx:coord>
          <gx:coord>74.03145761 15.10081391 111.16</gx:coord>
          <gx:coord>74.03150996 15.10089516 111.43</gx:coord>
          <gx:coord>74.03155824 15.10097854 112.15</gx:coord>
          <gx:coord>74.0316102 15.10106186 112.87</gx:coord>
          <gx:coord>74.03166072 15.10114509 113.31</gx:coord>
          <gx:coord>74.03170916 15.10122704 113.6</gx:coord>
          <gx:coord>74.03175643 15.10130797 114.05</gx:coord>
          <gx:coord>74.0318037 15.10138678 114.57</gx:coord>
          <gx:coord>74.03188999 15.10154755 115.49</gx:coord>
          <gx:coord>74.03192428 15.10163559 115.9</gx:coord>
          <gx:coord>74.03195814 15.10172635 116.35</gx:coord>
          <gx:coord>74.03197733 15.10182206 116.68</gx:coord>
          <gx:coord>74.03198451 15.10192119 117.06</gx:coord>
          <gx:coord>74.03198215 15.10201993 117.54</gx:coord>
          <gx:coord>74.03197089 15.10211699 118.12</gx:coord>
          <gx:coord>74.03195643 15.1022127 118.5</gx:coord>
          <gx:coord>74.03194236 15.10230924 118.83</gx:coord>
          <gx:coord>74.03193028 15.10241096 118.98</gx:coord>
          <gx:coord>74.03191973 15.10251865 118.67</gx:coord>
          <gx:coord>74.03190888 15.10263352 118.38</gx:coord>
          <gx:coord>74.03189568 15.10275613 118.08</gx:coord>
          <gx:coord>74.03187983 15.10288397 117.26</gx:coord>
          <gx:coord>74.03186431 15.10301581 116.6</gx:coord>
          <gx:coord>74.03184929 15.10315507 115.88</gx:coord>
          <gx:coord>74.0318292 15.10329995 115.15</gx:coord>
          <gx:coord>74.03180853 15.10344596 115.01</gx:coord>
          <gx:coord>74.03179556 15.10360208 113.49</gx:coord>
          <gx:coord>74.03177647 15.10375639 112.28</gx:coord>
          <gx:coord>74.03176027 15.10391475 111.58</gx:coord>
          <gx:coord>74.03174148 15.10407221 110.61</gx:coord>
          <gx:coord>74.03172123 15.10423153 109.63</gx:coord>
          <gx:coord>74.03170087 15.10438964 108.85</gx:coord>
          <gx:coord>74.03168459 15.10455104 108.03</gx:coord>
          <gx:coord>74.03166675 15.10470766 107.43</gx:coord>
          <gx:coord>74.03164976 15.10486296 106.86</gx:coord>
          <gx:coord>74.03162895 15.10501221 106.24</gx:coord>
          <gx:coord>74.0316141 15.10515256 105.78</gx:coord>
          <gx:coord>74.03159607 15.1052891 105.12</gx:coord>
          <gx:coord>74.03156855 15.10542851 104.97</gx:coord>
          <gx:coord>74.03153183 15.10557336 104.68</gx:coord>
          <gx:coord>74.03148472 15.1057163 105.12</gx:coord>
          <gx:coord>74.03142638 15.10585836 105.46</gx:coord>
          <gx:coord>74.03136151 15.10599842 105.8</gx:coord>
          <gx:coord>74.03129579 15.10613894 106.37</gx:coord>
          <gx:coord>74.03123033 15.10627841 106.94</gx:coord>
          <gx:coord>74.03116469 15.10641332 107.22</gx:coord>
          <gx:coord>74.03110607 15.1065334 107.66</gx:coord>
          <gx:coord>74.03105388 15.10664866 107.93</gx:coord>
          <gx:coord>74.03100819 15.10675021 107.98</gx:coord>
          <gx:coord>74.03096631 15.10684932 108.35</gx:coord>
          <gx:coord>74.03092125 15.10694826 108.44</gx:coord>
          <gx:coord>74.03087555 15.10705117 108.47</gx:coord>
          <gx:coord>74.03082968 15.1071569 108.47</gx:coord>
          <gx:coord>74.03078317 15.1072655 108.41</gx:coord>
          <gx:coord>74.03074448 15.10737683 108.37</gx:coord>
          <gx:coord>74.03071774 15.10748473 108.45</gx:coord>
          <gx:coord>74.03070733 15.10758807 108.39</gx:coord>
          <gx:coord>74.03071134 15.10768969 108.18</gx:coord>
          <gx:coord>74.03072962 15.10779203 108.23</gx:coord>
          <gx:coord>74.03076249 15.10789003 108.23</gx:coord>
          <gx:coord>74.03081195 15.10798281 108.37</gx:coord>
          <gx:coord>74.03086963 15.10806309 108.28</gx:coord>
          <gx:coord>74.03093226 15.10813366 108.26</gx:coord>
          <gx:coord>74.031009 15.10820491 108.2</gx:coord>
          <gx:coord>74.03109001 15.10828417 108.01</gx:coord>
          <gx:coord>74.03117538 15.10836833 107.82</gx:coord>
          <gx:coord>74.03126825 15.10845664 107.37</gx:coord>
          <gx:coord>74.03137007 15.10854657 106.91</gx:coord>
          <gx:coord>74.03147634 15.10864137 106.34</gx:coord>
          <gx:coord>74.0315887 15.10873914 105.69</gx:coord>
          <gx:coord>74.03170366 15.10884416 104.94</gx:coord>
          <gx:coord>74.03182188 15.10895648 104.23</gx:coord>
          <gx:coord>74.03194306 15.10907495 103.66</gx:coord>
          <gx:coord>74.03206835 15.10919614 103.18</gx:coord>
          <gx:coord>74.03219621 15.10931936 102.59</gx:coord>
          <gx:coord>74.03232634 15.10944336 102.04</gx:coord>
          <gx:coord>74.03245922 15.10956885 101.49</gx:coord>
          <gx:coord>74.03259028 15.10969402 100.83</gx:coord>
          <gx:coord>74.03271919 15.10982299 100.45</gx:coord>
          <gx:coord>74.03284379 15.10994347 99.94</gx:coord>
          <gx:coord>74.03296345 15.11005589 99.66</gx:coord>
          <gx:coord>74.03307394 15.11016469 99.33</gx:coord>
          <gx:coord>74.03317484 15.11026872 99.25</gx:coord>
          <gx:coord>74.03327024 15.11037086 99.47</gx:coord>
          <gx:coord>74.03336551 15.11046424 99.56</gx:coord>
          <gx:coord>74.0334575 15.1105574 99.31</gx:coord>
          <gx:coord>74.03354754 15.11064847 98.99</gx:coord>
          <gx:coord>74.03365101 15.1107342 97.45</gx:coord>
          <gx:coord>74.03375839 15.1108096 96.75</gx:coord>
          <gx:coord>74.03387347 15.1108787 96.07</gx:coord>
          <gx:coord>74.03400187 15.11092817 95.29</gx:coord>
          <gx:coord>74.03413641 15.11095923 94.35</gx:coord>
          <gx:coord>74.03427277 15.11096402 93.5</gx:coord>
          <gx:coord>74.03441802 15.1109653 92.72</gx:coord>
          <gx:coord>74.03456007 15.11096371 91.85</gx:coord>
          <gx:coord>74.03468876 15.1109703 91</gx:coord>
          <gx:coord>74.03481562 15.11098903 90.18</gx:coord>
          <gx:coord>74.0349375 15.11103142 89.37</gx:coord>
          <gx:coord>74.03505567 15.11108668 89.76</gx:coord>
          <gx:coord>74.0351626 15.11116372 89.36</gx:coord>
          <gx:coord>74.03526465 15.11125782 88.94</gx:coord>
          <gx:coord>74.03536175 15.1113621 88.77</gx:coord>
          <gx:coord>74.03545632 15.11147541 88.92</gx:coord>
          <gx:coord>74.03555371 15.11158681 88.37</gx:coord>
          <gx:coord>74.03564399 15.11170296 87.74</gx:coord>
          <gx:coord>74.0357339 15.11181927 87.16</gx:coord>
          <gx:coord>74.03582046 15.11193449 86.93</gx:coord>
          <gx:coord>74.03590161 15.11204276 86.85</gx:coord>
          <gx:coord>74.03597904 15.11213753 86.79</gx:coord>
          <gx:coord>74.03604754 15.11222772 86.72</gx:coord>
          <gx:coord>74.03611133 15.11231998 86.58</gx:coord>
          <gx:coord>74.03616861 15.11241309 86.26</gx:coord>
          <gx:coord>74.03621401 15.11250325 86</gx:coord>
          <gx:coord>74.03624682 15.11259846 85.62</gx:coord>
          <gx:coord>74.03625126 15.11269927 85.31</gx:coord>
          <gx:coord>74.03622708 15.11279863 85.16</gx:coord>
          <gx:coord>74.03617904 15.11288957 85.51</gx:coord>
          <gx:coord>74.03611058 15.11296743 85.49</gx:coord>
          <gx:coord>74.03603182 15.11303878 85.04</gx:coord>
          <gx:coord>74.03593188 15.11309752 84.41</gx:coord>
          <gx:coord>74.03581646 15.11313516 84.14</gx:coord>
          <gx:coord>74.03569182 15.113155 83.68</gx:coord>
          <gx:coord>74.03555804 15.11315337 83.33</gx:coord>
          <gx:coord>74.03543706 15.11314583 82.71</gx:coord>
          <gx:coord>74.0353288 15.11314697 81.86</gx:coord>
          <gx:coord>74.03516842 15.11322086 80.68</gx:coord>
          <gx:coord>74.03507939 15.11336766 80.59</gx:coord>
          <gx:coord>74.0350644 15.11346816 80.09</gx:coord>
          <gx:coord>74.03505805 15.11357472 79.52</gx:coord>
          <gx:coord>74.03505422 15.11369643 79.11</gx:coord>
          <gx:coord>74.03504774 15.11382191 78.38</gx:coord>
          <gx:coord>74.03503819 15.1139573 77.52</gx:coord>
          <gx:coord>74.03502731 15.11409989 76.57</gx:coord>
          <gx:coord>74.03501709 15.1142499 75.9</gx:coord>
          <gx:coord>74.03500906 15.11440618 75.25</gx:coord>
          <gx:coord>74.03499965 15.11456423 74.3</gx:coord>
          <gx:coord>74.03499122 15.1147248 73.13</gx:coord>
          <gx:coord>74.03498432 15.11488715 72.24</gx:coord>
          <gx:coord>74.03497334 15.11504753 71.65</gx:coord>
          <gx:coord>74.0349676 15.11519988 70.39</gx:coord>
          <gx:coord>74.0349617 15.11534453 69.58</gx:coord>
          <gx:coord>74.03495491 15.11548943 69.01</gx:coord>
          <gx:coord>74.03493908 15.11563535 68.17</gx:coord>
          <gx:coord>74.03491855 15.11578384 67.35</gx:coord>
          <gx:coord>74.03489441 15.11593461 66.4</gx:coord>
          <gx:coord>74.03486828 15.11608801 65.59</gx:coord>
          <gx:coord>74.03484054 15.1162374 64.98</gx:coord>
          <gx:coord>74.03480579 15.11637248 64.95</gx:coord>
          <gx:coord>74.03477154 15.11649153 64.39</gx:coord>
          <gx:coord>74.03473064 15.11660749 63.92</gx:coord>
          <gx:coord>74.03468212 15.11672426 63.57</gx:coord>
          <gx:coord>74.03462159 15.11683568 63.24</gx:coord>
          <gx:coord>74.03455449 15.11693417 62.56</gx:coord>
          <gx:coord>74.03449056 15.11700827 62.34</gx:coord>
          <gx:coord>74.03440859 15.11708989 61.99</gx:coord>
          <gx:coord>74.03432723 15.11720725 61.35</gx:coord>
          <gx:coord>74.03428629 15.11729092 60.96</gx:coord>
          <gx:coord>74.03424559 15.11738617 60.22</gx:coord>
          <gx:coord>74.0342129 15.11748504 59.89</gx:coord>
          <gx:coord>74.03418987 15.11758072 59.4</gx:coord>
          <gx:coord>74.03417437 15.11767796 59.32</gx:coord>
          <gx:coord>74.03415668 15.11778054 58.85</gx:coord>
          <gx:coord>74.03413509 15.1178903 58.22</gx:coord>
          <gx:coord>74.03411116 15.11800547 57.66</gx:coord>
          <gx:coord>74.03408362 15.11812727 56.81</gx:coord>
          <gx:coord>74.03405117 15.11824803 56.12</gx:coord>
          <gx:coord>74.03401789 15.11836204 55.69</gx:coord>
          <gx:coord>74.03398745 15.11847138 55.18</gx:coord>
          <gx:coord>74.03395431 15.11858263 54.88</gx:coord>
          <gx:coord>74.0339182 15.11869155 54.88</gx:coord>
          <gx:coord>74.03388092 15.1188023 54.68</gx:coord>
          <gx:coord>74.03384147 15.11891957 54.53</gx:coord>
          <gx:coord>74.03380486 15.11904354 54.59</gx:coord>
          <gx:coord>74.03376448 15.11917045 54.81</gx:coord>
          <gx:coord>74.0337311 15.11929586 55.26</gx:coord>
          <gx:coord>74.03371534 15.11941729 55.69</gx:coord>
          <gx:coord>74.03372276 15.11953637 55.95</gx:coord>
          <gx:coord>74.03375485 15.11965068 56.32</gx:coord>
          <gx:coord>74.03380697 15.11975598 56.64</gx:coord>
          <gx:coord>74.03386915 15.11985579 57</gx:coord>
          <gx:coord>74.03393826 15.11995307 57.34</gx:coord>
          <gx:coord>74.03400259 15.12005212 57.4</gx:coord>
          <gx:coord>74.03405708 15.12015277 57.56</gx:coord>
          <gx:coord>74.03410782 15.12025638 57.34</gx:coord>
          <gx:coord>74.0341548 15.12037366 56.71</gx:coord>
          <gx:coord>74.03419646 15.12050127 55.58</gx:coord>
          <gx:coord>74.03423112 15.12063205 55.08</gx:coord>
          <gx:coord>74.0342572 15.12076425 54.8</gx:coord>
          <gx:coord>74.03428148 15.12089427 54.55</gx:coord>
          <gx:coord>74.03430879 15.12102069 54.04</gx:coord>
          <gx:coord>74.03434052 15.12114897 53.53</gx:coord>
          <gx:coord>74.03437891 15.12127611 52.59</gx:coord>
          <gx:coord>74.03442703 15.12140162 51.85</gx:coord>
          <gx:coord>74.03448968 15.12151973 51.25</gx:coord>
          <gx:coord>74.03456475 15.12163033 51.04</gx:coord>
          <gx:coord>74.03464095 15.12173147 51.11</gx:coord>
          <gx:coord>74.03469805 15.12183571 50.88</gx:coord>
          <gx:coord>74.03473957 15.12195946 51.1</gx:coord>
          <gx:coord>74.03475484 15.12209271 51.22</gx:coord>
          <gx:coord>74.03474004 15.12222943 51.73</gx:coord>
          <gx:coord>74.03471637 15.12236603 51.37</gx:coord>
          <gx:coord>74.03469381 15.12250607 51.28</gx:coord>
          <gx:coord>74.03467563 15.12265297 51.08</gx:coord>
          <gx:coord>74.03465757 15.12280757 50.69</gx:coord>
          <gx:coord>74.03463851 15.12296302 50.1</gx:coord>
          <gx:coord>74.03462474 15.1231044 49.6</gx:coord>
          <gx:coord>74.03461066 15.123236 49.67</gx:coord>
          <gx:coord>74.03459565 15.12335991 49.63</gx:coord>
          <gx:coord>74.03457674 15.12348168 49.12</gx:coord>
          <gx:coord>74.03454383 15.12359788 49.11</gx:coord>
          <gx:coord>74.0344859 15.12370273 49.77</gx:coord>
          <gx:coord>74.03439715 15.12379377 50.55</gx:coord>
          <gx:coord>74.03429276 15.12386016 51.11</gx:coord>
          <gx:coord>74.03418275 15.12392144 51.86</gx:coord>
          <gx:coord>74.03407647 15.12399054 52.15</gx:coord>
          <gx:coord>74.03399185 15.12407189 52.3</gx:coord>
          <gx:coord>74.03392748 15.12417239 52.38</gx:coord>
          <gx:coord>74.03389158 15.12428536 52.79</gx:coord>
          <gx:coord>74.03387895 15.12440577 52.96</gx:coord>
          <gx:coord>74.03389618 15.12452946 53.49</gx:coord>
          <gx:coord>74.03392645 15.12464766 53.83</gx:coord>
          <gx:coord>74.03396454 15.12476753 54.3</gx:coord>
          <gx:coord>74.03400082 15.12488798 54.49</gx:coord>
          <gx:coord>74.03403811 15.12501157 54.83</gx:coord>
          <gx:coord>74.03407836 15.12513877 54.92</gx:coord>
          <gx:coord>74.03411696 15.12526885 55.15</gx:coord>
          <gx:coord>74.0341516 15.12540461 55.29</gx:coord>
          <gx:coord>74.03417341 15.12554238 55.61</gx:coord>
          <gx:coord>74.03418187 15.12568403 55.89</gx:coord>
          <gx:coord>74.03417029 15.12582812 55.93</gx:coord>
          <gx:coord>74.03414247 15.12597568 55.63</gx:coord>
          <gx:coord>74.03411163 15.1261254 55.12</gx:coord>
          <gx:coord>74.03409464 15.12627686 54.3</gx:coord>
          <gx:coord>74.03407965 15.1264309 53.65</gx:coord>
          <gx:coord>74.03406203 15.12658945 52.9</gx:coord>
          <gx:coord>74.03404527 15.12674661 52.2</gx:coord>
          <gx:coord>74.03403014 15.12690323 51.47</gx:coord>
          <gx:coord>74.03401671 15.12705917 50.35</gx:coord>
          <gx:coord>74.03400013 15.12721773 49.34</gx:coord>
          <gx:coord>74.03398504 15.1273759 48.77</gx:coord>
          <gx:coord>74.03396947 15.12753166 48.45</gx:coord>
          <gx:coord>74.03395313 15.12768556 48.26</gx:coord>
          <gx:coord>74.0339358 15.12783717 48.28</gx:coord>
          <gx:coord>74.03391738 15.12798559 48.21</gx:coord>
          <gx:coord>74.0338922 15.12814083 48.16</gx:coord>
          <gx:coord>74.03385341 15.12829554 48.83</gx:coord>
          <gx:coord>74.03380511 15.12844739 49.58</gx:coord>
          <gx:coord>74.03373755 15.12858091 49.51</gx:coord>
          <gx:coord>74.03366224 15.12870231 50.37</gx:coord>
          <gx:coord>74.03359601 15.1288246 50.84</gx:coord>
          <gx:coord>74.0335266 15.12893751 51.43</gx:coord>
          <gx:coord>74.03346342 15.12904586 51.68</gx:coord>
          <gx:coord>74.03340262 15.12915398 51.81</gx:coord>
          <gx:coord>74.03334323 15.12925904 51.68</gx:coord>
          <gx:coord>74.03328367 15.12936251 52.09</gx:coord>
          <gx:coord>74.03323203 15.12946139 52.17</gx:coord>
          <gx:coord>74.03318357 15.12954986 52.38</gx:coord>
          <gx:coord>74.0331354 15.12964073 52.52</gx:coord>
          <gx:coord>74.03308317 15.12972792 52.26</gx:coord>
          <gx:coord>74.03302952 15.12981385 52.17</gx:coord>
          <gx:coord>74.03297585 15.12989901 52.19</gx:coord>
          <gx:coord>74.0329239 15.12998731 52.05</gx:coord>
          <gx:coord>74.03287362 15.13008266 51.91</gx:coord>
          <gx:coord>74.0328232 15.13018563 51.71</gx:coord>
          <gx:coord>74.03276601 15.13029301 51.48</gx:coord>
          <gx:coord>74.03270226 15.13039974 51.6</gx:coord>
          <gx:coord>74.03263933 15.13051123 51.94</gx:coord>
          <gx:coord>74.03257025 15.13062359 51.94</gx:coord>
          <gx:coord>74.03250146 15.13074217 52.34</gx:coord>
          <gx:coord>74.03242744 15.13085745 52.28</gx:coord>
          <gx:coord>74.03235183 15.13097633 52.45</gx:coord>
          <gx:coord>74.03227407 15.13109584 52.31</gx:coord>
          <gx:coord>74.03219949 15.13122528 51.27</gx:coord>
          <gx:coord>74.03211866 15.13135595 51.37</gx:coord>
          <gx:coord>74.03203179 15.13149073 51.03</gx:coord>
          <gx:coord>74.03184278 15.13177968 48.69</gx:coord>
          <gx:coord>74.03173468 15.13192815 47.64</gx:coord>
          <gx:coord>74.03163221 15.13208739 47.85</gx:coord>
          <gx:coord>74.03151618 15.13224005 47.69</gx:coord>
          <gx:coord>74.03141255 15.13240412 46.92</gx:coord>
          <gx:coord>74.03131764 15.13256934 46.28</gx:coord>
          <gx:coord>74.03122308 15.13273624 46.38</gx:coord>
          <gx:coord>74.03112592 15.13289745 47.37</gx:coord>
          <gx:coord>74.0310339 15.13305697 47.99</gx:coord>
          <gx:coord>74.03094339 15.13321632 47.9</gx:coord>
          <gx:coord>74.03085908 15.13337946 47.82</gx:coord>
          <gx:coord>74.03078442 15.13355002 47.63</gx:coord>
          <gx:coord>74.03070982 15.13371913 47.81</gx:coord>
          <gx:coord>74.03064081 15.13388932 48.87</gx:coord>
          <gx:coord>74.03057582 15.13405949 49.2</gx:coord>
          <gx:coord>74.0305097 15.13423131 49.72</gx:coord>
          <gx:coord>74.03044895 15.13440321 50.17</gx:coord>
          <gx:coord>74.03038626 15.13457016 50.87</gx:coord>
          <gx:coord>74.03032473 15.13474285 51.76</gx:coord>
          <gx:coord>74.03027247 15.13491477 51.5</gx:coord>
          <gx:coord>74.03021419 15.1350855 51.54</gx:coord>
          <gx:coord>74.03015015 15.13525611 52.32</gx:coord>
          <gx:coord>74.0300918 15.13541947 52.02</gx:coord>
          <gx:coord>74.03003728 15.13558533 52.8</gx:coord>
          <gx:coord>74.02997902 15.13574364 52.94</gx:coord>
          <gx:coord>74.02992172 15.13589314 53.69</gx:coord>
          <gx:coord>74.02986496 15.13603335 54.44</gx:coord>
          <gx:coord>74.02981582 15.1361655 55.1</gx:coord>
          <gx:coord>74.02976888 15.13628311 54.78</gx:coord>
          <gx:coord>74.02972506 15.13640463 55.26</gx:coord>
          <gx:coord>74.02968232 15.13651976 55.54</gx:coord>
          <gx:coord>74.0296409 15.13663193 55.63</gx:coord>
          <gx:coord>74.02959191 15.13674305 56.45</gx:coord>
          <gx:coord>74.02952583 15.13684715 57.25</gx:coord>
          <gx:coord>74.02945133 15.13694103 58.5</gx:coord>
          <gx:coord>74.02937533 15.13703307 59.7</gx:coord>
          <gx:coord>74.02931136 15.13712573 60.61</gx:coord>
          <gx:coord>74.02925525 15.13721637 60.93</gx:coord>
          <gx:coord>74.02920289 15.13731256 61.55</gx:coord>
          <gx:coord>74.02915933 15.13741482 61.11</gx:coord>
          <gx:coord>74.02912196 15.13752684 60.62</gx:coord>
          <gx:coord>74.02908398 15.13765199 60.14</gx:coord>
          <gx:coord>74.02903686 15.13778224 59.86</gx:coord>
          <gx:coord>74.02896413 15.13790635 59.57</gx:coord>
          <gx:coord>74.02887597 15.13801492 59.2</gx:coord>
          <gx:coord>74.02878712 15.13812021 59.06</gx:coord>
          <gx:coord>74.02869206 15.1382284 58.34</gx:coord>
          <gx:coord>74.02860033 15.13833917 57.31</gx:coord>
          <gx:coord>74.0285102 15.13845411 56.6</gx:coord>
          <gx:coord>74.02841496 15.1385747 55.92</gx:coord>
          <gx:coord>74.02830927 15.13868714 55.55</gx:coord>
          <gx:coord>74.02819695 15.13879748 55.34</gx:coord>
          <gx:coord>74.02808783 15.13890995 55.54</gx:coord>
          <gx:coord>74.02798482 15.1390236 55.19</gx:coord>
          <gx:coord>74.0278916 15.13914182 54.71</gx:coord>
          <gx:coord>74.02781426 15.13926939 53.62</gx:coord>
          <gx:coord>74.02775811 15.13940386 52.75</gx:coord>
          <gx:coord>74.02772118 15.13954757 52.16</gx:coord>
          <gx:coord>74.02770717 15.13969876 51.51</gx:coord>
          <gx:coord>74.02771469 15.139852 50.49</gx:coord>
          <gx:coord>74.02772438 15.14000235 49.34</gx:coord>
          <gx:coord>74.02773454 15.14014541 48.69</gx:coord>
          <gx:coord>74.02774241 15.14028082 47.82</gx:coord>
          <gx:coord>74.0277462 15.14041359 46.9</gx:coord>
          <gx:coord>74.02774153 15.14053686 46.14</gx:coord>
          <gx:coord>74.02772069 15.14065048 45.26</gx:coord>
          <gx:coord>74.02767666 15.14076298 44.71</gx:coord>
          <gx:coord>74.02760889 15.1408688 43.89</gx:coord>
          <gx:coord>74.02752299 15.14096663 43.17</gx:coord>
          <gx:coord>74.02742353 15.14105436 42.47</gx:coord>
          <gx:coord>74.02732041 15.14113701 41.88</gx:coord>
          <gx:coord>74.02720827 15.14121014 41.2</gx:coord>
          <gx:coord>74.02709396 15.14127287 40.62</gx:coord>
          <gx:coord>74.02697755 15.14132597 40.24</gx:coord>
          <gx:coord>74.02687274 15.14136854 39.82</gx:coord>
          <gx:coord>74.02677633 15.1414085 39.16</gx:coord>
          <gx:coord>74.02667937 15.14145405 38.58</gx:coord>
          <gx:coord>74.0265843 15.1415156 37.83</gx:coord>
          <gx:coord>74.0265014 15.14159319 37.36</gx:coord>
          <gx:coord>74.02643229 15.14168391 37.04</gx:coord>
          <gx:coord>74.02637224 15.14179071 37.11</gx:coord>
          <gx:coord>74.02631743 15.14190306 36.98</gx:coord>
          <gx:coord>74.02626177 15.14202022 37</gx:coord>
          <gx:coord>74.02620176 15.14214004 37.03</gx:coord>
          <gx:coord>74.02613825 15.14226203 37.25</gx:coord>
          <gx:coord>74.02607372 15.1423878 37.22</gx:coord>
          <gx:coord>74.02601348 15.1425189 36.91</gx:coord>
          <gx:coord>74.02595557 15.14265441 36.48</gx:coord>
          <gx:coord>74.0258928 15.1427903 36.21</gx:coord>
          <gx:coord>74.02583215 15.1429285 35.79</gx:coord>
          <gx:coord>74.02576892 15.14306579 35.26</gx:coord>
          <gx:coord>74.02570546 15.14320198 34.9</gx:coord>
          <gx:coord>74.02564399 15.14333578 34.56</gx:coord>
          <gx:coord>74.02558662 15.14346844 34.73</gx:coord>
          <gx:coord>74.02553012 15.14359894 34.79</gx:coord>
          <gx:coord>74.02547424 15.14372857 34.73</gx:coord>
          <gx:coord>74.02541229 15.14385498 34.38</gx:coord>
          <gx:coord>74.02533694 15.14397766 34.07</gx:coord>
          <gx:coord>74.02525096 15.14409711 33.68</gx:coord>
          <gx:coord>74.02515257 15.1442156 33.38</gx:coord>
          <gx:coord>74.02504369 15.14432182 30.94</gx:coord>
          <gx:coord>74.02492901 15.14442613 31.37</gx:coord>
          <gx:coord>74.0248164 15.14454061 31.47</gx:coord>
          <gx:coord>74.02470684 15.14464313 31.83</gx:coord>
          <gx:coord>74.02459745 15.14474211 32.37</gx:coord>
          <gx:coord>74.02448999 15.14483768 33</gx:coord>
          <gx:coord>74.02438773 15.1449323 33.43</gx:coord>
          <gx:coord>74.0242809 15.14502402 33.24</gx:coord>
          <gx:coord>74.02417415 15.14511324 33.56</gx:coord>
          <gx:coord>74.02407158 15.14519736 34.01</gx:coord>
          <gx:coord>74.0239733 15.14528167 34.2</gx:coord>
          <gx:coord>74.02387241 15.14536777 34.61</gx:coord>
          <gx:coord>74.02377042 15.14545154 34.86</gx:coord>
          <gx:coord>74.02367335 15.14553507 34.8</gx:coord>
          <gx:coord>74.02358151 15.14561811 34.73</gx:coord>
          <gx:coord>74.02349652 15.14570127 34.39</gx:coord>
          <gx:coord>74.02340923 15.14578596 34.4</gx:coord>
          <gx:coord>74.02331474 15.14587401 34.12</gx:coord>
          <gx:coord>74.02321544 15.14596021 33.94</gx:coord>
          <gx:coord>74.02311047 15.14604789 33.84</gx:coord>
          <gx:coord>74.02300323 15.14614055 33.72</gx:coord>
          <gx:coord>74.02289435 15.14623743 33.6</gx:coord>
          <gx:coord>74.02278164 15.14633742 33.37</gx:coord>
          <gx:coord>74.02266634 15.14643628 33.02</gx:coord>
          <gx:coord>74.02255263 15.14653374 32.98</gx:coord>
          <gx:coord>74.02244156 15.14662642 32.9</gx:coord>
          <gx:coord>74.02233819 15.14672136 32.97</gx:coord>
          <gx:coord>74.02224058 15.14681144 33.11</gx:coord>
          <gx:coord>74.02214552 15.14689814 33.26</gx:coord>
          <gx:coord>74.02204867 15.14697578 33.67</gx:coord>
          <gx:coord>74.02195426 15.14705025 34.07</gx:coord>
          <gx:coord>74.02185482 15.14711972 34.42</gx:coord>
          <gx:coord>74.02174979 15.14718241 35.08</gx:coord>
          <gx:coord>74.02164625 15.14723501 35.41</gx:coord>
          <gx:coord>74.02154472 15.14728074 35.79</gx:coord>
          <gx:coord>74.0214458 15.14731813 36.2</gx:coord>
          <gx:coord>74.02129582 15.14737724 35.81</gx:coord>
          <gx:coord>74.02120666 15.14741216 35.77</gx:coord>
          <gx:coord>74.02110405 15.1474509 35.72</gx:coord>
          <gx:coord>74.02097761 15.14749586 35.48</gx:coord>
          <gx:coord>74.02081162 15.14755893 35.15</gx:coord>
          <gx:coord>74.02071767 15.14760173 34.72</gx:coord>
          <gx:coord>74.02062192 15.14765405 34.92</gx:coord>
          <gx:coord>74.02052775 15.14772091 34.77</gx:coord>
          <gx:coord>74.02044327 15.14780626 34.39</gx:coord>
          <gx:coord>74.02036559 15.14790251 33.8</gx:coord>
          <gx:coord>74.02029843 15.14799918 33.4</gx:coord>
          <gx:coord>74.02023771 15.14809845 33.29</gx:coord>
          <gx:coord>74.02017808 15.14820253 33.28</gx:coord>
          <gx:coord>74.02011863 15.14831619 33.07</gx:coord>
          <gx:coord>74.02005591 15.14843361 33.15</gx:coord>
          <gx:coord>74.01999901 15.14855607 33.02</gx:coord>
          <gx:coord>74.0199357 15.14867806 32.74</gx:coord>
          <gx:coord>74.01986907 15.14879368 32.75</gx:coord>
          <gx:coord>74.01980148 15.14890508 32.76</gx:coord>
          <gx:coord>74.01973766 15.14901415 32.93</gx:coord>
          <gx:coord>74.01967707 15.14912087 33.15</gx:coord>
          <gx:coord>74.01961881 15.14922844 33.29</gx:coord>
          <gx:coord>74.01955987 15.14933802 33.58</gx:coord>
          <gx:coord>74.01950195 15.14944471 33.94</gx:coord>
          <gx:coord>74.01945811 15.14955189 34.19</gx:coord>
          <gx:coord>74.01941349 15.14966443 34.21</gx:coord>
          <gx:coord>74.0193715 15.14977194 34.44</gx:coord>
          <gx:coord>74.01933435 15.14988793 34.43</gx:coord>
          <gx:coord>74.01929917 15.15000315 34.29</gx:coord>
          <gx:coord>74.01926546 15.15011745 34.04</gx:coord>
          <gx:coord>74.01923364 15.15022817 33.88</gx:coord>
          <gx:coord>74.0192112 15.15032857 33.47</gx:coord>
          <gx:coord>74.0191658 15.15049459 33.87</gx:coord>
          <gx:coord>74.01912471 15.15064291 34.27</gx:coord>
          <gx:coord>74.0190802 15.15078917 34.7</gx:coord>
          <gx:coord>74.0190371 15.15093908 35.2</gx:coord>
          <gx:coord>74.01897775 15.15110944 35.41</gx:coord>
          <gx:coord>74.01894534 15.15120198 35.43</gx:coord>
          <gx:coord>74.01891292 15.15130032 35.39</gx:coord>
          <gx:coord>74.01887425 15.1514031 35.25</gx:coord>
          <gx:coord>74.01883458 15.1515093 35.15</gx:coord>
          <gx:coord>74.01879044 15.15161886 34.78</gx:coord>
          <gx:coord>74.01874556 15.15172842 34.24</gx:coord>
          <gx:coord>74.01869481 15.15183727 33.69</gx:coord>
          <gx:coord>74.01864103 15.15194263 33.06</gx:coord>
          <gx:coord>74.01857156 15.15203857 32.68</gx:coord>
          <gx:coord>74.01849409 15.15212195 32.53</gx:coord>
          <gx:coord>74.01840946 15.15220152 32.45</gx:coord>
          <gx:coord>74.01832605 15.15227494 32.75</gx:coord>
          <gx:coord>74.0182394 15.15234677 32.62</gx:coord>
          <gx:coord>74.01815566 15.15241179 32.34</gx:coord>
          <gx:coord>74.01808279 15.15246896 32.49</gx:coord>
          <gx:coord>74.0179357 15.15257642 32.29</gx:coord>
          <gx:coord>74.01784945 15.15263808 31.95</gx:coord>
          <gx:coord>74.01775772 15.15271275 31.53</gx:coord>
          <gx:coord>74.01766093 15.15278873 31.02</gx:coord>
          <gx:coord>74.01755717 15.152867 30.24</gx:coord>
          <gx:coord>74.01745159 15.15294786 29.06</gx:coord>
          <gx:coord>74.01734857 15.15302436 28.08</gx:coord>
          <gx:coord>74.01724691 15.15310031 27.19</gx:coord>
          <gx:coord>74.01714893 15.15317079 26.57</gx:coord>
          <gx:coord>74.01704859 15.15324038 25.8</gx:coord>
          <gx:coord>74.01694631 15.15331206 25.29</gx:coord>
          <gx:coord>74.01684358 15.15338124 25.26</gx:coord>
          <gx:coord>74.0167381 15.1534595 24.91</gx:coord>
          <gx:coord>74.0166475 15.15354533 20.82</gx:coord>
          <gx:coord>74.01653096 15.1536348 21.38</gx:coord>
          <gx:coord>74.0164186 15.15371525 22.22</gx:coord>
          <gx:coord>74.01630721 15.15379141 23.04</gx:coord>
          <gx:coord>74.0161896 15.1538684 23.7</gx:coord>
          <gx:coord>74.01608642 15.15394082 24.18</gx:coord>
          <gx:coord>74.0159988 15.15400616 24.11</gx:coord>
          <gx:coord>74.01591965 15.15406663 24.57</gx:coord>
          <gx:coord>74.01584255 15.15412598 24.81</gx:coord>
          <gx:coord>74.01576619 15.15418429 24.92</gx:coord>
          <gx:coord>74.01569147 15.15424416 25.16</gx:coord>
          <gx:coord>74.01561793 15.15430681 25.3</gx:coord>
          <gx:coord>74.01548076 15.15442543 25.29</gx:coord>
          <gx:coord>74.01538816 15.15456767 25.5</gx:coord>
          <gx:coord>74.01532427 15.15471955 25.65</gx:coord>
          <gx:coord>74.01528219 15.1548437 25.3</gx:coord>
          <gx:coord>74.0152517 15.1549398 24.16</gx:coord>
          <gx:coord>74.01523257 15.15504058 23.88</gx:coord>
          <gx:coord>74.01520414 15.15515137 23.89</gx:coord>
          <gx:coord>74.01517281 15.15527872 23.63</gx:coord>
          <gx:coord>74.01514353 15.15541334 23.25</gx:coord>
          <gx:coord>74.01510987 15.15554499 23.23</gx:coord>
          <gx:coord>74.01506896 15.15569812 23.36</gx:coord>
          <gx:coord>74.01502876 15.15585181 23.64</gx:coord>
          <gx:coord>74.01497048 15.15600754 24.1</gx:coord>
          <gx:coord>74.01489897 15.15613699 23.83</gx:coord>
          <gx:coord>74.01483067 15.15623324 23.28</gx:coord>
          <gx:coord>74.01476875 15.15632639 22.79</gx:coord>
          <gx:coord>74.01470362 15.15642197 22.34</gx:coord>
          <gx:coord>74.01463492 15.15652191 21.73</gx:coord>
          <gx:coord>74.01456526 15.15662294 21.27</gx:coord>
          <gx:coord>74.01451295 15.15670005 21.11</gx:coord>
          <gx:coord>74.01445289 15.15678557 21.11</gx:coord>
          <gx:coord>74.01439003 15.15686106 21.42</gx:coord>
          <gx:coord>74.01431571 15.15694168 21.43</gx:coord>
          <gx:coord>74.01424693 15.1570209 21.35</gx:coord>
          <gx:coord>74.01417315 15.15711212 21.79</gx:coord>
          <gx:coord>74.01407351 15.15722479 22.06</gx:coord>
          <gx:coord>74.01394889 15.15734544 22.48</gx:coord>
          <gx:coord>74.01387575 15.15740646 22.77</gx:coord>
          <gx:coord>74.01379957 15.15746724 23.16</gx:coord>
          <gx:coord>74.01371615 15.15752783 23.71</gx:coord>
          <gx:coord>74.01362859 15.15758862 24.15</gx:coord>
          <gx:coord>74.01353735 15.15765002 24.49</gx:coord>
          <gx:coord>74.01344345 15.15771461 25.06</gx:coord>
          <gx:coord>74.01334437 15.15777719 25.76</gx:coord>
          <gx:coord>74.01324104 15.15784185 26.33</gx:coord>
          <gx:coord>74.01313557 15.15790753 26.87</gx:coord>
          <gx:coord>74.01302765 15.15797296 27.23</gx:coord>
          <gx:coord>74.01291581 15.15803669 27.51</gx:coord>
          <gx:coord>74.01281027 15.15810374 27.53</gx:coord>
          <gx:coord>74.01270515 15.15817026 27.77</gx:coord>
          <gx:coord>74.01260068 15.15824052 27.88</gx:coord>
          <gx:coord>74.01249636 15.15831184 28.04</gx:coord>
          <gx:coord>74.01238948 15.15837851 28.28</gx:coord>
          <gx:coord>74.01228488 15.15844047 28.46</gx:coord>
          <gx:coord>74.01219044 15.15849537 28.7</gx:coord>
          <gx:coord>74.0121146 15.15855303 28.98</gx:coord>
          <gx:coord>74.01204355 15.15861214 29.22</gx:coord>
          <gx:coord>74.01192657 15.15874758 29.71</gx:coord>
          <gx:coord>74.01184665 15.15889952 29.94</gx:coord>
          <gx:coord>74.01178811 15.15906845 29.46</gx:coord>
          <gx:coord>74.01176567 15.15916063 29.23</gx:coord>
          <gx:coord>74.01174182 15.15925985 28.94</gx:coord>
          <gx:coord>74.01172105 15.15936989 28.81</gx:coord>
          <gx:coord>74.01170225 15.15948213 28.79</gx:coord>
          <gx:coord>74.01168305 15.15959445 28.86</gx:coord>
          <gx:coord>74.01167207 15.15971179 28.68</gx:coord>
          <gx:coord>74.01166827 15.1598316 28.59</gx:coord>
          <gx:coord>74.01167377 15.15995237 28.8</gx:coord>
          <gx:coord>74.01169974 15.1600749 28.87</gx:coord>
          <gx:coord>74.01174732 15.16019505 29.21</gx:coord>
          <gx:coord>74.01180388 15.16031295 29.38</gx:coord>
          <gx:coord>74.01185903 15.16042565 29.34</gx:coord>
          <gx:coord>74.01191858 15.16053655 28.89</gx:coord>
          <gx:coord>74.01197539 15.16064379 28.47</gx:coord>
          <gx:coord>74.01202481 15.16074318 27.98</gx:coord>
          <gx:coord>74.01206972 15.16082977 27.2</gx:coord>
          <gx:coord>74.01211006 15.1609192 26.69</gx:coord>
          <gx:coord>74.01218597 15.16106504 25.6</gx:coord>
          <gx:coord>74.01225773 15.1611927 24.59</gx:coord>
          <gx:coord>74.01232538 15.16131369 23.67</gx:coord>
          <gx:coord>74.01238468 15.16141188 23.52</gx:coord>
          <gx:coord>74.01244766 15.16151583 22.74</gx:coord>
          <gx:coord>74.0125244 15.16165108 22.19</gx:coord>
          <gx:coord>74.01259791 15.16179414 21.81</gx:coord>
          <gx:coord>74.01265921 15.16193087 21.74</gx:coord>
          <gx:coord>74.0127086 15.16206515 21.93</gx:coord>
          <gx:coord>74.01272422 15.16221632 22.33</gx:coord>
          <gx:coord>74.01267789 15.16238445 22.66</gx:coord>
          <gx:coord>74.0126345 15.16247183 22.72</gx:coord>
          <gx:coord>74.01258433 15.16255441 22.91</gx:coord>
          <gx:coord>74.01251829 15.16263881 23.31</gx:coord>
          <gx:coord>74.01243442 15.16271693 23.39</gx:coord>
          <gx:coord>74.01234743 15.16277992 23.41</gx:coord>
          <gx:coord>74.01225417 15.16284811 23.49</gx:coord>
          <gx:coord>74.01216253 15.16291899 23.15</gx:coord>
          <gx:coord>74.01206674 15.16299296 22.76</gx:coord>
          <gx:coord>74.01197232 15.16306881 22.59</gx:coord>
          <gx:coord>74.01187931 15.16314 22.36</gx:coord>
          <gx:coord>74.01179581 15.16320823 21.95</gx:coord>
          <gx:coord>74.01171576 15.16327747 21.96</gx:coord>
          <gx:coord>74.01162758 15.1633488 22.02</gx:coord>
          <gx:coord>74.01153016 15.16342009 22.08</gx:coord>
          <gx:coord>74.01142511 15.16348662 22.22</gx:coord>
          <gx:coord>74.01131203 15.16355447 22.46</gx:coord>
          <gx:coord>74.01119853 15.16362917 22.44</gx:coord>
          <gx:coord>74.01108661 15.16370793 22.21</gx:coord>
          <gx:coord>74.0109728 15.16379035 21.99</gx:coord>
          <gx:coord>74.01085805 15.16387498 22.08</gx:coord>
          <gx:coord>74.01074521 15.16395615 22.19</gx:coord>
          <gx:coord>74.01063435 15.16403527 21.93</gx:coord>
          <gx:coord>74.01053041 15.16410733 21.52</gx:coord>
          <gx:coord>74.01044106 15.16417241 21.09</gx:coord>
          <gx:coord>74.01032599 15.16425635 20.56</gx:coord>
          <gx:coord>74.01022968 15.16432371 20.19</gx:coord>
          <gx:coord>74.01011971 15.16440755 19.83</gx:coord>
          <gx:coord>74.00998926 15.16450968 19.78</gx:coord>
          <gx:coord>74.00991617 15.16456599 19.83</gx:coord>
          <gx:coord>74.00984137 15.16463035 19.75</gx:coord>
          <gx:coord>74.00977068 15.16470603 19.73</gx:coord>
          <gx:coord>74.00970975 15.16479429 19.54</gx:coord>
          <gx:coord>74.00967327 15.16489505 19.29</gx:coord>
          <gx:coord>74.00966056 15.16500834 18.99</gx:coord>
          <gx:coord>74.00967337 15.16512642 18.82</gx:coord>
          <gx:coord>74.00970753 15.16524581 18.41</gx:coord>
          <gx:coord>74.00975108 15.1653688 17.91</gx:coord>
          <gx:coord>74.00979862 15.16548442 17.32</gx:coord>
          <gx:coord>74.00984462 15.16558871 16.66</gx:coord>
          <gx:coord>74.00990121 15.1657187 16.23</gx:coord>
          <gx:coord>74.00994236 15.16581349 16.28</gx:coord>
          <gx:coord>74.00999255 15.16593856 16.41</gx:coord>
          <gx:coord>74.01005473 15.16609283 16.86</gx:coord>
          <gx:coord>74.01008695 15.16618047 17.38</gx:coord>
          <gx:coord>74.01012111 15.16627104 17.92</gx:coord>
          <gx:coord>74.01015762 15.16636612 18.34</gx:coord>
          <gx:coord>74.01019594 15.16646863 18.29</gx:coord>
          <gx:coord>74.01023028 15.16657889 18.22</gx:coord>
          <gx:coord>74.01025797 15.16669323 18.16</gx:coord>
          <gx:coord>74.01028168 15.16681798 17.95</gx:coord>
          <gx:coord>74.01029941 15.16694847 17.89</gx:coord>
          <gx:coord>74.01031438 15.16708495 18</gx:coord>
          <gx:coord>74.01032622 15.16722662 18.16</gx:coord>
          <gx:coord>74.0103349 15.16737366 17.99</gx:coord>
          <gx:coord>74.01034166 15.16752132 17.12</gx:coord>
          <gx:coord>74.01033557 15.16767116 16.44</gx:coord>
          <gx:coord>74.01032021 15.16781808 15.36</gx:coord>
          <gx:coord>74.01028736 15.16796115 14.88</gx:coord>
          <gx:coord>74.01023485 15.16809464 14.47</gx:coord>
          <gx:coord>74.0101664 15.16821674 14.56</gx:coord>
          <gx:coord>74.01008481 15.16832609 15.1</gx:coord>
          <gx:coord>74.00999336 15.16843024 15.6</gx:coord>
          <gx:coord>74.00989544 15.16853362 15.83</gx:coord>
          <gx:coord>74.00979449 15.16863618 15.9</gx:coord>
          <gx:coord>74.00968505 15.16873506 16.23</gx:coord>
          <gx:coord>74.00956989 15.16883089 16.43</gx:coord>
          <gx:coord>74.00944926 15.16892408 16.93</gx:coord>
          <gx:coord>74.0093292 15.16902037 17.26</gx:coord>
          <gx:coord>74.00920777 15.16911947 17.39</gx:coord>
          <gx:coord>74.00908239 15.16921927 17.32</gx:coord>
          <gx:coord>74.00895266 15.16932377 16.91</gx:coord>
          <gx:coord>74.00881737 15.16942689 16.75</gx:coord>
          <gx:coord>74.00868393 15.16953142 16.57</gx:coord>
          <gx:coord>74.0085504 15.16963862 16.35</gx:coord>
          <gx:coord>74.00841913 15.16975114 16.28</gx:coord>
          <gx:coord>74.00828532 15.16985995 15.99</gx:coord>
          <gx:coord>74.00814785 15.16996485 15.82</gx:coord>
          <gx:coord>74.00801696 15.17007363 15.72</gx:coord>
          <gx:coord>74.00788922 15.17018075 15.77</gx:coord>
          <gx:coord>74.00776027 15.17028679 15.74</gx:coord>
          <gx:coord>74.00763243 15.17039058 15.5</gx:coord>
          <gx:coord>74.007508 15.170497 15.39</gx:coord>
          <gx:coord>74.00738046 15.17060371 15.19</gx:coord>
          <gx:coord>74.00725375 15.17070908 15.11</gx:coord>
          <gx:coord>74.00713033 15.17081507 14.86</gx:coord>
          <gx:coord>74.00700707 15.17091528 14.71</gx:coord>
          <gx:coord>74.00688687 15.17101626 14.35</gx:coord>
          <gx:coord>74.00677819 15.17111113 14.23</gx:coord>
          <gx:coord>74.00667153 15.17120204 14.18</gx:coord>
          <gx:coord>74.00656988 15.17129149 14.32</gx:coord>
          <gx:coord>74.00648125 15.17137653 14.26</gx:coord>
          <gx:coord>74.00639899 15.1714549 13.98</gx:coord>
          <gx:coord>74.00632099 15.17152859 14</gx:coord>
          <gx:coord>74.00624423 15.1715969 14.11</gx:coord>
          <gx:coord>74.00617352 15.17166404 14.07</gx:coord>
          <gx:coord>74.0061069 15.17172815 14.19</gx:coord>
          <gx:coord>74.00603944 15.17179261 14.22</gx:coord>
          <gx:coord>74.00596786 15.17185705 14.33</gx:coord>
          <gx:coord>74.00589403 15.17192853 14.33</gx:coord>
          <gx:coord>74.00581847 15.17199928 14.42</gx:coord>
          <gx:coord>74.0057447 15.17207276 14.44</gx:coord>
          <gx:coord>74.00566861 15.17214273 14.43</gx:coord>
          <gx:coord>74.00559989 15.17220563 14.33</gx:coord>
          <gx:coord>74.00546764 15.17232435 14.12</gx:coord>
          <gx:coord>74.00534546 15.17243705 14.08</gx:coord>
          <gx:coord>74.00521405 15.17256313 14.11</gx:coord>
          <gx:coord>74.00514682 15.17262743 13.94</gx:coord>
          <gx:coord>74.00508024 15.17269128 13.72</gx:coord>
          <gx:coord>74.00501227 15.17275718 13.58</gx:coord>
          <gx:coord>74.00488328 15.17287554 13.77</gx:coord>
          <gx:coord>74.00481603 15.17293817 13.84</gx:coord>
          <gx:coord>74.00468687 15.17305917 13.98</gx:coord>
          <gx:coord>74.00457119 15.17316603 14.27</gx:coord>
          <gx:coord>74.00445546 15.17327492 14.55</gx:coord>
          <gx:coord>74.00432808 15.17339352 14.84</gx:coord>
          <gx:coord>74.00426597 15.17346151 14.93</gx:coord>
          <gx:coord>74.00420159 15.17353302 14.83</gx:coord>
          <gx:coord>74.00412401 15.17360085 14.7</gx:coord>
          <gx:coord>74.00404872 15.17366347 14.73</gx:coord>
          <gx:coord>74.00391865 15.17377962 14.55</gx:coord>
          <gx:coord>74.00381146 15.17387718 14.47</gx:coord>
          <gx:coord>74.00369079 15.17398658 14.51</gx:coord>
          <gx:coord>74.00355958 15.17411234 14.41</gx:coord>
          <gx:coord>74.00342475 15.1742365 14.72</gx:coord>
          <gx:coord>74.00335287 15.17430393 14.62</gx:coord>
          <gx:coord>74.00328328 15.17436998 14.65</gx:coord>
          <gx:coord>74.00321617 15.17443361 14.74</gx:coord>
          <gx:coord>74.00314947 15.17449848 14.96</gx:coord>
          <gx:coord>74.00307981 15.17456553 14.92</gx:coord>
          <gx:coord>74.00301203 15.17463092 14.92</gx:coord>
          <gx:coord>74.00294522 15.17469442 14.8</gx:coord>
          <gx:coord>74.00287929 15.17476035 14.79</gx:coord>
          <gx:coord>74.00280962 15.1748261 14.66</gx:coord>
          <gx:coord>74.00273435 15.17489109 14.73</gx:coord>
          <gx:coord>74.00266235 15.17496056 14.68</gx:coord>
          <gx:coord>74.00253151 15.17507979 14.66</gx:coord>
          <gx:coord>74.00240287 15.17519761 14.55</gx:coord>
          <gx:coord>74.00233662 15.17526145 14.6</gx:coord>
          <gx:coord>74.00227049 15.17532667 14.48</gx:coord>
          <gx:coord>74.00220195 15.17539036 14.44</gx:coord>
          <gx:coord>74.00213503 15.17545413 14.39</gx:coord>
          <gx:coord>74.00200336 15.17557069 14.18</gx:coord>
          <gx:coord>74.00186426 15.17566795 14.04</gx:coord>
          <gx:coord>74.00170886 15.17575028 13.49</gx:coord>
          <gx:coord>74.00153467 15.17581732 13.42</gx:coord>
          <gx:coord>74.001438 15.17585437 13.62</gx:coord>
          <gx:coord>74.00133573 15.1758948 13.7</gx:coord>
          <gx:coord>74.00122735 15.17593066 13.63</gx:coord>
          <gx:coord>74.00111954 15.17596565 13.25</gx:coord>
          <gx:coord>74.00101309 15.1759961 13.18</gx:coord>
          <gx:coord>74.00091854 15.17602903 13.1</gx:coord>
          <gx:coord>74.00083272 15.1760667 12.88</gx:coord>
          <gx:coord>74.00069411 15.17611685 12.33</gx:coord>
          <gx:coord>74.00058297 15.17614503 12.57</gx:coord>
          <gx:coord>74.00046819 15.17618811 12.78</gx:coord>
          <gx:coord>74.00035668 15.17623318 12.48</gx:coord>
          <gx:coord>74.00024602 15.17628379 12.29</gx:coord>
          <gx:coord>74.00015855 15.17634405 11.96</gx:coord>
          <gx:coord>74.00009534 15.17641652 11.83</gx:coord>
          <gx:coord>74.00003748 15.17650973 11.85</gx:coord>
          <gx:coord>73.99998712 15.17658842 11.47</gx:coord>
          <gx:coord>73.99993697 15.17667709 11.31</gx:coord>
          <gx:coord>73.9998542 15.17680531 11.47</gx:coord>
          <gx:coord>73.9997627 15.17694792 11.56</gx:coord>
          <gx:coord>73.99967391 15.17708915 11.41</gx:coord>
          <gx:coord>73.99958694 15.17723574 10.85</gx:coord>
          <gx:coord>73.99950036 15.17737653 10.42</gx:coord>
          <gx:coord>73.99941684 15.17750217 9.95</gx:coord>
          <gx:coord>73.99933505 15.17762183 9.75</gx:coord>
          <gx:coord>73.99925796 15.17773667 9</gx:coord>
          <gx:coord>73.99918858 15.17784141 8.9</gx:coord>
          <gx:coord>73.99911804 15.1779463 9.31</gx:coord>
          <gx:coord>73.99905931 15.17803326 9.39</gx:coord>
          <gx:coord>73.99900411 15.17810731 7.24</gx:coord>
          <gx:coord>73.9989486 15.17821884 7.04</gx:coord>
          <gx:coord>73.99889818 15.17829896 7.15</gx:coord>
          <gx:coord>73.99885022 15.17838934 7.07</gx:coord>
          <gx:coord>73.99878767 15.17850713 6.89</gx:coord>
          <gx:coord>73.99873912 15.17859068 7.29</gx:coord>
          <gx:coord>73.99866716 15.17869106 7.71</gx:coord>
          <gx:coord>73.99859093 15.17879005 7.66</gx:coord>
          <gx:coord>73.99851572 15.17889921 7.98</gx:coord>
          <gx:coord>73.9984456 15.17900907 7.86</gx:coord>
          <gx:coord>73.99836909 15.17912709 7.96</gx:coord>
          <gx:coord>73.9982904 15.17925162 7.33</gx:coord>
          <gx:coord>73.99822946 15.17936614 7.57</gx:coord>
          <gx:coord>73.99818208 15.17948058 8.02</gx:coord>
          <gx:coord>73.9981513 15.17957163 8.03</gx:coord>
          <gx:coord>73.99812817 15.17969309 8.21</gx:coord>
          <gx:coord>73.99811038 15.17982462 8.68</gx:coord>
          <gx:coord>73.9981026 15.17992234 8.72</gx:coord>
          <gx:coord>73.99810026 15.18002926 9.37</gx:coord>
          <gx:coord>73.99808453 15.18014704 8.87</gx:coord>
          <gx:coord>73.99807783 15.18028291 9.21</gx:coord>
          <gx:coord>73.99806968 15.18040224 8.87</gx:coord>
          <gx:coord>73.99805533 15.18053367 9.09</gx:coord>
          <gx:coord>73.99805027 15.18066591 9.11</gx:coord>
          <gx:coord>73.99803989 15.18080689 9.11</gx:coord>
          <gx:coord>73.99803015 15.18095275 9.34</gx:coord>
          <gx:coord>73.99801271 15.18111866 9.31</gx:coord>
          <gx:coord>73.99799694 15.18129171 9.36</gx:coord>
          <gx:coord>73.99799102 15.18138359 9.38</gx:coord>
          <gx:coord>73.99798115 15.18147683 8.62</gx:coord>
          <gx:coord>73.997971 15.18157002 8.56</gx:coord>
          <gx:coord>73.99796311 15.18166379 8.59</gx:coord>
          <gx:coord>73.99795483 15.18175607 8.28</gx:coord>
          <gx:coord>73.99793779 15.18193812 7.94</gx:coord>
          <gx:coord>73.99793142 15.18203566 7.93</gx:coord>
          <gx:coord>73.99791951 15.18213801 7.46</gx:coord>
          <gx:coord>73.9979063 15.18224307 6.91</gx:coord>
          <gx:coord>73.99789438 15.18234911 7</gx:coord>
          <gx:coord>73.99788412 15.18245031 6.42</gx:coord>
          <gx:coord>73.9978666 15.18260987 5.81</gx:coord>
          <gx:coord>73.99783928 15.1827092 5.83</gx:coord>
          <gx:coord>73.99772115 15.18276821 5.92</gx:coord>
          <gx:coord>73.99759611 15.18277064 5.68</gx:coord>
          <gx:coord>73.99743265 15.18277317 5.49</gx:coord>
          <gx:coord>73.99723932 15.18276857 5.52</gx:coord>
          <gx:coord>73.99713666 15.18276481 5.32</gx:coord>
          <gx:coord>73.99703432 15.18276212 5.24</gx:coord>
          <gx:coord>73.99693789 15.18275905 5.26</gx:coord>
          <gx:coord>73.99679097 15.18275272 5.02</gx:coord>
          <gx:coord>73.99670609 15.18271527 4.91</gx:coord>
          <gx:coord>73.9966506 15.18262938 4.97</gx:coord>
          <gx:coord>73.99662113 15.18252181 5.28</gx:coord>
          <gx:coord>73.99662273 15.18241556 5.33</gx:coord>
          <gx:coord>73.99663479 15.18228635 5.36</gx:coord>
          <gx:coord>73.99667731 15.18220186 5.04</gx:coord>
          <gx:coord>73.99681117 15.18215181 5.1</gx:coord>
          <gx:coord>73.9969592 15.18217411 5.33</gx:coord>
          <gx:coord>73.99712622 15.18221358 5.28</gx:coord>
          <gx:coord>73.99726755 15.18223647 5.3</gx:coord>
          <gx:coord>73.99736526 15.18223077 5.33</gx:coord>
          <gx:coord>73.99745042 15.18217067 5.48</gx:coord>
          <gx:coord>73.99754779 15.1821312 5.22</gx:coord>
          <gx:coord>73.99765123 15.18211637 5.84</gx:coord>
          <gx:coord>73.99775041 15.1821099 5.32</gx:coord>
          <gx:coord>73.99784112 15.1821318 4.76</gx:coord>
          <gx:coord>73.99788505 15.18226455 5.5</gx:coord>
          <gx:coord>73.99787118 15.18240915 5.37</gx:coord>
          <gx:coord>73.99785544 15.18258426 5.11</gx:coord>
          <gx:coord>73.99784589 15.18268277 5.08</gx:coord>
          <gx:coord>73.9978349 15.18278784 4.92</gx:coord>
          <gx:coord>73.99782361 15.18289811 5.08</gx:coord>
          <gx:coord>73.99781357 15.18301425 5.36</gx:coord>
          <gx:coord>73.99780286 15.18313546 5.39</gx:coord>
          <gx:coord>73.99779186 15.18326218 5.25</gx:coord>
          <gx:coord>73.99778111 15.18339374 5.2</gx:coord>
          <gx:coord>73.9977699 15.18352899 5.27</gx:coord>
          <gx:coord>73.99775789 15.18366894 5.19</gx:coord>
          <gx:coord>73.99774442 15.18381055 5.19</gx:coord>
          <gx:coord>73.99772903 15.18395483 5.14</gx:coord>
          <gx:coord>73.99771479 15.18410162 4.96</gx:coord>
          <gx:coord>73.99770097 15.18424694 5.09</gx:coord>
          <gx:coord>73.9976893 15.18439092 5.29</gx:coord>
          <gx:coord>73.9976777 15.18453265 5.35</gx:coord>
          <gx:coord>73.99766582 15.1846707 5.34</gx:coord>
          <gx:coord>73.99765369 15.18480558 5.02</gx:coord>
          <gx:coord>73.99764162 15.18493691 4.59</gx:coord>
          <gx:coord>73.9976288 15.18506628 4.48</gx:coord>
          <gx:coord>73.99761547 15.18519302 4.41</gx:coord>
          <gx:coord>73.997604 15.18531834 4.19</gx:coord>
          <gx:coord>73.99759215 15.18544228 4.05</gx:coord>
          <gx:coord>73.99758114 15.18556502 3.93</gx:coord>
          <gx:coord>73.9975691 15.18568909 3.92</gx:coord>
          <gx:coord>73.99755815 15.18581579 3.93</gx:coord>
          <gx:coord>73.99754772 15.18594284 3.91</gx:coord>
          <gx:coord>73.99753811 15.18606541 4.01</gx:coord>
          <gx:coord>73.99752852 15.18618441 4.09</gx:coord>
          <gx:coord>73.99750805 15.18641859 3.99</gx:coord>
          <gx:coord>73.99749914 15.18654238 3.78</gx:coord>
          <gx:coord>73.99748963 15.18666684 3.75</gx:coord>
          <gx:coord>73.99748184 15.18679334 3.76</gx:coord>
          <gx:coord>73.99747233 15.18691892 3.8</gx:coord>
          <gx:coord>73.99746099 15.18704242 3.84</gx:coord>
          <gx:coord>73.99744528 15.18716558 3.86</gx:coord>
          <gx:coord>73.99742932 15.18728988 3.96</gx:coord>
          <gx:coord>73.99741872 15.18741824 3.96</gx:coord>
          <gx:coord>73.99740836 15.18755195 3.84</gx:coord>
          <gx:coord>73.99739711 15.18768859 3.75</gx:coord>
          <gx:coord>73.99738479 15.18782908 4.08</gx:coord>
          <gx:coord>73.99737174 15.18796972 4.26</gx:coord>
          <gx:coord>73.99735903 15.1881091 4.22</gx:coord>
          <gx:coord>73.99734538 15.1882479 4.15</gx:coord>
          <gx:coord>73.99733235 15.18838674 4.08</gx:coord>
          <gx:coord>73.99731733 15.18852811 3.88</gx:coord>
          <gx:coord>73.99730172 15.18866833 3.76</gx:coord>
          <gx:coord>73.99728924 15.18880649 3.68</gx:coord>
          <gx:coord>73.99727863 15.18894276 3.8</gx:coord>
          <gx:coord>73.99726643 15.18907997 3.94</gx:coord>
          <gx:coord>73.99725541 15.18921796 3.79</gx:coord>
          <gx:coord>73.99724269 15.18935683 3.87</gx:coord>
          <gx:coord>73.99723069 15.18949639 3.9</gx:coord>
          <gx:coord>73.99721821 15.18963367 4.08</gx:coord>
          <gx:coord>73.99720518 15.18977107 3.96</gx:coord>
          <gx:coord>73.99719252 15.18990722 4.02</gx:coord>
          <gx:coord>73.99718012 15.19004112 4.26</gx:coord>
          <gx:coord>73.99716726 15.1901734 4.33</gx:coord>
          <gx:coord>73.99715343 15.19030671 4.41</gx:coord>
          <gx:coord>73.99714147 15.19044005 4.78</gx:coord>
          <gx:coord>73.99713192 15.19056982 4.93</gx:coord>
          <gx:coord>73.99712253 15.19069281 5.09</gx:coord>
          <gx:coord>73.99711637 15.1908063 5.09</gx:coord>
          <gx:coord>73.99711154 15.19090898 5.14</gx:coord>
          <gx:coord>73.99710275 15.19105975 5.35</gx:coord>
          <gx:coord>73.9971083 15.19115806 5.48</gx:coord>
          <gx:coord>73.9971263 15.19127743 5.48</gx:coord>
          <gx:coord>73.99714612 15.19140312 5.53</gx:coord>
          <gx:coord>73.99716305 15.19156556 5.49</gx:coord>
          <gx:coord>73.99717134 15.19165965 5.43</gx:coord>
          <gx:coord>73.99717972 15.19176127 5.45</gx:coord>
          <gx:coord>73.99718876 15.19186988 5.33</gx:coord>
          <gx:coord>73.99719961 15.19198467 5.27</gx:coord>
          <gx:coord>73.99720974 15.19210501 5.08</gx:coord>
          <gx:coord>73.99722321 15.19223056 4.98</gx:coord>
          <gx:coord>73.99723674 15.1923626 4.92</gx:coord>
          <gx:coord>73.99725119 15.19249692 4.98</gx:coord>
          <gx:coord>73.99726759 15.19263484 4.9</gx:coord>
          <gx:coord>73.9972849 15.19277748 4.82</gx:coord>
          <gx:coord>73.99730063 15.19292486 4.9</gx:coord>
          <gx:coord>73.99731678 15.19307399 5</gx:coord>
          <gx:coord>73.9973333 15.19322586 5.17</gx:coord>
          <gx:coord>73.99735036 15.19337792 5.41</gx:coord>
          <gx:coord>73.99736423 15.19353286 5.82</gx:coord>
          <gx:coord>73.99737697 15.19369004 5.95</gx:coord>
          <gx:coord>73.99738808 15.19384973 6.04</gx:coord>
          <gx:coord>73.99739969 15.19401202 6.15</gx:coord>
          <gx:coord>73.99741125 15.19417642 6.59</gx:coord>
          <gx:coord>73.9974228 15.19434281 6.84</gx:coord>
          <gx:coord>73.99743195 15.19450928 7.03</gx:coord>
          <gx:coord>73.99744182 15.19467697 7.43</gx:coord>
          <gx:coord>73.99744914 15.19484499 7.66</gx:coord>
          <gx:coord>73.99745384 15.19501407 8.24</gx:coord>
          <gx:coord>73.99745115 15.19518273 9.08</gx:coord>
          <gx:coord>73.99744281 15.19535157 9.68</gx:coord>
          <gx:coord>73.99742556 15.19551837 10.42</gx:coord>
          <gx:coord>73.99740305 15.19568552 10.98</gx:coord>
          <gx:coord>73.99737066 15.19585022 11.69</gx:coord>
          <gx:coord>73.99733496 15.19601583 12.25</gx:coord>
          <gx:coord>73.99729498 15.19617779 13.05</gx:coord>
          <gx:coord>73.99725499 15.1963409 13.51</gx:coord>
          <gx:coord>73.99721681 15.19650474 13.72</gx:coord>
          <gx:coord>73.99717953 15.19667133 13.56</gx:coord>
          <gx:coord>73.99713979 15.19683972 13.42</gx:coord>
          <gx:coord>73.99709966 15.19700692 13.47</gx:coord>
          <gx:coord>73.99705567 15.19717464 13.66</gx:coord>
          <gx:coord>73.99701068 15.19734829 13.3</gx:coord>
          <gx:coord>73.99696217 15.19752143 13.53</gx:coord>
          <gx:coord>73.99691381 15.19769846 13.32</gx:coord>
          <gx:coord>73.996865 15.19787648 13.18</gx:coord>
          <gx:coord>73.99681765 15.19805332 12.85</gx:coord>
          <gx:coord>73.99676954 15.19822321 12.71</gx:coord>
          <gx:coord>73.99672419 15.19838352 12.41</gx:coord>
          <gx:coord>73.99667921 15.19853625 12.47</gx:coord>
          <gx:coord>73.99664106 15.19868516 12.59</gx:coord>
          <gx:coord>73.99660517 15.19883139 12.71</gx:coord>
          <gx:coord>73.99657479 15.19897183 12.94</gx:coord>
          <gx:coord>73.9965421 15.19910756 12.96</gx:coord>
          <gx:coord>73.99650927 15.19924022 13.34</gx:coord>
          <gx:coord>73.99647651 15.19937944 13.71</gx:coord>
          <gx:coord>73.99644271 15.19951969 13.91</gx:coord>
          <gx:coord>73.99640421 15.1996626 13.91</gx:coord>
          <gx:coord>73.99636522 15.199807 14.01</gx:coord>
          <gx:coord>73.99632699 15.19994463 14.2</gx:coord>
          <gx:coord>73.99629207 15.20007605 14.24</gx:coord>
          <gx:coord>73.99625923 15.20019984 14.2</gx:coord>
          <gx:coord>73.99623087 15.20032327 14.21</gx:coord>
          <gx:coord>73.99619979 15.20044994 14.27</gx:coord>
          <gx:coord>73.99616529 15.20058087 14.46</gx:coord>
          <gx:coord>73.99612949 15.20071414 14.51</gx:coord>
          <gx:coord>73.99609196 15.2008488 14.48</gx:coord>
          <gx:coord>73.99605298 15.20097928 14.63</gx:coord>
          <gx:coord>73.99602196 15.20110074 14.61</gx:coord>
          <gx:coord>73.99599439 15.20120339 15.12</gx:coord>
          <gx:coord>73.99595123 15.20134025 15.22</gx:coord>
          <gx:coord>73.99592319 15.20144629 15.27</gx:coord>
          <gx:coord>73.99589077 15.20156113 15.4</gx:coord>
          <gx:coord>73.99584155 15.2017146 15.07</gx:coord>
          <gx:coord>73.99581697 15.20180313 14.88</gx:coord>
          <gx:coord>73.99579084 15.20189871 15</gx:coord>
          <gx:coord>73.99576224 15.20199983 15.12</gx:coord>
          <gx:coord>73.99572636 15.20210632 15.4</gx:coord>
          <gx:coord>73.99568881 15.20221841 15.37</gx:coord>
          <gx:coord>73.99564307 15.20233079 15.24</gx:coord>
          <gx:coord>73.9955921 15.20244197 15.32</gx:coord>
          <gx:coord>73.99553592 15.20254167 15.09</gx:coord>
          <gx:coord>73.99548385 15.2026297 14.98</gx:coord>
          <gx:coord>73.99543127 15.20270542 14.75</gx:coord>
          <gx:coord>73.9953377 15.20284116 14.47</gx:coord>
          <gx:coord>73.99526886 15.20295173 14.36</gx:coord>
          <gx:coord>73.99519801 15.20305415 14.63</gx:coord>
          <gx:coord>73.99511853 15.2031796 14.27</gx:coord>
          <gx:coord>73.99503542 15.20331003 14.55</gx:coord>
          <gx:coord>73.99493793 15.20346609 14.92</gx:coord>
          <gx:coord>73.99487982 15.20355273 14.85</gx:coord>
          <gx:coord>73.9948271 15.20364963 14.73</gx:coord>
          <gx:coord>73.99476621 15.20374959 14.68</gx:coord>
          <gx:coord>73.9947006 15.20385329 14.63</gx:coord>
          <gx:coord>73.99462737 15.20395496 14.58</gx:coord>
          <gx:coord>73.99455323 15.20406243 14.58</gx:coord>
          <gx:coord>73.99447555 15.20417377 14.72</gx:coord>
          <gx:coord>73.99439438 15.20428719 14.94</gx:coord>
          <gx:coord>73.99431492 15.20440775 15.15</gx:coord>
          <gx:coord>73.99423476 15.20453103 15.23</gx:coord>
          <gx:coord>73.99415152 15.20466033 14.79</gx:coord>
          <gx:coord>73.9940629 15.20478695 14.38</gx:coord>
          <gx:coord>73.99397409 15.20491771 14.01</gx:coord>
          <gx:coord>73.99387905 15.20504973 13.68</gx:coord>
          <gx:coord>73.99378749 15.20518555 13.53</gx:coord>
          <gx:coord>73.99369372 15.20532601 13.16</gx:coord>
          <gx:coord>73.99360103 15.20546775 12.95</gx:coord>
          <gx:coord>73.99350945 15.20561433 12.94</gx:coord>
          <gx:coord>73.99341531 15.20576092 12.96</gx:coord>
          <gx:coord>73.9933165 15.20590952 12.49</gx:coord>
          <gx:coord>73.99321405 15.20605942 12.17</gx:coord>
          <gx:coord>73.99310995 15.20621002 11.94</gx:coord>
          <gx:coord>73.99300611 15.20635942 11.77</gx:coord>
          <gx:coord>73.99290125 15.20651202 11.52</gx:coord>
          <gx:coord>73.99279507 15.20666474 11.26</gx:coord>
          <gx:coord>73.99268837 15.20681941 11.04</gx:coord>
          <gx:coord>73.99258414 15.20697642 10.97</gx:coord>
          <gx:coord>73.99247629 15.20713016 10.86</gx:coord>
          <gx:coord>73.99236719 15.20728677 10.46</gx:coord>
          <gx:coord>73.99226066 15.20744364 10.01</gx:coord>
          <gx:coord>73.99215308 15.20759905 9.86</gx:coord>
          <gx:coord>73.99204797 15.20775191 9.54</gx:coord>
          <gx:coord>73.99194419 15.20790557 9.25</gx:coord>
          <gx:coord>73.99184076 15.20805845 8.91</gx:coord>
          <gx:coord>73.99173798 15.20820468 8.93</gx:coord>
          <gx:coord>73.99163947 15.20834564 8.58</gx:coord>
          <gx:coord>73.99154677 15.20848173 8.37</gx:coord>
          <gx:coord>73.99146068 15.2086099 8.25</gx:coord>
          <gx:coord>73.99137539 15.20873394 8.05</gx:coord>
          <gx:coord>73.99129278 15.20885342 7.96</gx:coord>
          <gx:coord>73.99121206 15.2089717 8</gx:coord>
          <gx:coord>73.99112819 15.20908669 8.16</gx:coord>
          <gx:coord>73.9910361 15.20920049 8.27</gx:coord>
          <gx:coord>73.99093349 15.20931396 8.4</gx:coord>
          <gx:coord>73.99082718 15.20942383 8.7</gx:coord>
          <gx:coord>73.9907129 15.20953195 8.79</gx:coord>
          <gx:coord>73.99059266 15.20964291 8.42</gx:coord>
          <gx:coord>73.9904683 15.20975249 8.43</gx:coord>
          <gx:coord>73.99033969 15.20986376 8.01</gx:coord>
          <gx:coord>73.99021382 15.20997409 7.95</gx:coord>
          <gx:coord>73.99009237 15.21008611 7.75</gx:coord>
          <gx:coord>73.98996673 15.2101943 7.61</gx:coord>
          <gx:coord>73.98984502 15.2103027 7.72</gx:coord>
          <gx:coord>73.98972584 15.2104091 7.98</gx:coord>
          <gx:coord>73.9896046 15.21051729 8.04</gx:coord>
          <gx:coord>73.98948765 15.21062551 8.2</gx:coord>
          <gx:coord>73.98937117 15.21073095 8.14</gx:coord>
          <gx:coord>73.98925791 15.21083884 8.04</gx:coord>
          <gx:coord>73.98914166 15.2109481 7.86</gx:coord>
          <gx:coord>73.98902445 15.2110543 7.82</gx:coord>
          <gx:coord>73.98890992 15.2111606 7.66</gx:coord>
          <gx:coord>73.9887942 15.21126595 7.69</gx:coord>
          <gx:coord>73.98868338 15.21137126 7.61</gx:coord>
          <gx:coord>73.98857067 15.21147604 7.58</gx:coord>
          <gx:coord>73.98845934 15.21158109 7.5</gx:coord>
          <gx:coord>73.98834733 15.21168366 7.42</gx:coord>
          <gx:coord>73.98823275 15.21178958 7.28</gx:coord>
          <gx:coord>73.98811856 15.21189578 7.26</gx:coord>
          <gx:coord>73.98800469 15.21200141 7.4</gx:coord>
          <gx:coord>73.9878899 15.21210538 7.29</gx:coord>
          <gx:coord>73.98777615 15.21220739 7.34</gx:coord>
          <gx:coord>73.98766415 15.21230734 7.25</gx:coord>
          <gx:coord>73.98755573 15.21240869 7.28</gx:coord>
          <gx:coord>73.98744884 15.21250648 7.55</gx:coord>
          <gx:coord>73.98734487 15.21260738 7.69</gx:coord>
          <gx:coord>73.98723831 15.21270676 7.79</gx:coord>
          <gx:coord>73.98712941 15.21280658 7.82</gx:coord>
          <gx:coord>73.98702286 15.21290387 7.86</gx:coord>
          <gx:coord>73.98691764 15.21299976 8.03</gx:coord>
          <gx:coord>73.98681136 15.21309745 8.18</gx:coord>
          <gx:coord>73.98670249 15.21319589 8.48</gx:coord>
          <gx:coord>73.98659093 15.21329544 8.65</gx:coord>
          <gx:coord>73.98647899 15.21339356 8.81</gx:coord>
          <gx:coord>73.98636403 15.21349185 8.9</gx:coord>
          <gx:coord>73.98624876 15.21359037 9.06</gx:coord>
          <gx:coord>73.98613098 15.21367984 9.13</gx:coord>
          <gx:coord>73.98601106 15.21376689 9.44</gx:coord>
          <gx:coord>73.98588936 15.21385304 9.33</gx:coord>
          <gx:coord>73.98576644 15.21393636 9.18</gx:coord>
          <gx:coord>73.98564741 15.21401462 9.23</gx:coord>
          <gx:coord>73.98553324 15.21408862 9.44</gx:coord>
          <gx:coord>73.98542319 15.21416274 9.61</gx:coord>
          <gx:coord>73.98531705 15.21423457 9.84</gx:coord>
          <gx:coord>73.98521287 15.21430536 10.17</gx:coord>
          <gx:coord>73.98511228 15.21437276 10.34</gx:coord>
          <gx:coord>73.9850157 15.21443495 10.46</gx:coord>
          <gx:coord>73.98492205 15.21449683 10.48</gx:coord>
          <gx:coord>73.98483532 15.21455501 10.57</gx:coord>
          <gx:coord>73.98470036 15.21464674 10.85</gx:coord>
          <gx:coord>73.98460221 15.21471041 11.23</gx:coord>
          <gx:coord>73.98450709 15.21477835 12.04</gx:coord>
          <gx:coord>73.98440559 15.21484526 12.35</gx:coord>
          <gx:coord>73.98427716 15.21493535 12.7</gx:coord>
          <gx:coord>73.98415884 15.21501989 12.85</gx:coord>
          <gx:coord>73.98407056 15.2150782 12.94</gx:coord>
          <gx:coord>73.98396505 15.21514767 13.13</gx:coord>
          <gx:coord>73.98384604 15.21522556 13.12</gx:coord>
          <gx:coord>73.98369779 15.21532219 13.29</gx:coord>
          <gx:coord>73.98361544 15.21537846 13.29</gx:coord>
          <gx:coord>73.98352937 15.21543795 13.15</gx:coord>
          <gx:coord>73.98343838 15.21550082 13.29</gx:coord>
          <gx:coord>73.98334045 15.2155674 13.24</gx:coord>
          <gx:coord>73.98323741 15.21563772 13.17</gx:coord>
          <gx:coord>73.98312974 15.21570892 13.08</gx:coord>
          <gx:coord>73.98301825 15.21578347 12.88</gx:coord>
          <gx:coord>73.98290266 15.21586126 12.72</gx:coord>
          <gx:coord>73.98278144 15.21594287 12.29</gx:coord>
          <gx:coord>73.98265642 15.21602734 12.3</gx:coord>
          <gx:coord>73.98253131 15.21610979 12.03</gx:coord>
          <gx:coord>73.98227499 15.21627781 11.68</gx:coord>
          <gx:coord>73.98214258 15.21636719 11.42</gx:coord>
          <gx:coord>73.98200717 15.21645938 11.23</gx:coord>
          <gx:coord>73.98187068 15.21654951 10.8</gx:coord>
          <gx:coord>73.98173534 15.21664171 10.66</gx:coord>
          <gx:coord>73.98160157 15.21672998 10.37</gx:coord>
          <gx:coord>73.98146625 15.21681901 10.39</gx:coord>
          <gx:coord>73.98133254 15.216907 10.29</gx:coord>
          <gx:coord>73.98119912 15.21699726 10.3</gx:coord>
          <gx:coord>73.98106524 15.21708385 10.37</gx:coord>
          <gx:coord>73.98093366 15.21717437 10.38</gx:coord>
          <gx:coord>73.98080192 15.21726261 10.15</gx:coord>
          <gx:coord>73.98067431 15.21735298 9.95</gx:coord>
          <gx:coord>73.98054667 15.21743857 9.91</gx:coord>
          <gx:coord>73.98042363 15.21752537 9.88</gx:coord>
          <gx:coord>73.98030112 15.21760727 9.61</gx:coord>
          <gx:coord>73.98018147 15.21769003 9.52</gx:coord>
          <gx:coord>73.98005867 15.21777297 9.33</gx:coord>
          <gx:coord>73.97993367 15.21785523 9.36</gx:coord>
          <gx:coord>73.97980745 15.21793811 9.5</gx:coord>
          <gx:coord>73.97968636 15.21802291 9.09</gx:coord>
          <gx:coord>73.97956736 15.21810388 8.85</gx:coord>
          <gx:coord>73.97945369 15.21818025 8.72</gx:coord>
          <gx:coord>73.97934657 15.21825701 8.84</gx:coord>
          <gx:coord>73.9792443 15.21833587 8.7</gx:coord>
          <gx:coord>73.97914645 15.21841549 8.42</gx:coord>
          <gx:coord>73.97905225 15.21849358 8.43</gx:coord>
          <gx:coord>73.97896159 15.21856842 8.28</gx:coord>
          <gx:coord>73.97887942 15.21863918 8.01</gx:coord>
          <gx:coord>73.97880551 15.21870093 7.9</gx:coord>
          <gx:coord>73.97873376 15.21876441 7.74</gx:coord>
          <gx:coord>73.9786635 15.21883124 7.76</gx:coord>
          <gx:coord>73.97859744 15.21890167 7.57</gx:coord>
          <gx:coord>73.97853599 15.21897085 7.39</gx:coord>
          <gx:coord>73.97842987 15.21912828 7.26</gx:coord>
          <gx:coord>73.97839352 15.21921539 6.98</gx:coord>
          <gx:coord>73.9783572 15.21930387 6.81</gx:coord>
          <gx:coord>73.97833185 15.21939144 6.47</gx:coord>
          <gx:coord>73.97829189 15.219557 6.11</gx:coord>
          <gx:coord>73.97827127 15.21968429 5.75</gx:coord>
          <gx:coord>73.97826006 15.21977906 5.35</gx:coord>
          <gx:coord>73.97824069 15.21991446 5.35</gx:coord>
          <gx:coord>73.97822095 15.22005777 5.49</gx:coord>
          <gx:coord>73.97820529 15.22022869 5.68</gx:coord>
          <gx:coord>73.97819794 15.22032242 5.77</gx:coord>
          <gx:coord>73.97819067 15.22042177 5.98</gx:coord>
          <gx:coord>73.97818335 15.22052463 6.23</gx:coord>
          <gx:coord>73.97817343 15.22063282 6.31</gx:coord>
          <gx:coord>73.97816566 15.22074376 6.5</gx:coord>
          <gx:coord>73.9781556 15.22085964 6.58</gx:coord>
          <gx:coord>73.97814639 15.22097949 6.75</gx:coord>
          <gx:coord>73.97813529 15.22110348 6.58</gx:coord>
          <gx:coord>73.97812238 15.22123448 6.23</gx:coord>
          <gx:coord>73.9781098 15.22137013 6.07</gx:coord>
          <gx:coord>73.97809678 15.2215096 5.71</gx:coord>
          <gx:coord>73.97808745 15.22165363 5.43</gx:coord>
          <gx:coord>73.9780723 15.22180147 5.31</gx:coord>
          <gx:coord>73.97805102 15.22195502 5.17</gx:coord>
          <gx:coord>73.97802739 15.2221086 5.36</gx:coord>
          <gx:coord>73.9780039 15.22226559 5.21</gx:coord>
          <gx:coord>73.97797546 15.22242474 5.3</gx:coord>
          <gx:coord>73.97794724 15.22258624 5.26</gx:coord>
          <gx:coord>73.97791582 15.22274689 5.42</gx:coord>
          <gx:coord>73.97788405 15.22290826 5.55</gx:coord>
          <gx:coord>73.97784655 15.22306865 5.39</gx:coord>
          <gx:coord>73.97781074 15.22322711 5.2</gx:coord>
          <gx:coord>73.97777112 15.22337385 5.44</gx:coord>
          <gx:coord>73.97773314 15.22351619 5.47</gx:coord>
          <gx:coord>73.97769629 15.22365595 5.45</gx:coord>
          <gx:coord>73.97765976 15.22379079 5.55</gx:coord>
          <gx:coord>73.97762283 15.22392036 5.6</gx:coord>
          <gx:coord>73.97758712 15.22404488 5.81</gx:coord>
          <gx:coord>73.97755229 15.22416351 6.22</gx:coord>
          <gx:coord>73.97752005 15.2242782 6.36</gx:coord>
          <gx:coord>73.97748782 15.22438976 6.72</gx:coord>
          <gx:coord>73.97745607 15.22450223 6.73</gx:coord>
          <gx:coord>73.97742604 15.22460966 6.8</gx:coord>
          <gx:coord>73.97739641 15.22471146 6.85</gx:coord>
          <gx:coord>73.97736639 15.22480855 6.97</gx:coord>
          <gx:coord>73.97733928 15.22490418 7.02</gx:coord>
          <gx:coord>73.97731317 15.2249916 7.05</gx:coord>
          <gx:coord>73.97727154 15.22513924 7.07</gx:coord>
          <gx:coord>73.97724711 15.22524005 7.21</gx:coord>
          <gx:coord>73.97721512 15.22535175 7.58</gx:coord>
          <gx:coord>73.97717842 15.22548847 7.42</gx:coord>
          <gx:coord>73.97713407 15.22565352 7.28</gx:coord>
          <gx:coord>73.97710748 15.22574565 7.22</gx:coord>
          <gx:coord>73.97708035 15.22584405 7.32</gx:coord>
          <gx:coord>73.9770502 15.22594827 7.27</gx:coord>
          <gx:coord>73.97702005 15.22605638 7.22</gx:coord>
          <gx:coord>73.97698621 15.22616981 7.21</gx:coord>
          <gx:coord>73.97695351 15.22628666 7.13</gx:coord>
          <gx:coord>73.97692256 15.22640139 6.96</gx:coord>
          <gx:coord>73.97689127 15.2265125 6.95</gx:coord>
          <gx:coord>73.97687113 15.22660821 3.86</gx:coord>
          <gx:coord>73.97683195 15.22669842 4.31</gx:coord>
          <gx:coord>73.97680069 15.22681048 4.57</gx:coord>
          <gx:coord>73.97677308 15.22694908 4.13</gx:coord>
          <gx:coord>73.97674665 15.22704642 4.14</gx:coord>
          <gx:coord>73.97672398 15.22714773 4.5</gx:coord>
          <gx:coord>73.97669383 15.22727778 4.69</gx:coord>
          <gx:coord>73.97666051 15.22744357 4.89</gx:coord>
          <gx:coord>73.9766345 15.22760437 4.73</gx:coord>
          <gx:coord>73.97660963 15.22773663 5.08</gx:coord>
          <gx:coord>73.97661005 15.22783948 5.23</gx:coord>
          <gx:coord>73.97660146 15.2279309 4.79</gx:coord>
          <gx:coord>73.97658559 15.22807254 5.1</gx:coord>
          <gx:coord>73.9765696 15.22824953 5.42</gx:coord>
          <gx:coord>73.97655562 15.22834611 5.54</gx:coord>
          <gx:coord>73.97654712 15.2284485 5.93</gx:coord>
          <gx:coord>73.9765336 15.22855774 5.86</gx:coord>
          <gx:coord>73.9765189 15.22867262 5.73</gx:coord>
          <gx:coord>73.97650557 15.22879219 5.74</gx:coord>
          <gx:coord>73.97649184 15.22891543 5.62</gx:coord>
          <gx:coord>73.97647474 15.22904245 5.39</gx:coord>
          <gx:coord>73.97645952 15.22917565 5.28</gx:coord>
          <gx:coord>73.97644057 15.22931171 5.14</gx:coord>
          <gx:coord>73.97642155 15.22945455 4.71</gx:coord>
          <gx:coord>73.97640529 15.22959919 4.8</gx:coord>
          <gx:coord>73.97638791 15.22974886 4.59</gx:coord>
          <gx:coord>73.97637149 15.22990254 4.52</gx:coord>
          <gx:coord>73.97635552 15.23005865 4.69</gx:coord>
          <gx:coord>73.97633551 15.23021808 4.4</gx:coord>
          <gx:coord>73.97631508 15.2303806 4.34</gx:coord>
          <gx:coord>73.97629585 15.23054535 4.1</gx:coord>
          <gx:coord>73.97627686 15.23071246 4.01</gx:coord>
          <gx:coord>73.97626432 15.23088261 4.21</gx:coord>
          <gx:coord>73.97624763 15.23105431 4.01</gx:coord>
          <gx:coord>73.97622477 15.2312276 3.9</gx:coord>
          <gx:coord>73.97620314 15.23140434 4.45</gx:coord>
          <gx:coord>73.9761793 15.23158021 4.63</gx:coord>
          <gx:coord>73.97615623 15.23175528 4.74</gx:coord>
          <gx:coord>73.97613861 15.23193117 4.64</gx:coord>
          <gx:coord>73.97613217 15.23210499 5.04</gx:coord>
          <gx:coord>73.97612823 15.2322771 5.22</gx:coord>
          <gx:coord>73.97613147 15.23245065 5.26</gx:coord>
          <gx:coord>73.97613462 15.23262717 5.54</gx:coord>
          <gx:coord>73.97613463 15.23280545 5.75</gx:coord>
          <gx:coord>73.97613318 15.23298472 5.51</gx:coord>
          <gx:coord>73.97613139 15.23315849 5.37</gx:coord>
          <gx:coord>73.97613417 15.23332274 5.19</gx:coord>
          <gx:coord>73.9761388 15.23348022 5.03</gx:coord>
          <gx:coord>73.97613978 15.23363549 4.97</gx:coord>
          <gx:coord>73.97613954 15.23378945 4.82</gx:coord>
          <gx:coord>73.97613635 15.23394221 4.27</gx:coord>
          <gx:coord>73.97613889 15.23409328 4.14</gx:coord>
          <gx:coord>73.9761393 15.23423915 3.69</gx:coord>
          <gx:coord>73.97613924 15.23437827 3.93</gx:coord>
          <gx:coord>73.97614025 15.23451062 3.96</gx:coord>
          <gx:coord>73.97614038 15.23463795 4.04</gx:coord>
          <gx:coord>73.97614019 15.23476684 3.95</gx:coord>
          <gx:coord>73.97614063 15.23489672 4.03</gx:coord>
          <gx:coord>73.97614424 15.23502592 4.28</gx:coord>
          <gx:coord>73.97614599 15.23515155 4.31</gx:coord>
          <gx:coord>73.97614596 15.23527433 4.3</gx:coord>
          <gx:coord>73.97614806 15.23539579 4.27</gx:coord>
          <gx:coord>73.97614995 15.2355178 4.13</gx:coord>
          <gx:coord>73.97614878 15.2356401 3.87</gx:coord>
          <gx:coord>73.9761509 15.2357629 4.32</gx:coord>
          <gx:coord>73.97615031 15.23588693 4.33</gx:coord>
          <gx:coord>73.97615137 15.23601324 4.31</gx:coord>
          <gx:coord>73.97615926 15.23613831 4.46</gx:coord>
          <gx:coord>73.97615873 15.23625543 4.48</gx:coord>
          <gx:coord>73.9761594 15.23635486 4.11</gx:coord>
          <gx:coord>73.97616056 15.23644538 4.51</gx:coord>
          <gx:coord>73.97615963 15.23656607 4.47</gx:coord>
          <gx:coord>73.97615961 15.23666786 4.52</gx:coord>
          <gx:coord>73.97615722 15.23681999 4.71</gx:coord>
          <gx:coord>73.97615577 15.23696344 4.86</gx:coord>
          <gx:coord>73.97615671 15.23707411 4.77</gx:coord>
          <gx:coord>73.9761571 15.2371762 4.93</gx:coord>
          <gx:coord>73.97615623 15.23729306 4.84</gx:coord>
          <gx:coord>73.97615518 15.2374508 5.35</gx:coord>
          <gx:coord>73.97615442 15.23763295 5.43</gx:coord>
          <gx:coord>73.9761508 15.23773379 5.18</gx:coord>
          <gx:coord>73.97615589 15.23783889 5.37</gx:coord>
          <gx:coord>73.97615397 15.23794649 5.44</gx:coord>
          <gx:coord>73.9761477 15.23806078 5.47</gx:coord>
          <gx:coord>73.97614903 15.23818142 5.68</gx:coord>
          <gx:coord>73.97615578 15.23830401 6.19</gx:coord>
          <gx:coord>73.97615188 15.23843031 6.4</gx:coord>
          <gx:coord>73.97615074 15.23856215 5.82</gx:coord>
          <gx:coord>73.97614859 15.23869599 6.16</gx:coord>
          <gx:coord>73.97614512 15.23883084 6.21</gx:coord>
          <gx:coord>73.97613623 15.23896915 5.89</gx:coord>
          <gx:coord>73.9761336 15.23910219 6.35</gx:coord>
          <gx:coord>73.97611441 15.23922575 5.93</gx:coord>
          <gx:coord>73.97609367 15.23934419 6.16</gx:coord>
          <gx:coord>73.97607202 15.23945186 6.13</gx:coord>
          <gx:coord>73.97604495 15.23955144 5.87</gx:coord>
          <gx:coord>73.97601902 15.23965349 5.92</gx:coord>
          <gx:coord>73.9759905 15.23975814 5.99</gx:coord>
          <gx:coord>73.97595877 15.23986516 6.03</gx:coord>
          <gx:coord>73.97591729 15.23997841 6.02</gx:coord>
          <gx:coord>73.9758704 15.24008772 6.18</gx:coord>
          <gx:coord>73.97581646 15.24019026 6.07</gx:coord>
          <gx:coord>73.97576874 15.24028204 6.47</gx:coord>
          <gx:coord>73.97568974 15.24042688 5.92</gx:coord>
          <gx:coord>73.9756178 15.24052955 5.24</gx:coord>
          <gx:coord>73.97553731 15.24064625 5.36</gx:coord>
          <gx:coord>73.97545113 15.24076495 5.14</gx:coord>
          <gx:coord>73.97533522 15.24090681 5.08</gx:coord>
          <gx:coord>73.97527013 15.24097436 4.45</gx:coord>
          <gx:coord>73.97518154 15.24108352 3.43</gx:coord>
          <gx:coord>73.97509891 15.24120203 4.46</gx:coord>
          <gx:coord>73.97499964 15.24132564 5.51</gx:coord>
          <gx:coord>73.97488468 15.24146822 5.81</gx:coord>
          <gx:coord>73.97482252 15.24154737 6.06</gx:coord>
          <gx:coord>73.97476042 15.24162922 6.12</gx:coord>
          <gx:coord>73.97469411 15.24171355 6.03</gx:coord>
          <gx:coord>73.97462593 15.24179856 6.12</gx:coord>
          <gx:coord>73.97455693 15.24188617 5.95</gx:coord>
          <gx:coord>73.97448822 15.24197529 6.86</gx:coord>
          <gx:coord>73.97441097 15.24206682 6.32</gx:coord>
          <gx:coord>73.97434021 15.2421592 6.65</gx:coord>
          <gx:coord>73.9742726 15.24225326 6.28</gx:coord>
          <gx:coord>73.9742005 15.24234373 6.45</gx:coord>
          <gx:coord>73.97413133 15.24243028 6.35</gx:coord>
          <gx:coord>73.97406059 15.2425139 6.24</gx:coord>
          <gx:coord>73.97398759 15.24260375 6.21</gx:coord>
          <gx:coord>73.97391378 15.24269845 6.02</gx:coord>
          <gx:coord>73.97383879 15.24279313 5.89</gx:coord>
          <gx:coord>73.97376188 15.24289106 5.8</gx:coord>
          <gx:coord>73.97368543 15.24298448 5.71</gx:coord>
          <gx:coord>73.97361056 15.24307631 5.65</gx:coord>
          <gx:coord>73.97353545 15.24316732 5.53</gx:coord>
          <gx:coord>73.97346263 15.24325822 5.43</gx:coord>
          <gx:coord>73.9733911 15.24334693 5.27</gx:coord>
          <gx:coord>73.97332434 15.24342717 5.15</gx:coord>
          <gx:coord>73.97326534 15.24350125 5.15</gx:coord>
          <gx:coord>73.97316277 15.24364055 5.41</gx:coord>
          <gx:coord>73.97307283 15.24376109 5.81</gx:coord>
          <gx:coord>73.97299046 15.24386406 5.87</gx:coord>
          <gx:coord>73.97286551 15.24403438 6.62</gx:coord>
          <gx:coord>73.97276094 15.24415685 6.98</gx:coord>
          <gx:coord>73.97265869 15.24429741 7.38</gx:coord>
          <gx:coord>73.97260544 15.24437174 7.41</gx:coord>
          <gx:coord>73.97254888 15.24444682 7.39</gx:coord>
          <gx:coord>73.97249277 15.24452791 7.75</gx:coord>
          <gx:coord>73.97243735 15.24461027 7.82</gx:coord>
          <gx:coord>73.97238245 15.24469343 7.91</gx:coord>
          <gx:coord>73.97233231 15.24477434 8.08</gx:coord>
          <gx:coord>73.9722826 15.24485199 8.37</gx:coord>
          <gx:coord>73.97219616 15.24500462 8.71</gx:coord>
          <gx:coord>73.97212896 15.24512739 8.92</gx:coord>
          <gx:coord>73.97206982 15.24524067 9.18</gx:coord>
          <gx:coord>73.97202272 15.2453378 9.3</gx:coord>
          <gx:coord>73.97195805 15.24547181 9.57</gx:coord>
          <gx:coord>73.9718811 15.24563483 9.02</gx:coord>
          <gx:coord>73.97183694 15.24572497 9.09</gx:coord>
          <gx:coord>73.97178862 15.24581877 8.97</gx:coord>
          <gx:coord>73.97174051 15.24591553 8.97</gx:coord>
          <gx:coord>73.97169334 15.24601502 8.9</gx:coord>
          <gx:coord>73.97164571 15.24611634 8.88</gx:coord>
          <gx:coord>73.97159814 15.24621911 8.82</gx:coord>
          <gx:coord>73.97154921 15.24632356 8.76</gx:coord>
          <gx:coord>73.97149981 15.246431 8.62</gx:coord>
          <gx:coord>73.97144668 15.24654155 8.45</gx:coord>
          <gx:coord>73.97139348 15.24665783 8.41</gx:coord>
          <gx:coord>73.97134104 15.24677778 8.52</gx:coord>
          <gx:coord>73.97128853 15.2469 8.46</gx:coord>
          <gx:coord>73.97123552 15.24702323 8.37</gx:coord>
          <gx:coord>73.9711755 15.24714448 8.43</gx:coord>
          <gx:coord>73.97111454 15.24726568 8.26</gx:coord>
          <gx:coord>73.97105178 15.24738817 8.36</gx:coord>
          <gx:coord>73.97099178 15.24751291 8.52</gx:coord>
          <gx:coord>73.97093377 15.24763923 8.58</gx:coord>
          <gx:coord>73.97087462 15.24776605 8.59</gx:coord>
          <gx:coord>73.9708159 15.24789369 8.57</gx:coord>
          <gx:coord>73.97075981 15.24801971 8.86</gx:coord>
          <gx:coord>73.97071303 15.24813998 8.71</gx:coord>
          <gx:coord>73.9706783 15.24824829 8.62</gx:coord>
          <gx:coord>73.97065109 15.24833879 8.35</gx:coord>
          <gx:coord>73.97061459 15.24845931 8.23</gx:coord>
          <gx:coord>73.97058357 15.24855972 8.72</gx:coord>
          <gx:coord>73.97054098 15.24867008 9.04</gx:coord>
          <gx:coord>73.9704939 15.24878525 9.18</gx:coord>
          <gx:coord>73.97045627 15.24888684 9.55</gx:coord>
          <gx:coord>73.97041791 15.24902378 9.7</gx:coord>
          <gx:coord>73.97039523 15.24919328 9.24</gx:coord>
          <gx:coord>73.97038527 15.24928917 8.9</gx:coord>
          <gx:coord>73.97037315 15.24939181 8.52</gx:coord>
          <gx:coord>73.97036085 15.24949672 8.25</gx:coord>
          <gx:coord>73.97035134 15.24960424 8.34</gx:coord>
          <gx:coord>73.97034088 15.24971268 8.62</gx:coord>
          <gx:coord>73.97032919 15.24982167 8.91</gx:coord>
          <gx:coord>73.97031478 15.24993219 9.02</gx:coord>
          <gx:coord>73.97029439 15.25004598 9.23</gx:coord>
          <gx:coord>73.97027116 15.25016414 9.28</gx:coord>
          <gx:coord>73.97024606 15.25028425 9.31</gx:coord>
          <gx:coord>73.97022013 15.25040589 9.31</gx:coord>
          <gx:coord>73.97018856 15.25052641 9.33</gx:coord>
          <gx:coord>73.970147 15.25064185 9.56</gx:coord>
          <gx:coord>73.97009749 15.25074902 9.69</gx:coord>
          <gx:coord>73.97004497 15.25084675 10.16</gx:coord>
          <gx:coord>73.96999245 15.25093804 10.61</gx:coord>
          <gx:coord>73.96993923 15.25102777 10.96</gx:coord>
          <gx:coord>73.96988244 15.25111884 11.31</gx:coord>
          <gx:coord>73.96982174 15.25121372 11.59</gx:coord>
          <gx:coord>73.96975434 15.25130869 11.65</gx:coord>
          <gx:coord>73.96968165 15.25140628 11.65</gx:coord>
          <gx:coord>73.96960391 15.25150407 11.77</gx:coord>
          <gx:coord>73.96952733 15.25160262 11.87</gx:coord>
          <gx:coord>73.96944557 15.25170071 12.02</gx:coord>
          <gx:coord>73.9693661 15.25180232 12.17</gx:coord>
          <gx:coord>73.96928746 15.25190835 12.07</gx:coord>
          <gx:coord>73.96920677 15.25201519 12.29</gx:coord>
          <gx:coord>73.96912919 15.25212432 12.47</gx:coord>
          <gx:coord>73.96905207 15.25223156 12.57</gx:coord>
          <gx:coord>73.96897799 15.25233701 12.72</gx:coord>
          <gx:coord>73.96889894 15.25244145 12.64</gx:coord>
          <gx:coord>73.96881979 15.25255742 12.52</gx:coord>
          <gx:coord>73.96875084 15.25267094 12.76</gx:coord>
          <gx:coord>73.9686719 15.25278665 12.8</gx:coord>
          <gx:coord>73.96860786 15.25290591 13.07</gx:coord>
          <gx:coord>73.96854493 15.25302414 13.4</gx:coord>
          <gx:coord>73.96848866 15.25313613 13.56</gx:coord>
          <gx:coord>73.96842935 15.25324551 13.54</gx:coord>
          <gx:coord>73.96837035 15.25335067 13.46</gx:coord>
          <gx:coord>73.96831748 15.25344999 13.68</gx:coord>
          <gx:coord>73.96826965 15.25354643 13.9</gx:coord>
          <gx:coord>73.9682248 15.25364102 14.09</gx:coord>
          <gx:coord>73.96817875 15.25373606 14.37</gx:coord>
          <gx:coord>73.96813062 15.25383762 14.43</gx:coord>
          <gx:coord>73.96808149 15.2539431 14.45</gx:coord>
          <gx:coord>73.96803205 15.25405226 14.57</gx:coord>
          <gx:coord>73.96798359 15.25416772 14.81</gx:coord>
          <gx:coord>73.96793567 15.25428682 14.79</gx:coord>
          <gx:coord>73.96788267 15.25439946 14.92</gx:coord>
          <gx:coord>73.9678302 15.25450484 15.08</gx:coord>
          <gx:coord>73.96777118 15.2546069 15.1</gx:coord>
          <gx:coord>73.96770613 15.25470706 15.06</gx:coord>
          <gx:coord>73.96762953 15.25480678 14.91</gx:coord>
          <gx:coord>73.96754791 15.2549044 14.91</gx:coord>
          <gx:coord>73.96746963 15.25499982 14.71</gx:coord>
          <gx:coord>73.96739761 15.25508216 14.86</gx:coord>
          <gx:coord>73.96733647 15.255158 14.9</gx:coord>
          <gx:coord>73.96727556 15.25523104 14.87</gx:coord>
          <gx:coord>73.96721631 15.25530575 14.86</gx:coord>
          <gx:coord>73.96715862 15.25538522 14.63</gx:coord>
          <gx:coord>73.96709681 15.25546574 14.46</gx:coord>
          <gx:coord>73.96703378 15.25554141 14.13</gx:coord>
          <gx:coord>73.96693764 15.25566098 14.43</gx:coord>
          <gx:coord>73.96687986 15.25574016 14.21</gx:coord>
          <gx:coord>73.96680975 15.25584369 14.34</gx:coord>
          <gx:coord>73.96672844 15.25596113 9.08</gx:coord>
          <gx:coord>73.96668521 15.25607921 11.02</gx:coord>
          <gx:coord>73.9666278 15.25620795 11.08</gx:coord>
          <gx:coord>73.96656257 15.25634747 11.3</gx:coord>
          <gx:coord>73.96650822 15.25646672 10.96</gx:coord>
          <gx:coord>73.96647676 15.25658218 11.06</gx:coord>
          <gx:coord>73.96644713 15.25667351 11.07</gx:coord>
          <gx:coord>73.96639692 15.2568086 11.16</gx:coord>
          <gx:coord>73.96633478 15.25697087 11.4</gx:coord>
          <gx:coord>73.96630194 15.25705746 11.51</gx:coord>
          <gx:coord>73.9662435 15.25721013 11.31</gx:coord>
          <gx:coord>73.966193 15.2573417 11.29</gx:coord>
          <gx:coord>73.96614649 15.25746539 11.46</gx:coord>
          <gx:coord>73.96610839 15.25756702 11.47</gx:coord>
          <gx:coord>73.96607169 15.25766734 11.8</gx:coord>
          <gx:coord>73.96603817 15.25775816 11.79</gx:coord>
          <gx:coord>73.96599367 15.25788248 12.26</gx:coord>
          <gx:coord>73.96595148 15.25800081 12.51</gx:coord>
          <gx:coord>73.96591513 15.25811508 13.73</gx:coord>
          <gx:coord>73.96587498 15.25824201 14.51</gx:coord>
          <gx:coord>73.96583944 15.25833775 14.68</gx:coord>
          <gx:coord>73.96578497 15.2584235 14.49</gx:coord>
          <gx:coord>73.96572891 15.25850409 14.17</gx:coord>
          <gx:coord>73.96566517 15.25858051 13.7</gx:coord>
          <gx:coord>73.96560371 15.25865055 13.63</gx:coord>
          <gx:coord>73.96553916 15.25872261 13.63</gx:coord>
          <gx:coord>73.96547734 15.25879916 13.8</gx:coord>
          <gx:coord>73.96541237 15.2588813 13.61</gx:coord>
          <gx:coord>73.96535088 15.25895475 13.28</gx:coord>
          <gx:coord>73.96529068 15.25902635 13.43</gx:coord>
          <gx:coord>73.96523226 15.25910089 13.49</gx:coord>
          <gx:coord>73.96517042 15.25917333 13.33</gx:coord>
          <gx:coord>73.96510064 15.25925883 13.17</gx:coord>
          <gx:coord>73.96501107 15.25936324 12.83</gx:coord>
          <gx:coord>73.96489185 15.25948813 12.88</gx:coord>
          <gx:coord>73.9648336 15.25956444 12.84</gx:coord>
          <gx:coord>73.96477172 15.25964875 12.57</gx:coord>
          <gx:coord>73.96470794 15.25973779 12.45</gx:coord>
          <gx:coord>73.96463962 15.25983135 12.27</gx:coord>
          <gx:coord>73.96456662 15.25992978 12.24</gx:coord>
          <gx:coord>73.96449001 15.26003071 12.09</gx:coord>
          <gx:coord>73.964409 15.26013466 12.03</gx:coord>
          <gx:coord>73.96432399 15.26024101 12.01</gx:coord>
          <gx:coord>73.96423501 15.26034998 11.84</gx:coord>
          <gx:coord>73.96414407 15.26046055 11.94</gx:coord>
          <gx:coord>73.96405176 15.26057737 11.42</gx:coord>
          <gx:coord>73.96395765 15.26069587 11.41</gx:coord>
          <gx:coord>73.96386255 15.2608164 11.48</gx:coord>
          <gx:coord>73.96376505 15.26093664 11.32</gx:coord>
          <gx:coord>73.96366482 15.2610522 11.06</gx:coord>
          <gx:coord>73.96357031 15.26116688 10.99</gx:coord>
          <gx:coord>73.96348435 15.26128352 10.59</gx:coord>
          <gx:coord>73.96340432 15.26140137 10.45</gx:coord>
          <gx:coord>73.96333123 15.26152321 10.49</gx:coord>
          <gx:coord>73.96325703 15.2616493 10.48</gx:coord>
          <gx:coord>73.96317328 15.26177418 10.37</gx:coord>
          <gx:coord>73.96308048 15.26189748 10.42</gx:coord>
          <gx:coord>73.96297926 15.2620185 10.64</gx:coord>
          <gx:coord>73.96286804 15.26213708 10.33</gx:coord>
          <gx:coord>73.96275154 15.26225519 9.92</gx:coord>
          <gx:coord>73.96262804 15.26237104 9.88</gx:coord>
          <gx:coord>73.96250325 15.26248694 9.89</gx:coord>
          <gx:coord>73.9623856 15.2626081 9.92</gx:coord>
          <gx:coord>73.96227175 15.26273047 9.82</gx:coord>
          <gx:coord>73.96216854 15.26285898 9.45</gx:coord>
          <gx:coord>73.96207156 15.26299206 9.46</gx:coord>
          <gx:coord>73.96198819 15.26312945 9.53</gx:coord>
          <gx:coord>73.9619105 15.26327152 9.34</gx:coord>
          <gx:coord>73.96183326 15.26341724 9.27</gx:coord>
          <gx:coord>73.96175464 15.26356086 8.99</gx:coord>
          <gx:coord>73.9616798 15.26370597 8.99</gx:coord>
          <gx:coord>73.96160278 15.26385151 9.14</gx:coord>
          <gx:coord>73.96153027 15.2639965 9</gx:coord>
          <gx:coord>73.96146456 15.26412705 8.8</gx:coord>
          <gx:coord>73.96141106 15.2642373 8.81</gx:coord>
          <gx:coord>73.96135725 15.26435076 8.81</gx:coord>
          <gx:coord>73.96130148 15.26446966 8.68</gx:coord>
          <gx:coord>73.96124301 15.26458925 8.68</gx:coord>
          <gx:coord>73.96118751 15.26470746 8.66</gx:coord>
          <gx:coord>73.96113351 15.26481857 8.78</gx:coord>
          <gx:coord>73.96108824 15.2649199 8.69</gx:coord>
          <gx:coord>73.96101696 15.26507598 8.5</gx:coord>
          <gx:coord>73.96096169 15.26520582 8.41</gx:coord>
          <gx:coord>73.96092363 15.2653008 8.4</gx:coord>
          <gx:coord>73.96087543 15.26539152 8.25</gx:coord>
          <gx:coord>73.9607764 15.26545444 8.67</gx:coord>
          <gx:coord>73.96065891 15.26546245 8.95</gx:coord>
          <gx:coord>73.96055884 15.26547335 9.23</gx:coord>
          <gx:coord>73.96044901 15.26551527 9.77</gx:coord>
          <gx:coord>73.96038058 15.26558674 10.39</gx:coord>
          <gx:coord>73.96035453 15.26568701 10.84</gx:coord>
          <gx:coord>73.96032689 15.26577431 11.2</gx:coord>
          <gx:coord>73.96030065 15.26587889 11.27</gx:coord>
          <gx:coord>73.96027726 15.26597501 11.36</gx:coord>
          <gx:coord>73.96022064 15.26610337 11.16</gx:coord>
          <gx:coord>73.96016278 15.2662438 11.29</gx:coord>
          <gx:coord>73.96011147 15.26635391 10.72</gx:coord>
          <gx:coord>73.96006347 15.26647291 10.71</gx:coord>
          <gx:coord>73.96001677 15.26661294 11.12</gx:coord>
          <gx:coord>73.95997349 15.26675565 11.27</gx:coord>
          <gx:coord>73.95993248 15.26691162 11.68</gx:coord>
          <gx:coord>73.9598872 15.26708189 12.14</gx:coord>
          <gx:coord>73.9598644 15.26717112 12.24</gx:coord>
          <gx:coord>73.95984263 15.26726332 12.38</gx:coord>
          <gx:coord>73.95982181 15.26735671 12.4</gx:coord>
          <gx:coord>73.95980234 15.26745217 12.7</gx:coord>
          <gx:coord>73.9597858 15.26754942 12.94</gx:coord>
          <gx:coord>73.95976703 15.26764734 13.12</gx:coord>
          <gx:coord>73.95974858 15.26774554 13.32</gx:coord>
          <gx:coord>73.95973376 15.26784132 13.99</gx:coord>
          <gx:coord>73.95972239 15.26793192 13.98</gx:coord>
          <gx:coord>73.95969777 15.26808867 14.13</gx:coord>
          <gx:coord>73.95968554 15.26818497 13.94</gx:coord>
          <gx:coord>73.95967613 15.26828808 13.57</gx:coord>
          <gx:coord>73.95969537 15.26841165 13.42</gx:coord>
          <gx:coord>73.95976668 15.26854344 14.45</gx:coord>
          <gx:coord>73.95989233 15.26862722 13.91</gx:coord>
          <gx:coord>73.96006531 15.2686505 13.59</gx:coord>
          <gx:coord>73.96016095 15.26864169 13.44</gx:coord>
          <gx:coord>73.96025559 15.26862207 12.94</gx:coord>
          <gx:coord>73.9603488 15.26860159 12.75</gx:coord>
          <gx:coord>73.9605243 15.26857505 12.33</gx:coord>
          <gx:coord>73.96068772 15.26858847 12.05</gx:coord>
          <gx:coord>73.96081325 15.26866079 12.22</gx:coord>
          <gx:coord>73.96087634 15.26877685 12.65</gx:coord>
          <gx:coord>73.96085065 15.2689143 12.91</gx:coord>
          <gx:coord>73.96075175 15.26902909 12.86</gx:coord>
          <gx:coord>73.96058896 15.26911236 13.17</gx:coord>
          <gx:coord>73.96048979 15.26914144 13.17</gx:coord>
          <gx:coord>73.96038114 15.26916109 13.06</gx:coord>
          <gx:coord>73.9602741 15.26918389 12.95</gx:coord>
          <gx:coord>73.96016408 15.26920551 12.32</gx:coord>
          <gx:coord>73.96005457 15.26922647 11.86</gx:coord>
          <gx:coord>73.95994545 15.26924972 11.21</gx:coord>
          <gx:coord>73.95984273 15.26926937 10.88</gx:coord>
          <gx:coord>73.95974764 15.2692862 10.58</gx:coord>
          <gx:coord>73.95957984 15.26931308 10.25</gx:coord>
          <gx:coord>73.95944715 15.2693339 9.91</gx:coord>
          <gx:coord>73.95933343 15.26934585 10.07</gx:coord>
          <gx:coord>73.95922132 15.26936068 10.18</gx:coord>
          <gx:coord>73.95909404 15.26939881 10</gx:coord>
          <gx:coord>73.95900236 15.26945409 9.8</gx:coord>
          <gx:coord>73.95894429 15.26952682 11.04</gx:coord>
          <gx:coord>73.95893551 15.26966297 17.71</gx:coord>
          <gx:coord>73.95894349 15.26984687 20.23</gx:coord>
          <gx:coord>73.95904484 15.26966774 20.23</gx:coord>
          <gx:coord>73.95894498 15.26986111 17.6</gx:coord>
          <gx:coord>73.95898248 15.27015467 20.07</gx:coord>
          <gx:coord>73.95903476 15.27038622 168.8</gx:coord>
          <gx:coord>73.95915928 15.27058957 53.23</gx:coord>
          <gx:coord>73.95891153 15.2705722 13.77</gx:coord>
          <gx:coord>73.95901652 15.27058418 20.33</gx:coord>
          <gx:coord>73.95901537 15.27071911 27</gx:coord>
          <gx:coord>73.95889042 15.27085561 14.95</gx:coord>
          <gx:coord>73.95891405 15.27097339 14.96</gx:coord>
          <gx:coord>73.95889015 15.27112495 15.28</gx:coord>
          <gx:coord>73.95884863 15.27125117 22.29</gx:coord>
          <gx:coord>73.95880293 15.27137613 15.37</gx:coord>
          <gx:coord>73.95891014 15.27144448 17.09</gx:coord>
          <gx:coord>73.95885378 15.27152941 16.8</gx:coord>
          <gx:coord>73.95879476 15.27165959 16.76</gx:coord>
          <gx:coord>73.95869738 15.27175555 16.77</gx:coord>
          <gx:coord>73.95858923 15.27183831 16.49</gx:coord>
          <gx:coord>73.95848346 15.27188357 16.17</gx:coord>
          <gx:coord>73.95837774 15.27190482 16.15</gx:coord>
          <gx:coord>73.95823846 15.27191456 15.87</gx:coord>
          <gx:coord>73.95812426 15.27190133 16.3</gx:coord>
          <gx:coord>73.9579841 15.27190187 16.39</gx:coord>
          <gx:coord>73.95787875 15.27192658 16.82</gx:coord>
          <gx:coord>73.95784367 15.27201749 16.68</gx:coord>
          <gx:coord>73.95784736 15.27211153 16.88</gx:coord>
          <gx:coord>73.95787225 15.27221301 16.54</gx:coord>
          <gx:coord>73.95789366 15.27231371 16.84</gx:coord>
          <gx:coord>73.95789146 15.2724075 16.67</gx:coord>
          <gx:coord>73.95787337 15.27250371 17.31</gx:coord>
          <gx:coord>73.95786797 15.27269005 17.53</gx:coord>
          <gx:coord>73.9579654 15.27281174 37.9</gx:coord>
          <gx:coord>73.95778207 15.27358719 13.13</gx:coord>
          <gx:coord>73.95772039 15.27368022 17.94</gx:coord>
          <gx:coord>73.95762453 15.27369252 18.03</gx:coord>
          <gx:coord>73.9574807 15.27404213 35.17</gx:coord>
          <gx:coord>73.95763968 15.27409121 42.31</gx:coord>
          <gx:coord>73.95755455 15.27431858 19.42</gx:coord>
          <gx:coord>73.95750695 15.27441522 19.19</gx:coord>
          <gx:coord>73.95728733 15.27478216 19.77</gx:coord>
          <gx:coord>73.95724963 15.27486803 20.44</gx:coord>
          <gx:coord>73.95721177 15.27506783 21.17</gx:coord>
          <gx:coord>73.95718366 15.27523785 21.81</gx:coord>
          <gx:coord>73.95715588 15.27533134 21.81</gx:coord>
          <gx:coord>73.95713722 15.27543625 21.82</gx:coord>
          <gx:coord>73.95710471 15.27553815 21.82</gx:coord>
          <gx:coord>73.95707474 15.27563683 21.86</gx:coord>
          <gx:coord>73.95712762 15.27579201 21.72</gx:coord>
          <gx:coord>73.9571349 15.27595146 21.43</gx:coord>
          <gx:coord>73.95713085 15.27608045 20.97</gx:coord>
          <gx:coord>73.95709534 15.27619598 20.72</gx:coord>
          <gx:coord>73.95706692 15.27631069 20.75</gx:coord>
          <gx:coord>73.95703893 15.27641502 20.53</gx:coord>
          <gx:coord>73.95701793 15.27652147 20.23</gx:coord>
          <gx:coord>73.95706672 15.27669611 19.85</gx:coord>
          <gx:coord>73.95705749 15.27685181 19.56</gx:coord>
          <gx:coord>73.95700186 15.27708956 18.95</gx:coord>
          <gx:coord>73.95697473 15.27721596 18.51</gx:coord>
          <gx:coord>73.95693985 15.27737543 17.48</gx:coord>
          <gx:coord>73.95694053 15.27748333 17.45</gx:coord>
          <gx:coord>73.9570399 15.27750354 15.51</gx:coord>
          <gx:coord>73.95703043 15.27759494 15.19</gx:coord>
          <gx:coord>73.9570327 15.27771985 16.23</gx:coord>
          <gx:coord>73.95697761 15.2778931 16.46</gx:coord>
          <gx:coord>73.95699792 15.2780187 16.34</gx:coord>
          <gx:coord>73.95701107 15.27813075 17.09</gx:coord>
          <gx:coord>73.95698877 15.2782462 16.59</gx:coord>
          <gx:coord>73.95698313 15.27835928 16.07</gx:coord>
          <gx:coord>73.95701402 15.27846992 15.53</gx:coord>
          <gx:coord>73.95699248 15.27858187 15.44</gx:coord>
          <gx:coord>73.95700071 15.2786732 15.1</gx:coord>
          <gx:coord>73.95699379 15.27879417 13.39</gx:coord>
          <gx:coord>73.95697787 15.27888415 13.18</gx:coord>
          <gx:coord>73.95694097 15.27897829 13.41</gx:coord>
          <gx:coord>73.95697347 15.27911487 13.93</gx:coord>
          <gx:coord>73.95696962 15.2792665 13.99</gx:coord>
          <gx:coord>73.95698136 15.27942127 13.74</gx:coord>
          <gx:coord>73.95699239 15.27956121 14.11</gx:coord>
          <gx:coord>73.95702214 15.27972387 13.15</gx:coord>
          <gx:coord>73.95705466 15.27982936 13.1</gx:coord>
          <gx:coord>73.95699773 15.27990716 13.14</gx:coord>
          <gx:coord>73.956936 15.28000345 12.28</gx:coord>
          <gx:coord>73.95693882 15.28011068 11.94</gx:coord>
          <gx:coord>73.95694479 15.28026036 12.59</gx:coord>
          <gx:coord>73.95693881 15.28040686 11.64</gx:coord>
          <gx:coord>73.95699952 15.28057054 12.42</gx:coord>
          <gx:coord>73.95704774 15.28065315 11.54</gx:coord>
          <gx:coord>73.9571498 15.28071824 11.35</gx:coord>
          <gx:coord>73.95711228 15.28086347 11.72</gx:coord>
          <gx:coord>73.95713038 15.28097723 10.39</gx:coord>
          <gx:coord>73.95706678 15.28106852 10.6</gx:coord>
          <gx:coord>73.95696247 15.28109318 10.99</gx:coord>
          <gx:coord>73.95684393 15.28108196 10.39</gx:coord>
          <gx:coord>73.95677128 15.2811627 10.32</gx:coord>
          <gx:coord>73.95672384 15.28125971 9.71</gx:coord>
          <gx:coord>73.95671706 15.28138386 10.48</gx:coord>
          <gx:coord>73.95676422 15.2814622 10.21</gx:coord>
          <gx:coord>73.95677137 15.28161481 9.5</gx:coord>
          <gx:coord>73.95673525 15.28172019 9.79</gx:coord>
          <gx:coord>73.95670668 15.28184556 9.73</gx:coord>
          <gx:coord>73.9566728 15.28199191 9.87</gx:coord>
          <gx:coord>73.95663021 15.28213365 8.76</gx:coord>
          <gx:coord>73.9566293 15.28224846 8.38</gx:coord>
          <gx:coord>73.95666237 15.28239774 8.1</gx:coord>
          <gx:coord>73.9566762 15.28252891 7.95</gx:coord>
          <gx:coord>73.95676935 15.28256681 8.6</gx:coord>
          <gx:coord>73.95688138 15.28263427 8.26</gx:coord>
          <gx:coord>73.95695568 15.28270597 8.36</gx:coord>
          <gx:coord>73.95700925 15.28286766 7.58</gx:coord>
          <gx:coord>73.95699647 15.28303661 7.67</gx:coord>
          <gx:coord>73.95692577 15.28318843 8.69</gx:coord>
          <gx:coord>73.95685938 15.28329707 7.58</gx:coord>
          <gx:coord>73.9568318 15.28338628 7.38</gx:coord>
          <gx:coord>73.95679565 15.28347441 7.57</gx:coord>
          <gx:coord>73.95676829 15.2835744 7.6</gx:coord>
          <gx:coord>73.95673104 15.2836757 6.15</gx:coord>
          <gx:coord>73.95670045 15.28377088 6.16</gx:coord>
          <gx:coord>73.9566668 15.2838607 6.08</gx:coord>
          <gx:coord>73.95661598 15.28393899 6.6</gx:coord>
          <gx:coord>73.95659881 15.28403306 6.94</gx:coord>
          <gx:coord>73.95661323 15.28412276 6.41</gx:coord>
          <gx:coord>73.95659171 15.28423366 5.14</gx:coord>
          <gx:coord>73.95655143 15.28432442 4.95</gx:coord>
          <gx:coord>73.95650166 15.28444441 5.15</gx:coord>
          <gx:coord>73.95644243 15.28458475 5.4</gx:coord>
          <gx:coord>73.95637826 15.28472895 5.28</gx:coord>
          <gx:coord>73.95631412 15.28487684 5.37</gx:coord>
          <gx:coord>73.95624737 15.28503006 5.38</gx:coord>
          <gx:coord>73.95618241 15.28518276 5.53</gx:coord>
          <gx:coord>73.95611677 15.2853355 5.57</gx:coord>
          <gx:coord>73.95605029 15.28548349 5.99</gx:coord>
          <gx:coord>73.95598439 15.28563576 6.43</gx:coord>
          <gx:coord>73.95591903 15.28578929 7.19</gx:coord>
          <gx:coord>73.95586074 15.2859344 7.36</gx:coord>
          <gx:coord>73.95580551 15.28606162 7.45</gx:coord>
          <gx:coord>73.95575567 15.28617276 7.37</gx:coord>
          <gx:coord>73.95570694 15.28627914 7.94</gx:coord>
          <gx:coord>73.95566615 15.28637738 8.03</gx:coord>
          <gx:coord>73.95563146 15.28646132 7.97</gx:coord>
          <gx:coord>73.9555828 15.28654927 7.85</gx:coord>
          <gx:coord>73.95550404 15.28662346 7.2</gx:coord>
          <gx:coord>73.95544249 15.28671397 7.42</gx:coord>
          <gx:coord>73.95540289 15.28680309 7.7</gx:coord>
          <gx:coord>73.95535997 15.28691838 8.11</gx:coord>
          <gx:coord>73.95531293 15.28705761 8.43</gx:coord>
          <gx:coord>73.95526423 15.28721101 8.82</gx:coord>
          <gx:coord>73.95521377 15.28737021 9.14</gx:coord>
          <gx:coord>73.95516004 15.28753267 9.46</gx:coord>
          <gx:coord>73.9551115 15.28768679 9.79</gx:coord>
          <gx:coord>73.9550728 15.28781003 9.92</gx:coord>
          <gx:coord>73.95504525 15.28789816 10.04</gx:coord>
          <gx:coord>73.95500103 15.28800578 8.75</gx:coord>
          <gx:coord>73.95499711 15.28813744 10.74</gx:coord>
          <gx:coord>73.95504931 15.28823147 9.94</gx:coord>
          <gx:coord>73.95517176 15.28828678 9.07</gx:coord>
          <gx:coord>73.9552952 15.28830635 8.76</gx:coord>
          <gx:coord>73.95544147 15.28832442 8.75</gx:coord>
          <gx:coord>73.95561158 15.28834951 8.51</gx:coord>
          <gx:coord>73.95579314 15.28837834 8.22</gx:coord>
          <gx:coord>73.95594436 15.28841479 7.91</gx:coord>
          <gx:coord>73.95604495 15.28841925 7.74</gx:coord>
          <gx:coord>73.95607597 15.28833039 6.93</gx:coord>
          <gx:coord>73.95596918 15.28827854 6.69</gx:coord>
          <gx:coord>73.95584167 15.28829456 7.25</gx:coord>
          <gx:coord>73.95572126 15.28829749 7.13</gx:coord>
          <gx:coord>73.95561203 15.28827962 6.98</gx:coord>
          <gx:coord>73.95554155 15.28821952 7.07</gx:coord>
          <gx:coord>73.95552489 15.28812971 7.38</gx:coord>
          <gx:coord>73.95553501 15.28803771 6.34</gx:coord>
          <gx:coord>73.95550287 15.28793893 7.14</gx:coord>
          <gx:coord>73.95544575 15.28786049 6.77</gx:coord>
          <gx:coord>73.9553817 15.28779294 7.94</gx:coord>
          <ExtendedData>
            <SchemaData schemaUrl="#geotrackerTrackSchema">
              <gx:SimpleArrayData name="speed">
                <gx:value>15.96</gx:value>
                <gx:value>16.05</gx:value>
                <gx:value>17.49</gx:value>
                <gx:value>17.49</gx:value>
                <gx:value>17.49</gx:value>
                <gx:value>17.67</gx:value>
                <gx:value>18.22</gx:value>
                <gx:value>18.22</gx:value>
                <gx:value>18.22</gx:value>
                <gx:value>18.22</gx:value>
                <gx:value />
                <gx:value>12.45</gx:value>
                <gx:value />
                <gx:value />
                <gx:value />
                <gx:value>15.46</gx:value>
                <gx:value>15.46</gx:value>
                <gx:value>16.97</gx:value>
                <gx:value>16.48</gx:value>
                <gx:value>16.97</gx:value>
                <gx:value>16.93</gx:value>
                <gx:value>17.47</gx:value>
                <gx:value>18.12</gx:value>
                <gx:value>18.12</gx:value>
                <gx:value>19.18</gx:value>
                <gx:value>19.75</gx:value>
                <gx:value>17.68</gx:value>
                <gx:value>17.68</gx:value>
                <gx:value>17.52</gx:value>
                <gx:value>16.9</gx:value>
                <gx:value>15.24</gx:value>
                <gx:value>13.52</gx:value>
                <gx:value>14.65</gx:value>
                <gx:value>13.52</gx:value>
                <gx:value>12.76</gx:value>
                <gx:value>12.76</gx:value>
                <gx:value>13.42</gx:value>
                <gx:value>13.42</gx:value>
                <gx:value>12.08</gx:value>
                <gx:value>11.01</gx:value>
                <gx:value>11.01</gx:value>
                <gx:value>10.79</gx:value>
                <gx:value>9.78</gx:value>
                <gx:value>13.54</gx:value>
                <gx:value>13.54</gx:value>
                <gx:value />
                <gx:value>13.54</gx:value>
                <gx:value>13.54</gx:value>
                <gx:value />
                <gx:value />
                <gx:value />
                <gx:value />
                <gx:value />
                <gx:value />
                <gx:value>13.69</gx:value>
                <gx:value>13.69</gx:value>
                <gx:value>13.69</gx:value>
                <gx:value>12.59</gx:value>
                <gx:value>12.28</gx:value>
                <gx:value>12.59</gx:value>
                <gx:value>16.8</gx:value>
                <gx:value>16.8</gx:value>
                <gx:value>16.78</gx:value>
                <gx:value>16.78</gx:value>
                <gx:value>17.16</gx:value>
                <gx:value>18.36</gx:value>
                <gx:value>18.36</gx:value>
                <gx:value>18.36</gx:value>
                <gx:value>18.21</gx:value>
                <gx:value>18.1</gx:value>
                <gx:value>18.1</gx:value>
                <gx:value>15.54</gx:value>
                <gx:value />
                <gx:value>17.51</gx:value>
                <gx:value>17.51</gx:value>
                <gx:value>15.54</gx:value>
                <gx:value>15.55</gx:value>
                <gx:value>14.44</gx:value>
                <gx:value>14.44</gx:value>
                <gx:value>17.26</gx:value>
                <gx:value>17.91</gx:value>
                <gx:value>19.05</gx:value>
                <gx:value>18.78</gx:value>
                <gx:value>17.94</gx:value>
                <gx:value>16.83</gx:value>
                <gx:value>16.93</gx:value>
                <gx:value>16.83</gx:value>
                <gx:value>16.09</gx:value>
                <gx:value>16.02</gx:value>
                <gx:value>15.95</gx:value>
                <gx:value>16.91</gx:value>
                <gx:value>16.91</gx:value>
                <gx:value>17.07</gx:value>
                <gx:value>17.86</gx:value>
                <gx:value>18.05</gx:value>
                <gx:value>18.56</gx:value>
                <gx:value>18.56</gx:value>
                <gx:value>19.21</gx:value>
                <gx:value>19.21</gx:value>
                <gx:value>19.11</gx:value>
                <gx:value>19.11</gx:value>
                <gx:value>19.08</gx:value>
                <gx:value>17.97</gx:value>
                <gx:value>13.2</gx:value>
                <gx:value>13.75</gx:value>
                <gx:value>13.88</gx:value>
                <gx:value>14.24</gx:value>
                <gx:value>14.27</gx:value>
                <gx:value>14.75</gx:value>
                <gx:value>14.85</gx:value>
                <gx:value>15.12</gx:value>
                <gx:value>15.09</gx:value>
                <gx:value>15.37</gx:value>
                <gx:value>15.48</gx:value>
                <gx:value>15.86</gx:value>
                <gx:value>15.93</gx:value>
                <gx:value>16.34</gx:value>
                <gx:value>16.43</gx:value>
                <gx:value>16.62</gx:value>
                <gx:value>16.79</gx:value>
                <gx:value>16.62</gx:value>
                <gx:value>17.09</gx:value>
                <gx:value>17.21</gx:value>
                <gx:value>17.32</gx:value>
                <gx:value>17.85</gx:value>
                <gx:value>17.17</gx:value>
                <gx:value>16.81</gx:value>
                <gx:value>16.73</gx:value>
                <gx:value>16.31</gx:value>
                <gx:value>16.58</gx:value>
                <gx:value>17.14</gx:value>
                <gx:value>17.72</gx:value>
                <gx:value>17.88</gx:value>
                <gx:value>18.24</gx:value>
                <gx:value>18.4</gx:value>
                <gx:value>18.63</gx:value>
                <gx:value>18.38</gx:value>
                <gx:value>17.81</gx:value>
                <gx:value>17.59</gx:value>
                <gx:value>16.97</gx:value>
                <gx:value>15.6</gx:value>
                <gx:value>14.56</gx:value>
                <gx:value>13.94</gx:value>
                <gx:value>14.47</gx:value>
                <gx:value>13.39</gx:value>
                <gx:value>12.31</gx:value>
                <gx:value>12.48</gx:value>
                <gx:value>11.93</gx:value>
                <gx:value>12.49</gx:value>
                <gx:value>9.19</gx:value>
                <gx:value>6.63</gx:value>
                <gx:value>2.77</gx:value>
                <gx:value>5.06</gx:value>
                <gx:value>7.38</gx:value>
                <gx:value>8.06</gx:value>
                <gx:value>8.04</gx:value>
                <gx:value>8.98</gx:value>
                <gx:value>9.67</gx:value>
                <gx:value>9.89</gx:value>
                <gx:value>10</gx:value>
                <gx:value>10.15</gx:value>
                <gx:value>9.94</gx:value>
                <gx:value>9.3</gx:value>
                <gx:value>9.59</gx:value>
                <gx:value>9.94</gx:value>
                <gx:value>9.7</gx:value>
                <gx:value>10.25</gx:value>
                <gx:value>11.42</gx:value>
                <gx:value>11.89</gx:value>
                <gx:value>12.27</gx:value>
                <gx:value>11.93</gx:value>
                <gx:value>11.16</gx:value>
                <gx:value>10.5</gx:value>
                <gx:value>10.49</gx:value>
                <gx:value>11.77</gx:value>
                <gx:value>12.27</gx:value>
                <gx:value>12.14</gx:value>
                <gx:value>12.29</gx:value>
                <gx:value>12.3</gx:value>
                <gx:value>12.36</gx:value>
                <gx:value>12.45</gx:value>
                <gx:value>12.73</gx:value>
                <gx:value>13.17</gx:value>
                <gx:value>12.98</gx:value>
                <gx:value>13.5</gx:value>
                <gx:value>13.32</gx:value>
                <gx:value>13</gx:value>
                <gx:value>12.35</gx:value>
                <gx:value>11.8</gx:value>
                <gx:value>11.08</gx:value>
                <gx:value>10.92</gx:value>
                <gx:value>10.73</gx:value>
                <gx:value>10.78</gx:value>
                <gx:value>10.93</gx:value>
                <gx:value>10.9</gx:value>
                <gx:value>10.85</gx:value>
                <gx:value>10.91</gx:value>
                <gx:value>10.5</gx:value>
                <gx:value>10.29</gx:value>
                <gx:value>9.13</gx:value>
                <gx:value>7.35</gx:value>
                <gx:value>6.4</gx:value>
                <gx:value>3.37</gx:value>
                <gx:value>1.71</gx:value>
                <gx:value>2.42</gx:value>
                <gx:value>6.38</gx:value>
                <gx:value>8.07</gx:value>
                <gx:value>7.86</gx:value>
                <gx:value>6.63</gx:value>
                <gx:value>5.25</gx:value>
                <gx:value>5.1</gx:value>
                <gx:value>6.41</gx:value>
                <gx:value>6.91</gx:value>
                <gx:value>8.14</gx:value>
                <gx:value>9.03</gx:value>
                <gx:value>9.24</gx:value>
                <gx:value>8.42</gx:value>
                <gx:value>7.54</gx:value>
                <gx:value>7.5</gx:value>
                <gx:value>8.25</gx:value>
                <gx:value>9.82</gx:value>
                <gx:value>10.4</gx:value>
                <gx:value>10.72</gx:value>
                <gx:value>11.01</gx:value>
                <gx:value>11.35</gx:value>
                <gx:value>12.14</gx:value>
                <gx:value>13.32</gx:value>
                <gx:value>14.11</gx:value>
                <gx:value>14.88</gx:value>
                <gx:value>15.32</gx:value>
                <gx:value>15.57</gx:value>
                <gx:value>15.79</gx:value>
                <gx:value>15.74</gx:value>
                <gx:value>15.75</gx:value>
                <gx:value>15.97</gx:value>
                <gx:value>16.35</gx:value>
                <gx:value>16.54</gx:value>
                <gx:value>16.6</gx:value>
                <gx:value>16.66</gx:value>
                <gx:value>16.65</gx:value>
                <gx:value>16.8</gx:value>
                <gx:value>16.85</gx:value>
                <gx:value>16.49</gx:value>
                <gx:value>15.35</gx:value>
                <gx:value>13.66</gx:value>
                <gx:value>12.47</gx:value>
                <gx:value>7.49</gx:value>
                <gx:value>4.08</gx:value>
                <gx:value>6.79</gx:value>
                <gx:value>8.84</gx:value>
                <gx:value>10.21</gx:value>
                <gx:value>10.91</gx:value>
                <gx:value>11.93</gx:value>
                <gx:value>12.56</gx:value>
                <gx:value>13.03</gx:value>
                <gx:value>13.43</gx:value>
                <gx:value>13.73</gx:value>
                <gx:value>14.03</gx:value>
                <gx:value>14.32</gx:value>
                <gx:value>14.59</gx:value>
                <gx:value>14.94</gx:value>
                <gx:value>15.59</gx:value>
                <gx:value>15.6</gx:value>
                <gx:value>15.66</gx:value>
                <gx:value>15.81</gx:value>
                <gx:value>16.13</gx:value>
                <gx:value>16.28</gx:value>
                <gx:value>16.64</gx:value>
                <gx:value>16.82</gx:value>
                <gx:value>16.87</gx:value>
                <gx:value>16.9</gx:value>
                <gx:value>16.85</gx:value>
                <gx:value>16.78</gx:value>
                <gx:value>17.02</gx:value>
                <gx:value>16.87</gx:value>
                <gx:value>16.57</gx:value>
                <gx:value>16.29</gx:value>
                <gx:value>15.98</gx:value>
                <gx:value>15.63</gx:value>
                <gx:value>15.41</gx:value>
                <gx:value>14.88</gx:value>
                <gx:value>14.75</gx:value>
                <gx:value>14.32</gx:value>
                <gx:value>14.08</gx:value>
                <gx:value>13.86</gx:value>
                <gx:value>13.98</gx:value>
                <gx:value>14.41</gx:value>
                <gx:value>14.53</gx:value>
                <gx:value>14.92</gx:value>
                <gx:value>15.27</gx:value>
                <gx:value>15.49</gx:value>
                <gx:value>14.91</gx:value>
                <gx:value>12.66</gx:value>
                <gx:value>10.61</gx:value>
                <gx:value>5.95</gx:value>
                <gx:value>3.29</gx:value>
                <gx:value>5.7</gx:value>
                <gx:value>7.52</gx:value>
                <gx:value>9.03</gx:value>
                <gx:value>10.2</gx:value>
                <gx:value>10.62</gx:value>
                <gx:value>11.09</gx:value>
                <gx:value>11.42</gx:value>
                <gx:value>11.83</gx:value>
                <gx:value>12.2</gx:value>
                <gx:value>12.6</gx:value>
                <gx:value>12.98</gx:value>
                <gx:value>13.23</gx:value>
                <gx:value>13.47</gx:value>
                <gx:value>13.69</gx:value>
                <gx:value>13.89</gx:value>
                <gx:value>14.07</gx:value>
                <gx:value>14.31</gx:value>
                <gx:value>14.44</gx:value>
                <gx:value>14.55</gx:value>
                <gx:value>14.66</gx:value>
                <gx:value>14.7</gx:value>
                <gx:value>14.59</gx:value>
                <gx:value>14.15</gx:value>
                <gx:value>14.06</gx:value>
                <gx:value>13.9</gx:value>
                <gx:value>14.01</gx:value>
                <gx:value>13.85</gx:value>
                <gx:value>13.49</gx:value>
                <gx:value>13.01</gx:value>
                <gx:value>12.61</gx:value>
                <gx:value>12.24</gx:value>
                <gx:value>12.04</gx:value>
                <gx:value>11.43</gx:value>
                <gx:value>11.86</gx:value>
                <gx:value>11.63</gx:value>
                <gx:value>11.02</gx:value>
                <gx:value>10.7</gx:value>
                <gx:value>11.01</gx:value>
                <gx:value>10.93</gx:value>
                <gx:value>11</gx:value>
                <gx:value>11.18</gx:value>
                <gx:value>10.94</gx:value>
                <gx:value>10.81</gx:value>
                <gx:value>10.79</gx:value>
                <gx:value>10.7</gx:value>
                <gx:value>10.71</gx:value>
                <gx:value>10.72</gx:value>
                <gx:value>10.71</gx:value>
                <gx:value>10.64</gx:value>
                <gx:value>10.69</gx:value>
                <gx:value>10.9</gx:value>
                <gx:value>11.09</gx:value>
                <gx:value>11.19</gx:value>
                <gx:value>11.39</gx:value>
                <gx:value>11.76</gx:value>
                <gx:value>11.95</gx:value>
                <gx:value>12.07</gx:value>
                <gx:value>11.95</gx:value>
                <gx:value>11.88</gx:value>
                <gx:value>12.01</gx:value>
                <gx:value>12.11</gx:value>
                <gx:value>12.44</gx:value>
                <gx:value>12.57</gx:value>
                <gx:value>12.72</gx:value>
                <gx:value>12.77</gx:value>
                <gx:value>12.88</gx:value>
                <gx:value>12.93</gx:value>
                <gx:value>12.79</gx:value>
                <gx:value>12.62</gx:value>
                <gx:value>12.51</gx:value>
                <gx:value>12.64</gx:value>
                <gx:value>12.6</gx:value>
                <gx:value>12.72</gx:value>
                <gx:value>12.8</gx:value>
                <gx:value>12.7</gx:value>
                <gx:value>12.66</gx:value>
                <gx:value>12.47</gx:value>
                <gx:value>12.36</gx:value>
                <gx:value>12.46</gx:value>
                <gx:value>12.57</gx:value>
                <gx:value>12.68</gx:value>
                <gx:value>13.01</gx:value>
                <gx:value>13.45</gx:value>
                <gx:value>13.57</gx:value>
                <gx:value>13.29</gx:value>
                <gx:value>13.35</gx:value>
                <gx:value>13.45</gx:value>
                <gx:value>13.75</gx:value>
                <gx:value>13.99</gx:value>
                <gx:value>14.32</gx:value>
                <gx:value>14.4</gx:value>
                <gx:value>14.69</gx:value>
                <gx:value>15.05</gx:value>
                <gx:value>15.39</gx:value>
                <gx:value>15.77</gx:value>
                <gx:value>15.91</gx:value>
                <gx:value>16.11</gx:value>
                <gx:value>16.31</gx:value>
                <gx:value>15.9</gx:value>
                <gx:value>14.87</gx:value>
                <gx:value>14.28</gx:value>
                <gx:value>14.09</gx:value>
                <gx:value>14.04</gx:value>
                <gx:value>14.4</gx:value>
                <gx:value>14.75</gx:value>
                <gx:value>15.13</gx:value>
                <gx:value>15.64</gx:value>
                <gx:value>16.06</gx:value>
                <gx:value>16.29</gx:value>
                <gx:value>16.81</gx:value>
                <gx:value>17.61</gx:value>
                <gx:value>18.13</gx:value>
                <gx:value>18.79</gx:value>
                <gx:value>19.46</gx:value>
                <gx:value>19.86</gx:value>
                <gx:value>20.01</gx:value>
                <gx:value>20.12</gx:value>
                <gx:value>20.32</gx:value>
                <gx:value>20.35</gx:value>
                <gx:value>20.39</gx:value>
                <gx:value>20.5</gx:value>
                <gx:value>20.69</gx:value>
                <gx:value>20.58</gx:value>
                <gx:value>20.59</gx:value>
                <gx:value>20.71</gx:value>
                <gx:value>20.81</gx:value>
                <gx:value>20.66</gx:value>
                <gx:value>20.75</gx:value>
                <gx:value>20.87</gx:value>
                <gx:value>20.71</gx:value>
                <gx:value>20.54</gx:value>
                <gx:value>20.44</gx:value>
                <gx:value>20.31</gx:value>
                <gx:value>20.24</gx:value>
                <gx:value>20.09</gx:value>
                <gx:value>19.87</gx:value>
                <gx:value>19.45</gx:value>
                <gx:value>19.07</gx:value>
                <gx:value>19.06</gx:value>
                <gx:value>19.1</gx:value>
                <gx:value>19.03</gx:value>
                <gx:value>19.02</gx:value>
                <gx:value>19.21</gx:value>
                <gx:value>19.43</gx:value>
                <gx:value>19.49</gx:value>
                <gx:value>19.48</gx:value>
                <gx:value>19.65</gx:value>
                <gx:value>19.75</gx:value>
                <gx:value>19.43</gx:value>
                <gx:value>19.17</gx:value>
                <gx:value>18.61</gx:value>
                <gx:value>17.68</gx:value>
                <gx:value>16.4</gx:value>
                <gx:value>15.04</gx:value>
                <gx:value>13.8</gx:value>
                <gx:value>12.75</gx:value>
                <gx:value>11.4</gx:value>
                <gx:value>10.57</gx:value>
                <gx:value>6.7</gx:value>
                <gx:value>1.43</gx:value>
                <gx:value>2.03</gx:value>
                <gx:value>5.52</gx:value>
                <gx:value>8.04</gx:value>
                <gx:value>9.77</gx:value>
                <gx:value>11.55</gx:value>
                <gx:value>11.89</gx:value>
                <gx:value>12.59</gx:value>
                <gx:value>13.4</gx:value>
                <gx:value>13.97</gx:value>
                <gx:value>13.93</gx:value>
                <gx:value>14.12</gx:value>
                <gx:value>14.08</gx:value>
                <gx:value>14.42</gx:value>
                <gx:value>14.9</gx:value>
                <gx:value>15.1</gx:value>
                <gx:value>14.97</gx:value>
                <gx:value>13.84</gx:value>
                <gx:value>12.9</gx:value>
                <gx:value>12.45</gx:value>
                <gx:value>12.25</gx:value>
                <gx:value>13.33</gx:value>
                <gx:value>14.22</gx:value>
                <gx:value>14.61</gx:value>
                <gx:value>14.13</gx:value>
                <gx:value>12.88</gx:value>
                <gx:value>12.16</gx:value>
                <gx:value>12.04</gx:value>
                <gx:value>12.16</gx:value>
                <gx:value>12.41</gx:value>
                <gx:value>13.1</gx:value>
                <gx:value>13.66</gx:value>
                <gx:value>14.36</gx:value>
                <gx:value>14.73</gx:value>
                <gx:value>15.06</gx:value>
                <gx:value>14.65</gx:value>
                <gx:value>12.88</gx:value>
                <gx:value>11.5</gx:value>
                <gx:value>10.41</gx:value>
                <gx:value>11.1</gx:value>
                <gx:value>12.13</gx:value>
                <gx:value>12.86</gx:value>
                <gx:value>12.66</gx:value>
                <gx:value>12.1</gx:value>
                <gx:value>12.13</gx:value>
                <gx:value>12.49</gx:value>
                <gx:value>13.26</gx:value>
                <gx:value>14.18</gx:value>
                <gx:value>14.32</gx:value>
                <gx:value>13.67</gx:value>
                <gx:value>12.42</gx:value>
                <gx:value>12.19</gx:value>
                <gx:value>12.75</gx:value>
                <gx:value>13.76</gx:value>
                <gx:value>14.73</gx:value>
                <gx:value>15.88</gx:value>
                <gx:value>17.6</gx:value>
                <gx:value>18.19</gx:value>
                <gx:value>19.2</gx:value>
                <gx:value>19.47</gx:value>
                <gx:value>19.44</gx:value>
                <gx:value>18.84</gx:value>
                <gx:value>17.09</gx:value>
                <gx:value>15.48</gx:value>
                <gx:value>13.75</gx:value>
                <gx:value>12.66</gx:value>
                <gx:value>12.59</gx:value>
                <gx:value>12.82</gx:value>
                <gx:value>13.55</gx:value>
                <gx:value>14.72</gx:value>
                <gx:value>15.63</gx:value>
                <gx:value>16.49</gx:value>
                <gx:value>17.09</gx:value>
                <gx:value>17.53</gx:value>
                <gx:value>17.79</gx:value>
                <gx:value>17.82</gx:value>
                <gx:value>18</gx:value>
                <gx:value>18.51</gx:value>
                <gx:value>19.05</gx:value>
                <gx:value>19.6</gx:value>
                <gx:value>20.01</gx:value>
                <gx:value>20.38</gx:value>
                <gx:value>20.5</gx:value>
                <gx:value>20.6</gx:value>
                <gx:value>20.6</gx:value>
                <gx:value>20.7</gx:value>
                <gx:value>20.71</gx:value>
                <gx:value>20.4</gx:value>
                <gx:value>20.34</gx:value>
                <gx:value>20.14</gx:value>
                <gx:value>20.07</gx:value>
                <gx:value>19.86</gx:value>
                <gx:value>19.49</gx:value>
                <gx:value>18.95</gx:value>
                <gx:value>18.44</gx:value>
                <gx:value>17.35</gx:value>
                <gx:value>16.3</gx:value>
                <gx:value>15.17</gx:value>
                <gx:value>14.09</gx:value>
                <gx:value>14.13</gx:value>
                <gx:value>14.36</gx:value>
                <gx:value>14.53</gx:value>
                <gx:value>14.34</gx:value>
                <gx:value>13.6</gx:value>
                <gx:value>11.83</gx:value>
                <gx:value>6.46</gx:value>
                <gx:value>4.21</gx:value>
                <gx:value>7.2</gx:value>
                <gx:value>8.79</gx:value>
                <gx:value>9.6</gx:value>
                <gx:value>9.3</gx:value>
                <gx:value>6.97</gx:value>
                <gx:value>2.71</gx:value>
                <gx:value>8.74</gx:value>
                <gx:value>10.36</gx:value>
                <gx:value>16.4</gx:value>
                <gx:value>16.4</gx:value>
                <gx:value>16.3</gx:value>
                <gx:value>16.07</gx:value>
                <gx:value>16.07</gx:value>
                <gx:value>17.01</gx:value>
                <gx:value>17.57</gx:value>
                <gx:value>17.57</gx:value>
                <gx:value>17.58</gx:value>
                <gx:value>17.58</gx:value>
                <gx:value>17.88</gx:value>
                <gx:value>18.11</gx:value>
                <gx:value>18.11</gx:value>
                <gx:value>18.11</gx:value>
                <gx:value>18.48</gx:value>
                <gx:value>18.63</gx:value>
                <gx:value>18.32</gx:value>
                <gx:value>18.32</gx:value>
                <gx:value>17.83</gx:value>
                <gx:value>17.42</gx:value>
                <gx:value>16.9</gx:value>
                <gx:value>16.8</gx:value>
                <gx:value>16.88</gx:value>
                <gx:value>16.8</gx:value>
                <gx:value>16.49</gx:value>
                <gx:value>14.66</gx:value>
                <gx:value>11.83</gx:value>
                <gx:value>10.13</gx:value>
                <gx:value>10.24</gx:value>
                <gx:value>10.95</gx:value>
                <gx:value>11.16</gx:value>
                <gx:value>11.13</gx:value>
                <gx:value>10.38</gx:value>
                <gx:value>2.94</gx:value>
                <gx:value>4.96</gx:value>
                <gx:value>7.25</gx:value>
                <gx:value>8.77</gx:value>
                <gx:value>9.85</gx:value>
                <gx:value>10.49</gx:value>
                <gx:value>11.03</gx:value>
                <gx:value>11.49</gx:value>
                <gx:value>11.77</gx:value>
                <gx:value>12.06</gx:value>
                <gx:value>11.6</gx:value>
                <gx:value>12.18</gx:value>
                <gx:value>12.56</gx:value>
                <gx:value>12.7</gx:value>
                <gx:value>12.89</gx:value>
                <gx:value>12.16</gx:value>
                <gx:value>12.41</gx:value>
                <gx:value>12.95</gx:value>
                <gx:value>13.37</gx:value>
                <gx:value>13.47</gx:value>
                <gx:value>13.44</gx:value>
                <gx:value>13.11</gx:value>
                <gx:value>13.7</gx:value>
                <gx:value>13.98</gx:value>
                <gx:value>13.33</gx:value>
                <gx:value>12.56</gx:value>
                <gx:value>11.6</gx:value>
                <gx:value>10.97</gx:value>
                <gx:value>10.81</gx:value>
                <gx:value>11.54</gx:value>
                <gx:value>11.8</gx:value>
                <gx:value>12.13</gx:value>
                <gx:value>11.94</gx:value>
                <gx:value>11.84</gx:value>
                <gx:value>12.03</gx:value>
                <gx:value>12.22</gx:value>
                <gx:value>12.31</gx:value>
                <gx:value>12.38</gx:value>
                <gx:value>12.61</gx:value>
                <gx:value>13.15</gx:value>
                <gx:value>13.31</gx:value>
                <gx:value>13.37</gx:value>
                <gx:value>13.54</gx:value>
                <gx:value>13.91</gx:value>
                <gx:value>13.69</gx:value>
                <gx:value>14.25</gx:value>
                <gx:value>14.35</gx:value>
                <gx:value>14.29</gx:value>
                <gx:value>14.44</gx:value>
                <gx:value>14.64</gx:value>
                <gx:value>15.05</gx:value>
                <gx:value>15.36</gx:value>
                <gx:value>15.71</gx:value>
                <gx:value>16.1</gx:value>
                <gx:value>16.5</gx:value>
                <gx:value>16.73</gx:value>
                <gx:value>17.06</gx:value>
                <gx:value>17.5</gx:value>
                <gx:value>18.05</gx:value>
                <gx:value>18.21</gx:value>
                <gx:value>17.88</gx:value>
                <gx:value>17.99</gx:value>
                <gx:value>18.24</gx:value>
                <gx:value>18.13</gx:value>
                <gx:value>18.34</gx:value>
                <gx:value>18.11</gx:value>
                <gx:value>17.5</gx:value>
                <gx:value>17.41</gx:value>
                <gx:value>16.81</gx:value>
                <gx:value>16.23</gx:value>
                <gx:value>15.69</gx:value>
                <gx:value>14.74</gx:value>
                <gx:value>13.86</gx:value>
                <gx:value>13.61</gx:value>
                <gx:value>13.75</gx:value>
                <gx:value>13.98</gx:value>
                <gx:value>14.18</gx:value>
                <gx:value>14.29</gx:value>
                <gx:value>14.42</gx:value>
                <gx:value>14.51</gx:value>
                <gx:value>14.62</gx:value>
                <gx:value>14.69</gx:value>
                <gx:value>14.68</gx:value>
                <gx:value>14.74</gx:value>
                <gx:value>14.57</gx:value>
                <gx:value>14.64</gx:value>
                <gx:value>14.57</gx:value>
                <gx:value>14.35</gx:value>
                <gx:value>13.96</gx:value>
                <gx:value>13.65</gx:value>
                <gx:value>13.47</gx:value>
                <gx:value>13.34</gx:value>
                <gx:value>13.48</gx:value>
                <gx:value>13.45</gx:value>
                <gx:value>13.36</gx:value>
                <gx:value>13.26</gx:value>
                <gx:value>12.62</gx:value>
                <gx:value>11.93</gx:value>
                <gx:value>11.41</gx:value>
                <gx:value>11.01</gx:value>
                <gx:value>10.5</gx:value>
                <gx:value>8.87</gx:value>
                <gx:value>4.78</gx:value>
                <gx:value>4.88</gx:value>
                <gx:value>7.72</gx:value>
                <gx:value>10.26</gx:value>
                <gx:value>11.12</gx:value>
                <gx:value>12.18</gx:value>
                <gx:value>13.41</gx:value>
                <gx:value>14.15</gx:value>
                <gx:value>14.95</gx:value>
                <gx:value>15.78</gx:value>
                <gx:value>16.64</gx:value>
                <gx:value>17.36</gx:value>
                <gx:value>17.46</gx:value>
                <gx:value>16.78</gx:value>
                <gx:value>15.42</gx:value>
                <gx:value>13.6</gx:value>
                <gx:value>12.6</gx:value>
                <gx:value>11.8</gx:value>
                <gx:value>11.33</gx:value>
                <gx:value>11.63</gx:value>
                <gx:value>12.34</gx:value>
                <gx:value>13.24</gx:value>
                <gx:value>13.93</gx:value>
                <gx:value>13.87</gx:value>
                <gx:value>12.5</gx:value>
                <gx:value>11.7</gx:value>
                <gx:value>11.72</gx:value>
                <gx:value>12.3</gx:value>
                <gx:value>12.81</gx:value>
                <gx:value>13.55</gx:value>
                <gx:value>14.89</gx:value>
                <gx:value>15.43</gx:value>
                <gx:value>15.93</gx:value>
                <gx:value>16.54</gx:value>
                <gx:value>16.56</gx:value>
                <gx:value>16.13</gx:value>
                <gx:value>15.25</gx:value>
                <gx:value>14.51</gx:value>
                <gx:value>13.4</gx:value>
                <gx:value>12.35</gx:value>
                <gx:value>12.42</gx:value>
                <gx:value>12.32</gx:value>
                <gx:value>12.21</gx:value>
                <gx:value>11.71</gx:value>
                <gx:value>11.62</gx:value>
                <gx:value>11.59</gx:value>
                <gx:value>11.62</gx:value>
                <gx:value>12.18</gx:value>
                <gx:value>12.72</gx:value>
                <gx:value>14.16</gx:value>
                <gx:value>15.46</gx:value>
                <gx:value>16.51</gx:value>
                <gx:value>17.12</gx:value>
                <gx:value>18.15</gx:value>
                <gx:value>18.64</gx:value>
                <gx:value>18.98</gx:value>
                <gx:value>19.22</gx:value>
                <gx:value>19.32</gx:value>
                <gx:value>19.59</gx:value>
                <gx:value>19.83</gx:value>
                <gx:value>19.88</gx:value>
                <gx:value>19.81</gx:value>
                <gx:value>19.41</gx:value>
                <gx:value>18.22</gx:value>
                <gx:value>16.04</gx:value>
                <gx:value>15.27</gx:value>
                <gx:value>14.59</gx:value>
                <gx:value>14.61</gx:value>
                <gx:value>13.79</gx:value>
                <gx:value>13.19</gx:value>
                <gx:value>13.01</gx:value>
                <gx:value>13.12</gx:value>
                <gx:value>13.03</gx:value>
                <gx:value>12.88</gx:value>
                <gx:value>12.97</gx:value>
                <gx:value>13.04</gx:value>
                <gx:value>13.01</gx:value>
                <gx:value>13.1</gx:value>
                <gx:value>13.33</gx:value>
                <gx:value>13.94</gx:value>
                <gx:value>14.39</gx:value>
                <gx:value>14.75</gx:value>
                <gx:value>14.92</gx:value>
                <gx:value>15.42</gx:value>
                <gx:value>15.96</gx:value>
                <gx:value>16.23</gx:value>
                <gx:value>16.54</gx:value>
                <gx:value>16.3</gx:value>
                <gx:value>16.57</gx:value>
                <gx:value>16.9</gx:value>
                <gx:value>17.02</gx:value>
                <gx:value>17.03</gx:value>
                <gx:value>16.71</gx:value>
                <gx:value>16.18</gx:value>
                <gx:value>15.76</gx:value>
                <gx:value>14.76</gx:value>
                <gx:value>12.78</gx:value>
                <gx:value>10.99</gx:value>
                <gx:value>7.83</gx:value>
                <gx:value>2.15</gx:value>
                <gx:value>5.7</gx:value>
                <gx:value>8.63</gx:value>
                <gx:value>10</gx:value>
                <gx:value>9.94</gx:value>
                <gx:value>9.18</gx:value>
                <gx:value>8.41</gx:value>
                <gx:value>7.77</gx:value>
                <gx:value>8.24</gx:value>
                <gx:value>9.47</gx:value>
                <gx:value>10.45</gx:value>
                <gx:value>11.61</gx:value>
                <gx:value>12.57</gx:value>
                <gx:value>13.51</gx:value>
                <gx:value>13.99</gx:value>
                <gx:value>14.31</gx:value>
                <gx:value>14.74</gx:value>
                <gx:value>14.99</gx:value>
                <gx:value>15.02</gx:value>
                <gx:value>16</gx:value>
                <gx:value>16.46</gx:value>
                <gx:value>16.96</gx:value>
                <gx:value>17.45</gx:value>
                <gx:value>17.57</gx:value>
                <gx:value>16.86</gx:value>
                <gx:value>16.08</gx:value>
                <gx:value>15.1</gx:value>
                <gx:value>13.89</gx:value>
                <gx:value>12.39</gx:value>
                <gx:value>11.21</gx:value>
                <gx:value>9.56</gx:value>
                <gx:value>10.14</gx:value>
                <gx:value>10.92</gx:value>
                <gx:value>11.16</gx:value>
                <gx:value>11.28</gx:value>
                <gx:value>11.65</gx:value>
                <gx:value>12.35</gx:value>
                <gx:value>12.99</gx:value>
                <gx:value>13.22</gx:value>
                <gx:value>12.89</gx:value>
                <gx:value>12.47</gx:value>
                <gx:value>11.73</gx:value>
                <gx:value>11.47</gx:value>
                <gx:value>11.25</gx:value>
                <gx:value>11.01</gx:value>
                <gx:value>10.92</gx:value>
                <gx:value>11.02</gx:value>
                <gx:value>11.25</gx:value>
                <gx:value>11.1</gx:value>
                <gx:value>10.71</gx:value>
                <gx:value>10.28</gx:value>
                <gx:value>9.43</gx:value>
                <gx:value>8.25</gx:value>
                <gx:value>5.5</gx:value>
                <gx:value>2.75</gx:value>
                <gx:value>6.35</gx:value>
                <gx:value>8.69</gx:value>
                <gx:value>9.33</gx:value>
                <gx:value>10.86</gx:value>
                <gx:value>11.57</gx:value>
                <gx:value>12.2</gx:value>
                <gx:value>12.55</gx:value>
                <gx:value>12.94</gx:value>
                <gx:value>13.5</gx:value>
                <gx:value>14</gx:value>
                <gx:value>14.67</gx:value>
                <gx:value>14.71</gx:value>
                <gx:value>14.35</gx:value>
                <gx:value>13.86</gx:value>
                <gx:value>12.77</gx:value>
                <gx:value>11.67</gx:value>
                <gx:value>10.78</gx:value>
                <gx:value>10.15</gx:value>
                <gx:value>9.75</gx:value>
                <gx:value>9.13</gx:value>
                <gx:value>8.03</gx:value>
                <gx:value>7.34</gx:value>
                <gx:value>5.61</gx:value>
                <gx:value>0.95</gx:value>
                <gx:value>4.17</gx:value>
                <gx:value>5.29</gx:value>
                <gx:value>5.32</gx:value>
                <gx:value>6.4</gx:value>
                <gx:value>7.9</gx:value>
                <gx:value>8.64</gx:value>
                <gx:value>8.36</gx:value>
                <gx:value>7.59</gx:value>
                <gx:value>5.38</gx:value>
                <gx:value>3.78</gx:value>
                <gx:value>1.82</gx:value>
                <gx:value>2.64</gx:value>
                <gx:value>3.47</gx:value>
                <gx:value>4.5</gx:value>
                <gx:value>3.95</gx:value>
                <gx:value>2.77</gx:value>
                <gx:value>4.55</gx:value>
                <gx:value>5.74</gx:value>
                <gx:value>5.14</gx:value>
                <gx:value>4.37</gx:value>
                <gx:value>7.11</gx:value>
                <gx:value>7.43</gx:value>
                <gx:value>5.03</gx:value>
                <gx:value>3.81</gx:value>
                <gx:value>6.07</gx:value>
                <gx:value>7.97</gx:value>
                <gx:value>9.3</gx:value>
                <gx:value>8.81</gx:value>
                <gx:value>6.22</gx:value>
                <gx:value>3.91</gx:value>
                <gx:value>4.59</gx:value>
                <gx:value>5.78</gx:value>
                <gx:value>3.25</gx:value>
                <gx:value>3.13</gx:value>
                <gx:value>3.8</gx:value>
                <gx:value>3.99</gx:value>
                <gx:value>0.91</gx:value>
                <gx:value>5.78</gx:value>
                <gx:value>7.21</gx:value>
                <gx:value>6.27</gx:value>
                <gx:value>4.78</gx:value>
                <gx:value>0.07</gx:value>
                <gx:value>0.31</gx:value>
                <gx:value>3.49</gx:value>
                <gx:value>3.48</gx:value>
                <gx:value>3.26</gx:value>
                <gx:value>3.3</gx:value>
                <gx:value>2.75</gx:value>
                <gx:value>1.87</gx:value>
                <gx:value>1.79</gx:value>
                <gx:value>1.72</gx:value>
                <gx:value>1.93</gx:value>
                <gx:value>2.81</gx:value>
                <gx:value>4.93</gx:value>
                <gx:value>4.52</gx:value>
                <gx:value>5.11</gx:value>
                <gx:value>5.81</gx:value>
                <gx:value>6.12</gx:value>
                <gx:value>6.37</gx:value>
                <gx:value>6.83</gx:value>
                <gx:value>6.77</gx:value>
                <gx:value>6.04</gx:value>
                <gx:value>5.12</gx:value>
                <gx:value>3.88</gx:value>
                <gx:value>4.57</gx:value>
                <gx:value>5.35</gx:value>
                <gx:value>6.46</gx:value>
                <gx:value>7.07</gx:value>
                <gx:value>7.65</gx:value>
                <gx:value>7.87</gx:value>
                <gx:value>8.02</gx:value>
                <gx:value>8.11</gx:value>
                <gx:value>8.25</gx:value>
                <gx:value>8.35</gx:value>
                <gx:value>8.36</gx:value>
                <gx:value>8.28</gx:value>
                <gx:value>8.28</gx:value>
                <gx:value>8.39</gx:value>
                <gx:value>8.6</gx:value>
                <gx:value>8.88</gx:value>
                <gx:value>9.11</gx:value>
                <gx:value>9.11</gx:value>
                <gx:value>8.75</gx:value>
                <gx:value>8.06</gx:value>
                <gx:value>7.13</gx:value>
                <gx:value>6</gx:value>
                <gx:value>3.35</gx:value>
                <gx:value>3.53</gx:value>
                <gx:value>4.74</gx:value>
                <gx:value>6.02</gx:value>
                <gx:value>7.29</gx:value>
                <gx:value>8.2</gx:value>
                <gx:value>8.74</gx:value>
                <gx:value>9.13</gx:value>
                <gx:value>9.38</gx:value>
                <gx:value>8.74</gx:value>
                <gx:value>8.01</gx:value>
                <gx:value>7.49</gx:value>
                <gx:value>7.93</gx:value>
                <gx:value>8.14</gx:value>
                <gx:value>8.44</gx:value>
                <gx:value>8.91</gx:value>
                <gx:value>9.44</gx:value>
                <gx:value>9.07</gx:value>
                <gx:value>7.49</gx:value>
                <gx:value>5.4</gx:value>
                <gx:value>3.79</gx:value>
                <gx:value>3.09</gx:value>
                <gx:value>1.21</gx:value>
                <gx:value>3.17</gx:value>
                <gx:value>4.39</gx:value>
                <gx:value>3.63</gx:value>
                <gx:value>3.72</gx:value>
                <gx:value>6.06</gx:value>
                <gx:value>8.05</gx:value>
                <gx:value>9.34</gx:value>
                <gx:value>9.88</gx:value>
                <gx:value>10.3</gx:value>
                <gx:value>10.73</gx:value>
                <gx:value>11.09</gx:value>
                <gx:value>11.47</gx:value>
                <gx:value>11.83</gx:value>
                <gx:value>12.14</gx:value>
                <gx:value>12.41</gx:value>
                <gx:value>12.68</gx:value>
                <gx:value>12.73</gx:value>
                <gx:value>13.16</gx:value>
                <gx:value>13.34</gx:value>
                <gx:value>13.44</gx:value>
                <gx:value>13.51</gx:value>
                <gx:value>13.62</gx:value>
                <gx:value>13.77</gx:value>
                <gx:value>13.75</gx:value>
                <gx:value>13.77</gx:value>
                <gx:value>13.84</gx:value>
                <gx:value>13.8</gx:value>
                <gx:value>13.32</gx:value>
                <gx:value>12.66</gx:value>
                <gx:value>12.27</gx:value>
                <gx:value>12.27</gx:value>
                <gx:value>12.35</gx:value>
                <gx:value>12.52</gx:value>
                <gx:value>12.74</gx:value>
                <gx:value>12.92</gx:value>
                <gx:value>13.12</gx:value>
                <gx:value>13.37</gx:value>
                <gx:value>13.53</gx:value>
                <gx:value>13.85</gx:value>
                <gx:value>14.09</gx:value>
                <gx:value>14.3</gx:value>
                <gx:value>14.48</gx:value>
                <gx:value>14.71</gx:value>
                <gx:value>14.86</gx:value>
                <gx:value>14.94</gx:value>
                <gx:value>15.13</gx:value>
                <gx:value>15.23</gx:value>
                <gx:value>15.41</gx:value>
                <gx:value>15.7</gx:value>
                <gx:value>15.83</gx:value>
                <gx:value>15.94</gx:value>
                <gx:value>16.1</gx:value>
                <gx:value>16.09</gx:value>
                <gx:value>16.12</gx:value>
                <gx:value>16.41</gx:value>
                <gx:value>16.4</gx:value>
                <gx:value>16.74</gx:value>
                <gx:value>16.88</gx:value>
                <gx:value>16.92</gx:value>
                <gx:value>17.04</gx:value>
                <gx:value>17.38</gx:value>
                <gx:value>17.96</gx:value>
                <gx:value>18.68</gx:value>
                <gx:value>19.21</gx:value>
                <gx:value>19.45</gx:value>
                <gx:value>20.03</gx:value>
                <gx:value>20.59</gx:value>
                <gx:value>20.96</gx:value>
                <gx:value>21.26</gx:value>
                <gx:value>21.35</gx:value>
                <gx:value>21.38</gx:value>
                <gx:value>21.51</gx:value>
                <gx:value>21.74</gx:value>
                <gx:value>22.01</gx:value>
                <gx:value>22.2</gx:value>
                <gx:value>22.36</gx:value>
                <gx:value>22.54</gx:value>
                <gx:value>22.73</gx:value>
                <gx:value>22.79</gx:value>
                <gx:value>22.41</gx:value>
                <gx:value>22.54</gx:value>
                <gx:value>22.05</gx:value>
                <gx:value>21.34</gx:value>
                <gx:value>20.54</gx:value>
                <gx:value>19.9</gx:value>
                <gx:value>19.16</gx:value>
                <gx:value>18.77</gx:value>
                <gx:value>18.55</gx:value>
                <gx:value>18.35</gx:value>
                <gx:value>18.16</gx:value>
                <gx:value>17.81</gx:value>
                <gx:value>17.8</gx:value>
                <gx:value>18.09</gx:value>
                <gx:value>18.33</gx:value>
                <gx:value>18.54</gx:value>
                <gx:value>18.75</gx:value>
                <gx:value>18.85</gx:value>
                <gx:value>18.85</gx:value>
                <gx:value>18.44</gx:value>
                <gx:value>17.82</gx:value>
                <gx:value>17.01</gx:value>
                <gx:value>16.33</gx:value>
                <gx:value>15.73</gx:value>
                <gx:value>15.35</gx:value>
                <gx:value>14.93</gx:value>
                <gx:value>14.69</gx:value>
                <gx:value>14.58</gx:value>
                <gx:value>14.55</gx:value>
                <gx:value>14.69</gx:value>
                <gx:value>14.93</gx:value>
                <gx:value>15.03</gx:value>
                <gx:value>14.93</gx:value>
                <gx:value>14.92</gx:value>
                <gx:value>14.89</gx:value>
                <gx:value>14.72</gx:value>
                <gx:value>14.7</gx:value>
                <gx:value>14.83</gx:value>
                <gx:value>14.79</gx:value>
                <gx:value>14.89</gx:value>
                <gx:value>14.92</gx:value>
                <gx:value>14.92</gx:value>
                <gx:value>14.72</gx:value>
                <gx:value>14.56</gx:value>
                <gx:value>14.38</gx:value>
                <gx:value>14.23</gx:value>
                <gx:value>14.45</gx:value>
                <gx:value>14.66</gx:value>
                <gx:value>14.9</gx:value>
                <gx:value>15.14</gx:value>
                <gx:value>15.43</gx:value>
                <gx:value>15.71</gx:value>
                <gx:value>15.86</gx:value>
                <gx:value>16.13</gx:value>
                <gx:value>16.25</gx:value>
                <gx:value>16.21</gx:value>
                <gx:value>15.98</gx:value>
                <gx:value>16.01</gx:value>
                <gx:value>16.03</gx:value>
                <gx:value>16.08</gx:value>
                <gx:value>16.05</gx:value>
                <gx:value>15.82</gx:value>
                <gx:value>15.52</gx:value>
                <gx:value>15.41</gx:value>
                <gx:value>14.78</gx:value>
                <gx:value>14.1</gx:value>
                <gx:value>13.66</gx:value>
                <gx:value>13.72</gx:value>
                <gx:value>14.1</gx:value>
                <gx:value>14.65</gx:value>
                <gx:value>15.14</gx:value>
                <gx:value>15.51</gx:value>
                <gx:value>15.85</gx:value>
                <gx:value>16.1</gx:value>
                <gx:value>16.36</gx:value>
                <gx:value>16.23</gx:value>
                <gx:value>15.91</gx:value>
                <gx:value>15.48</gx:value>
                <gx:value>14.95</gx:value>
                <gx:value>15.2</gx:value>
                <gx:value>15.08</gx:value>
                <gx:value>14.37</gx:value>
                <gx:value>13.81</gx:value>
                <gx:value>13.45</gx:value>
                <gx:value>13.29</gx:value>
                <gx:value>12.88</gx:value>
                <gx:value>12.18</gx:value>
                <gx:value>11.84</gx:value>
                <gx:value>11.81</gx:value>
                <gx:value>11.94</gx:value>
                <gx:value>12.07</gx:value>
                <gx:value>12.17</gx:value>
                <gx:value>12.28</gx:value>
                <gx:value>12.26</gx:value>
                <gx:value>11.93</gx:value>
                <gx:value>11.41</gx:value>
                <gx:value>10.61</gx:value>
                <gx:value>10.36</gx:value>
                <gx:value>10.43</gx:value>
                <gx:value>10.59</gx:value>
                <gx:value>10.55</gx:value>
                <gx:value>10.56</gx:value>
                <gx:value>10.3</gx:value>
                <gx:value>9.99</gx:value>
                <gx:value>9.37</gx:value>
                <gx:value>8.76</gx:value>
                <gx:value>8.62</gx:value>
                <gx:value>7.76</gx:value>
                <gx:value>7.25</gx:value>
                <gx:value>7.49</gx:value>
                <gx:value>7.19</gx:value>
                <gx:value>7.08</gx:value>
                <gx:value>7.51</gx:value>
                <gx:value>7.22</gx:value>
                <gx:value>7.58</gx:value>
                <gx:value>7.91</gx:value>
                <gx:value>5.71</gx:value>
                <gx:value>4.03</gx:value>
                <gx:value>6.94</gx:value>
                <gx:value>8.94</gx:value>
                <gx:value>9.83</gx:value>
                <gx:value>10.91</gx:value>
                <gx:value>11.82</gx:value>
                <gx:value>12.57</gx:value>
                <gx:value>13.26</gx:value>
                <gx:value>13.86</gx:value>
                <gx:value>14.47</gx:value>
                <gx:value>15.06</gx:value>
                <gx:value>15.47</gx:value>
                <gx:value>16.07</gx:value>
                <gx:value>16.23</gx:value>
                <gx:value>16.61</gx:value>
                <gx:value>16.99</gx:value>
                <gx:value>17.47</gx:value>
                <gx:value>18.03</gx:value>
                <gx:value>18.45</gx:value>
                <gx:value>18.82</gx:value>
                <gx:value>19.06</gx:value>
                <gx:value>19.27</gx:value>
                <gx:value>19.53</gx:value>
                <gx:value>19.8</gx:value>
                <gx:value>20.05</gx:value>
                <gx:value>20.24</gx:value>
                <gx:value>20.39</gx:value>
                <gx:value>20.44</gx:value>
                <gx:value>20.4</gx:value>
                <gx:value>20.28</gx:value>
                <gx:value>20.31</gx:value>
                <gx:value>20.16</gx:value>
                <gx:value>19.99</gx:value>
                <gx:value>19.95</gx:value>
                <gx:value>19.8</gx:value>
                <gx:value>19.66</gx:value>
                <gx:value>19.49</gx:value>
                <gx:value>19.22</gx:value>
                <gx:value>18.59</gx:value>
                <gx:value>17.75</gx:value>
                <gx:value>16.25</gx:value>
                <gx:value>14.89</gx:value>
                <gx:value>13.99</gx:value>
                <gx:value>13.7</gx:value>
                <gx:value>13.56</gx:value>
                <gx:value>13.46</gx:value>
                <gx:value>13.46</gx:value>
                <gx:value>13.44</gx:value>
                <gx:value>13.4</gx:value>
                <gx:value>13.48</gx:value>
                <gx:value>13.8</gx:value>
                <gx:value>13.47</gx:value>
                <gx:value>13.01</gx:value>
                <gx:value>12.48</gx:value>
                <gx:value>12.24</gx:value>
                <gx:value>12.29</gx:value>
                <gx:value>12.32</gx:value>
                <gx:value>12.33</gx:value>
                <gx:value>12.59</gx:value>
                <gx:value>12.67</gx:value>
                <gx:value>12.76</gx:value>
                <gx:value>12.79</gx:value>
                <gx:value>12.8</gx:value>
                <gx:value>12.92</gx:value>
                <gx:value>13.37</gx:value>
                <gx:value>13.44</gx:value>
                <gx:value>13.31</gx:value>
                <gx:value>12.21</gx:value>
                <gx:value>9.12</gx:value>
                <gx:value>8.11</gx:value>
                <gx:value>8.42</gx:value>
                <gx:value>9.32</gx:value>
                <gx:value>9.9</gx:value>
                <gx:value>8.76</gx:value>
                <gx:value>8.25</gx:value>
                <gx:value>9.19</gx:value>
                <gx:value>9.8</gx:value>
                <gx:value>9.94</gx:value>
                <gx:value>8.53</gx:value>
                <gx:value>7.61</gx:value>
                <gx:value>7.34</gx:value>
                <gx:value>8.1</gx:value>
                <gx:value>8.99</gx:value>
                <gx:value>9.06</gx:value>
                <gx:value>8.31</gx:value>
                <gx:value>7.44</gx:value>
                <gx:value>6.26</gx:value>
                <gx:value>5.65</gx:value>
                <gx:value>5.73</gx:value>
                <gx:value>6.62</gx:value>
                <gx:value>7.14</gx:value>
                <gx:value>6.75</gx:value>
                <gx:value>6.56</gx:value>
                <gx:value>7.85</gx:value>
                <gx:value>8.57</gx:value>
                <gx:value>9.15</gx:value>
                <gx:value>9.61</gx:value>
                <gx:value>9.98</gx:value>
                <gx:value>10.62</gx:value>
                <gx:value>10.84</gx:value>
                <gx:value>10.45</gx:value>
                <gx:value>10.41</gx:value>
                <gx:value>8.68</gx:value>
                <gx:value>8.2</gx:value>
                <gx:value>9.11</gx:value>
                <gx:value>9.61</gx:value>
                <gx:value>9.9</gx:value>
                <gx:value>10.34</gx:value>
                <gx:value>10.5</gx:value>
                <gx:value>10.64</gx:value>
                <gx:value>10.83</gx:value>
                <gx:value>10.89</gx:value>
                <gx:value>11.08</gx:value>
                <gx:value>10.7</gx:value>
                <gx:value>10.52</gx:value>
                <gx:value>10.82</gx:value>
                <gx:value>10.41</gx:value>
                <gx:value>10.7</gx:value>
                <gx:value>11.19</gx:value>
                <gx:value>11.11</gx:value>
                <gx:value>10.97</gx:value>
                <gx:value>11.11</gx:value>
                <gx:value>11.32</gx:value>
                <gx:value>11.51</gx:value>
                <gx:value>11.72</gx:value>
                <gx:value>11.76</gx:value>
                <gx:value>11.82</gx:value>
                <gx:value>11.75</gx:value>
                <gx:value>12.19</gx:value>
                <gx:value>12.24</gx:value>
                <gx:value>12.34</gx:value>
                <gx:value>12.45</gx:value>
                <gx:value>12.68</gx:value>
                <gx:value>12.72</gx:value>
                <gx:value>12.62</gx:value>
                <gx:value>13.14</gx:value>
                <gx:value>13.12</gx:value>
                <gx:value>13.17</gx:value>
                <gx:value>13.35</gx:value>
                <gx:value>13.76</gx:value>
                <gx:value>13.93</gx:value>
                <gx:value>13.26</gx:value>
                <gx:value>13.39</gx:value>
                <gx:value>13.15</gx:value>
                <gx:value>13.16</gx:value>
                <gx:value>13.18</gx:value>
                <gx:value>13.07</gx:value>
                <gx:value>12.94</gx:value>
                <gx:value>12.64</gx:value>
                <gx:value>12.5</gx:value>
                <gx:value>12.1</gx:value>
                <gx:value>12.74</gx:value>
                <gx:value>12.84</gx:value>
                <gx:value>12.79</gx:value>
                <gx:value>12.42</gx:value>
                <gx:value>11.78</gx:value>
                <gx:value>11.99</gx:value>
                <gx:value>11.44</gx:value>
                <gx:value>11.88</gx:value>
                <gx:value>11.92</gx:value>
                <gx:value>12.28</gx:value>
                <gx:value>12.25</gx:value>
                <gx:value>12.1</gx:value>
                <gx:value>12.41</gx:value>
                <gx:value>12.13</gx:value>
                <gx:value>12.02</gx:value>
                <gx:value>11.5</gx:value>
                <gx:value>10.83</gx:value>
                <gx:value>10.72</gx:value>
                <gx:value>10.32</gx:value>
                <gx:value>9.76</gx:value>
                <gx:value>8.94</gx:value>
                <gx:value>8.6</gx:value>
                <gx:value>9.53</gx:value>
                <gx:value>9.38</gx:value>
                <gx:value>9.48</gx:value>
                <gx:value>9.66</gx:value>
                <gx:value>7.91</gx:value>
                <gx:value>7.19</gx:value>
                <gx:value>7.33</gx:value>
                <gx:value>5.91</gx:value>
                <gx:value>7.73</gx:value>
                <gx:value>9.24</gx:value>
                <gx:value>11.44</gx:value>
                <gx:value>11.77</gx:value>
                <gx:value>12.55</gx:value>
                <gx:value>11.4</gx:value>
                <gx:value>11.52</gx:value>
                <gx:value>12.5</gx:value>
                <gx:value>9.51</gx:value>
                <gx:value>6.55</gx:value>
                <gx:value>8.18</gx:value>
                <gx:value>9.4</gx:value>
                <gx:value>10.22</gx:value>
                <gx:value>9.8</gx:value>
                <gx:value>10.08</gx:value>
                <gx:value>10.67</gx:value>
                <gx:value>11.51</gx:value>
                <gx:value>11.15</gx:value>
                <gx:value>11.17</gx:value>
                <gx:value>11.55</gx:value>
                <gx:value>12.35</gx:value>
                <gx:value>12.72</gx:value>
                <gx:value>12.95</gx:value>
                <gx:value>14.27</gx:value>
                <gx:value>15.22</gx:value>
                <gx:value>15.2</gx:value>
                <gx:value>14.62</gx:value>
                <gx:value>13.64</gx:value>
                <gx:value>12.68</gx:value>
                <gx:value>13.28</gx:value>
                <gx:value>13.5</gx:value>
                <gx:value>14.66</gx:value>
                <gx:value>15.57</gx:value>
                <gx:value>15.46</gx:value>
                <gx:value>15.73</gx:value>
                <gx:value>15.68</gx:value>
                <gx:value>15.32</gx:value>
                <gx:value>14.99</gx:value>
                <gx:value>14.31</gx:value>
                <gx:value>14.6</gx:value>
                <gx:value>14.5</gx:value>
                <gx:value>14.08</gx:value>
                <gx:value>12.88</gx:value>
                <gx:value>12.13</gx:value>
                <gx:value>11.45</gx:value>
                <gx:value>11.28</gx:value>
                <gx:value>10.8</gx:value>
                <gx:value>8.82</gx:value>
                <gx:value>8.45</gx:value>
                <gx:value>8.66</gx:value>
                <gx:value>10.6</gx:value>
                <gx:value>12.7</gx:value>
                <gx:value>13.53</gx:value>
                <gx:value>12.87</gx:value>
                <gx:value>12.63</gx:value>
                <gx:value>13.14</gx:value>
                <gx:value>12.86</gx:value>
                <gx:value>12.56</gx:value>
                <gx:value>12.05</gx:value>
                <gx:value>10.79</gx:value>
                <gx:value>11.65</gx:value>
                <gx:value>10.75</gx:value>
                <gx:value>10.25</gx:value>
                <gx:value>11.84</gx:value>
                <gx:value>11.62</gx:value>
                <gx:value>11.52</gx:value>
                <gx:value>12.15</gx:value>
                <gx:value>12.39</gx:value>
                <gx:value>12.3</gx:value>
                <gx:value>12.2</gx:value>
                <gx:value>12.6</gx:value>
                <gx:value>12.77</gx:value>
                <gx:value>12.25</gx:value>
                <gx:value>12.11</gx:value>
                <gx:value>12.56</gx:value>
                <gx:value>12.82</gx:value>
                <gx:value>13.48</gx:value>
                <gx:value>14.04</gx:value>
                <gx:value>14.24</gx:value>
                <gx:value>13.97</gx:value>
                <gx:value>14.21</gx:value>
                <gx:value>14.39</gx:value>
                <gx:value>14.56</gx:value>
                <gx:value>14.82</gx:value>
                <gx:value>14.89</gx:value>
                <gx:value>14.79</gx:value>
                <gx:value>14.65</gx:value>
                <gx:value>14.92</gx:value>
                <gx:value>14.99</gx:value>
                <gx:value>15.03</gx:value>
                <gx:value>15.11</gx:value>
                <gx:value>15.45</gx:value>
                <gx:value>15.73</gx:value>
                <gx:value>15.83</gx:value>
                <gx:value>15.84</gx:value>
                <gx:value>15.66</gx:value>
                <gx:value>15.04</gx:value>
                <gx:value>14.26</gx:value>
                <gx:value>13.87</gx:value>
                <gx:value>13.86</gx:value>
                <gx:value>14.01</gx:value>
                <gx:value>14.07</gx:value>
                <gx:value>14.27</gx:value>
                <gx:value>14.86</gx:value>
                <gx:value>15.15</gx:value>
                <gx:value>15.04</gx:value>
                <gx:value>14.95</gx:value>
                <gx:value>14.91</gx:value>
                <gx:value>14.88</gx:value>
                <gx:value>14.82</gx:value>
                <gx:value>14.41</gx:value>
                <gx:value>14.04</gx:value>
                <gx:value>13.76</gx:value>
                <gx:value>13.59</gx:value>
                <gx:value>12.27</gx:value>
                <gx:value>11.82</gx:value>
                <gx:value>12.4</gx:value>
                <gx:value>12.63</gx:value>
                <gx:value>12.84</gx:value>
                <gx:value>13.24</gx:value>
                <gx:value>13.91</gx:value>
                <gx:value>14.22</gx:value>
                <gx:value>14.48</gx:value>
                <gx:value>14.9</gx:value>
                <gx:value>15.44</gx:value>
                <gx:value>15.86</gx:value>
                <gx:value>15.68</gx:value>
                <gx:value>14.42</gx:value>
                <gx:value>12.96</gx:value>
                <gx:value>12.11</gx:value>
                <gx:value>11.97</gx:value>
                <gx:value>12.09</gx:value>
                <gx:value>12.48</gx:value>
                <gx:value>12.96</gx:value>
                <gx:value>13.24</gx:value>
                <gx:value>13.15</gx:value>
                <gx:value>13.05</gx:value>
                <gx:value>12.93</gx:value>
                <gx:value>11.91</gx:value>
                <gx:value>9.11</gx:value>
                <gx:value>10.32</gx:value>
                <gx:value>11.21</gx:value>
                <gx:value>11.9</gx:value>
                <gx:value>13.3</gx:value>
                <gx:value>13.7</gx:value>
                <gx:value>14.04</gx:value>
                <gx:value>14.18</gx:value>
                <gx:value>14</gx:value>
                <gx:value>13.53</gx:value>
                <gx:value>13.29</gx:value>
                <gx:value>13.27</gx:value>
                <gx:value>13.35</gx:value>
                <gx:value>13.7</gx:value>
                <gx:value>13.74</gx:value>
                <gx:value>13.4</gx:value>
                <gx:value>12.94</gx:value>
                <gx:value>13.05</gx:value>
                <gx:value>13.18</gx:value>
                <gx:value>13.33</gx:value>
                <gx:value>13.63</gx:value>
                <gx:value>13.9</gx:value>
                <gx:value>14.15</gx:value>
                <gx:value>14.51</gx:value>
                <gx:value>14.81</gx:value>
                <gx:value>15.15</gx:value>
                <gx:value>15.48</gx:value>
                <gx:value>15.52</gx:value>
                <gx:value>15.12</gx:value>
                <gx:value>14.08</gx:value>
                <gx:value>13.52</gx:value>
                <gx:value>13.3</gx:value>
                <gx:value>13.24</gx:value>
                <gx:value>13.21</gx:value>
                <gx:value>12.92</gx:value>
                <gx:value>12.12</gx:value>
                <gx:value>11.05</gx:value>
                <gx:value>10.43</gx:value>
                <gx:value>10.19</gx:value>
                <gx:value>10.72</gx:value>
                <gx:value>11.61</gx:value>
                <gx:value>12.76</gx:value>
                <gx:value>13.73</gx:value>
                <gx:value>14.47</gx:value>
                <gx:value>14.71</gx:value>
                <gx:value>14.82</gx:value>
                <gx:value>13.99</gx:value>
                <gx:value>13.31</gx:value>
                <gx:value>13.32</gx:value>
                <gx:value>13.79</gx:value>
                <gx:value>14.15</gx:value>
                <gx:value>14.46</gx:value>
                <gx:value>14.69</gx:value>
                <gx:value>15.04</gx:value>
                <gx:value>15.15</gx:value>
                <gx:value>15.01</gx:value>
                <gx:value>14.86</gx:value>
                <gx:value>14.93</gx:value>
                <gx:value>15.06</gx:value>
                <gx:value>15.32</gx:value>
                <gx:value>15.57</gx:value>
                <gx:value>15.77</gx:value>
                <gx:value>15.88</gx:value>
                <gx:value>16.05</gx:value>
                <gx:value>16.37</gx:value>
                <gx:value>16.53</gx:value>
                <gx:value>16.38</gx:value>
                <gx:value>16.34</gx:value>
                <gx:value>16.43</gx:value>
                <gx:value>16.31</gx:value>
                <gx:value>16.09</gx:value>
                <gx:value>15.77</gx:value>
                <gx:value>15.55</gx:value>
                <gx:value>15.53</gx:value>
                <gx:value>15.48</gx:value>
                <gx:value>15.41</gx:value>
                <gx:value>15.01</gx:value>
                <gx:value>14.55</gx:value>
                <gx:value>13.9</gx:value>
                <gx:value>13.79</gx:value>
                <gx:value>13.86</gx:value>
                <gx:value>13.86</gx:value>
                <gx:value>14.05</gx:value>
                <gx:value>13.91</gx:value>
                <gx:value>13.39</gx:value>
                <gx:value>12.76</gx:value>
                <gx:value>12.28</gx:value>
                <gx:value>12.2</gx:value>
                <gx:value>12.13</gx:value>
                <gx:value>12.04</gx:value>
                <gx:value>11.8</gx:value>
                <gx:value>11.26</gx:value>
                <gx:value>10.99</gx:value>
                <gx:value>10.57</gx:value>
                <gx:value>9.77</gx:value>
                <gx:value>9.66</gx:value>
                <gx:value>8.7</gx:value>
                <gx:value>7.63</gx:value>
                <gx:value>8.67</gx:value>
                <gx:value>9.9</gx:value>
                <gx:value>10.78</gx:value>
                <gx:value>11.58</gx:value>
                <gx:value>11.4</gx:value>
                <gx:value>10.61</gx:value>
                <gx:value>9.53</gx:value>
                <gx:value>10.14</gx:value>
                <gx:value>10.96</gx:value>
                <gx:value>11.25</gx:value>
                <gx:value>11.36</gx:value>
                <gx:value>10.75</gx:value>
                <gx:value>10.77</gx:value>
                <gx:value>11.32</gx:value>
                <gx:value>12.01</gx:value>
                <gx:value>12.28</gx:value>
                <gx:value>11.75</gx:value>
                <gx:value>11.76</gx:value>
                <gx:value>12.32</gx:value>
                <gx:value>13.03</gx:value>
                <gx:value>13.8</gx:value>
                <gx:value>14.79</gx:value>
                <gx:value>16.1</gx:value>
                <gx:value>16.95</gx:value>
                <gx:value>17.67</gx:value>
                <gx:value>18.17</gx:value>
                <gx:value>18.25</gx:value>
                <gx:value>17.77</gx:value>
                <gx:value>16.59</gx:value>
                <gx:value>15.45</gx:value>
                <gx:value>13.6</gx:value>
                <gx:value>12.08</gx:value>
                <gx:value>11.07</gx:value>
                <gx:value>10.43</gx:value>
                <gx:value>10.15</gx:value>
                <gx:value>10.13</gx:value>
                <gx:value>10.14</gx:value>
                <gx:value>10.15</gx:value>
                <gx:value>10.34</gx:value>
                <gx:value>10.42</gx:value>
                <gx:value>10.52</gx:value>
                <gx:value>10.49</gx:value>
                <gx:value>10.65</gx:value>
                <gx:value>10.88</gx:value>
                <gx:value>10.83</gx:value>
                <gx:value>10.99</gx:value>
                <gx:value>11.3</gx:value>
                <gx:value>10.79</gx:value>
                <gx:value>10.42</gx:value>
                <gx:value>9.59</gx:value>
                <gx:value>8.69</gx:value>
                <gx:value>8.63</gx:value>
                <gx:value>9.04</gx:value>
                <gx:value>9.22</gx:value>
                <gx:value>8.9</gx:value>
                <gx:value>9.23</gx:value>
                <gx:value>8.72</gx:value>
                <gx:value>8.99</gx:value>
                <gx:value>8.65</gx:value>
                <gx:value>8.59</gx:value>
                <gx:value>8.63</gx:value>
                <gx:value>8.58</gx:value>
                <gx:value>9.27</gx:value>
                <gx:value>9.6</gx:value>
                <gx:value>8.94</gx:value>
                <gx:value>9.51</gx:value>
                <gx:value>10.29</gx:value>
                <gx:value>10.55</gx:value>
                <gx:value>10.64</gx:value>
                <gx:value>10.63</gx:value>
                <gx:value>10.77</gx:value>
                <gx:value>10.66</gx:value>
                <gx:value>10.32</gx:value>
                <gx:value>10.31</gx:value>
                <gx:value>10.62</gx:value>
                <gx:value>10.69</gx:value>
                <gx:value>11.05</gx:value>
                <gx:value>11.4</gx:value>
                <gx:value>11.65</gx:value>
                <gx:value>11.82</gx:value>
                <gx:value>12.15</gx:value>
                <gx:value>12.13</gx:value>
                <gx:value>11.86</gx:value>
                <gx:value>11.66</gx:value>
                <gx:value>11.45</gx:value>
                <gx:value>11.32</gx:value>
                <gx:value>11.17</gx:value>
                <gx:value>10.98</gx:value>
                <gx:value>11.04</gx:value>
                <gx:value>11.32</gx:value>
                <gx:value>11.16</gx:value>
                <gx:value>11.17</gx:value>
                <gx:value>11.3</gx:value>
                <gx:value>11.39</gx:value>
                <gx:value>11.47</gx:value>
                <gx:value>11.5</gx:value>
                <gx:value>11.55</gx:value>
                <gx:value>11.68</gx:value>
                <gx:value>11.81</gx:value>
                <gx:value>12.17</gx:value>
                <gx:value>12.86</gx:value>
                <gx:value>13.29</gx:value>
                <gx:value>13.8</gx:value>
                <gx:value>14.17</gx:value>
                <gx:value>14.31</gx:value>
                <gx:value>14.22</gx:value>
                <gx:value>14.39</gx:value>
                <gx:value>14.6</gx:value>
                <gx:value>14.79</gx:value>
                <gx:value>14.72</gx:value>
                <gx:value>14.46</gx:value>
                <gx:value>13.72</gx:value>
                <gx:value>12.2</gx:value>
                <gx:value>7.2</gx:value>
                <gx:value>5.17</gx:value>
                <gx:value>7.59</gx:value>
                <gx:value>9.15</gx:value>
                <gx:value>9.96</gx:value>
                <gx:value>10.81</gx:value>
                <gx:value>11.49</gx:value>
                <gx:value>12.02</gx:value>
                <gx:value>12.5</gx:value>
                <gx:value>13.01</gx:value>
                <gx:value>13.51</gx:value>
                <gx:value>13.9</gx:value>
                <gx:value>14.2</gx:value>
                <gx:value>14.45</gx:value>
                <gx:value>14.75</gx:value>
                <gx:value>14.89</gx:value>
                <gx:value>14.82</gx:value>
                <gx:value>14.77</gx:value>
                <gx:value>14.58</gx:value>
                <gx:value>14.16</gx:value>
                <gx:value>12.8</gx:value>
                <gx:value>6.89</gx:value>
                <gx:value>3.67</gx:value>
                <gx:value>6.64</gx:value>
                <gx:value>8.96</gx:value>
                <gx:value>9.82</gx:value>
                <gx:value>10.47</gx:value>
                <gx:value>11.01</gx:value>
                <gx:value>11.36</gx:value>
                <gx:value>11.65</gx:value>
                <gx:value>12.01</gx:value>
                <gx:value>12.54</gx:value>
                <gx:value>12.98</gx:value>
                <gx:value>13.78</gx:value>
                <gx:value>14.26</gx:value>
                <gx:value>14.71</gx:value>
                <gx:value>14.91</gx:value>
                <gx:value>15.15</gx:value>
                <gx:value>15.28</gx:value>
                <gx:value>15.2</gx:value>
                <gx:value>15.01</gx:value>
                <gx:value>15.28</gx:value>
                <gx:value>15.59</gx:value>
                <gx:value>15.91</gx:value>
                <gx:value>15.87</gx:value>
                <gx:value>15.85</gx:value>
                <gx:value>15.61</gx:value>
                <gx:value>15.35</gx:value>
                <gx:value>15.21</gx:value>
                <gx:value>14.99</gx:value>
                <gx:value>14.74</gx:value>
                <gx:value>14.5</gx:value>
                <gx:value>14.74</gx:value>
                <gx:value>14.98</gx:value>
                <gx:value>15.15</gx:value>
                <gx:value>15.26</gx:value>
                <gx:value>15.21</gx:value>
                <gx:value>14.87</gx:value>
                <gx:value>14.53</gx:value>
                <gx:value>13.27</gx:value>
                <gx:value>12.48</gx:value>
                <gx:value>12.3</gx:value>
                <gx:value>12.23</gx:value>
                <gx:value>12.18</gx:value>
                <gx:value>12.38</gx:value>
                <gx:value>12.53</gx:value>
                <gx:value>12.72</gx:value>
                <gx:value>12.98</gx:value>
                <gx:value>13.13</gx:value>
                <gx:value>13.28</gx:value>
                <gx:value>13.39</gx:value>
                <gx:value>13.48</gx:value>
                <gx:value>13.56</gx:value>
                <gx:value>13.89</gx:value>
                <gx:value>14.03</gx:value>
                <gx:value>13.69</gx:value>
                <gx:value>13.25</gx:value>
                <gx:value>13.24</gx:value>
                <gx:value>13.5</gx:value>
                <gx:value>13.65</gx:value>
                <gx:value>13.37</gx:value>
                <gx:value>12.97</gx:value>
                <gx:value>12.76</gx:value>
                <gx:value>12.42</gx:value>
                <gx:value>12.04</gx:value>
                <gx:value>11.62</gx:value>
                <gx:value>11.23</gx:value>
                <gx:value>10.88</gx:value>
                <gx:value>10.97</gx:value>
                <gx:value>11.05</gx:value>
                <gx:value>10.93</gx:value>
                <gx:value>10.76</gx:value>
                <gx:value>10.46</gx:value>
                <gx:value>10.34</gx:value>
                <gx:value>10.18</gx:value>
                <gx:value>10.31</gx:value>
                <gx:value>10.49</gx:value>
                <gx:value>10.6</gx:value>
                <gx:value>10.72</gx:value>
                <gx:value>10.83</gx:value>
                <gx:value>10.67</gx:value>
                <gx:value>10.62</gx:value>
                <gx:value>10.58</gx:value>
                <gx:value>10.67</gx:value>
                <gx:value>10.69</gx:value>
                <gx:value>10.58</gx:value>
                <gx:value>10.43</gx:value>
                <gx:value>10.22</gx:value>
                <gx:value>10.09</gx:value>
                <gx:value>10.24</gx:value>
                <gx:value>10.49</gx:value>
                <gx:value>10.6</gx:value>
                <gx:value>10.72</gx:value>
                <gx:value>10.76</gx:value>
                <gx:value>10.69</gx:value>
                <gx:value>10.63</gx:value>
                <gx:value>10.68</gx:value>
                <gx:value>11.02</gx:value>
                <gx:value>11.53</gx:value>
                <gx:value>12.2</gx:value>
                <gx:value>12.98</gx:value>
                <gx:value>13.69</gx:value>
                <gx:value>14.26</gx:value>
                <gx:value>14.93</gx:value>
                <gx:value>15.61</gx:value>
                <gx:value>16</gx:value>
                <gx:value>16.62</gx:value>
                <gx:value>16.89</gx:value>
                <gx:value>17.22</gx:value>
                <gx:value>17.37</gx:value>
                <gx:value>17.6</gx:value>
                <gx:value>17.64</gx:value>
                <gx:value>17.79</gx:value>
                <gx:value>17.63</gx:value>
                <gx:value>17.4</gx:value>
                <gx:value>16.96</gx:value>
                <gx:value>16.13</gx:value>
                <gx:value>15.65</gx:value>
                <gx:value>15.67</gx:value>
                <gx:value>16.09</gx:value>
                <gx:value>16.34</gx:value>
                <gx:value>16.59</gx:value>
                <gx:value>16.77</gx:value>
                <gx:value>16.9</gx:value>
                <gx:value>16.93</gx:value>
                <gx:value>16.65</gx:value>
                <gx:value>15.21</gx:value>
                <gx:value>14.19</gx:value>
                <gx:value>12.71</gx:value>
                <gx:value>12.04</gx:value>
                <gx:value>11.97</gx:value>
                <gx:value>12.37</gx:value>
                <gx:value>12.66</gx:value>
                <gx:value>12.92</gx:value>
                <gx:value>12.96</gx:value>
                <gx:value>12.38</gx:value>
                <gx:value>11.67</gx:value>
                <gx:value>11.31</gx:value>
                <gx:value>11.34</gx:value>
                <gx:value>11.36</gx:value>
                <gx:value>11.38</gx:value>
                <gx:value>10.83</gx:value>
                <gx:value>10.48</gx:value>
                <gx:value>11.11</gx:value>
                <gx:value>12.01</gx:value>
                <gx:value>12.78</gx:value>
                <gx:value>13.59</gx:value>
                <gx:value>14.45</gx:value>
                <gx:value>15.25</gx:value>
                <gx:value>15.94</gx:value>
                <gx:value>16.65</gx:value>
                <gx:value>17.42</gx:value>
                <gx:value>18.13</gx:value>
                <gx:value>18.71</gx:value>
                <gx:value>19.17</gx:value>
                <gx:value>19.46</gx:value>
                <gx:value>19.73</gx:value>
                <gx:value>19.72</gx:value>
                <gx:value>19.75</gx:value>
                <gx:value>19.02</gx:value>
                <gx:value>18.06</gx:value>
                <gx:value>17.09</gx:value>
                <gx:value>16.01</gx:value>
                <gx:value>15.34</gx:value>
                <gx:value>14.66</gx:value>
                <gx:value>14.36</gx:value>
                <gx:value>13.95</gx:value>
                <gx:value>14.57</gx:value>
                <gx:value>14.39</gx:value>
                <gx:value>14.47</gx:value>
                <gx:value>14.61</gx:value>
                <gx:value>14.71</gx:value>
                <gx:value>14.64</gx:value>
                <gx:value>14.93</gx:value>
                <gx:value>14.75</gx:value>
                <gx:value>14.1</gx:value>
                <gx:value>13.8</gx:value>
                <gx:value>13.85</gx:value>
                <gx:value>13.97</gx:value>
                <gx:value>14.24</gx:value>
                <gx:value>14.84</gx:value>
                <gx:value>15.37</gx:value>
                <gx:value>15.88</gx:value>
                <gx:value>16.07</gx:value>
                <gx:value>16.07</gx:value>
                <gx:value>16.16</gx:value>
                <gx:value>15.93</gx:value>
                <gx:value>15.12</gx:value>
                <gx:value>13.9</gx:value>
                <gx:value>12.87</gx:value>
                <gx:value>12.51</gx:value>
                <gx:value>12.11</gx:value>
                <gx:value>11.4</gx:value>
                <gx:value>11.14</gx:value>
                <gx:value>11.1</gx:value>
                <gx:value>11.18</gx:value>
                <gx:value>11.2</gx:value>
                <gx:value>11.29</gx:value>
                <gx:value>11.7</gx:value>
                <gx:value>12.24</gx:value>
                <gx:value>12.7</gx:value>
                <gx:value>13.04</gx:value>
                <gx:value>13.61</gx:value>
                <gx:value>13.22</gx:value>
                <gx:value>12.23</gx:value>
                <gx:value>9.73</gx:value>
                <gx:value>9.21</gx:value>
                <gx:value>10.07</gx:value>
                <gx:value>10.98</gx:value>
                <gx:value>12.32</gx:value>
                <gx:value>13.27</gx:value>
                <gx:value>14.26</gx:value>
                <gx:value>15.17</gx:value>
                <gx:value>16</gx:value>
                <gx:value>16.73</gx:value>
                <gx:value>17.16</gx:value>
                <gx:value>17.53</gx:value>
                <gx:value>17.76</gx:value>
                <gx:value>17.72</gx:value>
                <gx:value>17.23</gx:value>
                <gx:value>16.55</gx:value>
                <gx:value>16.3</gx:value>
                <gx:value>16.27</gx:value>
                <gx:value>16.44</gx:value>
                <gx:value>16.68</gx:value>
                <gx:value>16.98</gx:value>
                <gx:value>16.86</gx:value>
                <gx:value>15.96</gx:value>
                <gx:value>14.66</gx:value>
                <gx:value>14.08</gx:value>
                <gx:value>13.96</gx:value>
                <gx:value>13.88</gx:value>
                <gx:value>13.31</gx:value>
                <gx:value>11.66</gx:value>
                <gx:value>7.19</gx:value>
                <gx:value>8</gx:value>
                <gx:value>9.23</gx:value>
                <gx:value>10.42</gx:value>
                <gx:value>10.98</gx:value>
                <gx:value>10.89</gx:value>
                <gx:value>10.91</gx:value>
                <gx:value>11.33</gx:value>
                <gx:value>11.95</gx:value>
                <gx:value>12.56</gx:value>
                <gx:value>13.24</gx:value>
                <gx:value>13.55</gx:value>
                <gx:value>13.28</gx:value>
                <gx:value>12.9</gx:value>
                <gx:value>12.83</gx:value>
                <gx:value>12.74</gx:value>
                <gx:value>12.86</gx:value>
                <gx:value>13.3</gx:value>
                <gx:value>13.84</gx:value>
                <gx:value>14.33</gx:value>
                <gx:value>14.34</gx:value>
                <gx:value>13.82</gx:value>
                <gx:value>13.36</gx:value>
                <gx:value>13.06</gx:value>
                <gx:value>12.79</gx:value>
                <gx:value>12.81</gx:value>
                <gx:value>12.93</gx:value>
                <gx:value>12.97</gx:value>
                <gx:value>12.74</gx:value>
                <gx:value>12.78</gx:value>
                <gx:value>13.41</gx:value>
                <gx:value>14.18</gx:value>
                <gx:value>14.57</gx:value>
                <gx:value>14.69</gx:value>
                <gx:value>14.64</gx:value>
                <gx:value>14.46</gx:value>
                <gx:value>14.51</gx:value>
                <gx:value>14.62</gx:value>
                <gx:value>14.74</gx:value>
                <gx:value>14.7</gx:value>
                <gx:value>14.67</gx:value>
                <gx:value>14.17</gx:value>
                <gx:value>13.57</gx:value>
                <gx:value>14.17</gx:value>
                <gx:value>14.55</gx:value>
                <gx:value>14.84</gx:value>
                <gx:value>15.14</gx:value>
                <gx:value>15.53</gx:value>
                <gx:value>16.13</gx:value>
                <gx:value>16.82</gx:value>
                <gx:value>17.04</gx:value>
                <gx:value>15.95</gx:value>
                <gx:value>15.02</gx:value>
                <gx:value>14.07</gx:value>
                <gx:value>13.6</gx:value>
                <gx:value>13.28</gx:value>
                <gx:value>13.14</gx:value>
                <gx:value>13.42</gx:value>
                <gx:value>13.37</gx:value>
                <gx:value>13.47</gx:value>
                <gx:value>13.54</gx:value>
                <gx:value>12.95</gx:value>
                <gx:value>12.86</gx:value>
                <gx:value>12.79</gx:value>
                <gx:value>12.97</gx:value>
                <gx:value>13.26</gx:value>
                <gx:value>13.38</gx:value>
                <gx:value>13.69</gx:value>
                <gx:value>13.88</gx:value>
                <gx:value>14.13</gx:value>
                <gx:value>14.5</gx:value>
                <gx:value>14.82</gx:value>
                <gx:value>15.17</gx:value>
                <gx:value>15.3</gx:value>
                <gx:value>15.51</gx:value>
                <gx:value>15.72</gx:value>
                <gx:value>16.11</gx:value>
                <gx:value>16.54</gx:value>
                <gx:value>16.72</gx:value>
                <gx:value>16.95</gx:value>
                <gx:value>17.33</gx:value>
                <gx:value>17.41</gx:value>
                <gx:value>17.38</gx:value>
                <gx:value>17.36</gx:value>
                <gx:value>17.52</gx:value>
                <gx:value>17.54</gx:value>
                <gx:value>17.39</gx:value>
                <gx:value>17.22</gx:value>
                <gx:value>17</gx:value>
                <gx:value>16.77</gx:value>
                <gx:value>17.11</gx:value>
                <gx:value>17.48</gx:value>
                <gx:value>17.47</gx:value>
                <gx:value>16.66</gx:value>
                <gx:value>15.85</gx:value>
                <gx:value>15.34</gx:value>
                <gx:value>14.62</gx:value>
                <gx:value>13.97</gx:value>
                <gx:value>13.64</gx:value>
                <gx:value>13.41</gx:value>
                <gx:value>13.22</gx:value>
                <gx:value>12.48</gx:value>
                <gx:value>11.56</gx:value>
                <gx:value>11.31</gx:value>
                <gx:value>11.14</gx:value>
                <gx:value>11.07</gx:value>
                <gx:value>11.02</gx:value>
                <gx:value>11.16</gx:value>
                <gx:value>11.72</gx:value>
                <gx:value>12.37</gx:value>
                <gx:value>13.03</gx:value>
                <gx:value>13.52</gx:value>
                <gx:value>13.92</gx:value>
                <gx:value>14.32</gx:value>
                <gx:value>14.69</gx:value>
                <gx:value>14.94</gx:value>
                <gx:value>15.38</gx:value>
                <gx:value>15.63</gx:value>
                <gx:value>16.12</gx:value>
                <gx:value>16.62</gx:value>
                <gx:value>17.22</gx:value>
                <gx:value>18.74</gx:value>
                <gx:value>19.55</gx:value>
                <gx:value>20.3</gx:value>
                <gx:value>20.68</gx:value>
                <gx:value>21.03</gx:value>
                <gx:value>21.02</gx:value>
                <gx:value>20.99</gx:value>
                <gx:value>20.66</gx:value>
                <gx:value>20.33</gx:value>
                <gx:value>20.17</gx:value>
                <gx:value>20.18</gx:value>
                <gx:value>20.3</gx:value>
                <gx:value>20.31</gx:value>
                <gx:value>20.23</gx:value>
                <gx:value>20.13</gx:value>
                <gx:value>20.16</gx:value>
                <gx:value>20.11</gx:value>
                <gx:value>19.84</gx:value>
                <gx:value>20</gx:value>
                <gx:value>19.91</gx:value>
                <gx:value>19.89</gx:value>
                <gx:value>19.95</gx:value>
                <gx:value>19.49</gx:value>
                <gx:value>19.29</gx:value>
                <gx:value>18.76</gx:value>
                <gx:value>17.85</gx:value>
                <gx:value>16.84</gx:value>
                <gx:value>15.73</gx:value>
                <gx:value>14.54</gx:value>
                <gx:value>14.07</gx:value>
                <gx:value>13.57</gx:value>
                <gx:value>13.38</gx:value>
                <gx:value>13.51</gx:value>
                <gx:value>13.41</gx:value>
                <gx:value>13.01</gx:value>
                <gx:value>12.84</gx:value>
                <gx:value>12.33</gx:value>
                <gx:value>11.81</gx:value>
                <gx:value>11.81</gx:value>
                <gx:value>12.02</gx:value>
                <gx:value>12.86</gx:value>
                <gx:value>14.01</gx:value>
                <gx:value>14.96</gx:value>
                <gx:value>15.53</gx:value>
                <gx:value>15.26</gx:value>
                <gx:value>15.1</gx:value>
                <gx:value>15.36</gx:value>
                <gx:value>15.6</gx:value>
                <gx:value>16.01</gx:value>
                <gx:value>16.71</gx:value>
                <gx:value>17.05</gx:value>
                <gx:value>17.28</gx:value>
                <gx:value>17.11</gx:value>
                <gx:value>16.8</gx:value>
                <gx:value>16.51</gx:value>
                <gx:value>16.5</gx:value>
                <gx:value>16.27</gx:value>
                <gx:value>16.41</gx:value>
                <gx:value>16.73</gx:value>
                <gx:value>16.95</gx:value>
                <gx:value>16.73</gx:value>
                <gx:value>15.93</gx:value>
                <gx:value>15.12</gx:value>
                <gx:value>14.74</gx:value>
                <gx:value>13.66</gx:value>
                <gx:value>12.94</gx:value>
                <gx:value>13.28</gx:value>
                <gx:value>13.83</gx:value>
                <gx:value>14.29</gx:value>
                <gx:value>14.46</gx:value>
                <gx:value>14.53</gx:value>
                <gx:value>14.42</gx:value>
                <gx:value>14.08</gx:value>
                <gx:value>13.76</gx:value>
                <gx:value>12.22</gx:value>
                <gx:value>11.36</gx:value>
                <gx:value>11.53</gx:value>
                <gx:value>12.09</gx:value>
                <gx:value>12.36</gx:value>
                <gx:value>12.55</gx:value>
                <gx:value>13.3</gx:value>
                <gx:value>13.85</gx:value>
                <gx:value>14.33</gx:value>
                <gx:value>14.78</gx:value>
                <gx:value>15.1</gx:value>
                <gx:value>15.46</gx:value>
                <gx:value>15.83</gx:value>
                <gx:value>16.22</gx:value>
                <gx:value>16.46</gx:value>
                <gx:value>16.64</gx:value>
                <gx:value>16.64</gx:value>
                <gx:value>16.53</gx:value>
                <gx:value>16.29</gx:value>
                <gx:value>16.02</gx:value>
                <gx:value>15.76</gx:value>
                <gx:value>15.57</gx:value>
                <gx:value>15.49</gx:value>
                <gx:value>15.76</gx:value>
                <gx:value>16.18</gx:value>
                <gx:value>16.59</gx:value>
                <gx:value>16.63</gx:value>
                <gx:value>16.79</gx:value>
                <gx:value>17.03</gx:value>
                <gx:value>16.66</gx:value>
                <gx:value>16.27</gx:value>
                <gx:value>15.76</gx:value>
                <gx:value>15.39</gx:value>
                <gx:value>15.34</gx:value>
                <gx:value>15.09</gx:value>
                <gx:value>14.57</gx:value>
                <gx:value>14.26</gx:value>
                <gx:value>14.38</gx:value>
                <gx:value>14.25</gx:value>
                <gx:value>13.98</gx:value>
                <gx:value>13.57</gx:value>
                <gx:value>13.19</gx:value>
                <gx:value>13.29</gx:value>
                <gx:value>13.84</gx:value>
                <gx:value>14.27</gx:value>
                <gx:value>14.73</gx:value>
                <gx:value>15.23</gx:value>
                <gx:value>15.69</gx:value>
                <gx:value>16.2</gx:value>
                <gx:value>16.5</gx:value>
                <gx:value>16.29</gx:value>
                <gx:value>15.83</gx:value>
                <gx:value>15.39</gx:value>
                <gx:value>14.75</gx:value>
                <gx:value>14.17</gx:value>
                <gx:value>13.65</gx:value>
                <gx:value>13.25</gx:value>
                <gx:value>13.16</gx:value>
                <gx:value>13.04</gx:value>
                <gx:value>12.6</gx:value>
                <gx:value>11.99</gx:value>
                <gx:value>11.13</gx:value>
                <gx:value>8.15</gx:value>
                <gx:value>4.41</gx:value>
                <gx:value>4.53</gx:value>
                <gx:value>7.68</gx:value>
                <gx:value>9.96</gx:value>
                <gx:value>11.02</gx:value>
                <gx:value>11.78</gx:value>
                <gx:value>12.54</gx:value>
                <gx:value>13.13</gx:value>
                <gx:value>13.36</gx:value>
                <gx:value>13.06</gx:value>
                <gx:value>12.96</gx:value>
                <gx:value>13.37</gx:value>
                <gx:value>14.06</gx:value>
                <gx:value>14.74</gx:value>
                <gx:value>14.79</gx:value>
                <gx:value>14.99</gx:value>
                <gx:value>14.64</gx:value>
                <gx:value>14.42</gx:value>
                <gx:value>14.05</gx:value>
                <gx:value>13.67</gx:value>
                <gx:value>13.5</gx:value>
                <gx:value>13.68</gx:value>
                <gx:value>13.47</gx:value>
                <gx:value>12.91</gx:value>
                <gx:value>12.85</gx:value>
                <gx:value>12.76</gx:value>
                <gx:value>13.09</gx:value>
                <gx:value>13.16</gx:value>
                <gx:value>13.2</gx:value>
                <gx:value>12.67</gx:value>
                <gx:value>11.1</gx:value>
                <gx:value>9.21</gx:value>
                <gx:value>8.41</gx:value>
                <gx:value>8.51</gx:value>
                <gx:value>8.64</gx:value>
                <gx:value>10.33</gx:value>
                <gx:value>10.95</gx:value>
                <gx:value>11.47</gx:value>
                <gx:value>12.08</gx:value>
                <gx:value>12.51</gx:value>
                <gx:value>12.83</gx:value>
                <gx:value>12.93</gx:value>
                <gx:value>13.11</gx:value>
                <gx:value>12.73</gx:value>
                <gx:value>12.86</gx:value>
                <gx:value>12.63</gx:value>
                <gx:value>12.61</gx:value>
                <gx:value>12.55</gx:value>
                <gx:value>11.94</gx:value>
                <gx:value>10.98</gx:value>
                <gx:value>9.9</gx:value>
                <gx:value>10.5</gx:value>
                <gx:value>11.39</gx:value>
                <gx:value>12.43</gx:value>
                <gx:value>12.97</gx:value>
                <gx:value>13.77</gx:value>
                <gx:value>14.26</gx:value>
                <gx:value>13.93</gx:value>
                <gx:value>13.42</gx:value>
                <gx:value>13.01</gx:value>
                <gx:value>12.92</gx:value>
                <gx:value>13.25</gx:value>
                <gx:value>13.63</gx:value>
                <gx:value>14.43</gx:value>
                <gx:value>12.37</gx:value>
                <gx:value>14.62</gx:value>
                <gx:value>14.85</gx:value>
                <gx:value>14.75</gx:value>
                <gx:value>14.72</gx:value>
                <gx:value>13.72</gx:value>
                <gx:value>12.18</gx:value>
                <gx:value>11.13</gx:value>
                <gx:value>10.64</gx:value>
                <gx:value>10.38</gx:value>
                <gx:value>10.3</gx:value>
                <gx:value>10.26</gx:value>
                <gx:value>9.64</gx:value>
                <gx:value>9.2</gx:value>
                <gx:value>8.57</gx:value>
                <gx:value>6.9</gx:value>
                <gx:value>5.51</gx:value>
                <gx:value>5.67</gx:value>
                <gx:value>6.53</gx:value>
                <gx:value>7.38</gx:value>
                <gx:value>7.54</gx:value>
                <gx:value>7.63</gx:value>
                <gx:value>8.8</gx:value>
                <gx:value>8.7</gx:value>
                <gx:value>8.84</gx:value>
                <gx:value>7.81</gx:value>
                <gx:value>6.46</gx:value>
                <gx:value>6.03</gx:value>
                <gx:value>6.24</gx:value>
                <gx:value>4</gx:value>
                <gx:value>4.32</gx:value>
                <gx:value>2.95</gx:value>
                <gx:value>4.58</gx:value>
                <gx:value>5.18</gx:value>
                <gx:value>2.61</gx:value>
                <gx:value>4.45</gx:value>
                <gx:value>6.71</gx:value>
                <gx:value>8.34</gx:value>
                <gx:value>9.58</gx:value>
                <gx:value>10.13</gx:value>
                <gx:value>10.54</gx:value>
                <gx:value>11.04</gx:value>
                <gx:value>11.49</gx:value>
                <gx:value>11.91</gx:value>
                <gx:value>12.33</gx:value>
                <gx:value>12.66</gx:value>
                <gx:value>12.99</gx:value>
                <gx:value>13.35</gx:value>
                <gx:value>13.66</gx:value>
                <gx:value>13.76</gx:value>
                <gx:value>13.54</gx:value>
                <gx:value>13.46</gx:value>
                <gx:value>13.51</gx:value>
                <gx:value>13.65</gx:value>
                <gx:value>13.65</gx:value>
                <gx:value>12.92</gx:value>
                <gx:value>11.89</gx:value>
                <gx:value>10.4</gx:value>
                <gx:value>9.99</gx:value>
                <gx:value>9.93</gx:value>
                <gx:value>9.4</gx:value>
                <gx:value>10.15</gx:value>
                <gx:value>10.54</gx:value>
                <gx:value>11.27</gx:value>
                <gx:value>12.11</gx:value>
                <gx:value>12.53</gx:value>
                <gx:value>12.61</gx:value>
                <gx:value>13.11</gx:value>
                <gx:value>13.3</gx:value>
                <gx:value>13.52</gx:value>
                <gx:value>13.77</gx:value>
                <gx:value>13.87</gx:value>
                <gx:value>14.14</gx:value>
                <gx:value>13.88</gx:value>
                <gx:value>13.78</gx:value>
                <gx:value>12.98</gx:value>
                <gx:value>11.97</gx:value>
                <gx:value>11.13</gx:value>
                <gx:value>11.08</gx:value>
                <gx:value>8.41</gx:value>
                <gx:value>8.12</gx:value>
                <gx:value>7.03</gx:value>
                <gx:value>6.06</gx:value>
                <gx:value>6.97</gx:value>
                <gx:value>8.61</gx:value>
                <gx:value>8.79</gx:value>
                <gx:value>8.03</gx:value>
                <gx:value>7.81</gx:value>
                <gx:value>8.54</gx:value>
                <gx:value>9.91</gx:value>
                <gx:value>10.56</gx:value>
                <gx:value>10.63</gx:value>
                <gx:value>11.49</gx:value>
                <gx:value>12.33</gx:value>
                <gx:value>12.01</gx:value>
                <gx:value>12.15</gx:value>
                <gx:value>12.42</gx:value>
                <gx:value>12.84</gx:value>
                <gx:value>12.88</gx:value>
                <gx:value>12.33</gx:value>
                <gx:value>11.64</gx:value>
                <gx:value>11.75</gx:value>
                <gx:value>12.17</gx:value>
                <gx:value>13.02</gx:value>
                <gx:value>13.54</gx:value>
                <gx:value>13.94</gx:value>
                <gx:value>14.58</gx:value>
                <gx:value>14.9</gx:value>
                <gx:value>15.26</gx:value>
                <gx:value>15.33</gx:value>
                <gx:value>15.09</gx:value>
                <gx:value>14.66</gx:value>
                <gx:value>13.34</gx:value>
                <gx:value>11.23</gx:value>
                <gx:value>5.83</gx:value>
                <gx:value>4.65</gx:value>
                <gx:value>7.78</gx:value>
                <gx:value>9.41</gx:value>
                <gx:value>9.94</gx:value>
                <gx:value>10.61</gx:value>
                <gx:value>11.22</gx:value>
                <gx:value>11.68</gx:value>
                <gx:value>11.93</gx:value>
                <gx:value>12.56</gx:value>
                <gx:value>12.99</gx:value>
                <gx:value>13.33</gx:value>
                <gx:value>14.05</gx:value>
                <gx:value>13.61</gx:value>
                <gx:value>12.33</gx:value>
                <gx:value>6.14</gx:value>
                <gx:value>4.22</gx:value>
                <gx:value>7.79</gx:value>
                <gx:value>9.5</gx:value>
                <gx:value>10.35</gx:value>
                <gx:value>10.82</gx:value>
                <gx:value>11.18</gx:value>
                <gx:value>11.91</gx:value>
                <gx:value>12.67</gx:value>
                <gx:value>13.1</gx:value>
                <gx:value>13.71</gx:value>
                <gx:value>14.5</gx:value>
                <gx:value>14.97</gx:value>
                <gx:value>15.72</gx:value>
                <gx:value>16.53</gx:value>
                <gx:value>16.23</gx:value>
                <gx:value>16.56</gx:value>
                <gx:value>16.29</gx:value>
                <gx:value>15.94</gx:value>
                <gx:value>15.43</gx:value>
                <gx:value>15.22</gx:value>
                <gx:value>14.98</gx:value>
                <gx:value>15.08</gx:value>
                <gx:value>15.53</gx:value>
                <gx:value>15.62</gx:value>
                <gx:value>16.01</gx:value>
                <gx:value>16.28</gx:value>
                <gx:value>16.72</gx:value>
                <gx:value>17.04</gx:value>
                <gx:value>17.15</gx:value>
                <gx:value>17.42</gx:value>
                <gx:value>17.9</gx:value>
                <gx:value>18.42</gx:value>
                <gx:value>18.41</gx:value>
                <gx:value>18.41</gx:value>
                <gx:value>18.69</gx:value>
                <gx:value>18.61</gx:value>
                <gx:value>18.83</gx:value>
                <gx:value>18.63</gx:value>
                <gx:value>18.24</gx:value>
                <gx:value>18.13</gx:value>
                <gx:value>17.97</gx:value>
                <gx:value>17.78</gx:value>
                <gx:value>17.85</gx:value>
                <gx:value>17.71</gx:value>
                <gx:value>17.55</gx:value>
                <gx:value>17.24</gx:value>
                <gx:value>16.86</gx:value>
                <gx:value>15.81</gx:value>
                <gx:value>15.42</gx:value>
                <gx:value>14.83</gx:value>
                <gx:value>13.26</gx:value>
                <gx:value>12.39</gx:value>
                <gx:value>11.87</gx:value>
                <gx:value>11.38</gx:value>
                <gx:value>10.52</gx:value>
                <gx:value>10.1</gx:value>
                <gx:value>10.16</gx:value>
                <gx:value>10.54</gx:value>
                <gx:value>10.99</gx:value>
                <gx:value>11.19</gx:value>
                <gx:value>11.17</gx:value>
                <gx:value>11.03</gx:value>
                <gx:value>10.14</gx:value>
                <gx:value>9.55</gx:value>
                <gx:value>9.08</gx:value>
                <gx:value>10.28</gx:value>
                <gx:value>10.23</gx:value>
                <gx:value>10.28</gx:value>
                <gx:value>10.33</gx:value>
                <gx:value>9.66</gx:value>
                <gx:value>9.93</gx:value>
                <gx:value>9.31</gx:value>
                <gx:value>8.4</gx:value>
                <gx:value>8.84</gx:value>
                <gx:value>9.96</gx:value>
                <gx:value>10.17</gx:value>
                <gx:value>10.21</gx:value>
                <gx:value>10.8</gx:value>
                <gx:value>10.78</gx:value>
                <gx:value>8.59</gx:value>
                <gx:value>8.16</gx:value>
                <gx:value>9.4</gx:value>
                <gx:value>10.08</gx:value>
                <gx:value>10.22</gx:value>
                <gx:value>10.51</gx:value>
                <gx:value>10.36</gx:value>
                <gx:value>10.12</gx:value>
                <gx:value>10.24</gx:value>
                <gx:value>10.38</gx:value>
                <gx:value>10.12</gx:value>
                <gx:value>9.9</gx:value>
                <gx:value>10.02</gx:value>
                <gx:value>10.43</gx:value>
                <gx:value>10.83</gx:value>
                <gx:value>10.65</gx:value>
                <gx:value>9.59</gx:value>
                <gx:value>9.6</gx:value>
                <gx:value>10.01</gx:value>
                <gx:value>9.98</gx:value>
                <gx:value>10.15</gx:value>
                <gx:value>10.06</gx:value>
                <gx:value>9.32</gx:value>
                <gx:value>9.24</gx:value>
                <gx:value>9.45</gx:value>
                <gx:value>10.49</gx:value>
                <gx:value>11.15</gx:value>
                <gx:value>11.86</gx:value>
                <gx:value>12.14</gx:value>
                <gx:value>11.91</gx:value>
                <gx:value>11.46</gx:value>
                <gx:value>10.98</gx:value>
                <gx:value>9.99</gx:value>
                <gx:value>7.22</gx:value>
                <gx:value>5.86</gx:value>
                <gx:value>3.18</gx:value>
                <gx:value>3.36</gx:value>
                <gx:value>5.12</gx:value>
                <gx:value>5.87</gx:value>
                <gx:value>4.97</gx:value>
                <gx:value>2.46</gx:value>
                <gx:value>3.26</gx:value>
                <gx:value>6.22</gx:value>
                <gx:value>8.65</gx:value>
                <gx:value>9.24</gx:value>
                <gx:value>9.2</gx:value>
                <gx:value>9.21</gx:value>
                <gx:value>8.78</gx:value>
                <gx:value>8.19</gx:value>
                <gx:value>7.94</gx:value>
                <gx:value>7.38</gx:value>
                <gx:value>6.77</gx:value>
                <gx:value>7.07</gx:value>
                <gx:value>5.16</gx:value>
                <gx:value>0</gx:value>
                <gx:value>3.31</gx:value>
                <gx:value>3.13</gx:value>
                <gx:value>4.1</gx:value>
                <gx:value>4.79</gx:value>
                <gx:value>5.32</gx:value>
                <gx:value>6.32</gx:value>
                <gx:value>6.46</gx:value>
                <gx:value>7.36</gx:value>
                <gx:value>7.14</gx:value>
                <gx:value>7.78</gx:value>
                <gx:value>7.86</gx:value>
                <gx:value>7.25</gx:value>
                <gx:value>6.75</gx:value>
                <gx:value>5.45</gx:value>
                <gx:value>4.61</gx:value>
                <gx:value>5.12</gx:value>
                <gx:value>3</gx:value>
                <gx:value>3.67</gx:value>
                <gx:value>4.21</gx:value>
                <gx:value>5.36</gx:value>
                <gx:value>6.47</gx:value>
                <gx:value>7.16</gx:value>
                <gx:value>7.4</gx:value>
                <gx:value>7.87</gx:value>
                <gx:value>8</gx:value>
                <gx:value>9.19</gx:value>
                <gx:value>9.77</gx:value>
                <gx:value>10.08</gx:value>
                <gx:value>10.26</gx:value>
                <gx:value>10.3</gx:value>
                <gx:value>10.36</gx:value>
                <gx:value>10.27</gx:value>
                <gx:value>10.21</gx:value>
                <gx:value>10.68</gx:value>
                <gx:value>11.22</gx:value>
                <gx:value>11.54</gx:value>
                <gx:value>11.65</gx:value>
                <gx:value>11.28</gx:value>
                <gx:value>8.43</gx:value>
                <gx:value>5.25</gx:value>
                <gx:value>4.26</gx:value>
                <gx:value>6.84</gx:value>
                <gx:value>8.76</gx:value>
                <gx:value>10.32</gx:value>
                <gx:value>10.8</gx:value>
                <gx:value>10.85</gx:value>
                <gx:value>10.32</gx:value>
                <gx:value>7.44</gx:value>
                <gx:value>4.92</gx:value>
                <gx:value>3.13</gx:value>
                <gx:value>3.72</gx:value>
                <gx:value>6.08</gx:value>
                <gx:value>6.81</gx:value>
                <gx:value>4.91</gx:value>
                <gx:value>5.88</gx:value>
                <gx:value>8.06</gx:value>
                <gx:value>8.97</gx:value>
                <gx:value>7.32</gx:value>
                <gx:value>0.91</gx:value>
                <gx:value>2.51</gx:value>
                <gx:value>2.57</gx:value>
                <gx:value>2.77</gx:value>
                <gx:value>1.82</gx:value>
                <gx:value>2.07</gx:value>
                <gx:value>5.46</gx:value>
                <gx:value>8.08</gx:value>
                <gx:value>9.97</gx:value>
                <gx:value>10.74</gx:value>
                <gx:value>11.58</gx:value>
                <gx:value>12.28</gx:value>
                <gx:value>12.82</gx:value>
                <gx:value>13.38</gx:value>
                <gx:value>13.97</gx:value>
                <gx:value>14.48</gx:value>
                <gx:value>14.91</gx:value>
                <gx:value>15.41</gx:value>
                <gx:value>15.67</gx:value>
                <gx:value>16</gx:value>
                <gx:value>16.23</gx:value>
                <gx:value>16.08</gx:value>
                <gx:value>15.88</gx:value>
                <gx:value>15.64</gx:value>
                <gx:value>15.21</gx:value>
                <gx:value>14.89</gx:value>
                <gx:value>14.48</gx:value>
                <gx:value>14.29</gx:value>
                <gx:value>14.04</gx:value>
                <gx:value>13.79</gx:value>
                <gx:value>13.62</gx:value>
                <gx:value>13.54</gx:value>
                <gx:value>13.72</gx:value>
                <gx:value>14.02</gx:value>
                <gx:value>13.97</gx:value>
                <gx:value>13.5</gx:value>
                <gx:value>13.15</gx:value>
                <gx:value>13.15</gx:value>
                <gx:value>13.64</gx:value>
                <gx:value>13.81</gx:value>
                <gx:value>13.99</gx:value>
                <gx:value>13.88</gx:value>
                <gx:value>13.69</gx:value>
                <gx:value>13.69</gx:value>
                <gx:value>13.82</gx:value>
                <gx:value>14.17</gx:value>
                <gx:value>14.68</gx:value>
                <gx:value>15.14</gx:value>
                <gx:value>15.55</gx:value>
                <gx:value>15.59</gx:value>
                <gx:value>15.45</gx:value>
                <gx:value>15.39</gx:value>
                <gx:value>15.39</gx:value>
                <gx:value>15.63</gx:value>
                <gx:value>15.54</gx:value>
                <gx:value>15.33</gx:value>
                <gx:value>15.22</gx:value>
                <gx:value>15.23</gx:value>
                <gx:value>15.28</gx:value>
                <gx:value>15.41</gx:value>
                <gx:value>15.43</gx:value>
                <gx:value>15.23</gx:value>
                <gx:value>15.24</gx:value>
                <gx:value>15.19</gx:value>
                <gx:value>14.88</gx:value>
                <gx:value>14.71</gx:value>
                <gx:value>14.85</gx:value>
                <gx:value>14.82</gx:value>
                <gx:value>14.38</gx:value>
                <gx:value>13.68</gx:value>
                <gx:value>12.52</gx:value>
                <gx:value>11.25</gx:value>
                <gx:value>7.26</gx:value>
                <gx:value>1.51</gx:value>
                <gx:value>5.26</gx:value>
                <gx:value>7.6</gx:value>
                <gx:value>9.45</gx:value>
                <gx:value>10.36</gx:value>
                <gx:value>11.21</gx:value>
                <gx:value>11.98</gx:value>
                <gx:value>12.72</gx:value>
                <gx:value>13.37</gx:value>
                <gx:value>13.96</gx:value>
                <gx:value>14.59</gx:value>
                <gx:value>14.98</gx:value>
                <gx:value>15.38</gx:value>
                <gx:value>15.78</gx:value>
                <gx:value>16.31</gx:value>
                <gx:value>16.57</gx:value>
                <gx:value>16.91</gx:value>
                <gx:value>17</gx:value>
                <gx:value>17.23</gx:value>
                <gx:value>17.39</gx:value>
                <gx:value>17.68</gx:value>
                <gx:value>17.97</gx:value>
                <gx:value>18.16</gx:value>
                <gx:value>18.4</gx:value>
                <gx:value>18.49</gx:value>
                <gx:value>18.71</gx:value>
                <gx:value>18.74</gx:value>
                <gx:value>18.8</gx:value>
                <gx:value>18.7</gx:value>
                <gx:value>18.69</gx:value>
                <gx:value>18.52</gx:value>
                <gx:value>18.47</gx:value>
                <gx:value>18.45</gx:value>
                <gx:value>18.61</gx:value>
                <gx:value>18.47</gx:value>
                <gx:value>18.5</gx:value>
                <gx:value>18.57</gx:value>
                <gx:value>18.78</gx:value>
                <gx:value>19.06</gx:value>
                <gx:value>19.09</gx:value>
                <gx:value>19.18</gx:value>
                <gx:value>19.69</gx:value>
                <gx:value>19.91</gx:value>
                <gx:value>20.17</gx:value>
                <gx:value>20.36</gx:value>
                <gx:value>20.15</gx:value>
                <gx:value>19.46</gx:value>
                <gx:value>18.31</gx:value>
                <gx:value>17.55</gx:value>
                <gx:value>17.09</gx:value>
                <gx:value>16.69</gx:value>
                <gx:value>15.92</gx:value>
                <gx:value>15.49</gx:value>
                <gx:value>15.28</gx:value>
                <gx:value>15.77</gx:value>
                <gx:value>15.95</gx:value>
                <gx:value>16.33</gx:value>
                <gx:value>16.4</gx:value>
                <gx:value>15.69</gx:value>
                <gx:value>14.92</gx:value>
                <gx:value>14.16</gx:value>
                <gx:value>13.99</gx:value>
                <gx:value>14.47</gx:value>
                <gx:value>14.9</gx:value>
                <gx:value>15.08</gx:value>
                <gx:value>15.23</gx:value>
                <gx:value>15.02</gx:value>
                <gx:value>13.73</gx:value>
                <gx:value>11.81</gx:value>
                <gx:value>6.04</gx:value>
                <gx:value>4.44</gx:value>
                <gx:value>7.17</gx:value>
                <gx:value>9.41</gx:value>
                <gx:value>10.26</gx:value>
                <gx:value>11.06</gx:value>
                <gx:value>11.68</gx:value>
                <gx:value>12.44</gx:value>
                <gx:value>13.14</gx:value>
                <gx:value>13.38</gx:value>
                <gx:value>13.43</gx:value>
                <gx:value>12.33</gx:value>
                <gx:value>11.22</gx:value>
                <gx:value>10.23</gx:value>
                <gx:value>8.38</gx:value>
                <gx:value>6.69</gx:value>
                <gx:value>4.21</gx:value>
                <gx:value>7</gx:value>
                <gx:value>9.16</gx:value>
                <gx:value>10.6</gx:value>
                <gx:value>11.32</gx:value>
                <gx:value>11.75</gx:value>
                <gx:value>12.86</gx:value>
                <gx:value>13.73</gx:value>
                <gx:value>13.96</gx:value>
                <gx:value>14.46</gx:value>
                <gx:value>15.16</gx:value>
                <gx:value>15.39</gx:value>
                <gx:value>15.82</gx:value>
                <gx:value>16.06</gx:value>
                <gx:value>16.55</gx:value>
                <gx:value>16.98</gx:value>
                <gx:value>17.31</gx:value>
                <gx:value>17.78</gx:value>
                <gx:value>18.04</gx:value>
                <gx:value>18.59</gx:value>
                <gx:value>18.75</gx:value>
                <gx:value>19.12</gx:value>
                <gx:value>19.21</gx:value>
                <gx:value>19.42</gx:value>
                <gx:value>19.78</gx:value>
                <gx:value>19.89</gx:value>
                <gx:value>19.98</gx:value>
                <gx:value>20.38</gx:value>
                <gx:value>20.53</gx:value>
                <gx:value>20.66</gx:value>
                <gx:value>20.79</gx:value>
                <gx:value>20.64</gx:value>
                <gx:value>20.97</gx:value>
                <gx:value>20.88</gx:value>
                <gx:value>20.88</gx:value>
                <gx:value>20.38</gx:value>
                <gx:value>20.26</gx:value>
                <gx:value>20.38</gx:value>
                <gx:value>19.63</gx:value>
                <gx:value>18.74</gx:value>
                <gx:value>18.01</gx:value>
                <gx:value>17</gx:value>
                <gx:value>16.45</gx:value>
                <gx:value>15.83</gx:value>
                <gx:value>15.67</gx:value>
                <gx:value>15.7</gx:value>
                <gx:value>16.09</gx:value>
                <gx:value>16.62</gx:value>
                <gx:value>16.82</gx:value>
                <gx:value>17.18</gx:value>
                <gx:value>17.77</gx:value>
                <gx:value>18.24</gx:value>
                <gx:value>18.57</gx:value>
                <gx:value>18.25</gx:value>
                <gx:value>17.92</gx:value>
                <gx:value>17.86</gx:value>
                <gx:value>17.86</gx:value>
                <gx:value>17.7</gx:value>
                <gx:value>17.62</gx:value>
                <gx:value>17.36</gx:value>
                <gx:value>17.13</gx:value>
                <gx:value>16.99</gx:value>
                <gx:value>17.27</gx:value>
                <gx:value>17.28</gx:value>
                <gx:value>17.21</gx:value>
                <gx:value>17.25</gx:value>
                <gx:value>17.08</gx:value>
                <gx:value>16.78</gx:value>
                <gx:value>16.68</gx:value>
                <gx:value>16.56</gx:value>
                <gx:value>16.88</gx:value>
                <gx:value>17.05</gx:value>
                <gx:value>16.98</gx:value>
                <gx:value>16.99</gx:value>
                <gx:value>16.76</gx:value>
                <gx:value>16.5</gx:value>
                <gx:value>16.12</gx:value>
                <gx:value>15.76</gx:value>
                <gx:value>15.8</gx:value>
                <gx:value>15.97</gx:value>
                <gx:value>16.02</gx:value>
                <gx:value>15.81</gx:value>
                <gx:value>15.51</gx:value>
                <gx:value>15.69</gx:value>
                <gx:value>16.05</gx:value>
                <gx:value>16.38</gx:value>
                <gx:value>16.24</gx:value>
                <gx:value>16.53</gx:value>
                <gx:value>16.35</gx:value>
                <gx:value>16.13</gx:value>
                <gx:value>16.13</gx:value>
                <gx:value>16.33</gx:value>
                <gx:value>16.09</gx:value>
                <gx:value>15.47</gx:value>
                <gx:value>15.06</gx:value>
                <gx:value>14.45</gx:value>
                <gx:value>13.96</gx:value>
                <gx:value>13.6</gx:value>
                <gx:value>13.21</gx:value>
                <gx:value>12.46</gx:value>
                <gx:value>12.12</gx:value>
                <gx:value>11.11</gx:value>
                <gx:value>8.23</gx:value>
                <gx:value>5.2</gx:value>
                <gx:value>5.35</gx:value>
                <gx:value>7.39</gx:value>
                <gx:value>8.62</gx:value>
                <gx:value>7.44</gx:value>
                <gx:value>5.31</gx:value>
                <gx:value>5.74</gx:value>
                <gx:value>8.27</gx:value>
                <gx:value>10.05</gx:value>
                <gx:value>10.99</gx:value>
                <gx:value>11.42</gx:value>
                <gx:value>12.13</gx:value>
                <gx:value>12.9</gx:value>
                <gx:value>13.46</gx:value>
                <gx:value>14.13</gx:value>
                <gx:value>14.51</gx:value>
                <gx:value>15.02</gx:value>
                <gx:value>15.88</gx:value>
                <gx:value>16.42</gx:value>
                <gx:value>16.29</gx:value>
                <gx:value>16.83</gx:value>
                <gx:value>17.36</gx:value>
                <gx:value>17.86</gx:value>
                <gx:value>17.68</gx:value>
                <gx:value>17.68</gx:value>
                <gx:value>17.51</gx:value>
                <gx:value>17.72</gx:value>
                <gx:value>17.51</gx:value>
                <gx:value>17.45</gx:value>
                <gx:value>17.38</gx:value>
                <gx:value>17.32</gx:value>
                <gx:value>17.3</gx:value>
                <gx:value>16.98</gx:value>
                <gx:value>16.67</gx:value>
                <gx:value>16.23</gx:value>
                <gx:value>16.22</gx:value>
                <gx:value>16.1</gx:value>
                <gx:value>16.32</gx:value>
                <gx:value>16.33</gx:value>
                <gx:value>16.47</gx:value>
                <gx:value>15.9</gx:value>
                <gx:value>15.59</gx:value>
                <gx:value>14.93</gx:value>
                <gx:value>14.21</gx:value>
                <gx:value>13.76</gx:value>
                <gx:value>13.63</gx:value>
                <gx:value>13.3</gx:value>
                <gx:value>12.74</gx:value>
                <gx:value>11.59</gx:value>
                <gx:value>10.51</gx:value>
                <gx:value>10.22</gx:value>
                <gx:value>10.4</gx:value>
                <gx:value>10.41</gx:value>
                <gx:value>10.23</gx:value>
                <gx:value>10.92</gx:value>
                <gx:value>10.57</gx:value>
                <gx:value>10.52</gx:value>
                <gx:value>10.02</gx:value>
                <gx:value>8.94</gx:value>
                <gx:value>6.15</gx:value>
                <gx:value>2.2</gx:value>
                <gx:value>6.49</gx:value>
                <gx:value>8.51</gx:value>
                <gx:value>9.85</gx:value>
                <gx:value>10.42</gx:value>
                <gx:value>11.04</gx:value>
                <gx:value>11.41</gx:value>
                <gx:value>11.97</gx:value>
                <gx:value>12.3</gx:value>
                <gx:value>12.86</gx:value>
                <gx:value>13.28</gx:value>
                <gx:value>13.81</gx:value>
                <gx:value>14.6</gx:value>
                <gx:value>15.22</gx:value>
                <gx:value>15.71</gx:value>
                <gx:value>16.01</gx:value>
                <gx:value>16.4</gx:value>
                <gx:value>17.15</gx:value>
                <gx:value>17.34</gx:value>
                <gx:value>17.5</gx:value>
                <gx:value>17.9</gx:value>
                <gx:value>18.07</gx:value>
                <gx:value>18.17</gx:value>
                <gx:value>18.24</gx:value>
                <gx:value>18.12</gx:value>
                <gx:value>17.79</gx:value>
                <gx:value>16.97</gx:value>
                <gx:value>16.19</gx:value>
                <gx:value>15.84</gx:value>
                <gx:value>15.38</gx:value>
                <gx:value>14.9</gx:value>
                <gx:value>14.32</gx:value>
                <gx:value>13.66</gx:value>
                <gx:value>13.2</gx:value>
                <gx:value>12.85</gx:value>
                <gx:value>12.66</gx:value>
                <gx:value>12.34</gx:value>
                <gx:value>11.71</gx:value>
                <gx:value>11.14</gx:value>
                <gx:value>10.8</gx:value>
                <gx:value>10.12</gx:value>
                <gx:value>7.12</gx:value>
                <gx:value>3.64</gx:value>
                <gx:value>5.29</gx:value>
                <gx:value>8.23</gx:value>
                <gx:value>9.85</gx:value>
                <gx:value>10.56</gx:value>
                <gx:value>11.22</gx:value>
                <gx:value>11.97</gx:value>
                <gx:value>12.34</gx:value>
                <gx:value>12.95</gx:value>
                <gx:value>13.28</gx:value>
                <gx:value>13.14</gx:value>
                <gx:value>12.72</gx:value>
                <gx:value>11.4</gx:value>
                <gx:value>11.49</gx:value>
                <gx:value>11.63</gx:value>
                <gx:value>7.81</gx:value>
                <gx:value>3.93</gx:value>
                <gx:value>4.42</gx:value>
                <gx:value>7.09</gx:value>
                <gx:value>9.01</gx:value>
                <gx:value>8.99</gx:value>
                <gx:value>7.6</gx:value>
                <gx:value>3.96</gx:value>
                <gx:value>5.33</gx:value>
                <gx:value>7.71</gx:value>
                <gx:value>9.58</gx:value>
                <gx:value>10.3</gx:value>
                <gx:value>10.93</gx:value>
                <gx:value>11.67</gx:value>
                <gx:value>12.36</gx:value>
                <gx:value>12.92</gx:value>
                <gx:value>13.42</gx:value>
                <gx:value>13.9</gx:value>
                <gx:value>14.43</gx:value>
                <gx:value>14.9</gx:value>
                <gx:value>15.5</gx:value>
                <gx:value>15.86</gx:value>
                <gx:value>16.32</gx:value>
                <gx:value>16.76</gx:value>
                <gx:value>17.11</gx:value>
                <gx:value>17.49</gx:value>
                <gx:value>17.87</gx:value>
                <gx:value>18.17</gx:value>
                <gx:value>18.46</gx:value>
                <gx:value>18.7</gx:value>
                <gx:value>18.95</gx:value>
                <gx:value>19.2</gx:value>
                <gx:value>19.49</gx:value>
                <gx:value>19.6</gx:value>
                <gx:value>19.57</gx:value>
                <gx:value>19.55</gx:value>
                <gx:value>19.37</gx:value>
                <gx:value>19.18</gx:value>
                <gx:value>19.19</gx:value>
                <gx:value>19.38</gx:value>
                <gx:value>19.58</gx:value>
                <gx:value>19.7</gx:value>
                <gx:value>19.39</gx:value>
                <gx:value>18.66</gx:value>
                <gx:value>17.96</gx:value>
                <gx:value>17.55</gx:value>
                <gx:value>17.27</gx:value>
                <gx:value>17.08</gx:value>
                <gx:value>16.86</gx:value>
                <gx:value>16.43</gx:value>
                <gx:value>15.81</gx:value>
                <gx:value>15.11</gx:value>
                <gx:value>14.55</gx:value>
                <gx:value>14.37</gx:value>
                <gx:value>14.35</gx:value>
                <gx:value>14.34</gx:value>
                <gx:value>14.1</gx:value>
                <gx:value>13.85</gx:value>
                <gx:value>13.64</gx:value>
                <gx:value>13.59</gx:value>
                <gx:value>13.58</gx:value>
                <gx:value>13.61</gx:value>
                <gx:value>13.71</gx:value>
                <gx:value>13.92</gx:value>
                <gx:value>13.87</gx:value>
                <gx:value>13.3</gx:value>
                <gx:value>11.96</gx:value>
                <gx:value>10.81</gx:value>
                <gx:value>7.1</gx:value>
                <gx:value>4.1</gx:value>
                <gx:value>6.08</gx:value>
                <gx:value>7.56</gx:value>
                <gx:value>6.16</gx:value>
                <gx:value>4.35</gx:value>
                <gx:value>6.81</gx:value>
                <gx:value>8.91</gx:value>
                <gx:value>10.24</gx:value>
                <gx:value>10.94</gx:value>
                <gx:value>11.51</gx:value>
                <gx:value>11.84</gx:value>
                <gx:value>12.44</gx:value>
                <gx:value>13.12</gx:value>
                <gx:value>13.54</gx:value>
                <gx:value>13.89</gx:value>
                <gx:value>14.4</gx:value>
                <gx:value>14.76</gx:value>
                <gx:value>14.88</gx:value>
                <gx:value>15.12</gx:value>
                <gx:value>14.88</gx:value>
                <gx:value>14.21</gx:value>
                <gx:value>13.66</gx:value>
                <gx:value>12.8</gx:value>
                <gx:value>11.99</gx:value>
                <gx:value>11.79</gx:value>
                <gx:value>11.92</gx:value>
                <gx:value>12.18</gx:value>
                <gx:value>12.8</gx:value>
                <gx:value>12.94</gx:value>
                <gx:value>12.79</gx:value>
                <gx:value>12</gx:value>
                <gx:value>9.27</gx:value>
                <gx:value>7.36</gx:value>
                <gx:value>7.81</gx:value>
                <gx:value>8.16</gx:value>
                <gx:value>9.78</gx:value>
                <gx:value>9.96</gx:value>
                <gx:value>7.38</gx:value>
                <gx:value>6.24</gx:value>
                <gx:value>8.29</gx:value>
                <gx:value>9.76</gx:value>
                <gx:value>10.48</gx:value>
                <gx:value>10.92</gx:value>
                <gx:value>11.33</gx:value>
                <gx:value>11.63</gx:value>
                <gx:value>11.97</gx:value>
                <gx:value>12.25</gx:value>
                <gx:value>12.74</gx:value>
                <gx:value>12.78</gx:value>
                <gx:value>12.64</gx:value>
                <gx:value>12.56</gx:value>
                <gx:value>12.19</gx:value>
                <gx:value>12.02</gx:value>
                <gx:value>12.48</gx:value>
                <gx:value>12.93</gx:value>
                <gx:value>13.13</gx:value>
                <gx:value>13.38</gx:value>
                <gx:value>13.21</gx:value>
                <gx:value>13.05</gx:value>
                <gx:value>12.89</gx:value>
                <gx:value>12.74</gx:value>
                <gx:value>12.47</gx:value>
                <gx:value>11.58</gx:value>
                <gx:value>10.64</gx:value>
                <gx:value>9.3</gx:value>
                <gx:value>8.09</gx:value>
                <gx:value>6.92</gx:value>
                <gx:value>8.11</gx:value>
                <gx:value>9.12</gx:value>
                <gx:value>9.5</gx:value>
                <gx:value>9.97</gx:value>
                <gx:value>10.27</gx:value>
                <gx:value>10.7</gx:value>
                <gx:value>10.9</gx:value>
                <gx:value>10.89</gx:value>
                <gx:value>10.52</gx:value>
                <gx:value>10.14</gx:value>
                <gx:value>9.49</gx:value>
                <gx:value>7.11</gx:value>
                <gx:value>4.37</gx:value>
                <gx:value>6.58</gx:value>
                <gx:value>8.68</gx:value>
                <gx:value>10.28</gx:value>
                <gx:value>11.05</gx:value>
                <gx:value>11.64</gx:value>
                <gx:value>11.98</gx:value>
                <gx:value>12.2</gx:value>
                <gx:value>12.36</gx:value>
                <gx:value>12.52</gx:value>
                <gx:value>12.73</gx:value>
                <gx:value>13.02</gx:value>
                <gx:value>13.5</gx:value>
                <gx:value>14</gx:value>
                <gx:value>14.39</gx:value>
                <gx:value>14.62</gx:value>
                <gx:value>14.83</gx:value>
                <gx:value>14.96</gx:value>
                <gx:value>15.02</gx:value>
                <gx:value>15.13</gx:value>
                <gx:value>15.22</gx:value>
                <gx:value>15.33</gx:value>
                <gx:value>15.4</gx:value>
                <gx:value>15.42</gx:value>
                <gx:value>15.18</gx:value>
                <gx:value>14.14</gx:value>
                <gx:value>12.54</gx:value>
                <gx:value>10.62</gx:value>
                <gx:value>6.31</gx:value>
                <gx:value>5.88</gx:value>
                <gx:value>6.29</gx:value>
                <gx:value>4.62</gx:value>
                <gx:value>6.5</gx:value>
                <gx:value>8.2</gx:value>
                <gx:value>9.76</gx:value>
                <gx:value>10.68</gx:value>
                <gx:value>11.37</gx:value>
                <gx:value>11.69</gx:value>
                <gx:value>12.01</gx:value>
                <gx:value>12.17</gx:value>
                <gx:value>12.26</gx:value>
                <gx:value>12.51</gx:value>
                <gx:value>12.92</gx:value>
                <gx:value>13.3</gx:value>
                <gx:value>13.59</gx:value>
                <gx:value>13.68</gx:value>
                <gx:value>13.73</gx:value>
                <gx:value>13.48</gx:value>
                <gx:value>12.99</gx:value>
                <gx:value>12.12</gx:value>
                <gx:value>11.68</gx:value>
                <gx:value>11.37</gx:value>
                <gx:value>11.75</gx:value>
                <gx:value>12.32</gx:value>
                <gx:value>12.73</gx:value>
                <gx:value>13.24</gx:value>
                <gx:value>13.49</gx:value>
                <gx:value>13.68</gx:value>
                <gx:value>14.06</gx:value>
                <gx:value>14.12</gx:value>
                <gx:value>14.47</gx:value>
                <gx:value>14.77</gx:value>
                <gx:value>14.67</gx:value>
                <gx:value>14.47</gx:value>
                <gx:value>14.32</gx:value>
                <gx:value>14.49</gx:value>
                <gx:value>15.02</gx:value>
                <gx:value>15.04</gx:value>
                <gx:value>14.93</gx:value>
                <gx:value>14.67</gx:value>
                <gx:value>14.54</gx:value>
                <gx:value>13.57</gx:value>
                <gx:value>13.49</gx:value>
                <gx:value>13.14</gx:value>
                <gx:value>12.29</gx:value>
                <gx:value>11.83</gx:value>
                <gx:value>11.47</gx:value>
                <gx:value>11.73</gx:value>
                <gx:value>12.39</gx:value>
                <gx:value>12.79</gx:value>
                <gx:value>13.16</gx:value>
                <gx:value>13.71</gx:value>
                <gx:value>14.04</gx:value>
                <gx:value>13.66</gx:value>
                <gx:value>13</gx:value>
                <gx:value>12.96</gx:value>
                <gx:value>13.29</gx:value>
                <gx:value>13.63</gx:value>
                <gx:value>13.7</gx:value>
                <gx:value>13.04</gx:value>
                <gx:value>11.8</gx:value>
                <gx:value>10.56</gx:value>
                <gx:value>10.4</gx:value>
                <gx:value>10.47</gx:value>
                <gx:value>10.7</gx:value>
                <gx:value>10.82</gx:value>
                <gx:value>10.28</gx:value>
                <gx:value>7.07</gx:value>
                <gx:value>3.04</gx:value>
                <gx:value>5.25</gx:value>
                <gx:value>10.85</gx:value>
                <gx:value>7.71</gx:value>
                <gx:value>7.91</gx:value>
                <gx:value>8.44</gx:value>
                <gx:value>7.22</gx:value>
                <gx:value>3.61</gx:value>
                <gx:value>5.72</gx:value>
                <gx:value>8.05</gx:value>
                <gx:value>9.71</gx:value>
                <gx:value>10.05</gx:value>
                <gx:value>8.81</gx:value>
                <gx:value>7.89</gx:value>
                <gx:value>7.18</gx:value>
                <gx:value>6.15</gx:value>
                <gx:value>5.85</gx:value>
                <gx:value>5.31</gx:value>
                <gx:value>4.7</gx:value>
                <gx:value>4.63</gx:value>
                <gx:value>4.31</gx:value>
                <gx:value>5.23</gx:value>
                <gx:value>5.63</gx:value>
                <gx:value>5.47</gx:value>
                <gx:value>5.31</gx:value>
                <gx:value>5.31</gx:value>
                <gx:value>5.01</gx:value>
                <gx:value>5.12</gx:value>
                <gx:value>5.46</gx:value>
                <gx:value>5.53</gx:value>
                <gx:value>5.08</gx:value>
                <gx:value>5.17</gx:value>
                <gx:value>5.1</gx:value>
                <gx:value>5.2</gx:value>
                <gx:value>6.26</gx:value>
                <gx:value>8.01</gx:value>
                <gx:value>9.83</gx:value>
                <gx:value>10.46</gx:value>
                <gx:value>11.2</gx:value>
                <gx:value>11.85</gx:value>
                <gx:value>12.49</gx:value>
                <gx:value>13.22</gx:value>
                <gx:value>13.82</gx:value>
                <gx:value>14.4</gx:value>
                <gx:value>14.88</gx:value>
                <gx:value>15.33</gx:value>
                <gx:value>15.58</gx:value>
                <gx:value>16.09</gx:value>
                <gx:value>16.45</gx:value>
                <gx:value>16.68</gx:value>
                <gx:value>16.81</gx:value>
                <gx:value>16.63</gx:value>
                <gx:value>16.31</gx:value>
                <gx:value>15.92</gx:value>
                <gx:value>15.64</gx:value>
                <gx:value>15.64</gx:value>
                <gx:value>16</gx:value>
                <gx:value>16.42</gx:value>
                <gx:value>16.82</gx:value>
                <gx:value>17.17</gx:value>
                <gx:value>17.54</gx:value>
                <gx:value>17.96</gx:value>
                <gx:value>18.31</gx:value>
                <gx:value>18.45</gx:value>
                <gx:value>18.43</gx:value>
                <gx:value>18.26</gx:value>
                <gx:value>18.03</gx:value>
                <gx:value>17.94</gx:value>
                <gx:value>17.73</gx:value>
                <gx:value>17.77</gx:value>
                <gx:value>17.98</gx:value>
                <gx:value>17.91</gx:value>
                <gx:value>17.94</gx:value>
                <gx:value>18.08</gx:value>
                <gx:value>17.86</gx:value>
                <gx:value>16.36</gx:value>
                <gx:value>14.19</gx:value>
                <gx:value>13.93</gx:value>
                <gx:value>14.46</gx:value>
                <gx:value>14.68</gx:value>
                <gx:value>14.43</gx:value>
                <gx:value>13.59</gx:value>
                <gx:value>12.17</gx:value>
                <gx:value>8.88</gx:value>
                <gx:value>7.33</gx:value>
                <gx:value>5.2</gx:value>
                <gx:value>3.28</gx:value>
                <gx:value>3.11</gx:value>
                <gx:value>3.99</gx:value>
                <gx:value>3.72</gx:value>
                <gx:value>4.26</gx:value>
                <gx:value>2.67</gx:value>
                <gx:value>3.98</gx:value>
                <gx:value>1.03</gx:value>
                <gx:value>4.55</gx:value>
                <gx:value>6.06</gx:value>
                <gx:value>8.37</gx:value>
                <gx:value>8.07</gx:value>
                <gx:value>6.56</gx:value>
                <gx:value>7.66</gx:value>
                <gx:value>8.17</gx:value>
                <gx:value>8.32</gx:value>
                <gx:value>9.19</gx:value>
                <gx:value>9.93</gx:value>
                <gx:value>10.17</gx:value>
                <gx:value>10.38</gx:value>
                <gx:value>10.61</gx:value>
                <gx:value>10.8</gx:value>
                <gx:value>10.94</gx:value>
                <gx:value>11.02</gx:value>
                <gx:value>11.02</gx:value>
                <gx:value>10.67</gx:value>
                <gx:value>10.1</gx:value>
                <gx:value>7.8</gx:value>
                <gx:value>5.1</gx:value>
                <gx:value>6</gx:value>
                <gx:value>7.53</gx:value>
                <gx:value>8.72</gx:value>
                <gx:value>8.47</gx:value>
                <gx:value>9.54</gx:value>
                <gx:value>10.13</gx:value>
                <gx:value>10.4</gx:value>
                <gx:value>10.27</gx:value>
                <gx:value>9.4</gx:value>
                <gx:value>8.68</gx:value>
                <gx:value>7.72</gx:value>
                <gx:value>7.34</gx:value>
                <gx:value>7.45</gx:value>
                <gx:value>8.19</gx:value>
                <gx:value>9.91</gx:value>
                <gx:value>10.61</gx:value>
                <gx:value>11.24</gx:value>
                <gx:value>11.57</gx:value>
                <gx:value>11.8</gx:value>
                <gx:value>11.86</gx:value>
                <gx:value>11.77</gx:value>
                <gx:value>11.31</gx:value>
                <gx:value>10.58</gx:value>
                <gx:value>8.8</gx:value>
                <gx:value>6.77</gx:value>
                <gx:value>6.08</gx:value>
                <gx:value>5.93</gx:value>
                <gx:value>4.45</gx:value>
                <gx:value>3.51</gx:value>
                <gx:value>1.4</gx:value>
                <gx:value />
                <gx:value>2.98</gx:value>
                <gx:value />
                <gx:value>2.36</gx:value>
                <gx:value />
                <gx:value />
                <gx:value />
                <gx:value>1.39</gx:value>
                <gx:value>1.39</gx:value>
                <gx:value />
                <gx:value>3.68</gx:value>
                <gx:value>4.04</gx:value>
                <gx:value>4.07</gx:value>
                <gx:value>4.04</gx:value>
                <gx:value>4.64</gx:value>
                <gx:value>5.31</gx:value>
                <gx:value>5.89</gx:value>
                <gx:value>6.56</gx:value>
                <gx:value>7.18</gx:value>
                <gx:value>6.82</gx:value>
                <gx:value>6.15</gx:value>
                <gx:value>5.67</gx:value>
                <gx:value>5.18</gx:value>
                <gx:value>3.92</gx:value>
                <gx:value>3.9</gx:value>
                <gx:value>3.83</gx:value>
                <gx:value>2.97</gx:value>
                <gx:value>2.53</gx:value>
                <gx:value>4.48</gx:value>
                <gx:value>5.22</gx:value>
                <gx:value>3.53</gx:value>
                <gx:value>3.5</gx:value>
                <gx:value>3.01</gx:value>
                <gx:value />
                <gx:value>3.45</gx:value>
                <gx:value>3.13</gx:value>
                <gx:value>1.72</gx:value>
                <gx:value>6.77</gx:value>
                <gx:value>6.77</gx:value>
                <gx:value>5.34</gx:value>
                <gx:value>6.73</gx:value>
                <gx:value>8.64</gx:value>
                <gx:value>11.4</gx:value>
                <gx:value>11.4</gx:value>
                <gx:value>11.19</gx:value>
                <gx:value>11.42</gx:value>
                <gx:value>11.82</gx:value>
                <gx:value>11.82</gx:value>
                <gx:value>11.82</gx:value>
                <gx:value>12.11</gx:value>
                <gx:value>12.46</gx:value>
                <gx:value>13.07</gx:value>
                <gx:value>13.57</gx:value>
                <gx:value>13.57</gx:value>
                <gx:value>13.57</gx:value>
                <gx:value>13.25</gx:value>
                <gx:value>12.31</gx:value>
                <gx:value>12.31</gx:value>
                <gx:value>11.46</gx:value>
                <gx:value>11.44</gx:value>
                <gx:value>9.83</gx:value>
                <gx:value>7.06</gx:value>
                <gx:value>0.5</gx:value>
                <gx:value>3.23</gx:value>
                <gx:value>6.28</gx:value>
                <gx:value>8.17</gx:value>
                <gx:value>9.85</gx:value>
                <gx:value>10.88</gx:value>
                <gx:value>11.65</gx:value>
                <gx:value>11.89</gx:value>
                <gx:value>11.79</gx:value>
                <gx:value>11.71</gx:value>
                <gx:value>10.59</gx:value>
                <gx:value>5.87</gx:value>
                <gx:value>1.9</gx:value>
                <gx:value>2.24</gx:value>
                <gx:value>5.2</gx:value>
                <gx:value>7.87</gx:value>
                <gx:value>8.81</gx:value>
                <gx:value>8.13</gx:value>
                <gx:value>8.52</gx:value>
                <gx:value>6.69</gx:value>
                <gx:value>6.66</gx:value>
                <gx:value>5.71</gx:value>
                <gx:value>5.53</gx:value>
                <gx:value>6.48</gx:value>
                <gx:value>6.91</gx:value>
                <gx:value>6.78</gx:value>
                <gx:value>5.56</gx:value>
                <gx:value>1.92</gx:value>
                <gx:value>3.22</gx:value>
                <gx:value>3.02</gx:value>
                <gx:value>4.34</gx:value>
                <gx:value>3.67</gx:value>
                <gx:value>4.94</gx:value>
                <gx:value>4.01</gx:value>
                <gx:value>5.6</gx:value>
                <gx:value>6.51</gx:value>
                <gx:value>6.82</gx:value>
                <gx:value>7.85</gx:value>
                <gx:value>6.72</gx:value>
                <gx:value>6.76</gx:value>
                <gx:value>7.8</gx:value>
                <gx:value>7.42</gx:value>
                <gx:value>5.81</gx:value>
                <gx:value>5.12</gx:value>
                <gx:value>5.47</gx:value>
                <gx:value>5.65</gx:value>
                <gx:value>7.68</gx:value>
                <gx:value>7.46</gx:value>
                <gx:value>7.85</gx:value>
                <gx:value>9.02</gx:value>
                <gx:value>8.87</gx:value>
                <gx:value>6.48</gx:value>
                <gx:value>3.39</gx:value>
                <gx:value>4.38</gx:value>
                <gx:value>5.6</gx:value>
                <gx:value>5.71</gx:value>
                <gx:value>5.42</gx:value>
                <gx:value>3.47</gx:value>
                <gx:value>1.99</gx:value>
                <gx:value>2.1</gx:value>
                <gx:value>1.68</gx:value>
                <gx:value>3.74</gx:value>
                <gx:value>5.4</gx:value>
                <gx:value>7.03</gx:value>
                <gx:value>8.24</gx:value>
                <gx:value>8.6</gx:value>
                <gx:value>8.89</gx:value>
                <gx:value>9.23</gx:value>
                <gx:value>9.16</gx:value>
                <gx:value>9.14</gx:value>
                <gx:value>9.01</gx:value>
                <gx:value>9.21</gx:value>
                <gx:value>9.22</gx:value>
                <gx:value>8.52</gx:value>
                <gx:value>7.26</gx:value>
                <gx:value>6.55</gx:value>
                <gx:value>6.35</gx:value>
                <gx:value>5.78</gx:value>
                <gx:value>4.87</gx:value>
                <gx:value>3.42</gx:value>
                <gx:value>3.09</gx:value>
                <gx:value>4.49</gx:value>
                <gx:value>5.58</gx:value>
                <gx:value>7.13</gx:value>
                <gx:value>8.31</gx:value>
                <gx:value>8.91</gx:value>
                <gx:value>9.27</gx:value>
                <gx:value>9.37</gx:value>
                <gx:value>8.66</gx:value>
                <gx:value>6.84</gx:value>
                <gx:value>4.73</gx:value>
                <gx:value>3.2</gx:value>
                <gx:value>3.09</gx:value>
                <gx:value>3.48</gx:value>
                <gx:value>5.52</gx:value>
                <gx:value>6.85</gx:value>
                <gx:value>8.16</gx:value>
                <gx:value>9.52</gx:value>
                <gx:value>9.85</gx:value>
                <gx:value>7.68</gx:value>
                <gx:value>2.71</gx:value>
                <gx:value>2.85</gx:value>
                <gx:value>4.58</gx:value>
                <gx:value>6.79</gx:value>
                <gx:value>6.23</gx:value>
                <gx:value>3.14</gx:value>
                <gx:value>0.43</gx:value>
                <gx:value>0.49</gx:value>
                <gx:value>0.24</gx:value>
                <gx:value>0.17</gx:value>
                <gx:value>0.91</gx:value>
                <gx:value>0.71</gx:value>
              </gx:SimpleArrayData>
              <gx:SimpleArrayData name="course">
                <gx:value />
                <gx:value />
                <gx:value />
                <gx:value />
                <gx:value />
                <gx:value />
                <gx:value />
                <gx:value />
                <gx:value />
                <gx:value />
                <gx:value />
                <gx:value />
                <gx:value />
                <gx:value />
                <gx:value />
                <gx:value />
                <gx:value />
                <gx:value />
                <gx:value />
                <gx:value />
                <gx:value />
                <gx:value />
                <gx:value />
                <gx:value />
                <gx:value />
                <gx:value />
                <gx:value />
                <gx:value />
                <gx:value />
                <gx:value />
                <gx:value />
                <gx:value />
                <gx:value />
                <gx:value />
                <gx:value />
                <gx:value />
                <gx:value />
                <gx:value />
                <gx:value />
                <gx:value />
                <gx:value />
                <gx:value />
                <gx:value />
                <gx:value />
                <gx:value />
                <gx:value />
                <gx:value />
                <gx:value />
                <gx:value />
                <gx:value />
                <gx:value />
                <gx:value />
                <gx:value />
                <gx:value />
                <gx:value />
                <gx:value />
                <gx:value />
                <gx:value />
                <gx:value />
                <gx:value>1.47</gx:value>
                <gx:value />
                <gx:value />
                <gx:value />
                <gx:value />
                <gx:value />
                <gx:value />
                <gx:value />
                <gx:value />
                <gx:value />
                <gx:value />
                <gx:value />
                <gx:value />
                <gx:value />
                <gx:value />
                <gx:value />
                <gx:value />
                <gx:value />
                <gx:value />
                <gx:value />
                <gx:value />
                <gx:value />
                <gx:value />
                <gx:value>2.32</gx:value>
                <gx:value>2.3</gx:value>
                <gx:value>2.21</gx:value>
                <gx:value>2.2</gx:value>
                <gx:value>2.03</gx:value>
                <gx:value>1.91</gx:value>
                <gx:value>1.79</gx:value>
                <gx:value>1.8</gx:value>
                <gx:value>1.87</gx:value>
                <gx:value>1.9</gx:value>
                <gx:value>1.96</gx:value>
                <gx:value>2.01</gx:value>
                <gx:value>2.05</gx:value>
                <gx:value>2.09</gx:value>
                <gx:value>2.13</gx:value>
                <gx:value>2.14</gx:value>
                <gx:value>2.16</gx:value>
                <gx:value>2.15</gx:value>
                <gx:value>2.15</gx:value>
                <gx:value>2.14</gx:value>
                <gx:value>2.09</gx:value>
                <gx:value>1.94</gx:value>
                <gx:value>1.87</gx:value>
                <gx:value>1.75</gx:value>
                <gx:value>1.74</gx:value>
                <gx:value>1.7</gx:value>
                <gx:value>1.64</gx:value>
                <gx:value>1.61</gx:value>
                <gx:value>1.58</gx:value>
                <gx:value>1.57</gx:value>
                <gx:value>1.59</gx:value>
                <gx:value>1.57</gx:value>
                <gx:value>1.56</gx:value>
                <gx:value>1.56</gx:value>
                <gx:value>1.55</gx:value>
                <gx:value>1.55</gx:value>
                <gx:value>1.61</gx:value>
                <gx:value>1.6</gx:value>
                <gx:value>1.56</gx:value>
                <gx:value>1.51</gx:value>
                <gx:value>1.52</gx:value>
                <gx:value>1.5</gx:value>
                <gx:value>1.63</gx:value>
                <gx:value>1.82</gx:value>
                <gx:value>1.89</gx:value>
                <gx:value>1.94</gx:value>
                <gx:value>1.92</gx:value>
                <gx:value>1.89</gx:value>
                <gx:value>1.89</gx:value>
                <gx:value>1.92</gx:value>
                <gx:value>1.96</gx:value>
                <gx:value>1.98</gx:value>
                <gx:value>1.91</gx:value>
                <gx:value>1.88</gx:value>
                <gx:value>1.92</gx:value>
                <gx:value>1.95</gx:value>
                <gx:value>1.98</gx:value>
                <gx:value>1.97</gx:value>
                <gx:value>1.93</gx:value>
                <gx:value>1.84</gx:value>
                <gx:value>1.75</gx:value>
                <gx:value>1.73</gx:value>
                <gx:value>1.63</gx:value>
                <gx:value>1.53</gx:value>
                <gx:value>1.57</gx:value>
                <gx:value>1.61</gx:value>
                <gx:value>1.49</gx:value>
                <gx:value>1.65</gx:value>
                <gx:value>1.76</gx:value>
                <gx:value>1.77</gx:value>
                <gx:value>1.76</gx:value>
                <gx:value>1.71</gx:value>
                <gx:value>1.65</gx:value>
                <gx:value>1.69</gx:value>
                <gx:value>1.71</gx:value>
                <gx:value>1.72</gx:value>
                <gx:value>1.57</gx:value>
                <gx:value>1.45</gx:value>
                <gx:value>1.32</gx:value>
                <gx:value>1.24</gx:value>
                <gx:value>1.25</gx:value>
                <gx:value>1.22</gx:value>
                <gx:value>1.26</gx:value>
                <gx:value>1.39</gx:value>
                <gx:value>1.55</gx:value>
                <gx:value>1.59</gx:value>
                <gx:value>1.7</gx:value>
                <gx:value>1.72</gx:value>
                <gx:value>1.83</gx:value>
                <gx:value>1.75</gx:value>
                <gx:value>1.74</gx:value>
                <gx:value>1.75</gx:value>
                <gx:value>1.71</gx:value>
                <gx:value>1.69</gx:value>
                <gx:value>1.7</gx:value>
                <gx:value>1.74</gx:value>
                <gx:value>1.74</gx:value>
                <gx:value>1.74</gx:value>
                <gx:value>1.74</gx:value>
                <gx:value>1.63</gx:value>
                <gx:value>1.55</gx:value>
                <gx:value>1.46</gx:value>
                <gx:value>1.41</gx:value>
                <gx:value>1.38</gx:value>
                <gx:value>1.37</gx:value>
                <gx:value>1.34</gx:value>
                <gx:value>1.33</gx:value>
                <gx:value>1.29</gx:value>
                <gx:value>1.27</gx:value>
                <gx:value>1.21</gx:value>
                <gx:value>1.1</gx:value>
                <gx:value>0.92</gx:value>
                <gx:value>0.73</gx:value>
                <gx:value>0.58</gx:value>
                <gx:value>0.52</gx:value>
                <gx:value>0.51</gx:value>
                <gx:value>0.51</gx:value>
                <gx:value>0.51</gx:value>
                <gx:value>0.49</gx:value>
                <gx:value>0.39</gx:value>
                <gx:value>0.17</gx:value>
                <gx:value />
                <gx:value />
                <gx:value>6.03</gx:value>
                <gx:value>5.97</gx:value>
                <gx:value />
                <gx:value>6.22</gx:value>
                <gx:value />
                <gx:value />
                <gx:value>0.54</gx:value>
                <gx:value>0.55</gx:value>
                <gx:value>0.54</gx:value>
                <gx:value>0.57</gx:value>
                <gx:value>0.59</gx:value>
                <gx:value>0.63</gx:value>
                <gx:value>0.64</gx:value>
                <gx:value>0.66</gx:value>
                <gx:value>0.71</gx:value>
                <gx:value>0.76</gx:value>
                <gx:value>0.74</gx:value>
                <gx:value>0.71</gx:value>
                <gx:value>0.64</gx:value>
                <gx:value>0.63</gx:value>
                <gx:value>0.64</gx:value>
                <gx:value>0.66</gx:value>
                <gx:value>0.68</gx:value>
                <gx:value>0.7</gx:value>
                <gx:value>0.68</gx:value>
                <gx:value>0.64</gx:value>
                <gx:value>0.58</gx:value>
                <gx:value>0.55</gx:value>
                <gx:value>0.56</gx:value>
                <gx:value>0.55</gx:value>
                <gx:value>0.55</gx:value>
                <gx:value>0.54</gx:value>
                <gx:value>0.55</gx:value>
                <gx:value>0.57</gx:value>
                <gx:value>0.57</gx:value>
                <gx:value>0.57</gx:value>
                <gx:value>0.56</gx:value>
                <gx:value>0.58</gx:value>
                <gx:value>0.66</gx:value>
                <gx:value>0.75</gx:value>
                <gx:value>0.82</gx:value>
                <gx:value>0.93</gx:value>
                <gx:value />
                <gx:value>0.99</gx:value>
                <gx:value>0.96</gx:value>
                <gx:value>0.94</gx:value>
                <gx:value>0.95</gx:value>
                <gx:value>0.9</gx:value>
                <gx:value>0.92</gx:value>
                <gx:value>0.93</gx:value>
                <gx:value>0.92</gx:value>
                <gx:value>0.92</gx:value>
                <gx:value>0.91</gx:value>
                <gx:value>0.89</gx:value>
                <gx:value>0.88</gx:value>
                <gx:value>0.9</gx:value>
                <gx:value>0.92</gx:value>
                <gx:value>0.91</gx:value>
                <gx:value>0.92</gx:value>
                <gx:value>0.91</gx:value>
                <gx:value>0.92</gx:value>
                <gx:value>0.99</gx:value>
                <gx:value>1.09</gx:value>
                <gx:value>1.2</gx:value>
                <gx:value>1.35</gx:value>
                <gx:value>1.47</gx:value>
                <gx:value>1.57</gx:value>
                <gx:value>1.55</gx:value>
                <gx:value>1.51</gx:value>
                <gx:value>1.5</gx:value>
                <gx:value>1.5</gx:value>
                <gx:value>1.51</gx:value>
                <gx:value>1.49</gx:value>
                <gx:value>1.47</gx:value>
                <gx:value>1.42</gx:value>
                <gx:value>1.35</gx:value>
                <gx:value>1.25</gx:value>
                <gx:value>1.16</gx:value>
                <gx:value>1.09</gx:value>
                <gx:value>1.09</gx:value>
                <gx:value>1.07</gx:value>
                <gx:value>1.07</gx:value>
                <gx:value>1.07</gx:value>
                <gx:value>1.07</gx:value>
                <gx:value>1.06</gx:value>
                <gx:value>1.06</gx:value>
                <gx:value>1.07</gx:value>
                <gx:value>1.06</gx:value>
                <gx:value>1.05</gx:value>
                <gx:value>1.13</gx:value>
                <gx:value />
                <gx:value>1.1</gx:value>
                <gx:value>1.07</gx:value>
                <gx:value>1.08</gx:value>
                <gx:value>1.08</gx:value>
                <gx:value>1.08</gx:value>
                <gx:value>1.09</gx:value>
                <gx:value>1.11</gx:value>
                <gx:value>1.11</gx:value>
                <gx:value>1.09</gx:value>
                <gx:value>1.08</gx:value>
                <gx:value>1.08</gx:value>
                <gx:value>1.09</gx:value>
                <gx:value>1.1</gx:value>
                <gx:value>1.11</gx:value>
                <gx:value>1.11</gx:value>
                <gx:value>1.09</gx:value>
                <gx:value>1.09</gx:value>
                <gx:value>1.08</gx:value>
                <gx:value>1.08</gx:value>
                <gx:value>1.08</gx:value>
                <gx:value>1.08</gx:value>
                <gx:value>1.08</gx:value>
                <gx:value>1.11</gx:value>
                <gx:value>1.14</gx:value>
                <gx:value>1.07</gx:value>
                <gx:value>0.97</gx:value>
                <gx:value>0.86</gx:value>
                <gx:value>0.71</gx:value>
                <gx:value>0.57</gx:value>
                <gx:value>0.5</gx:value>
                <gx:value>0.49</gx:value>
                <gx:value>0.5</gx:value>
                <gx:value>0.49</gx:value>
                <gx:value>0.6</gx:value>
                <gx:value>0.75</gx:value>
                <gx:value>0.91</gx:value>
                <gx:value>1.1</gx:value>
                <gx:value>1.32</gx:value>
                <gx:value>1.51</gx:value>
                <gx:value>1.62</gx:value>
                <gx:value>1.68</gx:value>
                <gx:value>1.78</gx:value>
                <gx:value>1.8</gx:value>
                <gx:value>1.79</gx:value>
                <gx:value>1.79</gx:value>
                <gx:value>1.79</gx:value>
                <gx:value>1.79</gx:value>
                <gx:value>1.76</gx:value>
                <gx:value>1.75</gx:value>
                <gx:value>1.76</gx:value>
                <gx:value>1.74</gx:value>
                <gx:value>1.7</gx:value>
                <gx:value>1.68</gx:value>
                <gx:value>1.62</gx:value>
                <gx:value>1.47</gx:value>
                <gx:value>1.3</gx:value>
                <gx:value>1.13</gx:value>
                <gx:value>1</gx:value>
                <gx:value>0.99</gx:value>
                <gx:value>1</gx:value>
                <gx:value>1.02</gx:value>
                <gx:value>0.98</gx:value>
                <gx:value>0.93</gx:value>
                <gx:value>0.91</gx:value>
                <gx:value>0.9</gx:value>
                <gx:value>0.87</gx:value>
                <gx:value>0.77</gx:value>
                <gx:value>0.63</gx:value>
                <gx:value>0.48</gx:value>
                <gx:value>0.42</gx:value>
                <gx:value>0.38</gx:value>
                <gx:value>0.34</gx:value>
                <gx:value>0.37</gx:value>
                <gx:value>0.36</gx:value>
                <gx:value>0.34</gx:value>
                <gx:value>0.33</gx:value>
                <gx:value>0.32</gx:value>
                <gx:value>0.31</gx:value>
                <gx:value>0.32</gx:value>
                <gx:value>0.32</gx:value>
                <gx:value>0.34</gx:value>
                <gx:value>0.31</gx:value>
                <gx:value>0.32</gx:value>
                <gx:value>0.32</gx:value>
                <gx:value>0.31</gx:value>
                <gx:value>0.31</gx:value>
                <gx:value>0.3</gx:value>
                <gx:value>0.31</gx:value>
                <gx:value>0.33</gx:value>
                <gx:value>0.33</gx:value>
                <gx:value>0.32</gx:value>
                <gx:value>0.3</gx:value>
                <gx:value>0.29</gx:value>
                <gx:value>0.3</gx:value>
                <gx:value>0.29</gx:value>
                <gx:value>0.29</gx:value>
                <gx:value>0.29</gx:value>
                <gx:value>0.32</gx:value>
                <gx:value>0.31</gx:value>
                <gx:value>0.29</gx:value>
                <gx:value>0.2</gx:value>
                <gx:value>0.06</gx:value>
                <gx:value>6.18</gx:value>
                <gx:value>6.01</gx:value>
                <gx:value>5.88</gx:value>
                <gx:value>5.83</gx:value>
                <gx:value>5.84</gx:value>
                <gx:value>5.82</gx:value>
                <gx:value>5.83</gx:value>
                <gx:value>5.83</gx:value>
                <gx:value>5.84</gx:value>
                <gx:value>5.83</gx:value>
                <gx:value>5.82</gx:value>
                <gx:value>5.81</gx:value>
                <gx:value>5.81</gx:value>
                <gx:value>5.8</gx:value>
                <gx:value>5.8</gx:value>
                <gx:value>5.8</gx:value>
                <gx:value>5.81</gx:value>
                <gx:value>5.81</gx:value>
                <gx:value>5.8</gx:value>
                <gx:value>5.78</gx:value>
                <gx:value>5.78</gx:value>
                <gx:value>5.78</gx:value>
                <gx:value>5.79</gx:value>
                <gx:value>5.8</gx:value>
                <gx:value>5.78</gx:value>
                <gx:value>5.76</gx:value>
                <gx:value>5.76</gx:value>
                <gx:value>5.76</gx:value>
                <gx:value>5.77</gx:value>
                <gx:value>5.76</gx:value>
                <gx:value>5.75</gx:value>
                <gx:value>5.73</gx:value>
                <gx:value>5.74</gx:value>
                <gx:value>5.75</gx:value>
                <gx:value>5.77</gx:value>
                <gx:value>5.76</gx:value>
                <gx:value>5.77</gx:value>
                <gx:value>5.77</gx:value>
                <gx:value>5.78</gx:value>
                <gx:value>5.79</gx:value>
                <gx:value>5.78</gx:value>
                <gx:value>5.77</gx:value>
                <gx:value>5.77</gx:value>
                <gx:value>5.78</gx:value>
                <gx:value>5.78</gx:value>
                <gx:value>5.8</gx:value>
                <gx:value>5.82</gx:value>
                <gx:value>5.84</gx:value>
                <gx:value>5.86</gx:value>
                <gx:value>5.86</gx:value>
                <gx:value>5.86</gx:value>
                <gx:value>5.87</gx:value>
                <gx:value>5.9</gx:value>
                <gx:value>5.9</gx:value>
                <gx:value>5.92</gx:value>
                <gx:value>5.91</gx:value>
                <gx:value>5.81</gx:value>
                <gx:value />
                <gx:value />
                <gx:value>5.65</gx:value>
                <gx:value>5.37</gx:value>
                <gx:value>5.26</gx:value>
                <gx:value>5.18</gx:value>
                <gx:value>5.27</gx:value>
                <gx:value>5.31</gx:value>
                <gx:value>5.33</gx:value>
                <gx:value>5.29</gx:value>
                <gx:value>5.23</gx:value>
                <gx:value>5.1</gx:value>
                <gx:value>4.94</gx:value>
                <gx:value>4.78</gx:value>
                <gx:value>4.71</gx:value>
                <gx:value>4.68</gx:value>
                <gx:value>4.7</gx:value>
                <gx:value>4.81</gx:value>
                <gx:value>4.92</gx:value>
                <gx:value>5.13</gx:value>
                <gx:value>5.34</gx:value>
                <gx:value>5.47</gx:value>
                <gx:value>5.51</gx:value>
                <gx:value>5.53</gx:value>
                <gx:value>5.55</gx:value>
                <gx:value>5.49</gx:value>
                <gx:value>5.41</gx:value>
                <gx:value>5.23</gx:value>
                <gx:value>5.05</gx:value>
                <gx:value>4.9</gx:value>
                <gx:value>4.84</gx:value>
                <gx:value>4.82</gx:value>
                <gx:value>4.85</gx:value>
                <gx:value>5.01</gx:value>
                <gx:value>5.16</gx:value>
                <gx:value>5.22</gx:value>
                <gx:value>5.42</gx:value>
                <gx:value>5.5</gx:value>
                <gx:value>6.04</gx:value>
                <gx:value>6.27</gx:value>
                <gx:value>0.11</gx:value>
                <gx:value>0.12</gx:value>
                <gx:value>6.28</gx:value>
                <gx:value>6.09</gx:value>
                <gx:value>5.91</gx:value>
                <gx:value>5.67</gx:value>
                <gx:value>5.47</gx:value>
                <gx:value>5.36</gx:value>
                <gx:value>5.34</gx:value>
                <gx:value>5.36</gx:value>
                <gx:value>5.36</gx:value>
                <gx:value>5.38</gx:value>
                <gx:value>5.4</gx:value>
                <gx:value>5.48</gx:value>
                <gx:value>5.6</gx:value>
                <gx:value>5.71</gx:value>
                <gx:value>5.86</gx:value>
                <gx:value>5.86</gx:value>
                <gx:value>5.9</gx:value>
                <gx:value>5.91</gx:value>
                <gx:value>5.92</gx:value>
                <gx:value>5.9</gx:value>
                <gx:value>5.87</gx:value>
                <gx:value>5.84</gx:value>
                <gx:value>5.8</gx:value>
                <gx:value>5.72</gx:value>
                <gx:value>5.58</gx:value>
                <gx:value>5.38</gx:value>
                <gx:value>5.15</gx:value>
                <gx:value>4.94</gx:value>
                <gx:value>4.83</gx:value>
                <gx:value>4.8</gx:value>
                <gx:value>4.81</gx:value>
                <gx:value>4.81</gx:value>
                <gx:value>4.81</gx:value>
                <gx:value>4.8</gx:value>
                <gx:value>4.81</gx:value>
                <gx:value>4.82</gx:value>
                <gx:value>4.81</gx:value>
                <gx:value>4.79</gx:value>
                <gx:value>4.8</gx:value>
                <gx:value>4.8</gx:value>
                <gx:value>4.81</gx:value>
                <gx:value>4.81</gx:value>
                <gx:value>4.81</gx:value>
                <gx:value>4.81</gx:value>
                <gx:value>4.81</gx:value>
                <gx:value>4.78</gx:value>
                <gx:value>4.81</gx:value>
                <gx:value>4.81</gx:value>
                <gx:value>4.81</gx:value>
                <gx:value>4.82</gx:value>
                <gx:value>4.84</gx:value>
                <gx:value>4.83</gx:value>
                <gx:value>4.81</gx:value>
                <gx:value>4.78</gx:value>
                <gx:value>4.77</gx:value>
                <gx:value>4.82</gx:value>
                <gx:value>5.12</gx:value>
                <gx:value>5.33</gx:value>
                <gx:value>5.51</gx:value>
                <gx:value>5.61</gx:value>
                <gx:value>5.65</gx:value>
                <gx:value>5.64</gx:value>
                <gx:value>5.63</gx:value>
                <gx:value>5.56</gx:value>
                <gx:value>5.64</gx:value>
                <gx:value>5.52</gx:value>
                <gx:value>5.41</gx:value>
                <gx:value>5.47</gx:value>
                <gx:value>5.54</gx:value>
                <gx:value>5.55</gx:value>
                <gx:value>5.43</gx:value>
                <gx:value />
                <gx:value />
                <gx:value />
                <gx:value />
                <gx:value />
                <gx:value>5.54</gx:value>
                <gx:value>5.52</gx:value>
                <gx:value>5.45</gx:value>
                <gx:value>5.35</gx:value>
                <gx:value>5.24</gx:value>
                <gx:value>5.17</gx:value>
                <gx:value>5.15</gx:value>
                <gx:value>5.16</gx:value>
                <gx:value>5.18</gx:value>
                <gx:value>5.18</gx:value>
                <gx:value>5.18</gx:value>
                <gx:value>5.19</gx:value>
                <gx:value>5.21</gx:value>
                <gx:value>5.23</gx:value>
                <gx:value>5.24</gx:value>
                <gx:value>5.27</gx:value>
                <gx:value>5.29</gx:value>
                <gx:value>5.32</gx:value>
                <gx:value>5.32</gx:value>
                <gx:value>5.3</gx:value>
                <gx:value>5.33</gx:value>
                <gx:value>5.38</gx:value>
                <gx:value>5.43</gx:value>
                <gx:value>5.45</gx:value>
                <gx:value>5.47</gx:value>
                <gx:value>5.46</gx:value>
                <gx:value>5.44</gx:value>
                <gx:value>5.46</gx:value>
                <gx:value>5.48</gx:value>
                <gx:value>5.44</gx:value>
                <gx:value>5.42</gx:value>
                <gx:value>5.29</gx:value>
                <gx:value>5.25</gx:value>
                <gx:value>5.25</gx:value>
                <gx:value>5.21</gx:value>
                <gx:value>5.19</gx:value>
                <gx:value>5.13</gx:value>
                <gx:value>5.01</gx:value>
                <gx:value>4.91</gx:value>
                <gx:value>4.71</gx:value>
                <gx:value>4.65</gx:value>
                <gx:value>4.64</gx:value>
                <gx:value>4.63</gx:value>
                <gx:value>4.61</gx:value>
                <gx:value>4.64</gx:value>
                <gx:value>4.64</gx:value>
                <gx:value>4.59</gx:value>
                <gx:value>4.62</gx:value>
                <gx:value>4.68</gx:value>
                <gx:value>4.64</gx:value>
                <gx:value>4.63</gx:value>
                <gx:value>4.63</gx:value>
                <gx:value>4.59</gx:value>
                <gx:value>4.6</gx:value>
                <gx:value>4.65</gx:value>
                <gx:value>4.73</gx:value>
                <gx:value>4.85</gx:value>
                <gx:value>5.02</gx:value>
                <gx:value>5.21</gx:value>
                <gx:value>5.49</gx:value>
                <gx:value>5.65</gx:value>
                <gx:value>5.66</gx:value>
                <gx:value>5.64</gx:value>
                <gx:value>5.58</gx:value>
                <gx:value>5.57</gx:value>
                <gx:value>5.53</gx:value>
                <gx:value>5.49</gx:value>
                <gx:value>5.5</gx:value>
                <gx:value>5.52</gx:value>
                <gx:value>5.52</gx:value>
                <gx:value>5.52</gx:value>
                <gx:value>5.54</gx:value>
                <gx:value>5.49</gx:value>
                <gx:value>5.5</gx:value>
                <gx:value>5.48</gx:value>
                <gx:value>5.47</gx:value>
                <gx:value>5.47</gx:value>
                <gx:value>5.46</gx:value>
                <gx:value>5.46</gx:value>
                <gx:value>5.44</gx:value>
                <gx:value>5.48</gx:value>
                <gx:value>5.52</gx:value>
                <gx:value>5.52</gx:value>
                <gx:value>5.51</gx:value>
                <gx:value>5.5</gx:value>
                <gx:value>5.46</gx:value>
                <gx:value>5.42</gx:value>
                <gx:value>5.37</gx:value>
                <gx:value>5.26</gx:value>
                <gx:value>5.23</gx:value>
                <gx:value>5.22</gx:value>
                <gx:value>5.18</gx:value>
                <gx:value>5.17</gx:value>
                <gx:value>5.17</gx:value>
                <gx:value>5.19</gx:value>
                <gx:value>5.15</gx:value>
                <gx:value>5.13</gx:value>
                <gx:value>5.21</gx:value>
                <gx:value>5.21</gx:value>
                <gx:value>5.2</gx:value>
                <gx:value>5.19</gx:value>
                <gx:value>5.18</gx:value>
                <gx:value>5.17</gx:value>
                <gx:value>5.14</gx:value>
                <gx:value>5.13</gx:value>
                <gx:value>5.15</gx:value>
                <gx:value>5.17</gx:value>
                <gx:value>5.16</gx:value>
                <gx:value>5.15</gx:value>
                <gx:value>5.15</gx:value>
                <gx:value>5.16</gx:value>
                <gx:value>5.16</gx:value>
                <gx:value>5.17</gx:value>
                <gx:value>5.17</gx:value>
                <gx:value>5.16</gx:value>
                <gx:value>5.2</gx:value>
                <gx:value>5.24</gx:value>
                <gx:value>5.29</gx:value>
                <gx:value>5.39</gx:value>
                <gx:value>5.52</gx:value>
                <gx:value>5.69</gx:value>
                <gx:value>5.82</gx:value>
                <gx:value>5.87</gx:value>
                <gx:value>5.93</gx:value>
                <gx:value>5.93</gx:value>
                <gx:value>5.87</gx:value>
                <gx:value>5.82</gx:value>
                <gx:value>5.77</gx:value>
                <gx:value>5.69</gx:value>
                <gx:value>5.55</gx:value>
                <gx:value>5.41</gx:value>
                <gx:value>5.23</gx:value>
                <gx:value>5.12</gx:value>
                <gx:value>5.14</gx:value>
                <gx:value>5.05</gx:value>
                <gx:value>4.99</gx:value>
                <gx:value>4.95</gx:value>
                <gx:value>4.94</gx:value>
                <gx:value>4.91</gx:value>
                <gx:value>4.91</gx:value>
                <gx:value>4.89</gx:value>
                <gx:value>4.88</gx:value>
                <gx:value>4.87</gx:value>
                <gx:value>4.86</gx:value>
                <gx:value>4.86</gx:value>
                <gx:value>4.82</gx:value>
                <gx:value>4.81</gx:value>
                <gx:value>4.73</gx:value>
                <gx:value>4.59</gx:value>
                <gx:value>4.43</gx:value>
                <gx:value>4.24</gx:value>
                <gx:value>3.97</gx:value>
                <gx:value>3.74</gx:value>
                <gx:value>3.57</gx:value>
                <gx:value>3.49</gx:value>
                <gx:value>3.47</gx:value>
                <gx:value>3.55</gx:value>
                <gx:value>3.72</gx:value>
                <gx:value>4</gx:value>
                <gx:value>4.25</gx:value>
                <gx:value>4.36</gx:value>
                <gx:value>4.45</gx:value>
                <gx:value>4.54</gx:value>
                <gx:value>4.6</gx:value>
                <gx:value>4.59</gx:value>
                <gx:value>4.6</gx:value>
                <gx:value>4.61</gx:value>
                <gx:value>4.6</gx:value>
                <gx:value>4.58</gx:value>
                <gx:value>4.56</gx:value>
                <gx:value>4.56</gx:value>
                <gx:value>4.58</gx:value>
                <gx:value>4.56</gx:value>
                <gx:value>4.49</gx:value>
                <gx:value>4.44</gx:value>
                <gx:value>4.39</gx:value>
                <gx:value>4.35</gx:value>
                <gx:value>4.26</gx:value>
                <gx:value>4.24</gx:value>
                <gx:value>4.22</gx:value>
                <gx:value>4.18</gx:value>
                <gx:value>4.2</gx:value>
                <gx:value>4.21</gx:value>
                <gx:value>4.26</gx:value>
                <gx:value>4.32</gx:value>
                <gx:value>4.41</gx:value>
                <gx:value>4.43</gx:value>
                <gx:value>4.45</gx:value>
                <gx:value>4.48</gx:value>
                <gx:value>4.49</gx:value>
                <gx:value>4.46</gx:value>
                <gx:value>4.47</gx:value>
                <gx:value>4.47</gx:value>
                <gx:value>4.48</gx:value>
                <gx:value>4.48</gx:value>
                <gx:value>4.48</gx:value>
                <gx:value>4.51</gx:value>
                <gx:value>4.51</gx:value>
                <gx:value>4.55</gx:value>
                <gx:value>4.63</gx:value>
                <gx:value>4.67</gx:value>
                <gx:value>4.69</gx:value>
                <gx:value>4.69</gx:value>
                <gx:value>4.75</gx:value>
                <gx:value>4.76</gx:value>
                <gx:value>4.76</gx:value>
                <gx:value>4.75</gx:value>
                <gx:value>4.78</gx:value>
                <gx:value>4.76</gx:value>
                <gx:value>4.74</gx:value>
                <gx:value>4.7</gx:value>
                <gx:value>4.72</gx:value>
                <gx:value>4.83</gx:value>
                <gx:value>4.92</gx:value>
                <gx:value>4.98</gx:value>
                <gx:value>5.03</gx:value>
                <gx:value>5.06</gx:value>
                <gx:value>5.07</gx:value>
                <gx:value>5.07</gx:value>
                <gx:value>5.06</gx:value>
                <gx:value>5.05</gx:value>
                <gx:value>5.04</gx:value>
                <gx:value>5.01</gx:value>
                <gx:value>4.92</gx:value>
                <gx:value>4.8</gx:value>
                <gx:value>4.67</gx:value>
                <gx:value>4.63</gx:value>
                <gx:value>4.62</gx:value>
                <gx:value>4.65</gx:value>
                <gx:value>4.64</gx:value>
                <gx:value>4.56</gx:value>
                <gx:value />
                <gx:value>4.45</gx:value>
                <gx:value>4.42</gx:value>
                <gx:value>4.37</gx:value>
                <gx:value>4.36</gx:value>
                <gx:value>4.36</gx:value>
                <gx:value>4.33</gx:value>
                <gx:value>4.32</gx:value>
                <gx:value>4.58</gx:value>
                <gx:value>5.05</gx:value>
                <gx:value>5.17</gx:value>
                <gx:value>5.21</gx:value>
                <gx:value>5.22</gx:value>
                <gx:value>5.22</gx:value>
                <gx:value>5.19</gx:value>
                <gx:value>5.14</gx:value>
                <gx:value>5.08</gx:value>
                <gx:value>4.97</gx:value>
                <gx:value>4.83</gx:value>
                <gx:value>4.72</gx:value>
                <gx:value>4.66</gx:value>
                <gx:value>4.65</gx:value>
                <gx:value>4.66</gx:value>
                <gx:value>4.66</gx:value>
                <gx:value>4.65</gx:value>
                <gx:value>4.66</gx:value>
                <gx:value>4.65</gx:value>
                <gx:value>4.66</gx:value>
                <gx:value>4.69</gx:value>
                <gx:value>4.7</gx:value>
                <gx:value>4.72</gx:value>
                <gx:value>4.74</gx:value>
                <gx:value>4.76</gx:value>
                <gx:value>4.79</gx:value>
                <gx:value>4.84</gx:value>
                <gx:value>4.87</gx:value>
                <gx:value>4.89</gx:value>
                <gx:value>4.92</gx:value>
                <gx:value>4.92</gx:value>
                <gx:value>4.91</gx:value>
                <gx:value>4.91</gx:value>
                <gx:value>4.91</gx:value>
                <gx:value>4.92</gx:value>
                <gx:value>4.93</gx:value>
                <gx:value>4.93</gx:value>
                <gx:value>4.93</gx:value>
                <gx:value>4.93</gx:value>
                <gx:value>4.92</gx:value>
                <gx:value>4.92</gx:value>
                <gx:value>4.92</gx:value>
                <gx:value>4.92</gx:value>
                <gx:value>4.91</gx:value>
                <gx:value>4.89</gx:value>
                <gx:value>4.88</gx:value>
                <gx:value>4.86</gx:value>
                <gx:value>4.83</gx:value>
                <gx:value>4.81</gx:value>
                <gx:value />
                <gx:value>4.73</gx:value>
                <gx:value>4.66</gx:value>
                <gx:value>4.65</gx:value>
                <gx:value>4.66</gx:value>
                <gx:value>4.66</gx:value>
                <gx:value>4.66</gx:value>
                <gx:value>4.66</gx:value>
                <gx:value>4.65</gx:value>
                <gx:value>4.66</gx:value>
                <gx:value>4.64</gx:value>
                <gx:value>4.65</gx:value>
                <gx:value>4.65</gx:value>
                <gx:value>4.64</gx:value>
                <gx:value>4.65</gx:value>
                <gx:value>4.65</gx:value>
                <gx:value>4.61</gx:value>
                <gx:value>4.58</gx:value>
                <gx:value>4.6</gx:value>
                <gx:value>4.63</gx:value>
                <gx:value>4.65</gx:value>
                <gx:value />
                <gx:value />
                <gx:value>4.66</gx:value>
                <gx:value>4.77</gx:value>
                <gx:value>4.86</gx:value>
                <gx:value>4.92</gx:value>
                <gx:value>5</gx:value>
                <gx:value>4.98</gx:value>
                <gx:value>5.03</gx:value>
                <gx:value>5.02</gx:value>
                <gx:value />
                <gx:value />
                <gx:value />
                <gx:value />
                <gx:value />
                <gx:value />
                <gx:value />
                <gx:value>5.04</gx:value>
                <gx:value>4.99</gx:value>
                <gx:value>4.98</gx:value>
                <gx:value>4.93</gx:value>
                <gx:value>4.89</gx:value>
                <gx:value>4.91</gx:value>
                <gx:value />
                <gx:value />
                <gx:value>4.97</gx:value>
                <gx:value>4.91</gx:value>
                <gx:value>4.93</gx:value>
                <gx:value>4.96</gx:value>
                <gx:value>5.04</gx:value>
                <gx:value />
                <gx:value />
                <gx:value>0.22</gx:value>
                <gx:value />
                <gx:value />
                <gx:value>5.25</gx:value>
                <gx:value>4.91</gx:value>
                <gx:value>4.98</gx:value>
                <gx:value>4.87</gx:value>
                <gx:value>4.82</gx:value>
                <gx:value>4.69</gx:value>
                <gx:value>4.94</gx:value>
                <gx:value />
                <gx:value />
                <gx:value>5.04</gx:value>
                <gx:value>4.67</gx:value>
                <gx:value>4.22</gx:value>
                <gx:value>3.66</gx:value>
                <gx:value>3.36</gx:value>
                <gx:value>3.33</gx:value>
                <gx:value />
                <gx:value />
                <gx:value>4.25</gx:value>
                <gx:value>4.82</gx:value>
                <gx:value>4.89</gx:value>
                <gx:value>4.91</gx:value>
                <gx:value>4.93</gx:value>
                <gx:value>4.94</gx:value>
                <gx:value>4.93</gx:value>
                <gx:value>4.89</gx:value>
                <gx:value>4.91</gx:value>
                <gx:value>4.91</gx:value>
                <gx:value>4.92</gx:value>
                <gx:value>4.92</gx:value>
                <gx:value>4.91</gx:value>
                <gx:value>4.96</gx:value>
                <gx:value>4.97</gx:value>
                <gx:value>4.95</gx:value>
                <gx:value>4.95</gx:value>
                <gx:value>4.93</gx:value>
                <gx:value>4.95</gx:value>
                <gx:value>4.98</gx:value>
                <gx:value>5.02</gx:value>
                <gx:value>5.11</gx:value>
                <gx:value>5.16</gx:value>
                <gx:value>5.25</gx:value>
                <gx:value>5.31</gx:value>
                <gx:value>5.34</gx:value>
                <gx:value>5.36</gx:value>
                <gx:value>5.37</gx:value>
                <gx:value>5.4</gx:value>
                <gx:value>5.42</gx:value>
                <gx:value>5.43</gx:value>
                <gx:value>5.44</gx:value>
                <gx:value>5.47</gx:value>
                <gx:value>5.49</gx:value>
                <gx:value>5.41</gx:value>
                <gx:value>5.42</gx:value>
                <gx:value>5.38</gx:value>
                <gx:value>5.33</gx:value>
                <gx:value>5.39</gx:value>
                <gx:value>5.35</gx:value>
                <gx:value>5.23</gx:value>
                <gx:value>5.08</gx:value>
                <gx:value>4.99</gx:value>
                <gx:value>4.96</gx:value>
                <gx:value>4.95</gx:value>
                <gx:value>4.98</gx:value>
                <gx:value>4.98</gx:value>
                <gx:value>4.95</gx:value>
                <gx:value>4.94</gx:value>
                <gx:value>4.92</gx:value>
                <gx:value>4.91</gx:value>
                <gx:value>4.9</gx:value>
                <gx:value>4.91</gx:value>
                <gx:value>4.96</gx:value>
                <gx:value>5.01</gx:value>
                <gx:value>5.31</gx:value>
                <gx:value>5.86</gx:value>
                <gx:value />
                <gx:value>6.13</gx:value>
                <gx:value>6.18</gx:value>
                <gx:value>6.24</gx:value>
                <gx:value>6.26</gx:value>
                <gx:value>6.24</gx:value>
                <gx:value>6.19</gx:value>
                <gx:value>6.22</gx:value>
                <gx:value>6.23</gx:value>
                <gx:value>6.23</gx:value>
                <gx:value>6.25</gx:value>
                <gx:value>6.26</gx:value>
                <gx:value>6.25</gx:value>
                <gx:value>6.22</gx:value>
                <gx:value>6.22</gx:value>
                <gx:value>6.22</gx:value>
                <gx:value>6.22</gx:value>
                <gx:value>6.22</gx:value>
                <gx:value>6.23</gx:value>
                <gx:value>6.23</gx:value>
                <gx:value>6.23</gx:value>
                <gx:value>6.24</gx:value>
                <gx:value>6.25</gx:value>
                <gx:value>6.25</gx:value>
                <gx:value>6.24</gx:value>
                <gx:value>6.21</gx:value>
                <gx:value>6.1</gx:value>
                <gx:value>6.06</gx:value>
                <gx:value>6.04</gx:value>
                <gx:value>6.03</gx:value>
                <gx:value>6.01</gx:value>
                <gx:value>5.98</gx:value>
                <gx:value>5.97</gx:value>
                <gx:value>5.93</gx:value>
                <gx:value>5.88</gx:value>
                <gx:value>5.85</gx:value>
                <gx:value>5.85</gx:value>
                <gx:value>5.85</gx:value>
                <gx:value>5.87</gx:value>
                <gx:value>5.86</gx:value>
                <gx:value>5.84</gx:value>
                <gx:value>5.82</gx:value>
                <gx:value>5.78</gx:value>
                <gx:value>5.75</gx:value>
                <gx:value>5.75</gx:value>
                <gx:value>5.76</gx:value>
                <gx:value>5.8</gx:value>
                <gx:value>5.83</gx:value>
                <gx:value>5.83</gx:value>
                <gx:value>5.85</gx:value>
                <gx:value>5.84</gx:value>
                <gx:value>5.84</gx:value>
                <gx:value>5.85</gx:value>
                <gx:value>5.87</gx:value>
                <gx:value>5.87</gx:value>
                <gx:value>5.88</gx:value>
                <gx:value>5.87</gx:value>
                <gx:value>5.88</gx:value>
                <gx:value>5.85</gx:value>
                <gx:value>5.86</gx:value>
                <gx:value>5.84</gx:value>
                <gx:value>5.85</gx:value>
                <gx:value>5.84</gx:value>
                <gx:value>5.86</gx:value>
                <gx:value>5.87</gx:value>
                <gx:value>5.87</gx:value>
                <gx:value>5.89</gx:value>
                <gx:value>5.89</gx:value>
                <gx:value>5.88</gx:value>
                <gx:value>5.86</gx:value>
                <gx:value>5.87</gx:value>
                <gx:value>5.92</gx:value>
                <gx:value>5.99</gx:value>
                <gx:value>6.07</gx:value>
                <gx:value>6.12</gx:value>
                <gx:value>6.16</gx:value>
                <gx:value>6.2</gx:value>
                <gx:value>6.22</gx:value>
                <gx:value>6.25</gx:value>
                <gx:value>6.25</gx:value>
                <gx:value>6.25</gx:value>
                <gx:value>6.28</gx:value>
                <gx:value>6.27</gx:value>
                <gx:value>6.27</gx:value>
                <gx:value>6.27</gx:value>
                <gx:value>6.27</gx:value>
                <gx:value>6.27</gx:value>
                <gx:value>6.27</gx:value>
                <gx:value>6.28</gx:value>
                <gx:value>6.25</gx:value>
                <gx:value>6.24</gx:value>
                <gx:value>6.25</gx:value>
                <gx:value>6.27</gx:value>
                <gx:value>0.02</gx:value>
                <gx:value>0.02</gx:value>
                <gx:value>0.02</gx:value>
                <gx:value>0.01</gx:value>
                <gx:value>0</gx:value>
                <gx:value>6.27</gx:value>
                <gx:value>6.27</gx:value>
                <gx:value>6.26</gx:value>
                <gx:value>6.24</gx:value>
                <gx:value>6.25</gx:value>
                <gx:value>6.26</gx:value>
                <gx:value>6.28</gx:value>
                <gx:value>6.28</gx:value>
                <gx:value>0.01</gx:value>
                <gx:value>0.02</gx:value>
                <gx:value>0.02</gx:value>
                <gx:value>0.02</gx:value>
                <gx:value>0.03</gx:value>
                <gx:value>0.03</gx:value>
                <gx:value>0.03</gx:value>
                <gx:value>0.03</gx:value>
                <gx:value>0.02</gx:value>
                <gx:value>0.02</gx:value>
                <gx:value>0.01</gx:value>
                <gx:value>0.02</gx:value>
                <gx:value>0.02</gx:value>
                <gx:value>0.02</gx:value>
                <gx:value>0.03</gx:value>
                <gx:value>0.04</gx:value>
                <gx:value>0.02</gx:value>
                <gx:value>0.02</gx:value>
                <gx:value>0.04</gx:value>
                <gx:value>0.03</gx:value>
                <gx:value>0.04</gx:value>
                <gx:value>0.02</gx:value>
                <gx:value>0.02</gx:value>
                <gx:value>0.03</gx:value>
                <gx:value>0.03</gx:value>
                <gx:value>0.03</gx:value>
                <gx:value>0.03</gx:value>
                <gx:value>0.03</gx:value>
                <gx:value>0.01</gx:value>
                <gx:value>0.02</gx:value>
                <gx:value>0.03</gx:value>
                <gx:value>0.03</gx:value>
                <gx:value>0.03</gx:value>
                <gx:value>0.03</gx:value>
                <gx:value>0.03</gx:value>
                <gx:value>0.02</gx:value>
                <gx:value>0.02</gx:value>
                <gx:value>0.02</gx:value>
                <gx:value>0.02</gx:value>
                <gx:value>6.26</gx:value>
                <gx:value>6.15</gx:value>
                <gx:value>6.03</gx:value>
                <gx:value>5.91</gx:value>
                <gx:value>5.79</gx:value>
                <gx:value>5.73</gx:value>
                <gx:value>5.69</gx:value>
                <gx:value>5.68</gx:value>
                <gx:value>5.66</gx:value>
                <gx:value>5.66</gx:value>
                <gx:value>5.64</gx:value>
                <gx:value>5.65</gx:value>
                <gx:value>5.65</gx:value>
                <gx:value>5.64</gx:value>
                <gx:value>5.64</gx:value>
                <gx:value>5.67</gx:value>
                <gx:value>5.67</gx:value>
                <gx:value>5.67</gx:value>
                <gx:value>5.67</gx:value>
                <gx:value>5.66</gx:value>
                <gx:value>5.66</gx:value>
                <gx:value>5.65</gx:value>
                <gx:value>5.63</gx:value>
                <gx:value>5.61</gx:value>
                <gx:value>5.58</gx:value>
                <gx:value>5.56</gx:value>
                <gx:value>5.57</gx:value>
                <gx:value>5.53</gx:value>
                <gx:value>5.5</gx:value>
                <gx:value>5.48</gx:value>
                <gx:value>5.46</gx:value>
                <gx:value>5.51</gx:value>
                <gx:value>5.48</gx:value>
                <gx:value>5.52</gx:value>
                <gx:value>5.5</gx:value>
                <gx:value>5.49</gx:value>
                <gx:value>5.5</gx:value>
                <gx:value>5.5</gx:value>
                <gx:value>5.52</gx:value>
                <gx:value>5.62</gx:value>
                <gx:value>5.84</gx:value>
                <gx:value>6.14</gx:value>
                <gx:value>0.11</gx:value>
                <gx:value>0.25</gx:value>
                <gx:value>0.36</gx:value>
                <gx:value>0.35</gx:value>
                <gx:value>0.35</gx:value>
                <gx:value>0.3</gx:value>
                <gx:value>0.21</gx:value>
                <gx:value>0.02</gx:value>
                <gx:value>5.92</gx:value>
                <gx:value>5.73</gx:value>
                <gx:value>5.74</gx:value>
                <gx:value>5.55</gx:value>
                <gx:value>5.35</gx:value>
                <gx:value>5.34</gx:value>
                <gx:value>5.39</gx:value>
                <gx:value>5.45</gx:value>
                <gx:value>5.55</gx:value>
                <gx:value>5.61</gx:value>
                <gx:value>5.64</gx:value>
                <gx:value>5.67</gx:value>
                <gx:value>5.67</gx:value>
                <gx:value>5.66</gx:value>
                <gx:value>5.66</gx:value>
                <gx:value>5.67</gx:value>
                <gx:value>5.66</gx:value>
                <gx:value>5.65</gx:value>
                <gx:value>5.65</gx:value>
                <gx:value>5.65</gx:value>
                <gx:value>5.64</gx:value>
                <gx:value>5.65</gx:value>
                <gx:value>5.65</gx:value>
                <gx:value>5.67</gx:value>
                <gx:value>5.67</gx:value>
                <gx:value>5.66</gx:value>
                <gx:value>5.66</gx:value>
                <gx:value>5.66</gx:value>
                <gx:value>5.68</gx:value>
                <gx:value>5.67</gx:value>
                <gx:value>5.65</gx:value>
                <gx:value>5.67</gx:value>
                <gx:value>5.69</gx:value>
                <gx:value>5.67</gx:value>
                <gx:value>5.66</gx:value>
                <gx:value>5.66</gx:value>
                <gx:value>5.65</gx:value>
                <gx:value>5.62</gx:value>
                <gx:value>5.57</gx:value>
                <gx:value>5.51</gx:value>
                <gx:value>5.47</gx:value>
                <gx:value>5.45</gx:value>
                <gx:value>5.47</gx:value>
                <gx:value>5.6</gx:value>
                <gx:value>5.79</gx:value>
                <gx:value>6</gx:value>
                <gx:value>6.2</gx:value>
                <gx:value>0.04</gx:value>
                <gx:value>0.12</gx:value>
                <gx:value>0.16</gx:value>
                <gx:value>0.16</gx:value>
                <gx:value>0.17</gx:value>
                <gx:value>0.22</gx:value>
                <gx:value>0.15</gx:value>
                <gx:value>0.13</gx:value>
                <gx:value>0.1</gx:value>
                <gx:value>6.27</gx:value>
                <gx:value>6.15</gx:value>
                <gx:value>6.08</gx:value>
                <gx:value>6</gx:value>
                <gx:value>5.95</gx:value>
                <gx:value>5.93</gx:value>
                <gx:value>5.96</gx:value>
                <gx:value>5.94</gx:value>
                <gx:value>5.88</gx:value>
                <gx:value>5.82</gx:value>
                <gx:value>5.69</gx:value>
                <gx:value>5.54</gx:value>
                <gx:value>5.47</gx:value>
                <gx:value>5.51</gx:value>
                <gx:value>5.78</gx:value>
                <gx:value>6.1</gx:value>
                <gx:value>0.1</gx:value>
                <gx:value>0.29</gx:value>
                <gx:value>0.32</gx:value>
                <gx:value>0.18</gx:value>
                <gx:value>0.07</gx:value>
                <gx:value>6.18</gx:value>
                <gx:value>6.11</gx:value>
                <gx:value>6.12</gx:value>
                <gx:value>0</gx:value>
                <gx:value>0.31</gx:value>
                <gx:value>0.64</gx:value>
                <gx:value>0.85</gx:value>
                <gx:value>0.97</gx:value>
                <gx:value>0.97</gx:value>
                <gx:value>0.99</gx:value>
                <gx:value>1</gx:value>
                <gx:value>0.92</gx:value>
                <gx:value>0.57</gx:value>
                <gx:value>6.11</gx:value>
                <gx:value>5.85</gx:value>
                <gx:value>5.49</gx:value>
                <gx:value>5.08</gx:value>
                <gx:value>4.66</gx:value>
                <gx:value>4.54</gx:value>
                <gx:value>4.65</gx:value>
                <gx:value>4.92</gx:value>
                <gx:value>5</gx:value>
                <gx:value>4.98</gx:value>
                <gx:value>4.95</gx:value>
                <gx:value>4.95</gx:value>
                <gx:value>4.98</gx:value>
                <gx:value>5.05</gx:value>
                <gx:value>5.08</gx:value>
                <gx:value>5.34</gx:value>
                <gx:value>5.59</gx:value>
                <gx:value>5.63</gx:value>
                <gx:value>5.64</gx:value>
                <gx:value>5.6</gx:value>
                <gx:value>5.51</gx:value>
                <gx:value>5.44</gx:value>
                <gx:value>5.4</gx:value>
                <gx:value>5.36</gx:value>
                <gx:value>5.4</gx:value>
                <gx:value>5.51</gx:value>
                <gx:value>5.61</gx:value>
                <gx:value>5.65</gx:value>
                <gx:value>5.68</gx:value>
                <gx:value>5.74</gx:value>
                <gx:value>5.75</gx:value>
                <gx:value>5.74</gx:value>
                <gx:value>5.69</gx:value>
                <gx:value>5.67</gx:value>
                <gx:value>5.66</gx:value>
                <gx:value>5.66</gx:value>
                <gx:value>5.61</gx:value>
                <gx:value>5.57</gx:value>
                <gx:value>5.56</gx:value>
                <gx:value>5.53</gx:value>
                <gx:value>5.56</gx:value>
                <gx:value>5.61</gx:value>
                <gx:value>5.69</gx:value>
                <gx:value>5.69</gx:value>
                <gx:value>5.76</gx:value>
                <gx:value>5.79</gx:value>
                <gx:value>5.78</gx:value>
                <gx:value>5.79</gx:value>
                <gx:value>5.75</gx:value>
                <gx:value>5.69</gx:value>
                <gx:value>5.61</gx:value>
                <gx:value>5.5</gx:value>
                <gx:value>5.45</gx:value>
                <gx:value>5.46</gx:value>
                <gx:value>5.55</gx:value>
                <gx:value>5.67</gx:value>
                <gx:value>5.76</gx:value>
                <gx:value>5.8</gx:value>
                <gx:value>5.84</gx:value>
                <gx:value>5.93</gx:value>
                <gx:value>6.09</gx:value>
                <gx:value>6.22</gx:value>
                <gx:value>0.06</gx:value>
                <gx:value>0.14</gx:value>
                <gx:value>0.17</gx:value>
                <gx:value>0.21</gx:value>
                <gx:value>0.25</gx:value>
                <gx:value>0.34</gx:value>
                <gx:value>0.61</gx:value>
                <gx:value>0.8</gx:value>
                <gx:value>1</gx:value>
                <gx:value>1.07</gx:value>
                <gx:value>1.14</gx:value>
                <gx:value>1.13</gx:value>
                <gx:value>1.1</gx:value>
                <gx:value>1.1</gx:value>
                <gx:value>1.17</gx:value>
                <gx:value>1.24</gx:value>
                <gx:value>1.32</gx:value>
                <gx:value>1.45</gx:value>
                <gx:value>1.51</gx:value>
                <gx:value>1.64</gx:value>
                <gx:value>1.75</gx:value>
                <gx:value>1.48</gx:value>
                <gx:value>0.92</gx:value>
                <gx:value>0.6</gx:value>
                <gx:value>0.24</gx:value>
                <gx:value>0.22</gx:value>
                <gx:value>0.4</gx:value>
                <gx:value>0.57</gx:value>
                <gx:value>0.84</gx:value>
                <gx:value>0.83</gx:value>
                <gx:value>1.04</gx:value>
                <gx:value>1.1</gx:value>
                <gx:value>1.02</gx:value>
                <gx:value>0.97</gx:value>
                <gx:value>1.03</gx:value>
                <gx:value>1.13</gx:value>
                <gx:value>1</gx:value>
                <gx:value>0.79</gx:value>
                <gx:value>0.78</gx:value>
                <gx:value>0.83</gx:value>
                <gx:value>0.58</gx:value>
                <gx:value>0.3</gx:value>
                <gx:value>0.74</gx:value>
                <gx:value>0.77</gx:value>
                <gx:value>0.56</gx:value>
                <gx:value>0.68</gx:value>
                <gx:value>0.67</gx:value>
                <gx:value>0.7</gx:value>
                <gx:value>0.81</gx:value>
                <gx:value>0.66</gx:value>
                <gx:value>0.53</gx:value>
                <gx:value>0.34</gx:value>
                <gx:value>0.16</gx:value>
                <gx:value>0.17</gx:value>
                <gx:value>6.22</gx:value>
                <gx:value>6.05</gx:value>
                <gx:value>6.05</gx:value>
                <gx:value>6.07</gx:value>
                <gx:value>6.11</gx:value>
                <gx:value>6.24</gx:value>
                <gx:value>0.25</gx:value>
                <gx:value>0.35</gx:value>
                <gx:value>0.53</gx:value>
                <gx:value>0.55</gx:value>
                <gx:value>0.58</gx:value>
                <gx:value>0.65</gx:value>
                <gx:value>0.7</gx:value>
                <gx:value>0.75</gx:value>
                <gx:value>0.78</gx:value>
                <gx:value>0.74</gx:value>
                <gx:value>0.63</gx:value>
                <gx:value>0.5</gx:value>
                <gx:value>0.38</gx:value>
                <gx:value>0.3</gx:value>
                <gx:value>0.2</gx:value>
                <gx:value>0.05</gx:value>
                <gx:value>6.15</gx:value>
                <gx:value>5.97</gx:value>
                <gx:value>6.06</gx:value>
                <gx:value>0.22</gx:value>
                <gx:value>0.67</gx:value>
                <gx:value>0.97</gx:value>
                <gx:value>1.07</gx:value>
                <gx:value>1.1</gx:value>
                <gx:value>1.11</gx:value>
                <gx:value>1.06</gx:value>
                <gx:value>0.91</gx:value>
                <gx:value>0.77</gx:value>
                <gx:value>0.76</gx:value>
                <gx:value>0.63</gx:value>
                <gx:value>0.39</gx:value>
                <gx:value>6.23</gx:value>
                <gx:value>5.84</gx:value>
                <gx:value>5.44</gx:value>
                <gx:value>5.25</gx:value>
                <gx:value>5.38</gx:value>
                <gx:value>5.55</gx:value>
                <gx:value>5.76</gx:value>
                <gx:value>5.9</gx:value>
                <gx:value>5.86</gx:value>
                <gx:value>5.99</gx:value>
                <gx:value>6.26</gx:value>
                <gx:value>0.19</gx:value>
                <gx:value>0.3</gx:value>
                <gx:value>0.21</gx:value>
                <gx:value>0.04</gx:value>
                <gx:value>6.2</gx:value>
                <gx:value>6.09</gx:value>
                <gx:value>6.05</gx:value>
                <gx:value>6.05</gx:value>
                <gx:value>6.11</gx:value>
                <gx:value>6.23</gx:value>
                <gx:value>0.15</gx:value>
                <gx:value>0.31</gx:value>
                <gx:value>0.34</gx:value>
                <gx:value>0.32</gx:value>
                <gx:value>0.34</gx:value>
                <gx:value>0.42</gx:value>
                <gx:value>0.55</gx:value>
                <gx:value>0.69</gx:value>
                <gx:value>0.81</gx:value>
                <gx:value>0.9</gx:value>
                <gx:value>0.92</gx:value>
                <gx:value>0.85</gx:value>
                <gx:value>0.76</gx:value>
                <gx:value>0.65</gx:value>
                <gx:value>0.56</gx:value>
                <gx:value>0.55</gx:value>
                <gx:value>0.67</gx:value>
                <gx:value>0.82</gx:value>
                <gx:value>1.02</gx:value>
                <gx:value>1.17</gx:value>
                <gx:value>1.26</gx:value>
                <gx:value>1.27</gx:value>
                <gx:value>1.31</gx:value>
                <gx:value>1.3</gx:value>
                <gx:value>1.25</gx:value>
                <gx:value>1.21</gx:value>
                <gx:value>1.17</gx:value>
                <gx:value>1.13</gx:value>
                <gx:value>1.07</gx:value>
                <gx:value>1</gx:value>
                <gx:value>0.91</gx:value>
                <gx:value>0.79</gx:value>
                <gx:value>0.66</gx:value>
                <gx:value>0.49</gx:value>
                <gx:value>0.3</gx:value>
                <gx:value>0.12</gx:value>
                <gx:value>6.21</gx:value>
                <gx:value>6.06</gx:value>
                <gx:value>5.95</gx:value>
                <gx:value>5.93</gx:value>
                <gx:value>5.99</gx:value>
                <gx:value>6.08</gx:value>
                <gx:value>6.18</gx:value>
                <gx:value>0.01</gx:value>
                <gx:value>0.12</gx:value>
                <gx:value>0.15</gx:value>
                <gx:value>0.12</gx:value>
                <gx:value>6.27</gx:value>
                <gx:value>6.07</gx:value>
                <gx:value>5.83</gx:value>
                <gx:value>5.61</gx:value>
                <gx:value>5.51</gx:value>
                <gx:value>5.44</gx:value>
                <gx:value>5.4</gx:value>
                <gx:value>5.29</gx:value>
                <gx:value>5.13</gx:value>
                <gx:value>5</gx:value>
                <gx:value>4.99</gx:value>
                <gx:value>5.35</gx:value>
                <gx:value>5.89</gx:value>
                <gx:value>6.06</gx:value>
                <gx:value>6.11</gx:value>
                <gx:value>6.09</gx:value>
                <gx:value>5.98</gx:value>
                <gx:value>5.87</gx:value>
                <gx:value>5.84</gx:value>
                <gx:value>5.87</gx:value>
                <gx:value>5.96</gx:value>
                <gx:value>6.14</gx:value>
                <gx:value>0.02</gx:value>
                <gx:value>0.12</gx:value>
                <gx:value>0.1</gx:value>
                <gx:value>0.04</gx:value>
                <gx:value>6.27</gx:value>
                <gx:value>6.12</gx:value>
                <gx:value>5.94</gx:value>
                <gx:value>5.82</gx:value>
                <gx:value>5.78</gx:value>
                <gx:value>5.78</gx:value>
                <gx:value>5.79</gx:value>
                <gx:value>5.82</gx:value>
                <gx:value>5.87</gx:value>
                <gx:value>5.92</gx:value>
                <gx:value>5.93</gx:value>
                <gx:value>5.93</gx:value>
                <gx:value>5.94</gx:value>
                <gx:value>5.94</gx:value>
                <gx:value>5.91</gx:value>
                <gx:value>5.8</gx:value>
                <gx:value>5.65</gx:value>
                <gx:value>5.5</gx:value>
                <gx:value>5.4</gx:value>
                <gx:value>5.37</gx:value>
                <gx:value>5.41</gx:value>
                <gx:value>5.48</gx:value>
                <gx:value>5.66</gx:value>
                <gx:value>5.85</gx:value>
                <gx:value>6.08</gx:value>
                <gx:value>6.26</gx:value>
                <gx:value>0.15</gx:value>
                <gx:value>0.24</gx:value>
                <gx:value>0.3</gx:value>
                <gx:value>0.35</gx:value>
                <gx:value>0.39</gx:value>
                <gx:value>0.48</gx:value>
                <gx:value>0.57</gx:value>
                <gx:value>0.71</gx:value>
                <gx:value>0.78</gx:value>
                <gx:value>0.76</gx:value>
                <gx:value>0.75</gx:value>
                <gx:value>0.73</gx:value>
                <gx:value>0.77</gx:value>
                <gx:value>0.78</gx:value>
                <gx:value>0.77</gx:value>
                <gx:value>0.79</gx:value>
                <gx:value>0.77</gx:value>
                <gx:value>0.79</gx:value>
                <gx:value>0.8</gx:value>
                <gx:value>0.8</gx:value>
                <gx:value>0.8</gx:value>
                <gx:value>0.81</gx:value>
                <gx:value>0.8</gx:value>
                <gx:value>0.79</gx:value>
                <gx:value>0.79</gx:value>
                <gx:value>0.78</gx:value>
                <gx:value>0.78</gx:value>
                <gx:value>0.76</gx:value>
                <gx:value>0.74</gx:value>
                <gx:value>0.72</gx:value>
                <gx:value>0.7</gx:value>
                <gx:value>0.69</gx:value>
                <gx:value>0.65</gx:value>
                <gx:value>0.63</gx:value>
                <gx:value>0.63</gx:value>
                <gx:value>0.63</gx:value>
                <gx:value>0.63</gx:value>
                <gx:value>0.6</gx:value>
                <gx:value>0.59</gx:value>
                <gx:value>0.62</gx:value>
                <gx:value>0.67</gx:value>
                <gx:value>0.75</gx:value>
                <gx:value>0.83</gx:value>
                <gx:value>0.91</gx:value>
                <gx:value>0.95</gx:value>
                <gx:value>0.98</gx:value>
                <gx:value>0.97</gx:value>
                <gx:value>0.95</gx:value>
                <gx:value>0.89</gx:value>
                <gx:value>0.9</gx:value>
                <gx:value>0.91</gx:value>
                <gx:value>0.87</gx:value>
                <gx:value>0.88</gx:value>
                <gx:value>0.78</gx:value>
                <gx:value>0.67</gx:value>
                <gx:value>0.41</gx:value>
                <gx:value>0.11</gx:value>
                <gx:value>6.18</gx:value>
                <gx:value>6.03</gx:value>
                <gx:value>5.88</gx:value>
                <gx:value>5.7</gx:value>
                <gx:value>5.54</gx:value>
                <gx:value>5.33</gx:value>
                <gx:value>5.19</gx:value>
                <gx:value>4.93</gx:value>
                <gx:value>4.89</gx:value>
                <gx:value>4.95</gx:value>
                <gx:value>5.15</gx:value>
                <gx:value>5.42</gx:value>
                <gx:value>5.73</gx:value>
                <gx:value>6</gx:value>
                <gx:value>6.16</gx:value>
                <gx:value>6.17</gx:value>
                <gx:value>6.07</gx:value>
                <gx:value>5.88</gx:value>
                <gx:value>5.7</gx:value>
                <gx:value>5.54</gx:value>
                <gx:value>5.51</gx:value>
                <gx:value>5.56</gx:value>
                <gx:value>5.62</gx:value>
                <gx:value>5.66</gx:value>
                <gx:value>5.7</gx:value>
                <gx:value>5.69</gx:value>
                <gx:value>5.65</gx:value>
                <gx:value>5.63</gx:value>
                <gx:value>5.62</gx:value>
                <gx:value>5.61</gx:value>
                <gx:value>5.62</gx:value>
                <gx:value>5.71</gx:value>
                <gx:value>5.88</gx:value>
                <gx:value>6.1</gx:value>
                <gx:value>0.05</gx:value>
                <gx:value>0.26</gx:value>
                <gx:value>0.45</gx:value>
                <gx:value>0.88</gx:value>
                <gx:value>1.03</gx:value>
                <gx:value>1.06</gx:value>
                <gx:value>1.08</gx:value>
                <gx:value>1.1</gx:value>
                <gx:value>1.07</gx:value>
                <gx:value>1.04</gx:value>
                <gx:value>0.96</gx:value>
                <gx:value>0.88</gx:value>
                <gx:value>0.75</gx:value>
                <gx:value>0.62</gx:value>
                <gx:value>0.54</gx:value>
                <gx:value>0.52</gx:value>
                <gx:value>0.48</gx:value>
                <gx:value>0.37</gx:value>
                <gx:value>0.04</gx:value>
                <gx:value>6.08</gx:value>
                <gx:value>6.04</gx:value>
                <gx:value>6.18</gx:value>
                <gx:value>6.16</gx:value>
                <gx:value>0.2</gx:value>
                <gx:value>0.32</gx:value>
                <gx:value>0.48</gx:value>
                <gx:value>0.6</gx:value>
                <gx:value>0.59</gx:value>
                <gx:value>0.44</gx:value>
                <gx:value>0.26</gx:value>
                <gx:value>0.11</gx:value>
                <gx:value>6.25</gx:value>
                <gx:value>6.1</gx:value>
                <gx:value>6.05</gx:value>
                <gx:value>6.03</gx:value>
                <gx:value>6.01</gx:value>
                <gx:value>5.98</gx:value>
                <gx:value>5.97</gx:value>
                <gx:value>5.98</gx:value>
                <gx:value>5.99</gx:value>
                <gx:value>6</gx:value>
                <gx:value>6.01</gx:value>
                <gx:value>6.03</gx:value>
                <gx:value>6.02</gx:value>
                <gx:value>6</gx:value>
                <gx:value>5.98</gx:value>
                <gx:value>5.96</gx:value>
                <gx:value>5.93</gx:value>
                <gx:value>5.97</gx:value>
                <gx:value>5.98</gx:value>
                <gx:value>6</gx:value>
                <gx:value>6.02</gx:value>
                <gx:value>6.03</gx:value>
                <gx:value>6.06</gx:value>
                <gx:value>6.06</gx:value>
                <gx:value>6.08</gx:value>
                <gx:value>6.09</gx:value>
                <gx:value>6.1</gx:value>
                <gx:value>6.09</gx:value>
                <gx:value>6.09</gx:value>
                <gx:value>6.09</gx:value>
                <gx:value>6.09</gx:value>
                <gx:value>6.08</gx:value>
                <gx:value>6.08</gx:value>
                <gx:value>6.07</gx:value>
                <gx:value>6.07</gx:value>
                <gx:value>6.1</gx:value>
                <gx:value>6.11</gx:value>
                <gx:value>6.15</gx:value>
                <gx:value>6.21</gx:value>
                <gx:value>0.01</gx:value>
                <gx:value>0.06</gx:value>
                <gx:value>0.1</gx:value>
                <gx:value>0.13</gx:value>
                <gx:value>0.15</gx:value>
                <gx:value>0.17</gx:value>
                <gx:value>0.16</gx:value>
                <gx:value>0.15</gx:value>
                <gx:value>0.11</gx:value>
                <gx:value>0.13</gx:value>
                <gx:value />
                <gx:value>0.17</gx:value>
                <gx:value>0.17</gx:value>
                <gx:value>0.16</gx:value>
                <gx:value>0.16</gx:value>
                <gx:value>0.16</gx:value>
                <gx:value>0.17</gx:value>
                <gx:value>0.16</gx:value>
                <gx:value>0.16</gx:value>
                <gx:value>0.15</gx:value>
                <gx:value>0.15</gx:value>
                <gx:value>0.14</gx:value>
                <gx:value>0.13</gx:value>
                <gx:value>0.13</gx:value>
                <gx:value>0.09</gx:value>
                <gx:value>0.03</gx:value>
                <gx:value>6.21</gx:value>
                <gx:value>6.11</gx:value>
                <gx:value>6.02</gx:value>
                <gx:value>5.95</gx:value>
                <gx:value>5.91</gx:value>
                <gx:value>5.88</gx:value>
                <gx:value>5.84</gx:value>
                <gx:value>5.81</gx:value>
                <gx:value>5.81</gx:value>
                <gx:value>5.78</gx:value>
                <gx:value>5.77</gx:value>
                <gx:value>5.8</gx:value>
                <gx:value>5.88</gx:value>
                <gx:value>5.96</gx:value>
                <gx:value>6.06</gx:value>
                <gx:value>6.13</gx:value>
                <gx:value>6.16</gx:value>
                <gx:value>6.15</gx:value>
                <gx:value>6.12</gx:value>
                <gx:value>6.1</gx:value>
                <gx:value>6.07</gx:value>
                <gx:value>6.03</gx:value>
                <gx:value>5.99</gx:value>
                <gx:value>5.92</gx:value>
                <gx:value>5.8</gx:value>
                <gx:value>5.63</gx:value>
                <gx:value>5.45</gx:value>
                <gx:value>5.32</gx:value>
                <gx:value>5.29</gx:value>
                <gx:value>5.3</gx:value>
                <gx:value>5.31</gx:value>
                <gx:value>5.37</gx:value>
                <gx:value>5.42</gx:value>
                <gx:value>5.53</gx:value>
                <gx:value>5.78</gx:value>
                <gx:value>5.93</gx:value>
                <gx:value>6.01</gx:value>
                <gx:value>6.04</gx:value>
                <gx:value>6.04</gx:value>
                <gx:value>5.99</gx:value>
                <gx:value>5.88</gx:value>
                <gx:value>5.94</gx:value>
                <gx:value>6.06</gx:value>
                <gx:value>6.27</gx:value>
                <gx:value>0.21</gx:value>
                <gx:value>0.43</gx:value>
                <gx:value>0.64</gx:value>
                <gx:value>0.83</gx:value>
                <gx:value>0.99</gx:value>
                <gx:value>1.09</gx:value>
                <gx:value>1.16</gx:value>
                <gx:value>1.14</gx:value>
                <gx:value>1.12</gx:value>
                <gx:value>1.09</gx:value>
                <gx:value>1.09</gx:value>
                <gx:value>0.98</gx:value>
                <gx:value>0.85</gx:value>
                <gx:value>0.68</gx:value>
                <gx:value>0.53</gx:value>
                <gx:value>0.43</gx:value>
                <gx:value>0.41</gx:value>
                <gx:value>0.39</gx:value>
                <gx:value>0.38</gx:value>
                <gx:value>0.39</gx:value>
                <gx:value>0.42</gx:value>
                <gx:value>0.45</gx:value>
                <gx:value>0.47</gx:value>
                <gx:value>0.48</gx:value>
                <gx:value>0.49</gx:value>
                <gx:value>0.5</gx:value>
                <gx:value>0.54</gx:value>
                <gx:value>0.55</gx:value>
                <gx:value>0.55</gx:value>
                <gx:value>0.53</gx:value>
                <gx:value>0.51</gx:value>
                <gx:value>0.53</gx:value>
                <gx:value>0.52</gx:value>
                <gx:value>0.53</gx:value>
                <gx:value>0.51</gx:value>
                <gx:value>0.52</gx:value>
                <gx:value>0.52</gx:value>
                <gx:value>0.53</gx:value>
                <gx:value>0.52</gx:value>
                <gx:value>0.53</gx:value>
                <gx:value>0.55</gx:value>
                <gx:value>0.53</gx:value>
                <gx:value>0.53</gx:value>
                <gx:value>0.53</gx:value>
                <gx:value>0.53</gx:value>
                <gx:value>0.52</gx:value>
                <gx:value>0.52</gx:value>
                <gx:value>0.48</gx:value>
                <gx:value>0.41</gx:value>
                <gx:value>0.37</gx:value>
                <gx:value>0.27</gx:value>
                <gx:value>0.15</gx:value>
                <gx:value>0.04</gx:value>
                <gx:value>6.24</gx:value>
                <gx:value>6.19</gx:value>
                <gx:value>6.16</gx:value>
                <gx:value>6.17</gx:value>
                <gx:value>6.18</gx:value>
                <gx:value>6.18</gx:value>
                <gx:value>6.18</gx:value>
                <gx:value>6.17</gx:value>
                <gx:value>6.17</gx:value>
                <gx:value>6.18</gx:value>
                <gx:value>6.16</gx:value>
                <gx:value>6.16</gx:value>
                <gx:value>6.18</gx:value>
                <gx:value>6.18</gx:value>
                <gx:value>6.18</gx:value>
                <gx:value>6.18</gx:value>
                <gx:value>6.17</gx:value>
                <gx:value>6.17</gx:value>
                <gx:value>6.18</gx:value>
                <gx:value>6.18</gx:value>
                <gx:value>6.18</gx:value>
                <gx:value>6.16</gx:value>
                <gx:value>6.17</gx:value>
                <gx:value>6.16</gx:value>
                <gx:value>6.12</gx:value>
                <gx:value>6.08</gx:value>
                <gx:value>6.02</gx:value>
                <gx:value>5.95</gx:value>
                <gx:value>5.9</gx:value>
                <gx:value>5.88</gx:value>
                <gx:value>5.87</gx:value>
                <gx:value>5.85</gx:value>
                <gx:value>5.85</gx:value>
                <gx:value>5.86</gx:value>
                <gx:value>5.87</gx:value>
                <gx:value>5.88</gx:value>
                <gx:value>5.88</gx:value>
                <gx:value>5.88</gx:value>
                <gx:value>5.89</gx:value>
                <gx:value>5.9</gx:value>
                <gx:value>5.94</gx:value>
                <gx:value>6.01</gx:value>
                <gx:value>6.13</gx:value>
                <gx:value>6.27</gx:value>
                <gx:value>0.13</gx:value>
                <gx:value>0.28</gx:value>
                <gx:value>0.42</gx:value>
                <gx:value>0.55</gx:value>
                <gx:value>0.67</gx:value>
                <gx:value>0.76</gx:value>
                <gx:value>0.78</gx:value>
                <gx:value>0.78</gx:value>
                <gx:value>0.8</gx:value>
                <gx:value>0.82</gx:value>
                <gx:value>0.83</gx:value>
                <gx:value>0.83</gx:value>
                <gx:value>0.82</gx:value>
                <gx:value>0.8</gx:value>
                <gx:value>0.79</gx:value>
                <gx:value>0.79</gx:value>
                <gx:value>0.79</gx:value>
                <gx:value>0.79</gx:value>
                <gx:value>0.8</gx:value>
                <gx:value>0.8</gx:value>
                <gx:value>0.78</gx:value>
                <gx:value>0.78</gx:value>
                <gx:value>0.79</gx:value>
                <gx:value>0.78</gx:value>
                <gx:value>0.76</gx:value>
                <gx:value>0.73</gx:value>
                <gx:value>0.77</gx:value>
                <gx:value>0.76</gx:value>
                <gx:value>0.74</gx:value>
                <gx:value>0.8</gx:value>
                <gx:value>0.9</gx:value>
                <gx:value>0.98</gx:value>
                <gx:value>1.14</gx:value>
                <gx:value>1.29</gx:value>
                <gx:value>1.47</gx:value>
                <gx:value>1.58</gx:value>
                <gx:value>1.61</gx:value>
                <gx:value>1.55</gx:value>
                <gx:value>1.44</gx:value>
                <gx:value>1.27</gx:value>
                <gx:value>1.13</gx:value>
                <gx:value>0.97</gx:value>
                <gx:value>0.85</gx:value>
                <gx:value>0.77</gx:value>
                <gx:value>0.71</gx:value>
                <gx:value>0.71</gx:value>
                <gx:value>0.68</gx:value>
                <gx:value>0.66</gx:value>
                <gx:value>0.64</gx:value>
                <gx:value>0.64</gx:value>
                <gx:value>0.66</gx:value>
                <gx:value>0.64</gx:value>
                <gx:value>0.6</gx:value>
                <gx:value>0.55</gx:value>
                <gx:value>0.48</gx:value>
                <gx:value>0.35</gx:value>
                <gx:value>0.11</gx:value>
                <gx:value>6.13</gx:value>
                <gx:value>5.88</gx:value>
                <gx:value>5.66</gx:value>
                <gx:value>5.49</gx:value>
                <gx:value>5.3</gx:value>
                <gx:value>5.1</gx:value>
                <gx:value>4.96</gx:value>
                <gx:value>4.8</gx:value>
                <gx:value>4.72</gx:value>
                <gx:value>4.73</gx:value>
                <gx:value>5.11</gx:value>
                <gx:value>5.67</gx:value>
                <gx:value>5.96</gx:value>
                <gx:value>6.11</gx:value>
                <gx:value>6.19</gx:value>
                <gx:value>6.21</gx:value>
                <gx:value>6.21</gx:value>
                <gx:value>6.21</gx:value>
                <gx:value>6.21</gx:value>
                <gx:value>6.22</gx:value>
                <gx:value>6.22</gx:value>
                <gx:value>6.23</gx:value>
                <gx:value>6.23</gx:value>
                <gx:value>6.23</gx:value>
                <gx:value>6.24</gx:value>
                <gx:value>6.24</gx:value>
                <gx:value>6.24</gx:value>
                <gx:value>6.2</gx:value>
                <gx:value>6.17</gx:value>
                <gx:value>6.15</gx:value>
                <gx:value>6.13</gx:value>
                <gx:value>6.11</gx:value>
                <gx:value>6.07</gx:value>
                <gx:value>6.04</gx:value>
                <gx:value>5.99</gx:value>
                <gx:value>5.94</gx:value>
                <gx:value>5.86</gx:value>
                <gx:value>5.77</gx:value>
                <gx:value>5.68</gx:value>
                <gx:value>5.57</gx:value>
                <gx:value>5.69</gx:value>
                <gx:value>5.78</gx:value>
                <gx:value>5.85</gx:value>
                <gx:value>5.92</gx:value>
                <gx:value>5.99</gx:value>
                <gx:value>6.07</gx:value>
                <gx:value>6.1</gx:value>
                <gx:value>6.1</gx:value>
                <gx:value>6.09</gx:value>
                <gx:value>6.07</gx:value>
                <gx:value>6.05</gx:value>
                <gx:value>6.03</gx:value>
                <gx:value>6.03</gx:value>
                <gx:value>6.01</gx:value>
                <gx:value>5.99</gx:value>
                <gx:value>5.98</gx:value>
                <gx:value>5.97</gx:value>
                <gx:value>5.99</gx:value>
                <gx:value>5.98</gx:value>
                <gx:value>6.01</gx:value>
                <gx:value>6.09</gx:value>
                <gx:value>6.24</gx:value>
                <gx:value>0.13</gx:value>
                <gx:value>0.31</gx:value>
                <gx:value>0.44</gx:value>
                <gx:value>0.53</gx:value>
                <gx:value>0.55</gx:value>
                <gx:value>0.51</gx:value>
                <gx:value>0.47</gx:value>
                <gx:value>0.41</gx:value>
                <gx:value>0.35</gx:value>
                <gx:value>0.29</gx:value>
                <gx:value>0.24</gx:value>
                <gx:value>0.2</gx:value>
                <gx:value>0.2</gx:value>
                <gx:value>0.22</gx:value>
                <gx:value>0.26</gx:value>
                <gx:value>0.32</gx:value>
                <gx:value>0.41</gx:value>
                <gx:value>0.51</gx:value>
                <gx:value>0.57</gx:value>
                <gx:value>0.5</gx:value>
                <gx:value>0.35</gx:value>
                <gx:value>0.18</gx:value>
                <gx:value>6.26</gx:value>
                <gx:value>6.15</gx:value>
                <gx:value>6.13</gx:value>
                <gx:value>6.14</gx:value>
                <gx:value>6.16</gx:value>
                <gx:value>6.16</gx:value>
                <gx:value>6.18</gx:value>
                <gx:value>6.18</gx:value>
                <gx:value>6.17</gx:value>
                <gx:value>6.15</gx:value>
                <gx:value>6.06</gx:value>
                <gx:value>5.86</gx:value>
                <gx:value>5.61</gx:value>
                <gx:value>5.37</gx:value>
                <gx:value>5.27</gx:value>
                <gx:value>5.31</gx:value>
                <gx:value>5.45</gx:value>
                <gx:value>5.66</gx:value>
                <gx:value>5.91</gx:value>
                <gx:value>6.12</gx:value>
                <gx:value>0.04</gx:value>
                <gx:value>0.18</gx:value>
                <gx:value>0.26</gx:value>
                <gx:value>0.28</gx:value>
                <gx:value>0.28</gx:value>
                <gx:value>0.29</gx:value>
                <gx:value>0.27</gx:value>
                <gx:value>0.23</gx:value>
                <gx:value>0.17</gx:value>
                <gx:value>0.11</gx:value>
                <gx:value>6.28</gx:value>
                <gx:value>6.18</gx:value>
                <gx:value>6.13</gx:value>
                <gx:value>6.16</gx:value>
                <gx:value>6.17</gx:value>
                <gx:value>6.17</gx:value>
                <gx:value>6.18</gx:value>
                <gx:value>6.18</gx:value>
                <gx:value>6.19</gx:value>
                <gx:value>6.19</gx:value>
                <gx:value>6.19</gx:value>
                <gx:value>6.19</gx:value>
                <gx:value>6.18</gx:value>
                <gx:value>6.18</gx:value>
                <gx:value>6.16</gx:value>
                <gx:value>6.14</gx:value>
                <gx:value>6.07</gx:value>
                <gx:value>6</gx:value>
                <gx:value>5.88</gx:value>
                <gx:value>5.78</gx:value>
                <gx:value>5.79</gx:value>
                <gx:value>5.77</gx:value>
                <gx:value>5.77</gx:value>
                <gx:value>5.78</gx:value>
                <gx:value>5.79</gx:value>
                <gx:value>5.77</gx:value>
                <gx:value>5.79</gx:value>
                <gx:value>5.79</gx:value>
                <gx:value>5.8</gx:value>
                <gx:value>5.78</gx:value>
                <gx:value>5.76</gx:value>
                <gx:value>5.74</gx:value>
                <gx:value>5.76</gx:value>
                <gx:value>5.8</gx:value>
                <gx:value>5.82</gx:value>
                <gx:value>5.8</gx:value>
                <gx:value>5.78</gx:value>
                <gx:value>5.76</gx:value>
                <gx:value>5.74</gx:value>
                <gx:value>5.75</gx:value>
                <gx:value>5.74</gx:value>
                <gx:value>5.74</gx:value>
                <gx:value>5.74</gx:value>
                <gx:value>5.75</gx:value>
                <gx:value>5.75</gx:value>
                <gx:value>5.74</gx:value>
                <gx:value>5.72</gx:value>
                <gx:value>5.69</gx:value>
                <gx:value>5.71</gx:value>
                <gx:value>5.68</gx:value>
                <gx:value>5.72</gx:value>
                <gx:value>5.76</gx:value>
                <gx:value>5.77</gx:value>
                <gx:value>5.76</gx:value>
                <gx:value>5.77</gx:value>
                <gx:value>5.78</gx:value>
                <gx:value>5.81</gx:value>
                <gx:value>5.86</gx:value>
                <gx:value>5.87</gx:value>
                <gx:value>5.89</gx:value>
                <gx:value>5.91</gx:value>
                <gx:value>5.92</gx:value>
                <gx:value>5.94</gx:value>
                <gx:value>5.94</gx:value>
                <gx:value>5.94</gx:value>
                <gx:value>5.97</gx:value>
                <gx:value>5.97</gx:value>
                <gx:value>5.95</gx:value>
                <gx:value>5.95</gx:value>
                <gx:value>5.96</gx:value>
                <gx:value>5.95</gx:value>
                <gx:value>5.94</gx:value>
                <gx:value>5.92</gx:value>
                <gx:value>5.93</gx:value>
                <gx:value>5.91</gx:value>
                <gx:value>5.94</gx:value>
                <gx:value>5.94</gx:value>
                <gx:value>5.93</gx:value>
                <gx:value>5.88</gx:value>
                <gx:value>5.79</gx:value>
                <gx:value>5.7</gx:value>
                <gx:value>5.65</gx:value>
                <gx:value>5.69</gx:value>
                <gx:value>5.74</gx:value>
                <gx:value>5.8</gx:value>
                <gx:value>5.86</gx:value>
                <gx:value>5.94</gx:value>
                <gx:value>5.97</gx:value>
                <gx:value>5.94</gx:value>
                <gx:value>5.78</gx:value>
                <gx:value>5.65</gx:value>
                <gx:value>5.61</gx:value>
                <gx:value>5.59</gx:value>
                <gx:value>5.6</gx:value>
                <gx:value>5.63</gx:value>
                <gx:value>5.63</gx:value>
                <gx:value>5.56</gx:value>
                <gx:value>5.51</gx:value>
                <gx:value>5.52</gx:value>
                <gx:value>5.57</gx:value>
                <gx:value>5.64</gx:value>
                <gx:value>5.74</gx:value>
                <gx:value>5.88</gx:value>
                <gx:value>6.04</gx:value>
                <gx:value>6.19</gx:value>
                <gx:value>0.03</gx:value>
                <gx:value>0.07</gx:value>
                <gx:value>0.07</gx:value>
                <gx:value>0.07</gx:value>
                <gx:value>0.03</gx:value>
                <gx:value>6.25</gx:value>
                <gx:value>6.11</gx:value>
                <gx:value>5.92</gx:value>
                <gx:value>5.73</gx:value>
                <gx:value>5.58</gx:value>
                <gx:value>5.46</gx:value>
                <gx:value>5.38</gx:value>
                <gx:value>5.3</gx:value>
                <gx:value>5.23</gx:value>
                <gx:value>5.15</gx:value>
                <gx:value>5.12</gx:value>
                <gx:value>5.12</gx:value>
                <gx:value>5.17</gx:value>
                <gx:value>5.29</gx:value>
                <gx:value>5.47</gx:value>
                <gx:value>5.64</gx:value>
                <gx:value>5.76</gx:value>
                <gx:value>5.83</gx:value>
                <gx:value>5.85</gx:value>
                <gx:value>5.84</gx:value>
                <gx:value>5.81</gx:value>
                <gx:value>5.83</gx:value>
                <gx:value>5.86</gx:value>
                <gx:value>5.88</gx:value>
                <gx:value>5.87</gx:value>
                <gx:value>5.87</gx:value>
                <gx:value>5.87</gx:value>
                <gx:value>5.86</gx:value>
                <gx:value>5.86</gx:value>
                <gx:value>5.88</gx:value>
                <gx:value>5.88</gx:value>
                <gx:value>5.88</gx:value>
                <gx:value>5.83</gx:value>
                <gx:value>5.77</gx:value>
                <gx:value>5.69</gx:value>
                <gx:value>5.6</gx:value>
                <gx:value>5.52</gx:value>
                <gx:value>5.47</gx:value>
                <gx:value>5.5</gx:value>
                <gx:value>5.49</gx:value>
                <gx:value>5.48</gx:value>
                <gx:value>5.46</gx:value>
                <gx:value>5.46</gx:value>
                <gx:value>5.45</gx:value>
                <gx:value>5.43</gx:value>
                <gx:value>5.41</gx:value>
                <gx:value>5.42</gx:value>
                <gx:value>5.42</gx:value>
                <gx:value>5.42</gx:value>
                <gx:value>5.44</gx:value>
                <gx:value>5.46</gx:value>
                <gx:value>5.49</gx:value>
                <gx:value>5.5</gx:value>
                <gx:value>5.48</gx:value>
                <gx:value>5.45</gx:value>
                <gx:value>5.43</gx:value>
                <gx:value>5.44</gx:value>
                <gx:value>5.45</gx:value>
                <gx:value>5.45</gx:value>
                <gx:value>5.44</gx:value>
                <gx:value>5.43</gx:value>
                <gx:value>5.43</gx:value>
                <gx:value>5.46</gx:value>
                <gx:value>5.47</gx:value>
                <gx:value>5.47</gx:value>
                <gx:value>5.43</gx:value>
                <gx:value>5.39</gx:value>
                <gx:value>5.34</gx:value>
                <gx:value>5.27</gx:value>
                <gx:value>5.2</gx:value>
                <gx:value>5.15</gx:value>
                <gx:value>5.1</gx:value>
                <gx:value>5.1</gx:value>
                <gx:value>5.09</gx:value>
                <gx:value>5.08</gx:value>
                <gx:value>5.07</gx:value>
                <gx:value>5.09</gx:value>
                <gx:value>5.13</gx:value>
                <gx:value>5.2</gx:value>
                <gx:value>5.31</gx:value>
                <gx:value>5.46</gx:value>
                <gx:value>5.57</gx:value>
                <gx:value>5.65</gx:value>
                <gx:value>5.71</gx:value>
                <gx:value>5.75</gx:value>
                <gx:value>5.78</gx:value>
                <gx:value>5.78</gx:value>
                <gx:value>5.8</gx:value>
                <gx:value>5.78</gx:value>
                <gx:value>5.75</gx:value>
                <gx:value>5.73</gx:value>
                <gx:value>5.73</gx:value>
                <gx:value>5.74</gx:value>
                <gx:value>5.74</gx:value>
                <gx:value>5.75</gx:value>
                <gx:value>5.78</gx:value>
                <gx:value>5.81</gx:value>
                <gx:value>5.84</gx:value>
                <gx:value>5.9</gx:value>
                <gx:value>5.95</gx:value>
                <gx:value>5.97</gx:value>
                <gx:value>5.97</gx:value>
                <gx:value>5.97</gx:value>
                <gx:value>5.99</gx:value>
                <gx:value>6</gx:value>
                <gx:value>5.98</gx:value>
                <gx:value>5.97</gx:value>
                <gx:value>5.98</gx:value>
                <gx:value>5.94</gx:value>
                <gx:value>5.92</gx:value>
                <gx:value>5.91</gx:value>
                <gx:value>5.89</gx:value>
                <gx:value>5.87</gx:value>
                <gx:value>5.85</gx:value>
                <gx:value>5.84</gx:value>
                <gx:value>5.8</gx:value>
                <gx:value>5.76</gx:value>
                <gx:value>5.66</gx:value>
                <gx:value>5.52</gx:value>
                <gx:value>5.44</gx:value>
                <gx:value>5.39</gx:value>
                <gx:value>5.35</gx:value>
                <gx:value>5.32</gx:value>
                <gx:value>5.31</gx:value>
                <gx:value>5.31</gx:value>
                <gx:value>5.31</gx:value>
                <gx:value>5.32</gx:value>
                <gx:value>5.33</gx:value>
                <gx:value>5.33</gx:value>
                <gx:value>5.32</gx:value>
                <gx:value>5.31</gx:value>
                <gx:value>5.31</gx:value>
                <gx:value>5.3</gx:value>
                <gx:value>5.3</gx:value>
                <gx:value>5.3</gx:value>
                <gx:value>5.31</gx:value>
                <gx:value>5.33</gx:value>
                <gx:value>5.41</gx:value>
                <gx:value>5.39</gx:value>
                <gx:value>5.36</gx:value>
                <gx:value>5.34</gx:value>
                <gx:value>5.32</gx:value>
                <gx:value>5.34</gx:value>
                <gx:value>5.35</gx:value>
                <gx:value>5.37</gx:value>
                <gx:value>5.37</gx:value>
                <gx:value>5.38</gx:value>
                <gx:value>5.4</gx:value>
                <gx:value>5.43</gx:value>
                <gx:value>5.48</gx:value>
                <gx:value>5.72</gx:value>
                <gx:value>5.9</gx:value>
                <gx:value>5.99</gx:value>
                <gx:value>6.01</gx:value>
                <gx:value>6.05</gx:value>
                <gx:value>6.04</gx:value>
                <gx:value>6.03</gx:value>
                <gx:value>6.05</gx:value>
                <gx:value>6.03</gx:value>
                <gx:value>6.02</gx:value>
                <gx:value>6.01</gx:value>
                <gx:value>5.93</gx:value>
                <gx:value>5.8</gx:value>
                <gx:value>5.71</gx:value>
                <gx:value>5.7</gx:value>
                <gx:value>5.7</gx:value>
                <gx:value />
                <gx:value />
                <gx:value />
                <gx:value>5.69</gx:value>
                <gx:value>5.63</gx:value>
                <gx:value />
                <gx:value />
                <gx:value>5.6</gx:value>
                <gx:value>5.57</gx:value>
                <gx:value>5.51</gx:value>
                <gx:value>5.46</gx:value>
                <gx:value>5.42</gx:value>
                <gx:value>5.39</gx:value>
                <gx:value>5.37</gx:value>
                <gx:value>5.35</gx:value>
                <gx:value>5.33</gx:value>
                <gx:value>5.32</gx:value>
                <gx:value>5.3</gx:value>
                <gx:value>5.29</gx:value>
                <gx:value>5.27</gx:value>
                <gx:value>5.25</gx:value>
                <gx:value>5.27</gx:value>
                <gx:value>5.29</gx:value>
                <gx:value>5.3</gx:value>
                <gx:value>5.32</gx:value>
                <gx:value>5.29</gx:value>
                <gx:value>5.27</gx:value>
                <gx:value>5.26</gx:value>
                <gx:value>5.3</gx:value>
                <gx:value>5.39</gx:value>
                <gx:value>5.65</gx:value>
                <gx:value>5.91</gx:value>
                <gx:value>6.02</gx:value>
                <gx:value>6.05</gx:value>
                <gx:value>6.08</gx:value>
                <gx:value>6.11</gx:value>
                <gx:value>6.13</gx:value>
                <gx:value>6.15</gx:value>
                <gx:value>6.18</gx:value>
                <gx:value>6.25</gx:value>
                <gx:value>0.07</gx:value>
                <gx:value>0.21</gx:value>
                <gx:value>0.33</gx:value>
                <gx:value>0.41</gx:value>
                <gx:value>0.44</gx:value>
                <gx:value>0.45</gx:value>
                <gx:value>0.46</gx:value>
                <gx:value>0.46</gx:value>
                <gx:value>0.45</gx:value>
                <gx:value>0.44</gx:value>
                <gx:value>0.47</gx:value>
                <gx:value>0.46</gx:value>
                <gx:value>0.5</gx:value>
                <gx:value>0.53</gx:value>
                <gx:value>0.53</gx:value>
                <gx:value>0.48</gx:value>
                <gx:value>0.45</gx:value>
                <gx:value>0.41</gx:value>
                <gx:value>0.35</gx:value>
                <gx:value>0.07</gx:value>
                <gx:value>5.97</gx:value>
                <gx:value>5.87</gx:value>
                <gx:value>5.77</gx:value>
                <gx:value>5.63</gx:value>
                <gx:value>5.48</gx:value>
                <gx:value>5.38</gx:value>
                <gx:value>5.36</gx:value>
                <gx:value>5.37</gx:value>
                <gx:value>5.37</gx:value>
                <gx:value>5.37</gx:value>
                <gx:value>5.37</gx:value>
                <gx:value>5.38</gx:value>
                <gx:value>5.39</gx:value>
                <gx:value>5.37</gx:value>
                <gx:value>5.34</gx:value>
                <gx:value>5.3</gx:value>
                <gx:value>5.28</gx:value>
                <gx:value>5.29</gx:value>
                <gx:value>5.31</gx:value>
                <gx:value>5.32</gx:value>
                <gx:value>5.33</gx:value>
                <gx:value>5.34</gx:value>
                <gx:value>5.35</gx:value>
                <gx:value>5.33</gx:value>
                <gx:value>5.33</gx:value>
                <gx:value>5.33</gx:value>
                <gx:value>5.33</gx:value>
                <gx:value>5.35</gx:value>
                <gx:value>5.36</gx:value>
                <gx:value>5.37</gx:value>
                <gx:value>5.4</gx:value>
                <gx:value>5.5</gx:value>
                <gx:value>5.66</gx:value>
                <gx:value>5.89</gx:value>
                <gx:value>6.13</gx:value>
                <gx:value>0.06</gx:value>
                <gx:value>0.22</gx:value>
                <gx:value>0.3</gx:value>
                <gx:value>0.35</gx:value>
                <gx:value>0.38</gx:value>
                <gx:value>0.4</gx:value>
                <gx:value>0.4</gx:value>
                <gx:value>0.37</gx:value>
                <gx:value>0.35</gx:value>
                <gx:value>0.34</gx:value>
                <gx:value>0.32</gx:value>
                <gx:value>0.3</gx:value>
                <gx:value>0.28</gx:value>
                <gx:value>0.25</gx:value>
                <gx:value>0.19</gx:value>
                <gx:value>0.14</gx:value>
                <gx:value>0.11</gx:value>
                <gx:value>0.08</gx:value>
                <gx:value>0.06</gx:value>
                <gx:value>0.02</gx:value>
                <gx:value>6.28</gx:value>
                <gx:value>6.23</gx:value>
                <gx:value>6.14</gx:value>
                <gx:value>6.04</gx:value>
                <gx:value>5.91</gx:value>
                <gx:value>5.79</gx:value>
                <gx:value>5.66</gx:value>
                <gx:value>5.56</gx:value>
                <gx:value>5.51</gx:value>
                <gx:value>5.47</gx:value>
                <gx:value>5.44</gx:value>
                <gx:value>5.4</gx:value>
                <gx:value>5.38</gx:value>
                <gx:value>5.38</gx:value>
                <gx:value>5.37</gx:value>
                <gx:value>5.37</gx:value>
                <gx:value>5.37</gx:value>
                <gx:value>5.36</gx:value>
                <gx:value>5.36</gx:value>
                <gx:value>5.37</gx:value>
                <gx:value>5.38</gx:value>
                <gx:value>5.37</gx:value>
                <gx:value>5.36</gx:value>
                <gx:value>5.37</gx:value>
                <gx:value>5.38</gx:value>
                <gx:value>5.38</gx:value>
                <gx:value>5.38</gx:value>
                <gx:value>5.38</gx:value>
                <gx:value>5.39</gx:value>
                <gx:value>5.39</gx:value>
                <gx:value>5.39</gx:value>
                <gx:value>5.39</gx:value>
                <gx:value>5.39</gx:value>
                <gx:value>5.4</gx:value>
                <gx:value>5.42</gx:value>
                <gx:value>5.42</gx:value>
                <gx:value>5.45</gx:value>
                <gx:value>5.46</gx:value>
                <gx:value>5.46</gx:value>
                <gx:value>5.44</gx:value>
                <gx:value>5.45</gx:value>
                <gx:value>5.46</gx:value>
                <gx:value>5.45</gx:value>
                <gx:value>5.45</gx:value>
                <gx:value>5.46</gx:value>
                <gx:value>5.46</gx:value>
                <gx:value>5.46</gx:value>
                <gx:value>5.45</gx:value>
                <gx:value>5.43</gx:value>
                <gx:value>5.44</gx:value>
                <gx:value>5.45</gx:value>
                <gx:value>5.45</gx:value>
                <gx:value>5.45</gx:value>
                <gx:value>5.47</gx:value>
                <gx:value>5.46</gx:value>
                <gx:value>5.47</gx:value>
                <gx:value>5.47</gx:value>
                <gx:value>5.47</gx:value>
                <gx:value>5.46</gx:value>
                <gx:value>5.46</gx:value>
                <gx:value>5.47</gx:value>
                <gx:value>5.52</gx:value>
                <gx:value>5.51</gx:value>
                <gx:value>5.45</gx:value>
                <gx:value>5.43</gx:value>
                <gx:value>5.45</gx:value>
                <gx:value>5.45</gx:value>
                <gx:value>5.46</gx:value>
                <gx:value>5.47</gx:value>
                <gx:value>5.46</gx:value>
                <gx:value>5.46</gx:value>
                <gx:value>5.46</gx:value>
                <gx:value>5.46</gx:value>
                <gx:value>5.46</gx:value>
                <gx:value>5.47</gx:value>
                <gx:value>5.47</gx:value>
                <gx:value>5.47</gx:value>
                <gx:value>5.47</gx:value>
                <gx:value>5.46</gx:value>
                <gx:value>5.46</gx:value>
                <gx:value>5.46</gx:value>
                <gx:value>5.45</gx:value>
                <gx:value>5.45</gx:value>
                <gx:value>5.46</gx:value>
                <gx:value>5.47</gx:value>
                <gx:value>5.46</gx:value>
                <gx:value>5.45</gx:value>
                <gx:value>5.44</gx:value>
                <gx:value>5.31</gx:value>
                <gx:value>5.15</gx:value>
                <gx:value>5.08</gx:value>
                <gx:value>5.06</gx:value>
                <gx:value>5.05</gx:value>
                <gx:value>5.02</gx:value>
                <gx:value>4.99</gx:value>
                <gx:value>4.99</gx:value>
                <gx:value>5.02</gx:value>
                <gx:value>5.1</gx:value>
                <gx:value>5.08</gx:value>
                <gx:value>5</gx:value>
                <gx:value>5.07</gx:value>
                <gx:value>5.11</gx:value>
                <gx:value>5.18</gx:value>
                <gx:value>5.36</gx:value>
                <gx:value>5.61</gx:value>
                <gx:value>5.74</gx:value>
                <gx:value>5.78</gx:value>
                <gx:value>5.81</gx:value>
                <gx:value>5.76</gx:value>
                <gx:value>5.77</gx:value>
                <gx:value>5.78</gx:value>
                <gx:value>5.75</gx:value>
                <gx:value>5.75</gx:value>
                <gx:value>5.75</gx:value>
                <gx:value>5.73</gx:value>
                <gx:value>5.73</gx:value>
                <gx:value>5.74</gx:value>
                <gx:value>5.71</gx:value>
                <gx:value>5.73</gx:value>
                <gx:value />
                <gx:value>5.75</gx:value>
                <gx:value>5.75</gx:value>
                <gx:value>5.79</gx:value>
                <gx:value>5.77</gx:value>
                <gx:value>5.72</gx:value>
                <gx:value>5.7</gx:value>
                <gx:value>5.71</gx:value>
                <gx:value>5.69</gx:value>
                <gx:value>5.73</gx:value>
                <gx:value>5.72</gx:value>
                <gx:value>5.73</gx:value>
                <gx:value>5.78</gx:value>
                <gx:value>5.88</gx:value>
                <gx:value>5.96</gx:value>
                <gx:value>6.1</gx:value>
                <gx:value>6.15</gx:value>
                <gx:value>6.18</gx:value>
                <gx:value>6.17</gx:value>
                <gx:value>6.19</gx:value>
                <gx:value>6.24</gx:value>
                <gx:value>6.22</gx:value>
                <gx:value>6.19</gx:value>
                <gx:value>6.24</gx:value>
                <gx:value>6.21</gx:value>
                <gx:value>6.23</gx:value>
                <gx:value>6.19</gx:value>
                <gx:value>6.18</gx:value>
                <gx:value>6.2</gx:value>
                <gx:value>6.2</gx:value>
                <gx:value>6.19</gx:value>
                <gx:value>6.2</gx:value>
                <gx:value>6.2</gx:value>
                <gx:value>6.22</gx:value>
                <gx:value>6.23</gx:value>
                <gx:value>6.2</gx:value>
                <gx:value>6.19</gx:value>
                <gx:value>6.19</gx:value>
                <gx:value>6.2</gx:value>
                <gx:value>6.19</gx:value>
                <gx:value>5.99</gx:value>
                <gx:value>4.94</gx:value>
                <gx:value>4.73</gx:value>
                <gx:value>4.72</gx:value>
                <gx:value>4.68</gx:value>
                <gx:value>4.67</gx:value>
                <gx:value>4.68</gx:value>
                <gx:value>4.68</gx:value>
                <gx:value>4.64</gx:value>
                <gx:value>4.26</gx:value>
                <gx:value>3.64</gx:value>
                <gx:value>3.33</gx:value>
                <gx:value>3.13</gx:value>
                <gx:value>3.03</gx:value>
                <gx:value>2.63</gx:value>
                <gx:value>1.75</gx:value>
                <gx:value>1.38</gx:value>
                <gx:value>1.33</gx:value>
                <gx:value>1.41</gx:value>
                <gx:value />
                <gx:value />
                <gx:value />
                <gx:value />
                <gx:value />
                <gx:value />
                <gx:value>0.17</gx:value>
                <gx:value>6.22</gx:value>
                <gx:value>6.19</gx:value>
                <gx:value>6.19</gx:value>
                <gx:value>6.18</gx:value>
                <gx:value>6.17</gx:value>
                <gx:value>6.18</gx:value>
                <gx:value>6.19</gx:value>
                <gx:value>6.19</gx:value>
                <gx:value>6.19</gx:value>
                <gx:value>6.2</gx:value>
                <gx:value>6.2</gx:value>
                <gx:value>6.19</gx:value>
                <gx:value>6.18</gx:value>
                <gx:value>6.2</gx:value>
                <gx:value>6.19</gx:value>
                <gx:value>6.2</gx:value>
                <gx:value>6.21</gx:value>
                <gx:value>6.21</gx:value>
                <gx:value>6.2</gx:value>
                <gx:value>6.2</gx:value>
                <gx:value>6.19</gx:value>
                <gx:value>6.19</gx:value>
                <gx:value>6.2</gx:value>
                <gx:value>6.2</gx:value>
                <gx:value>6.2</gx:value>
                <gx:value>6.19</gx:value>
                <gx:value>6.19</gx:value>
                <gx:value>6.2</gx:value>
                <gx:value>6.2</gx:value>
                <gx:value>6.21</gx:value>
                <gx:value>6.2</gx:value>
                <gx:value>6.21</gx:value>
                <gx:value>6.21</gx:value>
                <gx:value>6.21</gx:value>
                <gx:value>6.2</gx:value>
                <gx:value>6.19</gx:value>
                <gx:value>6.16</gx:value>
                <gx:value>6.16</gx:value>
                <gx:value>6.19</gx:value>
                <gx:value>6.2</gx:value>
                <gx:value>6.2</gx:value>
                <gx:value>6.2</gx:value>
                <gx:value>6.19</gx:value>
                <gx:value>6.19</gx:value>
                <gx:value>6.19</gx:value>
                <gx:value>6.18</gx:value>
                <gx:value>6.18</gx:value>
                <gx:value>6.17</gx:value>
                <gx:value>6.18</gx:value>
                <gx:value>6.19</gx:value>
                <gx:value>6.19</gx:value>
                <gx:value>6.19</gx:value>
                <gx:value>6.19</gx:value>
                <gx:value>6.19</gx:value>
                <gx:value>6.19</gx:value>
                <gx:value>6.19</gx:value>
                <gx:value>6.19</gx:value>
                <gx:value>6.19</gx:value>
                <gx:value>6.18</gx:value>
                <gx:value>6.18</gx:value>
                <gx:value>6.19</gx:value>
                <gx:value>6.21</gx:value>
                <gx:value>6.22</gx:value>
                <gx:value>6.23</gx:value>
                <gx:value>6.26</gx:value>
                <gx:value>6.26</gx:value>
                <gx:value>0.12</gx:value>
                <gx:value>0.2</gx:value>
                <gx:value>0.18</gx:value>
                <gx:value>0.12</gx:value>
                <gx:value>0.11</gx:value>
                <gx:value>0.11</gx:value>
                <gx:value>0.11</gx:value>
                <gx:value>0.11</gx:value>
                <gx:value>0.12</gx:value>
                <gx:value>0.13</gx:value>
                <gx:value>0.13</gx:value>
                <gx:value>0.13</gx:value>
                <gx:value>0.15</gx:value>
                <gx:value>0.15</gx:value>
                <gx:value>0.14</gx:value>
                <gx:value>0.13</gx:value>
                <gx:value>0.14</gx:value>
                <gx:value>0.13</gx:value>
                <gx:value>0.12</gx:value>
                <gx:value>0.11</gx:value>
                <gx:value>0.1</gx:value>
                <gx:value>0.1</gx:value>
                <gx:value>0.1</gx:value>
                <gx:value>0.09</gx:value>
                <gx:value>0.08</gx:value>
                <gx:value>0.08</gx:value>
                <gx:value>0.07</gx:value>
                <gx:value>0.05</gx:value>
                <gx:value>0.01</gx:value>
                <gx:value>6.25</gx:value>
                <gx:value>6.2</gx:value>
                <gx:value>6.17</gx:value>
                <gx:value>6.14</gx:value>
                <gx:value>6.11</gx:value>
                <gx:value>6.09</gx:value>
                <gx:value>6.08</gx:value>
                <gx:value>6.09</gx:value>
                <gx:value>6.1</gx:value>
                <gx:value>6.09</gx:value>
                <gx:value>6.08</gx:value>
                <gx:value>6.07</gx:value>
                <gx:value>6.06</gx:value>
                <gx:value>6.06</gx:value>
                <gx:value>6.06</gx:value>
                <gx:value>6.07</gx:value>
                <gx:value>6.07</gx:value>
                <gx:value>6.06</gx:value>
                <gx:value>6.06</gx:value>
                <gx:value>6.07</gx:value>
                <gx:value>6.07</gx:value>
                <gx:value>6.09</gx:value>
                <gx:value>6.11</gx:value>
                <gx:value>6.09</gx:value>
                <gx:value>6.09</gx:value>
                <gx:value>6.09</gx:value>
                <gx:value>6.08</gx:value>
                <gx:value>6.06</gx:value>
                <gx:value>6.06</gx:value>
                <gx:value>6.07</gx:value>
                <gx:value>6.07</gx:value>
                <gx:value>6.08</gx:value>
                <gx:value>6.1</gx:value>
                <gx:value>6.08</gx:value>
                <gx:value>6.07</gx:value>
                <gx:value>6.08</gx:value>
                <gx:value>6.07</gx:value>
                <gx:value>6.07</gx:value>
                <gx:value>6.11</gx:value>
                <gx:value>6.16</gx:value>
                <gx:value>6.16</gx:value>
                <gx:value>6.17</gx:value>
                <gx:value>6.16</gx:value>
                <gx:value>6.15</gx:value>
                <gx:value>6.16</gx:value>
                <gx:value>6.17</gx:value>
                <gx:value>6.16</gx:value>
                <gx:value>6.13</gx:value>
                <gx:value>6.1</gx:value>
                <gx:value>6.05</gx:value>
                <gx:value>6</gx:value>
                <gx:value>5.95</gx:value>
                <gx:value>5.92</gx:value>
                <gx:value>5.88</gx:value>
                <gx:value>5.84</gx:value>
                <gx:value>5.85</gx:value>
                <gx:value>5.84</gx:value>
                <gx:value>5.84</gx:value>
                <gx:value>5.84</gx:value>
                <gx:value>5.84</gx:value>
                <gx:value>5.89</gx:value>
                <gx:value>5.93</gx:value>
                <gx:value>5.96</gx:value>
                <gx:value>5.94</gx:value>
                <gx:value>5.91</gx:value>
                <gx:value>5.89</gx:value>
                <gx:value>5.87</gx:value>
                <gx:value>5.87</gx:value>
                <gx:value>5.85</gx:value>
                <gx:value>5.85</gx:value>
                <gx:value>5.84</gx:value>
                <gx:value>5.82</gx:value>
                <gx:value>5.8</gx:value>
                <gx:value>5.78</gx:value>
                <gx:value>5.78</gx:value>
                <gx:value>5.79</gx:value>
                <gx:value>5.79</gx:value>
                <gx:value>5.79</gx:value>
                <gx:value>5.78</gx:value>
                <gx:value>5.77</gx:value>
                <gx:value>5.75</gx:value>
                <gx:value>5.74</gx:value>
                <gx:value>5.73</gx:value>
                <gx:value>5.73</gx:value>
                <gx:value>5.72</gx:value>
                <gx:value>5.73</gx:value>
                <gx:value>5.73</gx:value>
                <gx:value>5.73</gx:value>
                <gx:value>5.73</gx:value>
                <gx:value>5.73</gx:value>
                <gx:value>5.73</gx:value>
                <gx:value>5.73</gx:value>
                <gx:value>5.73</gx:value>
                <gx:value>5.73</gx:value>
                <gx:value>5.72</gx:value>
                <gx:value>5.71</gx:value>
                <gx:value>5.73</gx:value>
                <gx:value>5.74</gx:value>
                <gx:value>5.73</gx:value>
                <gx:value>5.72</gx:value>
                <gx:value>5.71</gx:value>
                <gx:value>5.69</gx:value>
                <gx:value>5.64</gx:value>
                <gx:value>5.6</gx:value>
                <gx:value>5.54</gx:value>
                <gx:value>5.51</gx:value>
                <gx:value>5.5</gx:value>
                <gx:value>5.48</gx:value>
                <gx:value>5.47</gx:value>
                <gx:value>5.47</gx:value>
                <gx:value>5.47</gx:value>
                <gx:value>5.47</gx:value>
                <gx:value>5.48</gx:value>
                <gx:value>5.47</gx:value>
                <gx:value>5.47</gx:value>
                <gx:value>5.48</gx:value>
                <gx:value>5.49</gx:value>
                <gx:value>5.5</gx:value>
                <gx:value>5.5</gx:value>
                <gx:value>5.49</gx:value>
                <gx:value>5.48</gx:value>
                <gx:value>5.49</gx:value>
                <gx:value>5.5</gx:value>
                <gx:value>5.49</gx:value>
                <gx:value>5.49</gx:value>
                <gx:value>5.48</gx:value>
                <gx:value>5.49</gx:value>
                <gx:value>5.49</gx:value>
                <gx:value>5.49</gx:value>
                <gx:value>5.49</gx:value>
                <gx:value>5.48</gx:value>
                <gx:value>5.48</gx:value>
                <gx:value>5.48</gx:value>
                <gx:value>5.49</gx:value>
                <gx:value>5.49</gx:value>
                <gx:value>5.49</gx:value>
                <gx:value>5.48</gx:value>
                <gx:value>5.48</gx:value>
                <gx:value>5.48</gx:value>
                <gx:value>5.47</gx:value>
                <gx:value>5.47</gx:value>
                <gx:value>5.46</gx:value>
                <gx:value>5.45</gx:value>
                <gx:value>5.44</gx:value>
                <gx:value>5.42</gx:value>
                <gx:value>5.39</gx:value>
                <gx:value>5.37</gx:value>
                <gx:value>5.33</gx:value>
                <gx:value>5.31</gx:value>
                <gx:value>5.3</gx:value>
                <gx:value>5.3</gx:value>
                <gx:value>5.3</gx:value>
                <gx:value>5.32</gx:value>
                <gx:value>5.32</gx:value>
                <gx:value>5.31</gx:value>
                <gx:value>5.31</gx:value>
                <gx:value>5.31</gx:value>
                <gx:value>5.31</gx:value>
                <gx:value>5.32</gx:value>
                <gx:value>5.32</gx:value>
                <gx:value>5.32</gx:value>
                <gx:value>5.3</gx:value>
                <gx:value>5.33</gx:value>
                <gx:value>5.33</gx:value>
                <gx:value>5.33</gx:value>
                <gx:value>5.31</gx:value>
                <gx:value>5.31</gx:value>
                <gx:value>5.31</gx:value>
                <gx:value>5.32</gx:value>
                <gx:value>5.34</gx:value>
                <gx:value>5.34</gx:value>
                <gx:value>5.34</gx:value>
                <gx:value>5.34</gx:value>
                <gx:value>5.34</gx:value>
                <gx:value>5.34</gx:value>
                <gx:value>5.34</gx:value>
                <gx:value>5.34</gx:value>
                <gx:value>5.34</gx:value>
                <gx:value>5.34</gx:value>
                <gx:value>5.34</gx:value>
                <gx:value>5.35</gx:value>
                <gx:value>5.35</gx:value>
                <gx:value>5.35</gx:value>
                <gx:value>5.35</gx:value>
                <gx:value>5.34</gx:value>
                <gx:value>5.35</gx:value>
                <gx:value>5.35</gx:value>
                <gx:value>5.35</gx:value>
                <gx:value>5.36</gx:value>
                <gx:value>5.36</gx:value>
                <gx:value>5.36</gx:value>
                <gx:value>5.36</gx:value>
                <gx:value>5.36</gx:value>
                <gx:value>5.36</gx:value>
                <gx:value>5.36</gx:value>
                <gx:value>5.36</gx:value>
                <gx:value>5.36</gx:value>
                <gx:value>5.36</gx:value>
                <gx:value>5.36</gx:value>
                <gx:value>5.36</gx:value>
                <gx:value>5.36</gx:value>
                <gx:value>5.37</gx:value>
                <gx:value>5.4</gx:value>
                <gx:value>5.41</gx:value>
                <gx:value>5.43</gx:value>
                <gx:value>5.45</gx:value>
                <gx:value>5.45</gx:value>
                <gx:value>5.46</gx:value>
                <gx:value>5.48</gx:value>
                <gx:value>5.51</gx:value>
                <gx:value>5.54</gx:value>
                <gx:value>5.57</gx:value>
                <gx:value>5.61</gx:value>
                <gx:value>5.79</gx:value>
                <gx:value>5.89</gx:value>
                <gx:value>5.97</gx:value>
                <gx:value>6.03</gx:value>
                <gx:value>6.12</gx:value>
                <gx:value>6.16</gx:value>
                <gx:value>6.17</gx:value>
                <gx:value>6.16</gx:value>
                <gx:value>6.18</gx:value>
                <gx:value>6.22</gx:value>
                <gx:value>6.23</gx:value>
                <gx:value>6.23</gx:value>
                <gx:value>6.23</gx:value>
                <gx:value>6.23</gx:value>
                <gx:value>6.23</gx:value>
                <gx:value>6.23</gx:value>
                <gx:value>6.23</gx:value>
                <gx:value>6.22</gx:value>
                <gx:value>6.23</gx:value>
                <gx:value>6.22</gx:value>
                <gx:value>6.23</gx:value>
                <gx:value>6.24</gx:value>
                <gx:value>6.22</gx:value>
                <gx:value>6.19</gx:value>
                <gx:value>6.18</gx:value>
                <gx:value>6.17</gx:value>
                <gx:value>6.16</gx:value>
                <gx:value>6.15</gx:value>
                <gx:value>6.14</gx:value>
                <gx:value>6.12</gx:value>
                <gx:value>6.11</gx:value>
                <gx:value>6.09</gx:value>
                <gx:value>6.08</gx:value>
                <gx:value>6.06</gx:value>
                <gx:value>6.06</gx:value>
                <gx:value>6.06</gx:value>
                <gx:value>6.05</gx:value>
                <gx:value>6.04</gx:value>
                <gx:value>6.04</gx:value>
                <gx:value>6.04</gx:value>
                <gx:value>6.04</gx:value>
                <gx:value>6.05</gx:value>
                <gx:value>6.04</gx:value>
                <gx:value>6.04</gx:value>
                <gx:value>6.03</gx:value>
                <gx:value>6.02</gx:value>
                <gx:value>6.03</gx:value>
                <gx:value>6.07</gx:value>
                <gx:value>6.06</gx:value>
                <gx:value>6.02</gx:value>
                <gx:value>6.03</gx:value>
                <gx:value>6.04</gx:value>
                <gx:value>6.04</gx:value>
                <gx:value>6.04</gx:value>
                <gx:value>6.04</gx:value>
                <gx:value>6.04</gx:value>
                <gx:value>6.04</gx:value>
                <gx:value>6.04</gx:value>
                <gx:value>6.04</gx:value>
                <gx:value>6.05</gx:value>
                <gx:value>6.03</gx:value>
                <gx:value>5.99</gx:value>
                <gx:value>6</gx:value>
                <gx:value>6.09</gx:value>
                <gx:value>6.03</gx:value>
                <gx:value>6.02</gx:value>
                <gx:value>6.06</gx:value>
                <gx:value>6.08</gx:value>
                <gx:value>6.13</gx:value>
                <gx:value>6.1</gx:value>
                <gx:value>6.17</gx:value>
                <gx:value>6.17</gx:value>
                <gx:value>6.17</gx:value>
                <gx:value>6.19</gx:value>
                <gx:value>6.16</gx:value>
                <gx:value>6.18</gx:value>
                <gx:value>6.18</gx:value>
                <gx:value>6.17</gx:value>
                <gx:value>6.17</gx:value>
                <gx:value>6.18</gx:value>
                <gx:value>6.17</gx:value>
                <gx:value>6.18</gx:value>
                <gx:value>6.17</gx:value>
                <gx:value>6.17</gx:value>
                <gx:value>6.18</gx:value>
                <gx:value>6.17</gx:value>
                <gx:value>6.18</gx:value>
                <gx:value>6.18</gx:value>
                <gx:value>6.18</gx:value>
                <gx:value>6.17</gx:value>
                <gx:value>6.17</gx:value>
                <gx:value>6.18</gx:value>
                <gx:value>6.2</gx:value>
                <gx:value>6.2</gx:value>
                <gx:value>6.17</gx:value>
                <gx:value>6.17</gx:value>
                <gx:value>6.16</gx:value>
                <gx:value>6.16</gx:value>
                <gx:value>6.18</gx:value>
                <gx:value>6.21</gx:value>
                <gx:value>6.24</gx:value>
                <gx:value>6.28</gx:value>
                <gx:value>0.01</gx:value>
                <gx:value>0</gx:value>
                <gx:value>6.28</gx:value>
                <gx:value>6.28</gx:value>
                <gx:value>0.01</gx:value>
                <gx:value>0.02</gx:value>
                <gx:value>0.01</gx:value>
                <gx:value>0.01</gx:value>
                <gx:value>6.28</gx:value>
                <gx:value>0.01</gx:value>
                <gx:value>0.01</gx:value>
                <gx:value>6.28</gx:value>
                <gx:value>0</gx:value>
                <gx:value>0</gx:value>
                <gx:value>0</gx:value>
                <gx:value>0</gx:value>
                <gx:value>0.02</gx:value>
                <gx:value>0.02</gx:value>
                <gx:value>0.01</gx:value>
                <gx:value>0.01</gx:value>
                <gx:value>0.02</gx:value>
                <gx:value>0</gx:value>
                <gx:value>0.01</gx:value>
                <gx:value>0</gx:value>
                <gx:value>0</gx:value>
                <gx:value>0.04</gx:value>
                <gx:value>0.02</gx:value>
                <gx:value>0.01</gx:value>
                <gx:value>0.01</gx:value>
                <gx:value>6.28</gx:value>
                <gx:value>6.26</gx:value>
                <gx:value>6.26</gx:value>
                <gx:value>6.28</gx:value>
                <gx:value>0.01</gx:value>
                <gx:value>6.28</gx:value>
                <gx:value>6.28</gx:value>
                <gx:value>6.28</gx:value>
                <gx:value>6.28</gx:value>
                <gx:value>6.26</gx:value>
                <gx:value>0.02</gx:value>
                <gx:value>6.28</gx:value>
                <gx:value>6.25</gx:value>
                <gx:value>6.27</gx:value>
                <gx:value>0.02</gx:value>
                <gx:value>0</gx:value>
                <gx:value>6.27</gx:value>
                <gx:value>6.27</gx:value>
                <gx:value>6.26</gx:value>
                <gx:value>6.24</gx:value>
                <gx:value>6.25</gx:value>
                <gx:value>6.19</gx:value>
                <gx:value>6.15</gx:value>
                <gx:value>6.12</gx:value>
                <gx:value>6.07</gx:value>
                <gx:value>6.06</gx:value>
                <gx:value>6.04</gx:value>
                <gx:value>6.02</gx:value>
                <gx:value>5.97</gx:value>
                <gx:value>5.92</gx:value>
                <gx:value>5.86</gx:value>
                <gx:value>5.83</gx:value>
                <gx:value>5.8</gx:value>
                <gx:value>5.69</gx:value>
                <gx:value>5.68</gx:value>
                <gx:value>5.65</gx:value>
                <gx:value>5.6</gx:value>
                <gx:value>5.57</gx:value>
                <gx:value>5.59</gx:value>
                <gx:value>5.6</gx:value>
                <gx:value>5.62</gx:value>
                <gx:value>5.62</gx:value>
                <gx:value>5.62</gx:value>
                <gx:value>5.64</gx:value>
                <gx:value>5.63</gx:value>
                <gx:value>5.63</gx:value>
                <gx:value>5.63</gx:value>
                <gx:value>5.63</gx:value>
                <gx:value>5.62</gx:value>
                <gx:value>5.64</gx:value>
                <gx:value>5.66</gx:value>
                <gx:value>5.64</gx:value>
                <gx:value>5.62</gx:value>
                <gx:value>5.61</gx:value>
                <gx:value>5.61</gx:value>
                <gx:value>5.63</gx:value>
                <gx:value>5.63</gx:value>
                <gx:value>5.63</gx:value>
                <gx:value>5.61</gx:value>
                <gx:value>5.61</gx:value>
                <gx:value>5.61</gx:value>
                <gx:value>5.62</gx:value>
                <gx:value>5.62</gx:value>
                <gx:value>5.61</gx:value>
                <gx:value>5.61</gx:value>
                <gx:value>5.63</gx:value>
                <gx:value>5.65</gx:value>
                <gx:value>5.64</gx:value>
                <gx:value>5.66</gx:value>
                <gx:value>5.6</gx:value>
                <gx:value>5.63</gx:value>
                <gx:value>5.65</gx:value>
                <gx:value>5.66</gx:value>
                <gx:value>5.67</gx:value>
                <gx:value>5.69</gx:value>
                <gx:value>5.71</gx:value>
                <gx:value>5.74</gx:value>
                <gx:value>5.74</gx:value>
                <gx:value>5.78</gx:value>
                <gx:value>5.8</gx:value>
                <gx:value />
                <gx:value>5.83</gx:value>
                <gx:value>5.84</gx:value>
                <gx:value>5.85</gx:value>
                <gx:value>5.84</gx:value>
                <gx:value>5.82</gx:value>
                <gx:value>5.83</gx:value>
                <gx:value>5.84</gx:value>
                <gx:value>5.85</gx:value>
                <gx:value>5.86</gx:value>
                <gx:value>5.86</gx:value>
                <gx:value>5.87</gx:value>
                <gx:value>5.87</gx:value>
                <gx:value>5.87</gx:value>
                <gx:value>5.87</gx:value>
                <gx:value>5.89</gx:value>
                <gx:value>5.88</gx:value>
                <gx:value>5.85</gx:value>
                <gx:value>5.84</gx:value>
                <gx:value>5.83</gx:value>
                <gx:value>5.85</gx:value>
                <gx:value>5.87</gx:value>
                <gx:value>5.87</gx:value>
                <gx:value>5.88</gx:value>
                <gx:value>5.89</gx:value>
                <gx:value>5.92</gx:value>
                <gx:value>5.99</gx:value>
                <gx:value>6.01</gx:value>
                <gx:value>6</gx:value>
                <gx:value>5.98</gx:value>
                <gx:value>5.93</gx:value>
                <gx:value>5.91</gx:value>
                <gx:value>5.93</gx:value>
                <gx:value>6.02</gx:value>
                <gx:value>6.14</gx:value>
                <gx:value>6.16</gx:value>
                <gx:value>6.16</gx:value>
                <gx:value>6.16</gx:value>
                <gx:value>6.16</gx:value>
                <gx:value>6.16</gx:value>
                <gx:value>6.15</gx:value>
                <gx:value>6.13</gx:value>
                <gx:value>6.09</gx:value>
                <gx:value>6.07</gx:value>
                <gx:value>6.05</gx:value>
                <gx:value>6.04</gx:value>
                <gx:value>6</gx:value>
                <gx:value>5.93</gx:value>
                <gx:value>5.86</gx:value>
                <gx:value>5.81</gx:value>
                <gx:value>5.77</gx:value>
                <gx:value>5.76</gx:value>
                <gx:value>5.73</gx:value>
                <gx:value>5.7</gx:value>
                <gx:value>5.66</gx:value>
                <gx:value>5.64</gx:value>
                <gx:value>5.61</gx:value>
                <gx:value>5.59</gx:value>
                <gx:value>5.58</gx:value>
                <gx:value>5.59</gx:value>
                <gx:value>5.61</gx:value>
                <gx:value>5.61</gx:value>
                <gx:value>5.62</gx:value>
                <gx:value>5.63</gx:value>
                <gx:value>5.63</gx:value>
                <gx:value>5.63</gx:value>
                <gx:value>5.64</gx:value>
                <gx:value>5.65</gx:value>
                <gx:value>5.68</gx:value>
                <gx:value>5.73</gx:value>
                <gx:value>5.76</gx:value>
                <gx:value>5.79</gx:value>
                <gx:value>5.79</gx:value>
                <gx:value>5.78</gx:value>
                <gx:value>5.79</gx:value>
                <gx:value>5.8</gx:value>
                <gx:value>5.82</gx:value>
                <gx:value>5.83</gx:value>
                <gx:value>5.83</gx:value>
                <gx:value>5.83</gx:value>
                <gx:value>5.84</gx:value>
                <gx:value>5.86</gx:value>
                <gx:value>5.86</gx:value>
                <gx:value>5.85</gx:value>
                <gx:value>5.81</gx:value>
                <gx:value>5.77</gx:value>
                <gx:value>5.7</gx:value>
                <gx:value>5.64</gx:value>
                <gx:value>5.6</gx:value>
                <gx:value>5.58</gx:value>
                <gx:value>5.57</gx:value>
                <gx:value>5.61</gx:value>
                <gx:value>5.63</gx:value>
                <gx:value>5.63</gx:value>
                <gx:value>5.66</gx:value>
                <gx:value>5.64</gx:value>
                <gx:value>5.62</gx:value>
                <gx:value>5.65</gx:value>
                <gx:value>5.68</gx:value>
                <gx:value>5.72</gx:value>
                <gx:value />
                <gx:value>5.89</gx:value>
                <gx:value>5.9</gx:value>
                <gx:value>5.87</gx:value>
                <gx:value>5.88</gx:value>
                <gx:value />
                <gx:value>5.98</gx:value>
                <gx:value>5.95</gx:value>
                <gx:value>5.93</gx:value>
                <gx:value>5.93</gx:value>
                <gx:value>5.93</gx:value>
                <gx:value>5.93</gx:value>
                <gx:value>5.94</gx:value>
                <gx:value>5.94</gx:value>
                <gx:value>5.93</gx:value>
                <gx:value>5.92</gx:value>
                <gx:value>5.93</gx:value>
                <gx:value>5.94</gx:value>
                <gx:value>5.94</gx:value>
                <gx:value>5.95</gx:value>
                <gx:value>5.93</gx:value>
                <gx:value>5.81</gx:value>
                <gx:value>5.72</gx:value>
                <gx:value>5.64</gx:value>
                <gx:value>5.61</gx:value>
                <gx:value>5.59</gx:value>
                <gx:value>5.6</gx:value>
                <gx:value>5.6</gx:value>
                <gx:value>5.59</gx:value>
                <gx:value>5.6</gx:value>
                <gx:value>5.62</gx:value>
                <gx:value>5.61</gx:value>
                <gx:value>5.61</gx:value>
                <gx:value>5.59</gx:value>
                <gx:value>5.56</gx:value>
                <gx:value>5.6</gx:value>
                <gx:value>5.65</gx:value>
                <gx:value>5.67</gx:value>
                <gx:value>5.67</gx:value>
                <gx:value>5.66</gx:value>
                <gx:value>5.65</gx:value>
                <gx:value>5.64</gx:value>
                <gx:value>5.63</gx:value>
                <gx:value>5.62</gx:value>
                <gx:value>5.62</gx:value>
                <gx:value>5.63</gx:value>
                <gx:value>5.63</gx:value>
                <gx:value>5.63</gx:value>
                <gx:value>5.63</gx:value>
                <gx:value>5.61</gx:value>
                <gx:value>5.62</gx:value>
                <gx:value>5.66</gx:value>
                <gx:value>5.7</gx:value>
                <gx:value>5.74</gx:value>
                <gx:value>5.74</gx:value>
                <gx:value>5.71</gx:value>
                <gx:value>5.66</gx:value>
                <gx:value>5.61</gx:value>
                <gx:value>5.56</gx:value>
                <gx:value>5.52</gx:value>
                <gx:value>5.49</gx:value>
                <gx:value>5.48</gx:value>
                <gx:value>5.51</gx:value>
                <gx:value>5.54</gx:value>
                <gx:value>5.6</gx:value>
                <gx:value>5.65</gx:value>
                <gx:value>5.72</gx:value>
                <gx:value>5.77</gx:value>
                <gx:value>5.79</gx:value>
                <gx:value>5.81</gx:value>
                <gx:value>5.81</gx:value>
                <gx:value>5.81</gx:value>
                <gx:value>5.83</gx:value>
                <gx:value>5.84</gx:value>
                <gx:value>5.84</gx:value>
                <gx:value>5.86</gx:value>
                <gx:value>5.86</gx:value>
                <gx:value>5.84</gx:value>
                <gx:value>5.84</gx:value>
                <gx:value>5.84</gx:value>
                <gx:value>5.84</gx:value>
                <gx:value>5.83</gx:value>
                <gx:value>5.82</gx:value>
                <gx:value>5.8</gx:value>
                <gx:value>5.63</gx:value>
                <gx:value>4.94</gx:value>
                <gx:value>4.71</gx:value>
                <gx:value>4.85</gx:value>
                <gx:value>5.2</gx:value>
                <gx:value>5.64</gx:value>
                <gx:value>5.97</gx:value>
                <gx:value>5.96</gx:value>
                <gx:value>6.03</gx:value>
                <gx:value>6.08</gx:value>
                <gx:value>5.94</gx:value>
                <gx:value>5.98</gx:value>
                <gx:value>6</gx:value>
                <gx:value>5.98</gx:value>
                <gx:value>6.02</gx:value>
                <gx:value>6.05</gx:value>
                <gx:value>6.08</gx:value>
                <gx:value>6.11</gx:value>
                <gx:value>6.13</gx:value>
                <gx:value>6.14</gx:value>
                <gx:value>6.14</gx:value>
                <gx:value>6.16</gx:value>
                <gx:value>6.17</gx:value>
                <gx:value>6.17</gx:value>
                <gx:value>6.18</gx:value>
                <gx:value>6.2</gx:value>
                <gx:value>6.21</gx:value>
                <gx:value>6.17</gx:value>
                <gx:value>6.14</gx:value>
                <gx:value>5.97</gx:value>
                <gx:value>6.19</gx:value>
                <gx:value>0.45</gx:value>
                <gx:value>1.01</gx:value>
                <gx:value>1.47</gx:value>
                <gx:value>1.62</gx:value>
                <gx:value>1.73</gx:value>
                <gx:value>1.77</gx:value>
                <gx:value>1.71</gx:value>
                <gx:value>1.43</gx:value>
                <gx:value>0.97</gx:value>
                <gx:value>0.43</gx:value>
                <gx:value>6.08</gx:value>
                <gx:value>5.54</gx:value>
                <gx:value>5.15</gx:value>
                <gx:value>5.03</gx:value>
                <gx:value>4.94</gx:value>
                <gx:value>4.93</gx:value>
                <gx:value>4.92</gx:value>
                <gx:value>4.9</gx:value>
                <gx:value>4.9</gx:value>
                <gx:value>4.89</gx:value>
                <gx:value>4.88</gx:value>
                <gx:value>4.86</gx:value>
                <gx:value>4.86</gx:value>
                <gx:value>4.83</gx:value>
                <gx:value>4.83</gx:value>
                <gx:value>5</gx:value>
                <gx:value />
                <gx:value />
                <gx:value />
                <gx:value />
                <gx:value />
                <gx:value />
                <gx:value />
                <gx:value />
                <gx:value />
                <gx:value />
                <gx:value />
                <gx:value />
                <gx:value>6.05</gx:value>
                <gx:value>5.97</gx:value>
                <gx:value>5.96</gx:value>
                <gx:value>5.95</gx:value>
                <gx:value />
                <gx:value />
                <gx:value>5.98</gx:value>
                <gx:value>5.82</gx:value>
                <gx:value>5.58</gx:value>
                <gx:value>5.32</gx:value>
                <gx:value>5.02</gx:value>
                <gx:value>4.92</gx:value>
                <gx:value>4.77</gx:value>
                <gx:value>4.63</gx:value>
                <gx:value>4.73</gx:value>
                <gx:value>4.9</gx:value>
                <gx:value>5.79</gx:value>
                <gx:value>6.17</gx:value>
                <gx:value>0.07</gx:value>
                <gx:value>0.08</gx:value>
                <gx:value>6.18</gx:value>
                <gx:value>6.05</gx:value>
                <gx:value />
                <gx:value />
                <gx:value />
                <gx:value>5.8</gx:value>
                <gx:value>5.59</gx:value>
                <gx:value />
                <gx:value />
                <gx:value />
                <gx:value />
                <gx:value>5.93</gx:value>
                <gx:value>5.93</gx:value>
                <gx:value />
                <gx:value />
                <gx:value>5.96</gx:value>
                <gx:value>5.98</gx:value>
                <gx:value>5.98</gx:value>
                <gx:value>6</gx:value>
                <gx:value>6.01</gx:value>
                <gx:value>6.05</gx:value>
                <gx:value>6.05</gx:value>
                <gx:value>6.05</gx:value>
                <gx:value>6.05</gx:value>
                <gx:value>6.06</gx:value>
                <gx:value>6.09</gx:value>
                <gx:value>6.09</gx:value>
                <gx:value>6.08</gx:value>
                <gx:value>6.06</gx:value>
                <gx:value>6.06</gx:value>
                <gx:value>6.05</gx:value>
                <gx:value>6.11</gx:value>
                <gx:value />
                <gx:value>6.06</gx:value>
                <gx:value>0</gx:value>
                <gx:value>6.04</gx:value>
                <gx:value>6.2</gx:value>
                <gx:value>6.27</gx:value>
                <gx:value>6.22</gx:value>
                <gx:value>6.2</gx:value>
                <gx:value>0.05</gx:value>
                <gx:value>6.26</gx:value>
                <gx:value>6.26</gx:value>
                <gx:value>6.25</gx:value>
                <gx:value>5.89</gx:value>
                <gx:value>5.87</gx:value>
                <gx:value>6.13</gx:value>
                <gx:value>6.2</gx:value>
                <gx:value>0.01</gx:value>
                <gx:value>0.06</gx:value>
                <gx:value>0.16</gx:value>
                <gx:value>0.26</gx:value>
                <gx:value>6.27</gx:value>
                <gx:value>6.11</gx:value>
                <gx:value>6.15</gx:value>
                <gx:value>6.2</gx:value>
                <gx:value>6.17</gx:value>
                <gx:value>6.25</gx:value>
                <gx:value>0.18</gx:value>
                <gx:value>0.51</gx:value>
                <gx:value>5.7</gx:value>
                <gx:value>5.93</gx:value>
                <gx:value>5.43</gx:value>
                <gx:value>4.83</gx:value>
                <gx:value>4.78</gx:value>
                <gx:value>5.7</gx:value>
                <gx:value>5.87</gx:value>
                <gx:value>6.11</gx:value>
                <gx:value>0.09</gx:value>
                <gx:value>0.03</gx:value>
                <gx:value>6.1</gx:value>
                <gx:value>6.09</gx:value>
                <gx:value>6</gx:value>
                <gx:value>6</gx:value>
                <gx:value>6.03</gx:value>
                <gx:value>0.16</gx:value>
                <gx:value>0.1</gx:value>
                <gx:value>0.59</gx:value>
                <gx:value>0.77</gx:value>
                <gx:value>0.68</gx:value>
                <gx:value>0.23</gx:value>
                <gx:value>6.13</gx:value>
                <gx:value>5.85</gx:value>
                <gx:value>5.77</gx:value>
                <gx:value>5.76</gx:value>
                <gx:value>5.78</gx:value>
                <gx:value>5.98</gx:value>
                <gx:value>5.92</gx:value>
                <gx:value>5.96</gx:value>
                <gx:value>5.93</gx:value>
                <gx:value />
                <gx:value />
                <gx:value />
                <gx:value>5.99</gx:value>
                <gx:value>5.89</gx:value>
                <gx:value>5.87</gx:value>
                <gx:value>5.88</gx:value>
                <gx:value>5.89</gx:value>
                <gx:value>5.88</gx:value>
                <gx:value>5.88</gx:value>
                <gx:value>5.89</gx:value>
                <gx:value>5.89</gx:value>
                <gx:value>5.88</gx:value>
                <gx:value>5.89</gx:value>
                <gx:value>5.88</gx:value>
                <gx:value>5.9</gx:value>
                <gx:value>5.88</gx:value>
                <gx:value>5.88</gx:value>
                <gx:value>5.87</gx:value>
                <gx:value>5.89</gx:value>
                <gx:value>5.9</gx:value>
                <gx:value />
                <gx:value />
                <gx:value />
                <gx:value>5.83</gx:value>
                <gx:value>5.91</gx:value>
                <gx:value>5.95</gx:value>
                <gx:value>5.98</gx:value>
                <gx:value>5.98</gx:value>
                <gx:value>5.98</gx:value>
                <gx:value>5.99</gx:value>
                <gx:value>5.99</gx:value>
                <gx:value>5.99</gx:value>
                <gx:value>5.91</gx:value>
                <gx:value />
                <gx:value />
                <gx:value>1.18</gx:value>
                <gx:value>1.37</gx:value>
                <gx:value>1.42</gx:value>
                <gx:value>1.41</gx:value>
                <gx:value>1.4</gx:value>
                <gx:value>1.31</gx:value>
                <gx:value />
                <gx:value />
                <gx:value />
                <gx:value>4.78</gx:value>
                <gx:value>4.7</gx:value>
                <gx:value />
                <gx:value />
                <gx:value />
                <gx:value />
                <gx:value />
                <gx:value />
                <gx:value />
              </gx:SimpleArrayData>
            </SchemaData>
          </ExtendedData>
        </gx:Track>
      </gx:MultiTrack>
    </Placemark>
  </Document>
</kml>